date_id,full_date,year,quarter,month,month_name,season,is_fire_season
20060101,2006-01-01,2006,1,1,Jan,Winter,0
20060102,2006-01-02,2006,1,1,Jan,Winter,0
20060103,2006-01-03,2006,1,1,Jan,Winter,0
20060104,2006-01-04,2006,1,1,Jan,Winter,0
20060105,2006-01-05,2006,1,1,Jan,Winter,0
20060106,2006-01-06,2006,1,1,Jan,Winter,0
20060107,2006-01-07,2006,1,1,Jan,Winter,0
20060108,2006-01-08,2006,1,1,Jan,Winter,0
20060109,2006-01-09,2006,1,1,Jan,Winter,0
20060110,2006-01-10,2006,1,1,Jan,Winter,0
20060111,2006-01-11,2006,1,1,Jan,Winter,0
20060112,2006-01-12,2006,1,1,Jan,Winter,0
20060113,2006-01-13,2006,1,1,Jan,Winter,0
20060114,2006-01-14,2006,1,1,Jan,Winter,0
20060115,2006-01-15,2006,1,1,Jan,Winter,0
20060116,2006-01-16,2006,1,1,Jan,Winter,0
20060117,2006-01-17,2006,1,1,Jan,Winter,0
20060118,2006-01-18,2006,1,1,Jan,Winter,0
20060119,2006-01-19,2006,1,1,Jan,Winter,0
20060120,2006-01-20,2006,1,1,Jan,Winter,0
20060121,2006-01-21,2006,1,1,Jan,Winter,0
20060122,2006-01-22,2006,1,1,Jan,Winter,0
20060123,2006-01-23,2006,1,1,Jan,Winter,0
20060124,2006-01-24,2006,1,1,Jan,Winter,0
20060125,2006-01-25,2006,1,1,Jan,Winter,0
20060126,2006-01-26,2006,1,1,Jan,Winter,0
20060127,2006-01-27,2006,1,1,Jan,Winter,0
20060128,2006-01-28,2006,1,1,Jan,Winter,0
20060129,2006-01-29,2006,1,1,Jan,Winter,0
20060130,2006-01-30,2006,1,1,Jan,Winter,0
20060131,2006-01-31,2006,1,1,Jan,Winter,0
20060201,2006-02-01,2006,1,2,Feb,Winter,0
20060202,2006-02-02,2006,1,2,Feb,Winter,0
20060203,2006-02-03,2006,1,2,Feb,Winter,0
20060204,2006-02-04,2006,1,2,Feb,Winter,0
20060205,2006-02-05,2006,1,2,Feb,Winter,0
20060206,2006-02-06,2006,1,2,Feb,Winter,0
20060207,2006-02-07,2006,1,2,Feb,Winter,0
20060208,2006-02-08,2006,1,2,Feb,Winter,0
20060209,2006-02-09,2006,1,2,Feb,Winter,0
20060210,2006-02-10,2006,1,2,Feb,Winter,0
20060211,2006-02-11,2006,1,2,Feb,Winter,0
20060212,2006-02-12,2006,1,2,Feb,Winter,0
20060213,2006-02-13,2006,1,2,Feb,Winter,0
20060214,2006-02-14,2006,1,2,Feb,Winter,0
20060215,2006-02-15,2006,1,2,Feb,Winter,0
20060216,2006-02-16,2006,1,2,Feb,Winter,0
20060217,2006-02-17,2006,1,2,Feb,Winter,0
20060218,2006-02-18,2006,1,2,Feb,Winter,0
20060219,2006-02-19,2006,1,2,Feb,Winter,0
20060220,2006-02-20,2006,1,2,Feb,Winter,0
20060221,2006-02-21,2006,1,2,Feb,Winter,0
20060222,2006-02-22,2006,1,2,Feb,Winter,0
20060223,2006-02-23,2006,1,2,Feb,Winter,0
20060224,2006-02-24,2006,1,2,Feb,Winter,0
20060225,2006-02-25,2006,1,2,Feb,Winter,0
20060226,2006-02-26,2006,1,2,Feb,Winter,0
20060227,2006-02-27,2006,1,2,Feb,Winter,0
20060228,2006-02-28,2006,1,2,Feb,Winter,0
20060301,2006-03-01,2006,1,3,Mar,Spring,0
20060302,2006-03-02,2006,1,3,Mar,Spring,0
20060303,2006-03-03,2006,1,3,Mar,Spring,0
20060304,2006-03-04,2006,1,3,Mar,Spring,0
20060305,2006-03-05,2006,1,3,Mar,Spring,0
20060306,2006-03-06,2006,1,3,Mar,Spring,0
20060307,2006-03-07,2006,1,3,Mar,Spring,0
20060308,2006-03-08,2006,1,3,Mar,Spring,0
20060309,2006-03-09,2006,1,3,Mar,Spring,0
20060310,2006-03-10,2006,1,3,Mar,Spring,0
20060311,2006-03-11,2006,1,3,Mar,Spring,0
20060312,2006-03-12,2006,1,3,Mar,Spring,0
20060313,2006-03-13,2006,1,3,Mar,Spring,0
20060314,2006-03-14,2006,1,3,Mar,Spring,0
20060315,2006-03-15,2006,1,3,Mar,Spring,0
20060316,2006-03-16,2006,1,3,Mar,Spring,0
20060317,2006-03-17,2006,1,3,Mar,Spring,0
20060318,2006-03-18,2006,1,3,Mar,Spring,0
20060319,2006-03-19,2006,1,3,Mar,Spring,0
20060320,2006-03-20,2006,1,3,Mar,Spring,0
20060321,2006-03-21,2006,1,3,Mar,Spring,0
20060322,2006-03-22,2006,1,3,Mar,Spring,0
20060323,2006-03-23,2006,1,3,Mar,Spring,0
20060324,2006-03-24,2006,1,3,Mar,Spring,0
20060325,2006-03-25,2006,1,3,Mar,Spring,0
20060326,2006-03-26,2006,1,3,Mar,Spring,0
20060327,2006-03-27,2006,1,3,Mar,Spring,0
20060328,2006-03-28,2006,1,3,Mar,Spring,0
20060329,2006-03-29,2006,1,3,Mar,Spring,0
20060330,2006-03-30,2006,1,3,Mar,Spring,0
20060331,2006-03-31,2006,1,3,Mar,Spring,0
20060401,2006-04-01,2006,2,4,Apr,Spring,0
20060402,2006-04-02,2006,2,4,Apr,Spring,0
20060403,2006-04-03,2006,2,4,Apr,Spring,0
20060404,2006-04-04,2006,2,4,Apr,Spring,0
20060405,2006-04-05,2006,2,4,Apr,Spring,0
20060406,2006-04-06,2006,2,4,Apr,Spring,0
20060407,2006-04-07,2006,2,4,Apr,Spring,0
20060408,2006-04-08,2006,2,4,Apr,Spring,0
20060409,2006-04-09,2006,2,4,Apr,Spring,0
20060410,2006-04-10,2006,2,4,Apr,Spring,0
20060411,2006-04-11,2006,2,4,Apr,Spring,0
20060412,2006-04-12,2006,2,4,Apr,Spring,0
20060413,2006-04-13,2006,2,4,Apr,Spring,0
20060414,2006-04-14,2006,2,4,Apr,Spring,0
20060415,2006-04-15,2006,2,4,Apr,Spring,0
20060416,2006-04-16,2006,2,4,Apr,Spring,0
20060417,2006-04-17,2006,2,4,Apr,Spring,0
20060418,2006-04-18,2006,2,4,Apr,Spring,0
20060419,2006-04-19,2006,2,4,Apr,Spring,0
20060420,2006-04-20,2006,2,4,Apr,Spring,0
20060421,2006-04-21,2006,2,4,Apr,Spring,0
20060422,2006-04-22,2006,2,4,Apr,Spring,0
20060423,2006-04-23,2006,2,4,Apr,Spring,0
20060424,2006-04-24,2006,2,4,Apr,Spring,0
20060425,2006-04-25,2006,2,4,Apr,Spring,0
20060426,2006-04-26,2006,2,4,Apr,Spring,0
20060427,2006-04-27,2006,2,4,Apr,Spring,0
20060428,2006-04-28,2006,2,4,Apr,Spring,0
20060429,2006-04-29,2006,2,4,Apr,Spring,0
20060430,2006-04-30,2006,2,4,Apr,Spring,0
20060501,2006-05-01,2006,2,5,May,Spring,0
20060502,2006-05-02,2006,2,5,May,Spring,0
20060503,2006-05-03,2006,2,5,May,Spring,0
20060504,2006-05-04,2006,2,5,May,Spring,0
20060505,2006-05-05,2006,2,5,May,Spring,0
20060506,2006-05-06,2006,2,5,May,Spring,0
20060507,2006-05-07,2006,2,5,May,Spring,0
20060508,2006-05-08,2006,2,5,May,Spring,0
20060509,2006-05-09,2006,2,5,May,Spring,0
20060510,2006-05-10,2006,2,5,May,Spring,0
20060511,2006-05-11,2006,2,5,May,Spring,0
20060512,2006-05-12,2006,2,5,May,Spring,0
20060513,2006-05-13,2006,2,5,May,Spring,0
20060514,2006-05-14,2006,2,5,May,Spring,0
20060515,2006-05-15,2006,2,5,May,Spring,0
20060516,2006-05-16,2006,2,5,May,Spring,0
20060517,2006-05-17,2006,2,5,May,Spring,0
20060518,2006-05-18,2006,2,5,May,Spring,0
20060519,2006-05-19,2006,2,5,May,Spring,0
20060520,2006-05-20,2006,2,5,May,Spring,0
20060521,2006-05-21,2006,2,5,May,Spring,0
20060522,2006-05-22,2006,2,5,May,Spring,0
20060523,2006-05-23,2006,2,5,May,Spring,0
20060524,2006-05-24,2006,2,5,May,Spring,0
20060525,2006-05-25,2006,2,5,May,Spring,0
20060526,2006-05-26,2006,2,5,May,Spring,0
20060527,2006-05-27,2006,2,5,May,Spring,0
20060528,2006-05-28,2006,2,5,May,Spring,0
20060529,2006-05-29,2006,2,5,May,Spring,0
20060530,2006-05-30,2006,2,5,May,Spring,0
20060531,2006-05-31,2006,2,5,May,Spring,0
20060601,2006-06-01,2006,2,6,Jun,Summer,1
20060602,2006-06-02,2006,2,6,Jun,Summer,1
20060603,2006-06-03,2006,2,6,Jun,Summer,1
20060604,2006-06-04,2006,2,6,Jun,Summer,1
20060605,2006-06-05,2006,2,6,Jun,Summer,1
20060606,2006-06-06,2006,2,6,Jun,Summer,1
20060607,2006-06-07,2006,2,6,Jun,Summer,1
20060608,2006-06-08,2006,2,6,Jun,Summer,1
20060609,2006-06-09,2006,2,6,Jun,Summer,1
20060610,2006-06-10,2006,2,6,Jun,Summer,1
20060611,2006-06-11,2006,2,6,Jun,Summer,1
20060612,2006-06-12,2006,2,6,Jun,Summer,1
20060613,2006-06-13,2006,2,6,Jun,Summer,1
20060614,2006-06-14,2006,2,6,Jun,Summer,1
20060615,2006-06-15,2006,2,6,Jun,Summer,1
20060616,2006-06-16,2006,2,6,Jun,Summer,1
20060617,2006-06-17,2006,2,6,Jun,Summer,1
20060618,2006-06-18,2006,2,6,Jun,Summer,1
20060619,2006-06-19,2006,2,6,Jun,Summer,1
20060620,2006-06-20,2006,2,6,Jun,Summer,1
20060621,2006-06-21,2006,2,6,Jun,Summer,1
20060622,2006-06-22,2006,2,6,Jun,Summer,1
20060623,2006-06-23,2006,2,6,Jun,Summer,1
20060624,2006-06-24,2006,2,6,Jun,Summer,1
20060625,2006-06-25,2006,2,6,Jun,Summer,1
20060626,2006-06-26,2006,2,6,Jun,Summer,1
20060627,2006-06-27,2006,2,6,Jun,Summer,1
20060628,2006-06-28,2006,2,6,Jun,Summer,1
20060629,2006-06-29,2006,2,6,Jun,Summer,1
20060630,2006-06-30,2006,2,6,Jun,Summer,1
20060701,2006-07-01,2006,3,7,Jul,Summer,1
20060702,2006-07-02,2006,3,7,Jul,Summer,1
20060703,2006-07-03,2006,3,7,Jul,Summer,1
20060704,2006-07-04,2006,3,7,Jul,Summer,1
20060705,2006-07-05,2006,3,7,Jul,Summer,1
20060706,2006-07-06,2006,3,7,Jul,Summer,1
20060707,2006-07-07,2006,3,7,Jul,Summer,1
20060708,2006-07-08,2006,3,7,Jul,Summer,1
20060709,2006-07-09,2006,3,7,Jul,Summer,1
20060710,2006-07-10,2006,3,7,Jul,Summer,1
20060711,2006-07-11,2006,3,7,Jul,Summer,1
20060712,2006-07-12,2006,3,7,Jul,Summer,1
20060713,2006-07-13,2006,3,7,Jul,Summer,1
20060714,2006-07-14,2006,3,7,Jul,Summer,1
20060715,2006-07-15,2006,3,7,Jul,Summer,1
20060716,2006-07-16,2006,3,7,Jul,Summer,1
20060717,2006-07-17,2006,3,7,Jul,Summer,1
20060718,2006-07-18,2006,3,7,Jul,Summer,1
20060719,2006-07-19,2006,3,7,Jul,Summer,1
20060720,2006-07-20,2006,3,7,Jul,Summer,1
20060721,2006-07-21,2006,3,7,Jul,Summer,1
20060722,2006-07-22,2006,3,7,Jul,Summer,1
20060723,2006-07-23,2006,3,7,Jul,Summer,1
20060724,2006-07-24,2006,3,7,Jul,Summer,1
20060725,2006-07-25,2006,3,7,Jul,Summer,1
20060726,2006-07-26,2006,3,7,Jul,Summer,1
20060727,2006-07-27,2006,3,7,Jul,Summer,1
20060728,2006-07-28,2006,3,7,Jul,Summer,1
20060729,2006-07-29,2006,3,7,Jul,Summer,1
20060730,2006-07-30,2006,3,7,Jul,Summer,1
20060731,2006-07-31,2006,3,7,Jul,Summer,1
20060801,2006-08-01,2006,3,8,Aug,Summer,1
20060802,2006-08-02,2006,3,8,Aug,Summer,1
20060803,2006-08-03,2006,3,8,Aug,Summer,1
20060804,2006-08-04,2006,3,8,Aug,Summer,1
20060805,2006-08-05,2006,3,8,Aug,Summer,1
20060806,2006-08-06,2006,3,8,Aug,Summer,1
20060807,2006-08-07,2006,3,8,Aug,Summer,1
20060808,2006-08-08,2006,3,8,Aug,Summer,1
20060809,2006-08-09,2006,3,8,Aug,Summer,1
20060810,2006-08-10,2006,3,8,Aug,Summer,1
20060811,2006-08-11,2006,3,8,Aug,Summer,1
20060812,2006-08-12,2006,3,8,Aug,Summer,1
20060813,2006-08-13,2006,3,8,Aug,Summer,1
20060814,2006-08-14,2006,3,8,Aug,Summer,1
20060815,2006-08-15,2006,3,8,Aug,Summer,1
20060816,2006-08-16,2006,3,8,Aug,Summer,1
20060817,2006-08-17,2006,3,8,Aug,Summer,1
20060818,2006-08-18,2006,3,8,Aug,Summer,1
20060819,2006-08-19,2006,3,8,Aug,Summer,1
20060820,2006-08-20,2006,3,8,Aug,Summer,1
20060821,2006-08-21,2006,3,8,Aug,Summer,1
20060822,2006-08-22,2006,3,8,Aug,Summer,1
20060823,2006-08-23,2006,3,8,Aug,Summer,1
20060824,2006-08-24,2006,3,8,Aug,Summer,1
20060825,2006-08-25,2006,3,8,Aug,Summer,1
20060826,2006-08-26,2006,3,8,Aug,Summer,1
20060827,2006-08-27,2006,3,8,Aug,Summer,1
20060828,2006-08-28,2006,3,8,Aug,Summer,1
20060829,2006-08-29,2006,3,8,Aug,Summer,1
20060830,2006-08-30,2006,3,8,Aug,Summer,1
20060831,2006-08-31,2006,3,8,Aug,Summer,1
20060901,2006-09-01,2006,3,9,Sep,Autumn,1
20060902,2006-09-02,2006,3,9,Sep,Autumn,1
20060903,2006-09-03,2006,3,9,Sep,Autumn,1
20060904,2006-09-04,2006,3,9,Sep,Autumn,1
20060905,2006-09-05,2006,3,9,Sep,Autumn,1
20060906,2006-09-06,2006,3,9,Sep,Autumn,1
20060907,2006-09-07,2006,3,9,Sep,Autumn,1
20060908,2006-09-08,2006,3,9,Sep,Autumn,1
20060909,2006-09-09,2006,3,9,Sep,Autumn,1
20060910,2006-09-10,2006,3,9,Sep,Autumn,1
20060911,2006-09-11,2006,3,9,Sep,Autumn,1
20060912,2006-09-12,2006,3,9,Sep,Autumn,1
20060913,2006-09-13,2006,3,9,Sep,Autumn,1
20060914,2006-09-14,2006,3,9,Sep,Autumn,1
20060915,2006-09-15,2006,3,9,Sep,Autumn,1
20060916,2006-09-16,2006,3,9,Sep,Autumn,1
20060917,2006-09-17,2006,3,9,Sep,Autumn,1
20060918,2006-09-18,2006,3,9,Sep,Autumn,1
20060919,2006-09-19,2006,3,9,Sep,Autumn,1
20060920,2006-09-20,2006,3,9,Sep,Autumn,1
20060921,2006-09-21,2006,3,9,Sep,Autumn,1
20060922,2006-09-22,2006,3,9,Sep,Autumn,1
20060923,2006-09-23,2006,3,9,Sep,Autumn,1
20060924,2006-09-24,2006,3,9,Sep,Autumn,1
20060925,2006-09-25,2006,3,9,Sep,Autumn,1
20060926,2006-09-26,2006,3,9,Sep,Autumn,1
20060927,2006-09-27,2006,3,9,Sep,Autumn,1
20060928,2006-09-28,2006,3,9,Sep,Autumn,1
20060929,2006-09-29,2006,3,9,Sep,Autumn,1
20060930,2006-09-30,2006,3,9,Sep,Autumn,1
20061001,2006-10-01,2006,4,10,Oct,Autumn,1
20061002,2006-10-02,2006,4,10,Oct,Autumn,1
20061003,2006-10-03,2006,4,10,Oct,Autumn,1
20061004,2006-10-04,2006,4,10,Oct,Autumn,1
20061005,2006-10-05,2006,4,10,Oct,Autumn,1
20061006,2006-10-06,2006,4,10,Oct,Autumn,1
20061007,2006-10-07,2006,4,10,Oct,Autumn,1
20061008,2006-10-08,2006,4,10,Oct,Autumn,1
20061009,2006-10-09,2006,4,10,Oct,Autumn,1
20061010,2006-10-10,2006,4,10,Oct,Autumn,1
20061011,2006-10-11,2006,4,10,Oct,Autumn,1
20061012,2006-10-12,2006,4,10,Oct,Autumn,1
20061013,2006-10-13,2006,4,10,Oct,Autumn,1
20061014,2006-10-14,2006,4,10,Oct,Autumn,1
20061015,2006-10-15,2006,4,10,Oct,Autumn,1
20061016,2006-10-16,2006,4,10,Oct,Autumn,1
20061017,2006-10-17,2006,4,10,Oct,Autumn,1
20061018,2006-10-18,2006,4,10,Oct,Autumn,1
20061019,2006-10-19,2006,4,10,Oct,Autumn,1
20061020,2006-10-20,2006,4,10,Oct,Autumn,1
20061021,2006-10-21,2006,4,10,Oct,Autumn,1
20061022,2006-10-22,2006,4,10,Oct,Autumn,1
20061023,2006-10-23,2006,4,10,Oct,Autumn,1
20061024,2006-10-24,2006,4,10,Oct,Autumn,1
20061025,2006-10-25,2006,4,10,Oct,Autumn,1
20061026,2006-10-26,2006,4,10,Oct,Autumn,1
20061027,2006-10-27,2006,4,10,Oct,Autumn,1
20061028,2006-10-28,2006,4,10,Oct,Autumn,1
20061029,2006-10-29,2006,4,10,Oct,Autumn,1
20061030,2006-10-30,2006,4,10,Oct,Autumn,1
20061031,2006-10-31,2006,4,10,Oct,Autumn,1
20061101,2006-11-01,2006,4,11,Nov,Autumn,0
20061102,2006-11-02,2006,4,11,Nov,Autumn,0
20061103,2006-11-03,2006,4,11,Nov,Autumn,0
20061104,2006-11-04,2006,4,11,Nov,Autumn,0
20061105,2006-11-05,2006,4,11,Nov,Autumn,0
20061106,2006-11-06,2006,4,11,Nov,Autumn,0
20061107,2006-11-07,2006,4,11,Nov,Autumn,0
20061108,2006-11-08,2006,4,11,Nov,Autumn,0
20061109,2006-11-09,2006,4,11,Nov,Autumn,0
20061110,2006-11-10,2006,4,11,Nov,Autumn,0
20061111,2006-11-11,2006,4,11,Nov,Autumn,0
20061112,2006-11-12,2006,4,11,Nov,Autumn,0
20061113,2006-11-13,2006,4,11,Nov,Autumn,0
20061114,2006-11-14,2006,4,11,Nov,Autumn,0
20061115,2006-11-15,2006,4,11,Nov,Autumn,0
20061116,2006-11-16,2006,4,11,Nov,Autumn,0
20061117,2006-11-17,2006,4,11,Nov,Autumn,0
20061118,2006-11-18,2006,4,11,Nov,Autumn,0
20061119,2006-11-19,2006,4,11,Nov,Autumn,0
20061120,2006-11-20,2006,4,11,Nov,Autumn,0
20061121,2006-11-21,2006,4,11,Nov,Autumn,0
20061122,2006-11-22,2006,4,11,Nov,Autumn,0
20061123,2006-11-23,2006,4,11,Nov,Autumn,0
20061124,2006-11-24,2006,4,11,Nov,Autumn,0
20061125,2006-11-25,2006,4,11,Nov,Autumn,0
20061126,2006-11-26,2006,4,11,Nov,Autumn,0
20061127,2006-11-27,2006,4,11,Nov,Autumn,0
20061128,2006-11-28,2006,4,11,Nov,Autumn,0
20061129,2006-11-29,2006,4,11,Nov,Autumn,0
20061130,2006-11-30,2006,4,11,Nov,Autumn,0
20061201,2006-12-01,2006,4,12,Dec,Winter,0
20061202,2006-12-02,2006,4,12,Dec,Winter,0
20061203,2006-12-03,2006,4,12,Dec,Winter,0
20061204,2006-12-04,2006,4,12,Dec,Winter,0
20061205,2006-12-05,2006,4,12,Dec,Winter,0
20061206,2006-12-06,2006,4,12,Dec,Winter,0
20061207,2006-12-07,2006,4,12,Dec,Winter,0
20061208,2006-12-08,2006,4,12,Dec,Winter,0
20061209,2006-12-09,2006,4,12,Dec,Winter,0
20061210,2006-12-10,2006,4,12,Dec,Winter,0
20061211,2006-12-11,2006,4,12,Dec,Winter,0
20061212,2006-12-12,2006,4,12,Dec,Winter,0
20061213,2006-12-13,2006,4,12,Dec,Winter,0
20061214,2006-12-14,2006,4,12,Dec,Winter,0
20061215,2006-12-15,2006,4,12,Dec,Winter,0
20061216,2006-12-16,2006,4,12,Dec,Winter,0
20061217,2006-12-17,2006,4,12,Dec,Winter,0
20061218,2006-12-18,2006,4,12,Dec,Winter,0
20061219,2006-12-19,2006,4,12,Dec,Winter,0
20061220,2006-12-20,2006,4,12,Dec,Winter,0
20061221,2006-12-21,2006,4,12,Dec,Winter,0
20061222,2006-12-22,2006,4,12,Dec,Winter,0
20061223,2006-12-23,2006,4,12,Dec,Winter,0
20061224,2006-12-24,2006,4,12,Dec,Winter,0
20061225,2006-12-25,2006,4,12,Dec,Winter,0
20061226,2006-12-26,2006,4,12,Dec,Winter,0
20061227,2006-12-27,2006,4,12,Dec,Winter,0
20061228,2006-12-28,2006,4,12,Dec,Winter,0
20061229,2006-12-29,2006,4,12,Dec,Winter,0
20061230,2006-12-30,2006,4,12,Dec,Winter,0
20061231,2006-12-31,2006,4,12,Dec,Winter,0
20070101,2007-01-01,2007,1,1,Jan,Winter,0
20070102,2007-01-02,2007,1,1,Jan,Winter,0
20070103,2007-01-03,2007,1,1,Jan,Winter,0
20070104,2007-01-04,2007,1,1,Jan,Winter,0
20070105,2007-01-05,2007,1,1,Jan,Winter,0
20070106,2007-01-06,2007,1,1,Jan,Winter,0
20070107,2007-01-07,2007,1,1,Jan,Winter,0
20070108,2007-01-08,2007,1,1,Jan,Winter,0
20070109,2007-01-09,2007,1,1,Jan,Winter,0
20070110,2007-01-10,2007,1,1,Jan,Winter,0
20070111,2007-01-11,2007,1,1,Jan,Winter,0
20070112,2007-01-12,2007,1,1,Jan,Winter,0
20070113,2007-01-13,2007,1,1,Jan,Winter,0
20070114,2007-01-14,2007,1,1,Jan,Winter,0
20070115,2007-01-15,2007,1,1,Jan,Winter,0
20070116,2007-01-16,2007,1,1,Jan,Winter,0
20070117,2007-01-17,2007,1,1,Jan,Winter,0
20070118,2007-01-18,2007,1,1,Jan,Winter,0
20070119,2007-01-19,2007,1,1,Jan,Winter,0
20070120,2007-01-20,2007,1,1,Jan,Winter,0
20070121,2007-01-21,2007,1,1,Jan,Winter,0
20070122,2007-01-22,2007,1,1,Jan,Winter,0
20070123,2007-01-23,2007,1,1,Jan,Winter,0
20070124,2007-01-24,2007,1,1,Jan,Winter,0
20070125,2007-01-25,2007,1,1,Jan,Winter,0
20070126,2007-01-26,2007,1,1,Jan,Winter,0
20070127,2007-01-27,2007,1,1,Jan,Winter,0
20070128,2007-01-28,2007,1,1,Jan,Winter,0
20070129,2007-01-29,2007,1,1,Jan,Winter,0
20070130,2007-01-30,2007,1,1,Jan,Winter,0
20070131,2007-01-31,2007,1,1,Jan,Winter,0
20070201,2007-02-01,2007,1,2,Feb,Winter,0
20070202,2007-02-02,2007,1,2,Feb,Winter,0
20070203,2007-02-03,2007,1,2,Feb,Winter,0
20070204,2007-02-04,2007,1,2,Feb,Winter,0
20070205,2007-02-05,2007,1,2,Feb,Winter,0
20070206,2007-02-06,2007,1,2,Feb,Winter,0
20070207,2007-02-07,2007,1,2,Feb,Winter,0
20070208,2007-02-08,2007,1,2,Feb,Winter,0
20070209,2007-02-09,2007,1,2,Feb,Winter,0
20070210,2007-02-10,2007,1,2,Feb,Winter,0
20070211,2007-02-11,2007,1,2,Feb,Winter,0
20070212,2007-02-12,2007,1,2,Feb,Winter,0
20070213,2007-02-13,2007,1,2,Feb,Winter,0
20070214,2007-02-14,2007,1,2,Feb,Winter,0
20070215,2007-02-15,2007,1,2,Feb,Winter,0
20070216,2007-02-16,2007,1,2,Feb,Winter,0
20070217,2007-02-17,2007,1,2,Feb,Winter,0
20070218,2007-02-18,2007,1,2,Feb,Winter,0
20070219,2007-02-19,2007,1,2,Feb,Winter,0
20070220,2007-02-20,2007,1,2,Feb,Winter,0
20070221,2007-02-21,2007,1,2,Feb,Winter,0
20070222,2007-02-22,2007,1,2,Feb,Winter,0
20070223,2007-02-23,2007,1,2,Feb,Winter,0
20070224,2007-02-24,2007,1,2,Feb,Winter,0
20070225,2007-02-25,2007,1,2,Feb,Winter,0
20070226,2007-02-26,2007,1,2,Feb,Winter,0
20070227,2007-02-27,2007,1,2,Feb,Winter,0
20070228,2007-02-28,2007,1,2,Feb,Winter,0
20070301,2007-03-01,2007,1,3,Mar,Spring,0
20070302,2007-03-02,2007,1,3,Mar,Spring,0
20070303,2007-03-03,2007,1,3,Mar,Spring,0
20070304,2007-03-04,2007,1,3,Mar,Spring,0
20070305,2007-03-05,2007,1,3,Mar,Spring,0
20070306,2007-03-06,2007,1,3,Mar,Spring,0
20070307,2007-03-07,2007,1,3,Mar,Spring,0
20070308,2007-03-08,2007,1,3,Mar,Spring,0
20070309,2007-03-09,2007,1,3,Mar,Spring,0
20070310,2007-03-10,2007,1,3,Mar,Spring,0
20070311,2007-03-11,2007,1,3,Mar,Spring,0
20070312,2007-03-12,2007,1,3,Mar,Spring,0
20070313,2007-03-13,2007,1,3,Mar,Spring,0
20070314,2007-03-14,2007,1,3,Mar,Spring,0
20070315,2007-03-15,2007,1,3,Mar,Spring,0
20070316,2007-03-16,2007,1,3,Mar,Spring,0
20070317,2007-03-17,2007,1,3,Mar,Spring,0
20070318,2007-03-18,2007,1,3,Mar,Spring,0
20070319,2007-03-19,2007,1,3,Mar,Spring,0
20070320,2007-03-20,2007,1,3,Mar,Spring,0
20070321,2007-03-21,2007,1,3,Mar,Spring,0
20070322,2007-03-22,2007,1,3,Mar,Spring,0
20070323,2007-03-23,2007,1,3,Mar,Spring,0
20070324,2007-03-24,2007,1,3,Mar,Spring,0
20070325,2007-03-25,2007,1,3,Mar,Spring,0
20070326,2007-03-26,2007,1,3,Mar,Spring,0
20070327,2007-03-27,2007,1,3,Mar,Spring,0
20070328,2007-03-28,2007,1,3,Mar,Spring,0
20070329,2007-03-29,2007,1,3,Mar,Spring,0
20070330,2007-03-30,2007,1,3,Mar,Spring,0
20070331,2007-03-31,2007,1,3,Mar,Spring,0
20070401,2007-04-01,2007,2,4,Apr,Spring,0
20070402,2007-04-02,2007,2,4,Apr,Spring,0
20070403,2007-04-03,2007,2,4,Apr,Spring,0
20070404,2007-04-04,2007,2,4,Apr,Spring,0
20070405,2007-04-05,2007,2,4,Apr,Spring,0
20070406,2007-04-06,2007,2,4,Apr,Spring,0
20070407,2007-04-07,2007,2,4,Apr,Spring,0
20070408,2007-04-08,2007,2,4,Apr,Spring,0
20070409,2007-04-09,2007,2,4,Apr,Spring,0
20070410,2007-04-10,2007,2,4,Apr,Spring,0
20070411,2007-04-11,2007,2,4,Apr,Spring,0
20070412,2007-04-12,2007,2,4,Apr,Spring,0
20070413,2007-04-13,2007,2,4,Apr,Spring,0
20070414,2007-04-14,2007,2,4,Apr,Spring,0
20070415,2007-04-15,2007,2,4,Apr,Spring,0
20070416,2007-04-16,2007,2,4,Apr,Spring,0
20070417,2007-04-17,2007,2,4,Apr,Spring,0
20070418,2007-04-18,2007,2,4,Apr,Spring,0
20070419,2007-04-19,2007,2,4,Apr,Spring,0
20070420,2007-04-20,2007,2,4,Apr,Spring,0
20070421,2007-04-21,2007,2,4,Apr,Spring,0
20070422,2007-04-22,2007,2,4,Apr,Spring,0
20070423,2007-04-23,2007,2,4,Apr,Spring,0
20070424,2007-04-24,2007,2,4,Apr,Spring,0
20070425,2007-04-25,2007,2,4,Apr,Spring,0
20070426,2007-04-26,2007,2,4,Apr,Spring,0
20070427,2007-04-27,2007,2,4,Apr,Spring,0
20070428,2007-04-28,2007,2,4,Apr,Spring,0
20070429,2007-04-29,2007,2,4,Apr,Spring,0
20070430,2007-04-30,2007,2,4,Apr,Spring,0
20070501,2007-05-01,2007,2,5,May,Spring,0
20070502,2007-05-02,2007,2,5,May,Spring,0
20070503,2007-05-03,2007,2,5,May,Spring,0
20070504,2007-05-04,2007,2,5,May,Spring,0
20070505,2007-05-05,2007,2,5,May,Spring,0
20070506,2007-05-06,2007,2,5,May,Spring,0
20070507,2007-05-07,2007,2,5,May,Spring,0
20070508,2007-05-08,2007,2,5,May,Spring,0
20070509,2007-05-09,2007,2,5,May,Spring,0
20070510,2007-05-10,2007,2,5,May,Spring,0
20070511,2007-05-11,2007,2,5,May,Spring,0
20070512,2007-05-12,2007,2,5,May,Spring,0
20070513,2007-05-13,2007,2,5,May,Spring,0
20070514,2007-05-14,2007,2,5,May,Spring,0
20070515,2007-05-15,2007,2,5,May,Spring,0
20070516,2007-05-16,2007,2,5,May,Spring,0
20070517,2007-05-17,2007,2,5,May,Spring,0
20070518,2007-05-18,2007,2,5,May,Spring,0
20070519,2007-05-19,2007,2,5,May,Spring,0
20070520,2007-05-20,2007,2,5,May,Spring,0
20070521,2007-05-21,2007,2,5,May,Spring,0
20070522,2007-05-22,2007,2,5,May,Spring,0
20070523,2007-05-23,2007,2,5,May,Spring,0
20070524,2007-05-24,2007,2,5,May,Spring,0
20070525,2007-05-25,2007,2,5,May,Spring,0
20070526,2007-05-26,2007,2,5,May,Spring,0
20070527,2007-05-27,2007,2,5,May,Spring,0
20070528,2007-05-28,2007,2,5,May,Spring,0
20070529,2007-05-29,2007,2,5,May,Spring,0
20070530,2007-05-30,2007,2,5,May,Spring,0
20070531,2007-05-31,2007,2,5,May,Spring,0
20070601,2007-06-01,2007,2,6,Jun,Summer,1
20070602,2007-06-02,2007,2,6,Jun,Summer,1
20070603,2007-06-03,2007,2,6,Jun,Summer,1
20070604,2007-06-04,2007,2,6,Jun,Summer,1
20070605,2007-06-05,2007,2,6,Jun,Summer,1
20070606,2007-06-06,2007,2,6,Jun,Summer,1
20070607,2007-06-07,2007,2,6,Jun,Summer,1
20070608,2007-06-08,2007,2,6,Jun,Summer,1
20070609,2007-06-09,2007,2,6,Jun,Summer,1
20070610,2007-06-10,2007,2,6,Jun,Summer,1
20070611,2007-06-11,2007,2,6,Jun,Summer,1
20070612,2007-06-12,2007,2,6,Jun,Summer,1
20070613,2007-06-13,2007,2,6,Jun,Summer,1
20070614,2007-06-14,2007,2,6,Jun,Summer,1
20070615,2007-06-15,2007,2,6,Jun,Summer,1
20070616,2007-06-16,2007,2,6,Jun,Summer,1
20070617,2007-06-17,2007,2,6,Jun,Summer,1
20070618,2007-06-18,2007,2,6,Jun,Summer,1
20070619,2007-06-19,2007,2,6,Jun,Summer,1
20070620,2007-06-20,2007,2,6,Jun,Summer,1
20070621,2007-06-21,2007,2,6,Jun,Summer,1
20070622,2007-06-22,2007,2,6,Jun,Summer,1
20070623,2007-06-23,2007,2,6,Jun,Summer,1
20070624,2007-06-24,2007,2,6,Jun,Summer,1
20070625,2007-06-25,2007,2,6,Jun,Summer,1
20070626,2007-06-26,2007,2,6,Jun,Summer,1
20070627,2007-06-27,2007,2,6,Jun,Summer,1
20070628,2007-06-28,2007,2,6,Jun,Summer,1
20070629,2007-06-29,2007,2,6,Jun,Summer,1
20070630,2007-06-30,2007,2,6,Jun,Summer,1
20070701,2007-07-01,2007,3,7,Jul,Summer,1
20070702,2007-07-02,2007,3,7,Jul,Summer,1
20070703,2007-07-03,2007,3,7,Jul,Summer,1
20070704,2007-07-04,2007,3,7,Jul,Summer,1
20070705,2007-07-05,2007,3,7,Jul,Summer,1
20070706,2007-07-06,2007,3,7,Jul,Summer,1
20070707,2007-07-07,2007,3,7,Jul,Summer,1
20070708,2007-07-08,2007,3,7,Jul,Summer,1
20070709,2007-07-09,2007,3,7,Jul,Summer,1
20070710,2007-07-10,2007,3,7,Jul,Summer,1
20070711,2007-07-11,2007,3,7,Jul,Summer,1
20070712,2007-07-12,2007,3,7,Jul,Summer,1
20070713,2007-07-13,2007,3,7,Jul,Summer,1
20070714,2007-07-14,2007,3,7,Jul,Summer,1
20070715,2007-07-15,2007,3,7,Jul,Summer,1
20070716,2007-07-16,2007,3,7,Jul,Summer,1
20070717,2007-07-17,2007,3,7,Jul,Summer,1
20070718,2007-07-18,2007,3,7,Jul,Summer,1
20070719,2007-07-19,2007,3,7,Jul,Summer,1
20070720,2007-07-20,2007,3,7,Jul,Summer,1
20070721,2007-07-21,2007,3,7,Jul,Summer,1
20070722,2007-07-22,2007,3,7,Jul,Summer,1
20070723,2007-07-23,2007,3,7,Jul,Summer,1
20070724,2007-07-24,2007,3,7,Jul,Summer,1
20070725,2007-07-25,2007,3,7,Jul,Summer,1
20070726,2007-07-26,2007,3,7,Jul,Summer,1
20070727,2007-07-27,2007,3,7,Jul,Summer,1
20070728,2007-07-28,2007,3,7,Jul,Summer,1
20070729,2007-07-29,2007,3,7,Jul,Summer,1
20070730,2007-07-30,2007,3,7,Jul,Summer,1
20070731,2007-07-31,2007,3,7,Jul,Summer,1
20070801,2007-08-01,2007,3,8,Aug,Summer,1
20070802,2007-08-02,2007,3,8,Aug,Summer,1
20070803,2007-08-03,2007,3,8,Aug,Summer,1
20070804,2007-08-04,2007,3,8,Aug,Summer,1
20070805,2007-08-05,2007,3,8,Aug,Summer,1
20070806,2007-08-06,2007,3,8,Aug,Summer,1
20070807,2007-08-07,2007,3,8,Aug,Summer,1
20070808,2007-08-08,2007,3,8,Aug,Summer,1
20070809,2007-08-09,2007,3,8,Aug,Summer,1
20070810,2007-08-10,2007,3,8,Aug,Summer,1
20070811,2007-08-11,2007,3,8,Aug,Summer,1
20070812,2007-08-12,2007,3,8,Aug,Summer,1
20070813,2007-08-13,2007,3,8,Aug,Summer,1
20070814,2007-08-14,2007,3,8,Aug,Summer,1
20070815,2007-08-15,2007,3,8,Aug,Summer,1
20070816,2007-08-16,2007,3,8,Aug,Summer,1
20070817,2007-08-17,2007,3,8,Aug,Summer,1
20070818,2007-08-18,2007,3,8,Aug,Summer,1
20070819,2007-08-19,2007,3,8,Aug,Summer,1
20070820,2007-08-20,2007,3,8,Aug,Summer,1
20070821,2007-08-21,2007,3,8,Aug,Summer,1
20070822,2007-08-22,2007,3,8,Aug,Summer,1
20070823,2007-08-23,2007,3,8,Aug,Summer,1
20070824,2007-08-24,2007,3,8,Aug,Summer,1
20070825,2007-08-25,2007,3,8,Aug,Summer,1
20070826,2007-08-26,2007,3,8,Aug,Summer,1
20070827,2007-08-27,2007,3,8,Aug,Summer,1
20070828,2007-08-28,2007,3,8,Aug,Summer,1
20070829,2007-08-29,2007,3,8,Aug,Summer,1
20070830,2007-08-30,2007,3,8,Aug,Summer,1
20070831,2007-08-31,2007,3,8,Aug,Summer,1
20070901,2007-09-01,2007,3,9,Sep,Autumn,1
20070902,2007-09-02,2007,3,9,Sep,Autumn,1
20070903,2007-09-03,2007,3,9,Sep,Autumn,1
20070904,2007-09-04,2007,3,9,Sep,Autumn,1
20070905,2007-09-05,2007,3,9,Sep,Autumn,1
20070906,2007-09-06,2007,3,9,Sep,Autumn,1
20070907,2007-09-07,2007,3,9,Sep,Autumn,1
20070908,2007-09-08,2007,3,9,Sep,Autumn,1
20070909,2007-09-09,2007,3,9,Sep,Autumn,1
20070910,2007-09-10,2007,3,9,Sep,Autumn,1
20070911,2007-09-11,2007,3,9,Sep,Autumn,1
20070912,2007-09-12,2007,3,9,Sep,Autumn,1
20070913,2007-09-13,2007,3,9,Sep,Autumn,1
20070914,2007-09-14,2007,3,9,Sep,Autumn,1
20070915,2007-09-15,2007,3,9,Sep,Autumn,1
20070916,2007-09-16,2007,3,9,Sep,Autumn,1
20070917,2007-09-17,2007,3,9,Sep,Autumn,1
20070918,2007-09-18,2007,3,9,Sep,Autumn,1
20070919,2007-09-19,2007,3,9,Sep,Autumn,1
20070920,2007-09-20,2007,3,9,Sep,Autumn,1
20070921,2007-09-21,2007,3,9,Sep,Autumn,1
20070922,2007-09-22,2007,3,9,Sep,Autumn,1
20070923,2007-09-23,2007,3,9,Sep,Autumn,1
20070924,2007-09-24,2007,3,9,Sep,Autumn,1
20070925,2007-09-25,2007,3,9,Sep,Autumn,1
20070926,2007-09-26,2007,3,9,Sep,Autumn,1
20070927,2007-09-27,2007,3,9,Sep,Autumn,1
20070928,2007-09-28,2007,3,9,Sep,Autumn,1
20070929,2007-09-29,2007,3,9,Sep,Autumn,1
20070930,2007-09-30,2007,3,9,Sep,Autumn,1
20071001,2007-10-01,2007,4,10,Oct,Autumn,1
20071002,2007-10-02,2007,4,10,Oct,Autumn,1
20071003,2007-10-03,2007,4,10,Oct,Autumn,1
20071004,2007-10-04,2007,4,10,Oct,Autumn,1
20071005,2007-10-05,2007,4,10,Oct,Autumn,1
20071006,2007-10-06,2007,4,10,Oct,Autumn,1
20071007,2007-10-07,2007,4,10,Oct,Autumn,1
20071008,2007-10-08,2007,4,10,Oct,Autumn,1
20071009,2007-10-09,2007,4,10,Oct,Autumn,1
20071010,2007-10-10,2007,4,10,Oct,Autumn,1
20071011,2007-10-11,2007,4,10,Oct,Autumn,1
20071012,2007-10-12,2007,4,10,Oct,Autumn,1
20071013,2007-10-13,2007,4,10,Oct,Autumn,1
20071014,2007-10-14,2007,4,10,Oct,Autumn,1
20071015,2007-10-15,2007,4,10,Oct,Autumn,1
20071016,2007-10-16,2007,4,10,Oct,Autumn,1
20071017,2007-10-17,2007,4,10,Oct,Autumn,1
20071018,2007-10-18,2007,4,10,Oct,Autumn,1
20071019,2007-10-19,2007,4,10,Oct,Autumn,1
20071020,2007-10-20,2007,4,10,Oct,Autumn,1
20071021,2007-10-21,2007,4,10,Oct,Autumn,1
20071022,2007-10-22,2007,4,10,Oct,Autumn,1
20071023,2007-10-23,2007,4,10,Oct,Autumn,1
20071024,2007-10-24,2007,4,10,Oct,Autumn,1
20071025,2007-10-25,2007,4,10,Oct,Autumn,1
20071026,2007-10-26,2007,4,10,Oct,Autumn,1
20071027,2007-10-27,2007,4,10,Oct,Autumn,1
20071028,2007-10-28,2007,4,10,Oct,Autumn,1
20071029,2007-10-29,2007,4,10,Oct,Autumn,1
20071030,2007-10-30,2007,4,10,Oct,Autumn,1
20071031,2007-10-31,2007,4,10,Oct,Autumn,1
20071101,2007-11-01,2007,4,11,Nov,Autumn,0
20071102,2007-11-02,2007,4,11,Nov,Autumn,0
20071103,2007-11-03,2007,4,11,Nov,Autumn,0
20071104,2007-11-04,2007,4,11,Nov,Autumn,0
20071105,2007-11-05,2007,4,11,Nov,Autumn,0
20071106,2007-11-06,2007,4,11,Nov,Autumn,0
20071107,2007-11-07,2007,4,11,Nov,Autumn,0
20071108,2007-11-08,2007,4,11,Nov,Autumn,0
20071109,2007-11-09,2007,4,11,Nov,Autumn,0
20071110,2007-11-10,2007,4,11,Nov,Autumn,0
20071111,2007-11-11,2007,4,11,Nov,Autumn,0
20071112,2007-11-12,2007,4,11,Nov,Autumn,0
20071113,2007-11-13,2007,4,11,Nov,Autumn,0
20071114,2007-11-14,2007,4,11,Nov,Autumn,0
20071115,2007-11-15,2007,4,11,Nov,Autumn,0
20071116,2007-11-16,2007,4,11,Nov,Autumn,0
20071117,2007-11-17,2007,4,11,Nov,Autumn,0
20071118,2007-11-18,2007,4,11,Nov,Autumn,0
20071119,2007-11-19,2007,4,11,Nov,Autumn,0
20071120,2007-11-20,2007,4,11,Nov,Autumn,0
20071121,2007-11-21,2007,4,11,Nov,Autumn,0
20071122,2007-11-22,2007,4,11,Nov,Autumn,0
20071123,2007-11-23,2007,4,11,Nov,Autumn,0
20071124,2007-11-24,2007,4,11,Nov,Autumn,0
20071125,2007-11-25,2007,4,11,Nov,Autumn,0
20071126,2007-11-26,2007,4,11,Nov,Autumn,0
20071127,2007-11-27,2007,4,11,Nov,Autumn,0
20071128,2007-11-28,2007,4,11,Nov,Autumn,0
20071129,2007-11-29,2007,4,11,Nov,Autumn,0
20071130,2007-11-30,2007,4,11,Nov,Autumn,0
20071201,2007-12-01,2007,4,12,Dec,Winter,0
20071202,2007-12-02,2007,4,12,Dec,Winter,0
20071203,2007-12-03,2007,4,12,Dec,Winter,0
20071204,2007-12-04,2007,4,12,Dec,Winter,0
20071205,2007-12-05,2007,4,12,Dec,Winter,0
20071206,2007-12-06,2007,4,12,Dec,Winter,0
20071207,2007-12-07,2007,4,12,Dec,Winter,0
20071208,2007-12-08,2007,4,12,Dec,Winter,0
20071209,2007-12-09,2007,4,12,Dec,Winter,0
20071210,2007-12-10,2007,4,12,Dec,Winter,0
20071211,2007-12-11,2007,4,12,Dec,Winter,0
20071212,2007-12-12,2007,4,12,Dec,Winter,0
20071213,2007-12-13,2007,4,12,Dec,Winter,0
20071214,2007-12-14,2007,4,12,Dec,Winter,0
20071215,2007-12-15,2007,4,12,Dec,Winter,0
20071216,2007-12-16,2007,4,12,Dec,Winter,0
20071217,2007-12-17,2007,4,12,Dec,Winter,0
20071218,2007-12-18,2007,4,12,Dec,Winter,0
20071219,2007-12-19,2007,4,12,Dec,Winter,0
20071220,2007-12-20,2007,4,12,Dec,Winter,0
20071221,2007-12-21,2007,4,12,Dec,Winter,0
20071222,2007-12-22,2007,4,12,Dec,Winter,0
20071223,2007-12-23,2007,4,12,Dec,Winter,0
20071224,2007-12-24,2007,4,12,Dec,Winter,0
20071225,2007-12-25,2007,4,12,Dec,Winter,0
20071226,2007-12-26,2007,4,12,Dec,Winter,0
20071227,2007-12-27,2007,4,12,Dec,Winter,0
20071228,2007-12-28,2007,4,12,Dec,Winter,0
20071229,2007-12-29,2007,4,12,Dec,Winter,0
20071230,2007-12-30,2007,4,12,Dec,Winter,0
20071231,2007-12-31,2007,4,12,Dec,Winter,0
20080101,2008-01-01,2008,1,1,Jan,Winter,0
20080102,2008-01-02,2008,1,1,Jan,Winter,0
20080103,2008-01-03,2008,1,1,Jan,Winter,0
20080104,2008-01-04,2008,1,1,Jan,Winter,0
20080105,2008-01-05,2008,1,1,Jan,Winter,0
20080106,2008-01-06,2008,1,1,Jan,Winter,0
20080107,2008-01-07,2008,1,1,Jan,Winter,0
20080108,2008-01-08,2008,1,1,Jan,Winter,0
20080109,2008-01-09,2008,1,1,Jan,Winter,0
20080110,2008-01-10,2008,1,1,Jan,Winter,0
20080111,2008-01-11,2008,1,1,Jan,Winter,0
20080112,2008-01-12,2008,1,1,Jan,Winter,0
20080113,2008-01-13,2008,1,1,Jan,Winter,0
20080114,2008-01-14,2008,1,1,Jan,Winter,0
20080115,2008-01-15,2008,1,1,Jan,Winter,0
20080116,2008-01-16,2008,1,1,Jan,Winter,0
20080117,2008-01-17,2008,1,1,Jan,Winter,0
20080118,2008-01-18,2008,1,1,Jan,Winter,0
20080119,2008-01-19,2008,1,1,Jan,Winter,0
20080120,2008-01-20,2008,1,1,Jan,Winter,0
20080121,2008-01-21,2008,1,1,Jan,Winter,0
20080122,2008-01-22,2008,1,1,Jan,Winter,0
20080123,2008-01-23,2008,1,1,Jan,Winter,0
20080124,2008-01-24,2008,1,1,Jan,Winter,0
20080125,2008-01-25,2008,1,1,Jan,Winter,0
20080126,2008-01-26,2008,1,1,Jan,Winter,0
20080127,2008-01-27,2008,1,1,Jan,Winter,0
20080128,2008-01-28,2008,1,1,Jan,Winter,0
20080129,2008-01-29,2008,1,1,Jan,Winter,0
20080130,2008-01-30,2008,1,1,Jan,Winter,0
20080131,2008-01-31,2008,1,1,Jan,Winter,0
20080201,2008-02-01,2008,1,2,Feb,Winter,0
20080202,2008-02-02,2008,1,2,Feb,Winter,0
20080203,2008-02-03,2008,1,2,Feb,Winter,0
20080204,2008-02-04,2008,1,2,Feb,Winter,0
20080205,2008-02-05,2008,1,2,Feb,Winter,0
20080206,2008-02-06,2008,1,2,Feb,Winter,0
20080207,2008-02-07,2008,1,2,Feb,Winter,0
20080208,2008-02-08,2008,1,2,Feb,Winter,0
20080209,2008-02-09,2008,1,2,Feb,Winter,0
20080210,2008-02-10,2008,1,2,Feb,Winter,0
20080211,2008-02-11,2008,1,2,Feb,Winter,0
20080212,2008-02-12,2008,1,2,Feb,Winter,0
20080213,2008-02-13,2008,1,2,Feb,Winter,0
20080214,2008-02-14,2008,1,2,Feb,Winter,0
20080215,2008-02-15,2008,1,2,Feb,Winter,0
20080216,2008-02-16,2008,1,2,Feb,Winter,0
20080217,2008-02-17,2008,1,2,Feb,Winter,0
20080218,2008-02-18,2008,1,2,Feb,Winter,0
20080219,2008-02-19,2008,1,2,Feb,Winter,0
20080220,2008-02-20,2008,1,2,Feb,Winter,0
20080221,2008-02-21,2008,1,2,Feb,Winter,0
20080222,2008-02-22,2008,1,2,Feb,Winter,0
20080223,2008-02-23,2008,1,2,Feb,Winter,0
20080224,2008-02-24,2008,1,2,Feb,Winter,0
20080225,2008-02-25,2008,1,2,Feb,Winter,0
20080226,2008-02-26,2008,1,2,Feb,Winter,0
20080227,2008-02-27,2008,1,2,Feb,Winter,0
20080228,2008-02-28,2008,1,2,Feb,Winter,0
20080229,2008-02-29,2008,1,2,Feb,Winter,0
20080301,2008-03-01,2008,1,3,Mar,Spring,0
20080302,2008-03-02,2008,1,3,Mar,Spring,0
20080303,2008-03-03,2008,1,3,Mar,Spring,0
20080304,2008-03-04,2008,1,3,Mar,Spring,0
20080305,2008-03-05,2008,1,3,Mar,Spring,0
20080306,2008-03-06,2008,1,3,Mar,Spring,0
20080307,2008-03-07,2008,1,3,Mar,Spring,0
20080308,2008-03-08,2008,1,3,Mar,Spring,0
20080309,2008-03-09,2008,1,3,Mar,Spring,0
20080310,2008-03-10,2008,1,3,Mar,Spring,0
20080311,2008-03-11,2008,1,3,Mar,Spring,0
20080312,2008-03-12,2008,1,3,Mar,Spring,0
20080313,2008-03-13,2008,1,3,Mar,Spring,0
20080314,2008-03-14,2008,1,3,Mar,Spring,0
20080315,2008-03-15,2008,1,3,Mar,Spring,0
20080316,2008-03-16,2008,1,3,Mar,Spring,0
20080317,2008-03-17,2008,1,3,Mar,Spring,0
20080318,2008-03-18,2008,1,3,Mar,Spring,0
20080319,2008-03-19,2008,1,3,Mar,Spring,0
20080320,2008-03-20,2008,1,3,Mar,Spring,0
20080321,2008-03-21,2008,1,3,Mar,Spring,0
20080322,2008-03-22,2008,1,3,Mar,Spring,0
20080323,2008-03-23,2008,1,3,Mar,Spring,0
20080324,2008-03-24,2008,1,3,Mar,Spring,0
20080325,2008-03-25,2008,1,3,Mar,Spring,0
20080326,2008-03-26,2008,1,3,Mar,Spring,0
20080327,2008-03-27,2008,1,3,Mar,Spring,0
20080328,2008-03-28,2008,1,3,Mar,Spring,0
20080329,2008-03-29,2008,1,3,Mar,Spring,0
20080330,2008-03-30,2008,1,3,Mar,Spring,0
20080331,2008-03-31,2008,1,3,Mar,Spring,0
20080401,2008-04-01,2008,2,4,Apr,Spring,0
20080402,2008-04-02,2008,2,4,Apr,Spring,0
20080403,2008-04-03,2008,2,4,Apr,Spring,0
20080404,2008-04-04,2008,2,4,Apr,Spring,0
20080405,2008-04-05,2008,2,4,Apr,Spring,0
20080406,2008-04-06,2008,2,4,Apr,Spring,0
20080407,2008-04-07,2008,2,4,Apr,Spring,0
20080408,2008-04-08,2008,2,4,Apr,Spring,0
20080409,2008-04-09,2008,2,4,Apr,Spring,0
20080410,2008-04-10,2008,2,4,Apr,Spring,0
20080411,2008-04-11,2008,2,4,Apr,Spring,0
20080412,2008-04-12,2008,2,4,Apr,Spring,0
20080413,2008-04-13,2008,2,4,Apr,Spring,0
20080414,2008-04-14,2008,2,4,Apr,Spring,0
20080415,2008-04-15,2008,2,4,Apr,Spring,0
20080416,2008-04-16,2008,2,4,Apr,Spring,0
20080417,2008-04-17,2008,2,4,Apr,Spring,0
20080418,2008-04-18,2008,2,4,Apr,Spring,0
20080419,2008-04-19,2008,2,4,Apr,Spring,0
20080420,2008-04-20,2008,2,4,Apr,Spring,0
20080421,2008-04-21,2008,2,4,Apr,Spring,0
20080422,2008-04-22,2008,2,4,Apr,Spring,0
20080423,2008-04-23,2008,2,4,Apr,Spring,0
20080424,2008-04-24,2008,2,4,Apr,Spring,0
20080425,2008-04-25,2008,2,4,Apr,Spring,0
20080426,2008-04-26,2008,2,4,Apr,Spring,0
20080427,2008-04-27,2008,2,4,Apr,Spring,0
20080428,2008-04-28,2008,2,4,Apr,Spring,0
20080429,2008-04-29,2008,2,4,Apr,Spring,0
20080430,2008-04-30,2008,2,4,Apr,Spring,0
20080501,2008-05-01,2008,2,5,May,Spring,0
20080502,2008-05-02,2008,2,5,May,Spring,0
20080503,2008-05-03,2008,2,5,May,Spring,0
20080504,2008-05-04,2008,2,5,May,Spring,0
20080505,2008-05-05,2008,2,5,May,Spring,0
20080506,2008-05-06,2008,2,5,May,Spring,0
20080507,2008-05-07,2008,2,5,May,Spring,0
20080508,2008-05-08,2008,2,5,May,Spring,0
20080509,2008-05-09,2008,2,5,May,Spring,0
20080510,2008-05-10,2008,2,5,May,Spring,0
20080511,2008-05-11,2008,2,5,May,Spring,0
20080512,2008-05-12,2008,2,5,May,Spring,0
20080513,2008-05-13,2008,2,5,May,Spring,0
20080514,2008-05-14,2008,2,5,May,Spring,0
20080515,2008-05-15,2008,2,5,May,Spring,0
20080516,2008-05-16,2008,2,5,May,Spring,0
20080517,2008-05-17,2008,2,5,May,Spring,0
20080518,2008-05-18,2008,2,5,May,Spring,0
20080519,2008-05-19,2008,2,5,May,Spring,0
20080520,2008-05-20,2008,2,5,May,Spring,0
20080521,2008-05-21,2008,2,5,May,Spring,0
20080522,2008-05-22,2008,2,5,May,Spring,0
20080523,2008-05-23,2008,2,5,May,Spring,0
20080524,2008-05-24,2008,2,5,May,Spring,0
20080525,2008-05-25,2008,2,5,May,Spring,0
20080526,2008-05-26,2008,2,5,May,Spring,0
20080527,2008-05-27,2008,2,5,May,Spring,0
20080528,2008-05-28,2008,2,5,May,Spring,0
20080529,2008-05-29,2008,2,5,May,Spring,0
20080530,2008-05-30,2008,2,5,May,Spring,0
20080531,2008-05-31,2008,2,5,May,Spring,0
20080601,2008-06-01,2008,2,6,Jun,Summer,1
20080602,2008-06-02,2008,2,6,Jun,Summer,1
20080603,2008-06-03,2008,2,6,Jun,Summer,1
20080604,2008-06-04,2008,2,6,Jun,Summer,1
20080605,2008-06-05,2008,2,6,Jun,Summer,1
20080606,2008-06-06,2008,2,6,Jun,Summer,1
20080607,2008-06-07,2008,2,6,Jun,Summer,1
20080608,2008-06-08,2008,2,6,Jun,Summer,1
20080609,2008-06-09,2008,2,6,Jun,Summer,1
20080610,2008-06-10,2008,2,6,Jun,Summer,1
20080611,2008-06-11,2008,2,6,Jun,Summer,1
20080612,2008-06-12,2008,2,6,Jun,Summer,1
20080613,2008-06-13,2008,2,6,Jun,Summer,1
20080614,2008-06-14,2008,2,6,Jun,Summer,1
20080615,2008-06-15,2008,2,6,Jun,Summer,1
20080616,2008-06-16,2008,2,6,Jun,Summer,1
20080617,2008-06-17,2008,2,6,Jun,Summer,1
20080618,2008-06-18,2008,2,6,Jun,Summer,1
20080619,2008-06-19,2008,2,6,Jun,Summer,1
20080620,2008-06-20,2008,2,6,Jun,Summer,1
20080621,2008-06-21,2008,2,6,Jun,Summer,1
20080622,2008-06-22,2008,2,6,Jun,Summer,1
20080623,2008-06-23,2008,2,6,Jun,Summer,1
20080624,2008-06-24,2008,2,6,Jun,Summer,1
20080625,2008-06-25,2008,2,6,Jun,Summer,1
20080626,2008-06-26,2008,2,6,Jun,Summer,1
20080627,2008-06-27,2008,2,6,Jun,Summer,1
20080628,2008-06-28,2008,2,6,Jun,Summer,1
20080629,2008-06-29,2008,2,6,Jun,Summer,1
20080630,2008-06-30,2008,2,6,Jun,Summer,1
20080701,2008-07-01,2008,3,7,Jul,Summer,1
20080702,2008-07-02,2008,3,7,Jul,Summer,1
20080703,2008-07-03,2008,3,7,Jul,Summer,1
20080704,2008-07-04,2008,3,7,Jul,Summer,1
20080705,2008-07-05,2008,3,7,Jul,Summer,1
20080706,2008-07-06,2008,3,7,Jul,Summer,1
20080707,2008-07-07,2008,3,7,Jul,Summer,1
20080708,2008-07-08,2008,3,7,Jul,Summer,1
20080709,2008-07-09,2008,3,7,Jul,Summer,1
20080710,2008-07-10,2008,3,7,Jul,Summer,1
20080711,2008-07-11,2008,3,7,Jul,Summer,1
20080712,2008-07-12,2008,3,7,Jul,Summer,1
20080713,2008-07-13,2008,3,7,Jul,Summer,1
20080714,2008-07-14,2008,3,7,Jul,Summer,1
20080715,2008-07-15,2008,3,7,Jul,Summer,1
20080716,2008-07-16,2008,3,7,Jul,Summer,1
20080717,2008-07-17,2008,3,7,Jul,Summer,1
20080718,2008-07-18,2008,3,7,Jul,Summer,1
20080719,2008-07-19,2008,3,7,Jul,Summer,1
20080720,2008-07-20,2008,3,7,Jul,Summer,1
20080721,2008-07-21,2008,3,7,Jul,Summer,1
20080722,2008-07-22,2008,3,7,Jul,Summer,1
20080723,2008-07-23,2008,3,7,Jul,Summer,1
20080724,2008-07-24,2008,3,7,Jul,Summer,1
20080725,2008-07-25,2008,3,7,Jul,Summer,1
20080726,2008-07-26,2008,3,7,Jul,Summer,1
20080727,2008-07-27,2008,3,7,Jul,Summer,1
20080728,2008-07-28,2008,3,7,Jul,Summer,1
20080729,2008-07-29,2008,3,7,Jul,Summer,1
20080730,2008-07-30,2008,3,7,Jul,Summer,1
20080731,2008-07-31,2008,3,7,Jul,Summer,1
20080801,2008-08-01,2008,3,8,Aug,Summer,1
20080802,2008-08-02,2008,3,8,Aug,Summer,1
20080803,2008-08-03,2008,3,8,Aug,Summer,1
20080804,2008-08-04,2008,3,8,Aug,Summer,1
20080805,2008-08-05,2008,3,8,Aug,Summer,1
20080806,2008-08-06,2008,3,8,Aug,Summer,1
20080807,2008-08-07,2008,3,8,Aug,Summer,1
20080808,2008-08-08,2008,3,8,Aug,Summer,1
20080809,2008-08-09,2008,3,8,Aug,Summer,1
20080810,2008-08-10,2008,3,8,Aug,Summer,1
20080811,2008-08-11,2008,3,8,Aug,Summer,1
20080812,2008-08-12,2008,3,8,Aug,Summer,1
20080813,2008-08-13,2008,3,8,Aug,Summer,1
20080814,2008-08-14,2008,3,8,Aug,Summer,1
20080815,2008-08-15,2008,3,8,Aug,Summer,1
20080816,2008-08-16,2008,3,8,Aug,Summer,1
20080817,2008-08-17,2008,3,8,Aug,Summer,1
20080818,2008-08-18,2008,3,8,Aug,Summer,1
20080819,2008-08-19,2008,3,8,Aug,Summer,1
20080820,2008-08-20,2008,3,8,Aug,Summer,1
20080821,2008-08-21,2008,3,8,Aug,Summer,1
20080822,2008-08-22,2008,3,8,Aug,Summer,1
20080823,2008-08-23,2008,3,8,Aug,Summer,1
20080824,2008-08-24,2008,3,8,Aug,Summer,1
20080825,2008-08-25,2008,3,8,Aug,Summer,1
20080826,2008-08-26,2008,3,8,Aug,Summer,1
20080827,2008-08-27,2008,3,8,Aug,Summer,1
20080828,2008-08-28,2008,3,8,Aug,Summer,1
20080829,2008-08-29,2008,3,8,Aug,Summer,1
20080830,2008-08-30,2008,3,8,Aug,Summer,1
20080831,2008-08-31,2008,3,8,Aug,Summer,1
20080901,2008-09-01,2008,3,9,Sep,Autumn,1
20080902,2008-09-02,2008,3,9,Sep,Autumn,1
20080903,2008-09-03,2008,3,9,Sep,Autumn,1
20080904,2008-09-04,2008,3,9,Sep,Autumn,1
20080905,2008-09-05,2008,3,9,Sep,Autumn,1
20080906,2008-09-06,2008,3,9,Sep,Autumn,1
20080907,2008-09-07,2008,3,9,Sep,Autumn,1
20080908,2008-09-08,2008,3,9,Sep,Autumn,1
20080909,2008-09-09,2008,3,9,Sep,Autumn,1
20080910,2008-09-10,2008,3,9,Sep,Autumn,1
20080911,2008-09-11,2008,3,9,Sep,Autumn,1
20080912,2008-09-12,2008,3,9,Sep,Autumn,1
20080913,2008-09-13,2008,3,9,Sep,Autumn,1
20080914,2008-09-14,2008,3,9,Sep,Autumn,1
20080915,2008-09-15,2008,3,9,Sep,Autumn,1
20080916,2008-09-16,2008,3,9,Sep,Autumn,1
20080917,2008-09-17,2008,3,9,Sep,Autumn,1
20080918,2008-09-18,2008,3,9,Sep,Autumn,1
20080919,2008-09-19,2008,3,9,Sep,Autumn,1
20080920,2008-09-20,2008,3,9,Sep,Autumn,1
20080921,2008-09-21,2008,3,9,Sep,Autumn,1
20080922,2008-09-22,2008,3,9,Sep,Autumn,1
20080923,2008-09-23,2008,3,9,Sep,Autumn,1
20080924,2008-09-24,2008,3,9,Sep,Autumn,1
20080925,2008-09-25,2008,3,9,Sep,Autumn,1
20080926,2008-09-26,2008,3,9,Sep,Autumn,1
20080927,2008-09-27,2008,3,9,Sep,Autumn,1
20080928,2008-09-28,2008,3,9,Sep,Autumn,1
20080929,2008-09-29,2008,3,9,Sep,Autumn,1
20080930,2008-09-30,2008,3,9,Sep,Autumn,1
20081001,2008-10-01,2008,4,10,Oct,Autumn,1
20081002,2008-10-02,2008,4,10,Oct,Autumn,1
20081003,2008-10-03,2008,4,10,Oct,Autumn,1
20081004,2008-10-04,2008,4,10,Oct,Autumn,1
20081005,2008-10-05,2008,4,10,Oct,Autumn,1
20081006,2008-10-06,2008,4,10,Oct,Autumn,1
20081007,2008-10-07,2008,4,10,Oct,Autumn,1
20081008,2008-10-08,2008,4,10,Oct,Autumn,1
20081009,2008-10-09,2008,4,10,Oct,Autumn,1
20081010,2008-10-10,2008,4,10,Oct,Autumn,1
20081011,2008-10-11,2008,4,10,Oct,Autumn,1
20081012,2008-10-12,2008,4,10,Oct,Autumn,1
20081013,2008-10-13,2008,4,10,Oct,Autumn,1
20081014,2008-10-14,2008,4,10,Oct,Autumn,1
20081015,2008-10-15,2008,4,10,Oct,Autumn,1
20081016,2008-10-16,2008,4,10,Oct,Autumn,1
20081017,2008-10-17,2008,4,10,Oct,Autumn,1
20081018,2008-10-18,2008,4,10,Oct,Autumn,1
20081019,2008-10-19,2008,4,10,Oct,Autumn,1
20081020,2008-10-20,2008,4,10,Oct,Autumn,1
20081021,2008-10-21,2008,4,10,Oct,Autumn,1
20081022,2008-10-22,2008,4,10,Oct,Autumn,1
20081023,2008-10-23,2008,4,10,Oct,Autumn,1
20081024,2008-10-24,2008,4,10,Oct,Autumn,1
20081025,2008-10-25,2008,4,10,Oct,Autumn,1
20081026,2008-10-26,2008,4,10,Oct,Autumn,1
20081027,2008-10-27,2008,4,10,Oct,Autumn,1
20081028,2008-10-28,2008,4,10,Oct,Autumn,1
20081029,2008-10-29,2008,4,10,Oct,Autumn,1
20081030,2008-10-30,2008,4,10,Oct,Autumn,1
20081031,2008-10-31,2008,4,10,Oct,Autumn,1
20081101,2008-11-01,2008,4,11,Nov,Autumn,0
20081102,2008-11-02,2008,4,11,Nov,Autumn,0
20081103,2008-11-03,2008,4,11,Nov,Autumn,0
20081104,2008-11-04,2008,4,11,Nov,Autumn,0
20081105,2008-11-05,2008,4,11,Nov,Autumn,0
20081106,2008-11-06,2008,4,11,Nov,Autumn,0
20081107,2008-11-07,2008,4,11,Nov,Autumn,0
20081108,2008-11-08,2008,4,11,Nov,Autumn,0
20081109,2008-11-09,2008,4,11,Nov,Autumn,0
20081110,2008-11-10,2008,4,11,Nov,Autumn,0
20081111,2008-11-11,2008,4,11,Nov,Autumn,0
20081112,2008-11-12,2008,4,11,Nov,Autumn,0
20081113,2008-11-13,2008,4,11,Nov,Autumn,0
20081114,2008-11-14,2008,4,11,Nov,Autumn,0
20081115,2008-11-15,2008,4,11,Nov,Autumn,0
20081116,2008-11-16,2008,4,11,Nov,Autumn,0
20081117,2008-11-17,2008,4,11,Nov,Autumn,0
20081118,2008-11-18,2008,4,11,Nov,Autumn,0
20081119,2008-11-19,2008,4,11,Nov,Autumn,0
20081120,2008-11-20,2008,4,11,Nov,Autumn,0
20081121,2008-11-21,2008,4,11,Nov,Autumn,0
20081122,2008-11-22,2008,4,11,Nov,Autumn,0
20081123,2008-11-23,2008,4,11,Nov,Autumn,0
20081124,2008-11-24,2008,4,11,Nov,Autumn,0
20081125,2008-11-25,2008,4,11,Nov,Autumn,0
20081126,2008-11-26,2008,4,11,Nov,Autumn,0
20081127,2008-11-27,2008,4,11,Nov,Autumn,0
20081128,2008-11-28,2008,4,11,Nov,Autumn,0
20081129,2008-11-29,2008,4,11,Nov,Autumn,0
20081130,2008-11-30,2008,4,11,Nov,Autumn,0
20081201,2008-12-01,2008,4,12,Dec,Winter,0
20081202,2008-12-02,2008,4,12,Dec,Winter,0
20081203,2008-12-03,2008,4,12,Dec,Winter,0
20081204,2008-12-04,2008,4,12,Dec,Winter,0
20081205,2008-12-05,2008,4,12,Dec,Winter,0
20081206,2008-12-06,2008,4,12,Dec,Winter,0
20081207,2008-12-07,2008,4,12,Dec,Winter,0
20081208,2008-12-08,2008,4,12,Dec,Winter,0
20081209,2008-12-09,2008,4,12,Dec,Winter,0
20081210,2008-12-10,2008,4,12,Dec,Winter,0
20081211,2008-12-11,2008,4,12,Dec,Winter,0
20081212,2008-12-12,2008,4,12,Dec,Winter,0
20081213,2008-12-13,2008,4,12,Dec,Winter,0
20081214,2008-12-14,2008,4,12,Dec,Winter,0
20081215,2008-12-15,2008,4,12,Dec,Winter,0
20081216,2008-12-16,2008,4,12,Dec,Winter,0
20081217,2008-12-17,2008,4,12,Dec,Winter,0
20081218,2008-12-18,2008,4,12,Dec,Winter,0
20081219,2008-12-19,2008,4,12,Dec,Winter,0
20081220,2008-12-20,2008,4,12,Dec,Winter,0
20081221,2008-12-21,2008,4,12,Dec,Winter,0
20081222,2008-12-22,2008,4,12,Dec,Winter,0
20081223,2008-12-23,2008,4,12,Dec,Winter,0
20081224,2008-12-24,2008,4,12,Dec,Winter,0
20081225,2008-12-25,2008,4,12,Dec,Winter,0
20081226,2008-12-26,2008,4,12,Dec,Winter,0
20081227,2008-12-27,2008,4,12,Dec,Winter,0
20081228,2008-12-28,2008,4,12,Dec,Winter,0
20081229,2008-12-29,2008,4,12,Dec,Winter,0
20081230,2008-12-30,2008,4,12,Dec,Winter,0
20081231,2008-12-31,2008,4,12,Dec,Winter,0
20090101,2009-01-01,2009,1,1,Jan,Winter,0
20090102,2009-01-02,2009,1,1,Jan,Winter,0
20090103,2009-01-03,2009,1,1,Jan,Winter,0
20090104,2009-01-04,2009,1,1,Jan,Winter,0
20090105,2009-01-05,2009,1,1,Jan,Winter,0
20090106,2009-01-06,2009,1,1,Jan,Winter,0
20090107,2009-01-07,2009,1,1,Jan,Winter,0
20090108,2009-01-08,2009,1,1,Jan,Winter,0
20090109,2009-01-09,2009,1,1,Jan,Winter,0
20090110,2009-01-10,2009,1,1,Jan,Winter,0
20090111,2009-01-11,2009,1,1,Jan,Winter,0
20090112,2009-01-12,2009,1,1,Jan,Winter,0
20090113,2009-01-13,2009,1,1,Jan,Winter,0
20090114,2009-01-14,2009,1,1,Jan,Winter,0
20090115,2009-01-15,2009,1,1,Jan,Winter,0
20090116,2009-01-16,2009,1,1,Jan,Winter,0
20090117,2009-01-17,2009,1,1,Jan,Winter,0
20090118,2009-01-18,2009,1,1,Jan,Winter,0
20090119,2009-01-19,2009,1,1,Jan,Winter,0
20090120,2009-01-20,2009,1,1,Jan,Winter,0
20090121,2009-01-21,2009,1,1,Jan,Winter,0
20090122,2009-01-22,2009,1,1,Jan,Winter,0
20090123,2009-01-23,2009,1,1,Jan,Winter,0
20090124,2009-01-24,2009,1,1,Jan,Winter,0
20090125,2009-01-25,2009,1,1,Jan,Winter,0
20090126,2009-01-26,2009,1,1,Jan,Winter,0
20090127,2009-01-27,2009,1,1,Jan,Winter,0
20090128,2009-01-28,2009,1,1,Jan,Winter,0
20090129,2009-01-29,2009,1,1,Jan,Winter,0
20090130,2009-01-30,2009,1,1,Jan,Winter,0
20090131,2009-01-31,2009,1,1,Jan,Winter,0
20090201,2009-02-01,2009,1,2,Feb,Winter,0
20090202,2009-02-02,2009,1,2,Feb,Winter,0
20090203,2009-02-03,2009,1,2,Feb,Winter,0
20090204,2009-02-04,2009,1,2,Feb,Winter,0
20090205,2009-02-05,2009,1,2,Feb,Winter,0
20090206,2009-02-06,2009,1,2,Feb,Winter,0
20090207,2009-02-07,2009,1,2,Feb,Winter,0
20090208,2009-02-08,2009,1,2,Feb,Winter,0
20090209,2009-02-09,2009,1,2,Feb,Winter,0
20090210,2009-02-10,2009,1,2,Feb,Winter,0
20090211,2009-02-11,2009,1,2,Feb,Winter,0
20090212,2009-02-12,2009,1,2,Feb,Winter,0
20090213,2009-02-13,2009,1,2,Feb,Winter,0
20090214,2009-02-14,2009,1,2,Feb,Winter,0
20090215,2009-02-15,2009,1,2,Feb,Winter,0
20090216,2009-02-16,2009,1,2,Feb,Winter,0
20090217,2009-02-17,2009,1,2,Feb,Winter,0
20090218,2009-02-18,2009,1,2,Feb,Winter,0
20090219,2009-02-19,2009,1,2,Feb,Winter,0
20090220,2009-02-20,2009,1,2,Feb,Winter,0
20090221,2009-02-21,2009,1,2,Feb,Winter,0
20090222,2009-02-22,2009,1,2,Feb,Winter,0
20090223,2009-02-23,2009,1,2,Feb,Winter,0
20090224,2009-02-24,2009,1,2,Feb,Winter,0
20090225,2009-02-25,2009,1,2,Feb,Winter,0
20090226,2009-02-26,2009,1,2,Feb,Winter,0
20090227,2009-02-27,2009,1,2,Feb,Winter,0
20090228,2009-02-28,2009,1,2,Feb,Winter,0
20090301,2009-03-01,2009,1,3,Mar,Spring,0
20090302,2009-03-02,2009,1,3,Mar,Spring,0
20090303,2009-03-03,2009,1,3,Mar,Spring,0
20090304,2009-03-04,2009,1,3,Mar,Spring,0
20090305,2009-03-05,2009,1,3,Mar,Spring,0
20090306,2009-03-06,2009,1,3,Mar,Spring,0
20090307,2009-03-07,2009,1,3,Mar,Spring,0
20090308,2009-03-08,2009,1,3,Mar,Spring,0
20090309,2009-03-09,2009,1,3,Mar,Spring,0
20090310,2009-03-10,2009,1,3,Mar,Spring,0
20090311,2009-03-11,2009,1,3,Mar,Spring,0
20090312,2009-03-12,2009,1,3,Mar,Spring,0
20090313,2009-03-13,2009,1,3,Mar,Spring,0
20090314,2009-03-14,2009,1,3,Mar,Spring,0
20090315,2009-03-15,2009,1,3,Mar,Spring,0
20090316,2009-03-16,2009,1,3,Mar,Spring,0
20090317,2009-03-17,2009,1,3,Mar,Spring,0
20090318,2009-03-18,2009,1,3,Mar,Spring,0
20090319,2009-03-19,2009,1,3,Mar,Spring,0
20090320,2009-03-20,2009,1,3,Mar,Spring,0
20090321,2009-03-21,2009,1,3,Mar,Spring,0
20090322,2009-03-22,2009,1,3,Mar,Spring,0
20090323,2009-03-23,2009,1,3,Mar,Spring,0
20090324,2009-03-24,2009,1,3,Mar,Spring,0
20090325,2009-03-25,2009,1,3,Mar,Spring,0
20090326,2009-03-26,2009,1,3,Mar,Spring,0
20090327,2009-03-27,2009,1,3,Mar,Spring,0
20090328,2009-03-28,2009,1,3,Mar,Spring,0
20090329,2009-03-29,2009,1,3,Mar,Spring,0
20090330,2009-03-30,2009,1,3,Mar,Spring,0
20090331,2009-03-31,2009,1,3,Mar,Spring,0
20090401,2009-04-01,2009,2,4,Apr,Spring,0
20090402,2009-04-02,2009,2,4,Apr,Spring,0
20090403,2009-04-03,2009,2,4,Apr,Spring,0
20090404,2009-04-04,2009,2,4,Apr,Spring,0
20090405,2009-04-05,2009,2,4,Apr,Spring,0
20090406,2009-04-06,2009,2,4,Apr,Spring,0
20090407,2009-04-07,2009,2,4,Apr,Spring,0
20090408,2009-04-08,2009,2,4,Apr,Spring,0
20090409,2009-04-09,2009,2,4,Apr,Spring,0
20090410,2009-04-10,2009,2,4,Apr,Spring,0
20090411,2009-04-11,2009,2,4,Apr,Spring,0
20090412,2009-04-12,2009,2,4,Apr,Spring,0
20090413,2009-04-13,2009,2,4,Apr,Spring,0
20090414,2009-04-14,2009,2,4,Apr,Spring,0
20090415,2009-04-15,2009,2,4,Apr,Spring,0
20090416,2009-04-16,2009,2,4,Apr,Spring,0
20090417,2009-04-17,2009,2,4,Apr,Spring,0
20090418,2009-04-18,2009,2,4,Apr,Spring,0
20090419,2009-04-19,2009,2,4,Apr,Spring,0
20090420,2009-04-20,2009,2,4,Apr,Spring,0
20090421,2009-04-21,2009,2,4,Apr,Spring,0
20090422,2009-04-22,2009,2,4,Apr,Spring,0
20090423,2009-04-23,2009,2,4,Apr,Spring,0
20090424,2009-04-24,2009,2,4,Apr,Spring,0
20090425,2009-04-25,2009,2,4,Apr,Spring,0
20090426,2009-04-26,2009,2,4,Apr,Spring,0
20090427,2009-04-27,2009,2,4,Apr,Spring,0
20090428,2009-04-28,2009,2,4,Apr,Spring,0
20090429,2009-04-29,2009,2,4,Apr,Spring,0
20090430,2009-04-30,2009,2,4,Apr,Spring,0
20090501,2009-05-01,2009,2,5,May,Spring,0
20090502,2009-05-02,2009,2,5,May,Spring,0
20090503,2009-05-03,2009,2,5,May,Spring,0
20090504,2009-05-04,2009,2,5,May,Spring,0
20090505,2009-05-05,2009,2,5,May,Spring,0
20090506,2009-05-06,2009,2,5,May,Spring,0
20090507,2009-05-07,2009,2,5,May,Spring,0
20090508,2009-05-08,2009,2,5,May,Spring,0
20090509,2009-05-09,2009,2,5,May,Spring,0
20090510,2009-05-10,2009,2,5,May,Spring,0
20090511,2009-05-11,2009,2,5,May,Spring,0
20090512,2009-05-12,2009,2,5,May,Spring,0
20090513,2009-05-13,2009,2,5,May,Spring,0
20090514,2009-05-14,2009,2,5,May,Spring,0
20090515,2009-05-15,2009,2,5,May,Spring,0
20090516,2009-05-16,2009,2,5,May,Spring,0
20090517,2009-05-17,2009,2,5,May,Spring,0
20090518,2009-05-18,2009,2,5,May,Spring,0
20090519,2009-05-19,2009,2,5,May,Spring,0
20090520,2009-05-20,2009,2,5,May,Spring,0
20090521,2009-05-21,2009,2,5,May,Spring,0
20090522,2009-05-22,2009,2,5,May,Spring,0
20090523,2009-05-23,2009,2,5,May,Spring,0
20090524,2009-05-24,2009,2,5,May,Spring,0
20090525,2009-05-25,2009,2,5,May,Spring,0
20090526,2009-05-26,2009,2,5,May,Spring,0
20090527,2009-05-27,2009,2,5,May,Spring,0
20090528,2009-05-28,2009,2,5,May,Spring,0
20090529,2009-05-29,2009,2,5,May,Spring,0
20090530,2009-05-30,2009,2,5,May,Spring,0
20090531,2009-05-31,2009,2,5,May,Spring,0
20090601,2009-06-01,2009,2,6,Jun,Summer,1
20090602,2009-06-02,2009,2,6,Jun,Summer,1
20090603,2009-06-03,2009,2,6,Jun,Summer,1
20090604,2009-06-04,2009,2,6,Jun,Summer,1
20090605,2009-06-05,2009,2,6,Jun,Summer,1
20090606,2009-06-06,2009,2,6,Jun,Summer,1
20090607,2009-06-07,2009,2,6,Jun,Summer,1
20090608,2009-06-08,2009,2,6,Jun,Summer,1
20090609,2009-06-09,2009,2,6,Jun,Summer,1
20090610,2009-06-10,2009,2,6,Jun,Summer,1
20090611,2009-06-11,2009,2,6,Jun,Summer,1
20090612,2009-06-12,2009,2,6,Jun,Summer,1
20090613,2009-06-13,2009,2,6,Jun,Summer,1
20090614,2009-06-14,2009,2,6,Jun,Summer,1
20090615,2009-06-15,2009,2,6,Jun,Summer,1
20090616,2009-06-16,2009,2,6,Jun,Summer,1
20090617,2009-06-17,2009,2,6,Jun,Summer,1
20090618,2009-06-18,2009,2,6,Jun,Summer,1
20090619,2009-06-19,2009,2,6,Jun,Summer,1
20090620,2009-06-20,2009,2,6,Jun,Summer,1
20090621,2009-06-21,2009,2,6,Jun,Summer,1
20090622,2009-06-22,2009,2,6,Jun,Summer,1
20090623,2009-06-23,2009,2,6,Jun,Summer,1
20090624,2009-06-24,2009,2,6,Jun,Summer,1
20090625,2009-06-25,2009,2,6,Jun,Summer,1
20090626,2009-06-26,2009,2,6,Jun,Summer,1
20090627,2009-06-27,2009,2,6,Jun,Summer,1
20090628,2009-06-28,2009,2,6,Jun,Summer,1
20090629,2009-06-29,2009,2,6,Jun,Summer,1
20090630,2009-06-30,2009,2,6,Jun,Summer,1
20090701,2009-07-01,2009,3,7,Jul,Summer,1
20090702,2009-07-02,2009,3,7,Jul,Summer,1
20090703,2009-07-03,2009,3,7,Jul,Summer,1
20090704,2009-07-04,2009,3,7,Jul,Summer,1
20090705,2009-07-05,2009,3,7,Jul,Summer,1
20090706,2009-07-06,2009,3,7,Jul,Summer,1
20090707,2009-07-07,2009,3,7,Jul,Summer,1
20090708,2009-07-08,2009,3,7,Jul,Summer,1
20090709,2009-07-09,2009,3,7,Jul,Summer,1
20090710,2009-07-10,2009,3,7,Jul,Summer,1
20090711,2009-07-11,2009,3,7,Jul,Summer,1
20090712,2009-07-12,2009,3,7,Jul,Summer,1
20090713,2009-07-13,2009,3,7,Jul,Summer,1
20090714,2009-07-14,2009,3,7,Jul,Summer,1
20090715,2009-07-15,2009,3,7,Jul,Summer,1
20090716,2009-07-16,2009,3,7,Jul,Summer,1
20090717,2009-07-17,2009,3,7,Jul,Summer,1
20090718,2009-07-18,2009,3,7,Jul,Summer,1
20090719,2009-07-19,2009,3,7,Jul,Summer,1
20090720,2009-07-20,2009,3,7,Jul,Summer,1
20090721,2009-07-21,2009,3,7,Jul,Summer,1
20090722,2009-07-22,2009,3,7,Jul,Summer,1
20090723,2009-07-23,2009,3,7,Jul,Summer,1
20090724,2009-07-24,2009,3,7,Jul,Summer,1
20090725,2009-07-25,2009,3,7,Jul,Summer,1
20090726,2009-07-26,2009,3,7,Jul,Summer,1
20090727,2009-07-27,2009,3,7,Jul,Summer,1
20090728,2009-07-28,2009,3,7,Jul,Summer,1
20090729,2009-07-29,2009,3,7,Jul,Summer,1
20090730,2009-07-30,2009,3,7,Jul,Summer,1
20090731,2009-07-31,2009,3,7,Jul,Summer,1
20090801,2009-08-01,2009,3,8,Aug,Summer,1
20090802,2009-08-02,2009,3,8,Aug,Summer,1
20090803,2009-08-03,2009,3,8,Aug,Summer,1
20090804,2009-08-04,2009,3,8,Aug,Summer,1
20090805,2009-08-05,2009,3,8,Aug,Summer,1
20090806,2009-08-06,2009,3,8,Aug,Summer,1
20090807,2009-08-07,2009,3,8,Aug,Summer,1
20090808,2009-08-08,2009,3,8,Aug,Summer,1
20090809,2009-08-09,2009,3,8,Aug,Summer,1
20090810,2009-08-10,2009,3,8,Aug,Summer,1
20090811,2009-08-11,2009,3,8,Aug,Summer,1
20090812,2009-08-12,2009,3,8,Aug,Summer,1
20090813,2009-08-13,2009,3,8,Aug,Summer,1
20090814,2009-08-14,2009,3,8,Aug,Summer,1
20090815,2009-08-15,2009,3,8,Aug,Summer,1
20090816,2009-08-16,2009,3,8,Aug,Summer,1
20090817,2009-08-17,2009,3,8,Aug,Summer,1
20090818,2009-08-18,2009,3,8,Aug,Summer,1
20090819,2009-08-19,2009,3,8,Aug,Summer,1
20090820,2009-08-20,2009,3,8,Aug,Summer,1
20090821,2009-08-21,2009,3,8,Aug,Summer,1
20090822,2009-08-22,2009,3,8,Aug,Summer,1
20090823,2009-08-23,2009,3,8,Aug,Summer,1
20090824,2009-08-24,2009,3,8,Aug,Summer,1
20090825,2009-08-25,2009,3,8,Aug,Summer,1
20090826,2009-08-26,2009,3,8,Aug,Summer,1
20090827,2009-08-27,2009,3,8,Aug,Summer,1
20090828,2009-08-28,2009,3,8,Aug,Summer,1
20090829,2009-08-29,2009,3,8,Aug,Summer,1
20090830,2009-08-30,2009,3,8,Aug,Summer,1
20090831,2009-08-31,2009,3,8,Aug,Summer,1
20090901,2009-09-01,2009,3,9,Sep,Autumn,1
20090902,2009-09-02,2009,3,9,Sep,Autumn,1
20090903,2009-09-03,2009,3,9,Sep,Autumn,1
20090904,2009-09-04,2009,3,9,Sep,Autumn,1
20090905,2009-09-05,2009,3,9,Sep,Autumn,1
20090906,2009-09-06,2009,3,9,Sep,Autumn,1
20090907,2009-09-07,2009,3,9,Sep,Autumn,1
20090908,2009-09-08,2009,3,9,Sep,Autumn,1
20090909,2009-09-09,2009,3,9,Sep,Autumn,1
20090910,2009-09-10,2009,3,9,Sep,Autumn,1
20090911,2009-09-11,2009,3,9,Sep,Autumn,1
20090912,2009-09-12,2009,3,9,Sep,Autumn,1
20090913,2009-09-13,2009,3,9,Sep,Autumn,1
20090914,2009-09-14,2009,3,9,Sep,Autumn,1
20090915,2009-09-15,2009,3,9,Sep,Autumn,1
20090916,2009-09-16,2009,3,9,Sep,Autumn,1
20090917,2009-09-17,2009,3,9,Sep,Autumn,1
20090918,2009-09-18,2009,3,9,Sep,Autumn,1
20090919,2009-09-19,2009,3,9,Sep,Autumn,1
20090920,2009-09-20,2009,3,9,Sep,Autumn,1
20090921,2009-09-21,2009,3,9,Sep,Autumn,1
20090922,2009-09-22,2009,3,9,Sep,Autumn,1
20090923,2009-09-23,2009,3,9,Sep,Autumn,1
20090924,2009-09-24,2009,3,9,Sep,Autumn,1
20090925,2009-09-25,2009,3,9,Sep,Autumn,1
20090926,2009-09-26,2009,3,9,Sep,Autumn,1
20090927,2009-09-27,2009,3,9,Sep,Autumn,1
20090928,2009-09-28,2009,3,9,Sep,Autumn,1
20090929,2009-09-29,2009,3,9,Sep,Autumn,1
20090930,2009-09-30,2009,3,9,Sep,Autumn,1
20091001,2009-10-01,2009,4,10,Oct,Autumn,1
20091002,2009-10-02,2009,4,10,Oct,Autumn,1
20091003,2009-10-03,2009,4,10,Oct,Autumn,1
20091004,2009-10-04,2009,4,10,Oct,Autumn,1
20091005,2009-10-05,2009,4,10,Oct,Autumn,1
20091006,2009-10-06,2009,4,10,Oct,Autumn,1
20091007,2009-10-07,2009,4,10,Oct,Autumn,1
20091008,2009-10-08,2009,4,10,Oct,Autumn,1
20091009,2009-10-09,2009,4,10,Oct,Autumn,1
20091010,2009-10-10,2009,4,10,Oct,Autumn,1
20091011,2009-10-11,2009,4,10,Oct,Autumn,1
20091012,2009-10-12,2009,4,10,Oct,Autumn,1
20091013,2009-10-13,2009,4,10,Oct,Autumn,1
20091014,2009-10-14,2009,4,10,Oct,Autumn,1
20091015,2009-10-15,2009,4,10,Oct,Autumn,1
20091016,2009-10-16,2009,4,10,Oct,Autumn,1
20091017,2009-10-17,2009,4,10,Oct,Autumn,1
20091018,2009-10-18,2009,4,10,Oct,Autumn,1
20091019,2009-10-19,2009,4,10,Oct,Autumn,1
20091020,2009-10-20,2009,4,10,Oct,Autumn,1
20091021,2009-10-21,2009,4,10,Oct,Autumn,1
20091022,2009-10-22,2009,4,10,Oct,Autumn,1
20091023,2009-10-23,2009,4,10,Oct,Autumn,1
20091024,2009-10-24,2009,4,10,Oct,Autumn,1
20091025,2009-10-25,2009,4,10,Oct,Autumn,1
20091026,2009-10-26,2009,4,10,Oct,Autumn,1
20091027,2009-10-27,2009,4,10,Oct,Autumn,1
20091028,2009-10-28,2009,4,10,Oct,Autumn,1
20091029,2009-10-29,2009,4,10,Oct,Autumn,1
20091030,2009-10-30,2009,4,10,Oct,Autumn,1
20091031,2009-10-31,2009,4,10,Oct,Autumn,1
20091101,2009-11-01,2009,4,11,Nov,Autumn,0
20091102,2009-11-02,2009,4,11,Nov,Autumn,0
20091103,2009-11-03,2009,4,11,Nov,Autumn,0
20091104,2009-11-04,2009,4,11,Nov,Autumn,0
20091105,2009-11-05,2009,4,11,Nov,Autumn,0
20091106,2009-11-06,2009,4,11,Nov,Autumn,0
20091107,2009-11-07,2009,4,11,Nov,Autumn,0
20091108,2009-11-08,2009,4,11,Nov,Autumn,0
20091109,2009-11-09,2009,4,11,Nov,Autumn,0
20091110,2009-11-10,2009,4,11,Nov,Autumn,0
20091111,2009-11-11,2009,4,11,Nov,Autumn,0
20091112,2009-11-12,2009,4,11,Nov,Autumn,0
20091113,2009-11-13,2009,4,11,Nov,Autumn,0
20091114,2009-11-14,2009,4,11,Nov,Autumn,0
20091115,2009-11-15,2009,4,11,Nov,Autumn,0
20091116,2009-11-16,2009,4,11,Nov,Autumn,0
20091117,2009-11-17,2009,4,11,Nov,Autumn,0
20091118,2009-11-18,2009,4,11,Nov,Autumn,0
20091119,2009-11-19,2009,4,11,Nov,Autumn,0
20091120,2009-11-20,2009,4,11,Nov,Autumn,0
20091121,2009-11-21,2009,4,11,Nov,Autumn,0
20091122,2009-11-22,2009,4,11,Nov,Autumn,0
20091123,2009-11-23,2009,4,11,Nov,Autumn,0
20091124,2009-11-24,2009,4,11,Nov,Autumn,0
20091125,2009-11-25,2009,4,11,Nov,Autumn,0
20091126,2009-11-26,2009,4,11,Nov,Autumn,0
20091127,2009-11-27,2009,4,11,Nov,Autumn,0
20091128,2009-11-28,2009,4,11,Nov,Autumn,0
20091129,2009-11-29,2009,4,11,Nov,Autumn,0
20091130,2009-11-30,2009,4,11,Nov,Autumn,0
20091201,2009-12-01,2009,4,12,Dec,Winter,0
20091202,2009-12-02,2009,4,12,Dec,Winter,0
20091203,2009-12-03,2009,4,12,Dec,Winter,0
20091204,2009-12-04,2009,4,12,Dec,Winter,0
20091205,2009-12-05,2009,4,12,Dec,Winter,0
20091206,2009-12-06,2009,4,12,Dec,Winter,0
20091207,2009-12-07,2009,4,12,Dec,Winter,0
20091208,2009-12-08,2009,4,12,Dec,Winter,0
20091209,2009-12-09,2009,4,12,Dec,Winter,0
20091210,2009-12-10,2009,4,12,Dec,Winter,0
20091211,2009-12-11,2009,4,12,Dec,Winter,0
20091212,2009-12-12,2009,4,12,Dec,Winter,0
20091213,2009-12-13,2009,4,12,Dec,Winter,0
20091214,2009-12-14,2009,4,12,Dec,Winter,0
20091215,2009-12-15,2009,4,12,Dec,Winter,0
20091216,2009-12-16,2009,4,12,Dec,Winter,0
20091217,2009-12-17,2009,4,12,Dec,Winter,0
20091218,2009-12-18,2009,4,12,Dec,Winter,0
20091219,2009-12-19,2009,4,12,Dec,Winter,0
20091220,2009-12-20,2009,4,12,Dec,Winter,0
20091221,2009-12-21,2009,4,12,Dec,Winter,0
20091222,2009-12-22,2009,4,12,Dec,Winter,0
20091223,2009-12-23,2009,4,12,Dec,Winter,0
20091224,2009-12-24,2009,4,12,Dec,Winter,0
20091225,2009-12-25,2009,4,12,Dec,Winter,0
20091226,2009-12-26,2009,4,12,Dec,Winter,0
20091227,2009-12-27,2009,4,12,Dec,Winter,0
20091228,2009-12-28,2009,4,12,Dec,Winter,0
20091229,2009-12-29,2009,4,12,Dec,Winter,0
20091230,2009-12-30,2009,4,12,Dec,Winter,0
20091231,2009-12-31,2009,4,12,Dec,Winter,0
20100101,2010-01-01,2010,1,1,Jan,Winter,0
20100102,2010-01-02,2010,1,1,Jan,Winter,0
20100103,2010-01-03,2010,1,1,Jan,Winter,0
20100104,2010-01-04,2010,1,1,Jan,Winter,0
20100105,2010-01-05,2010,1,1,Jan,Winter,0
20100106,2010-01-06,2010,1,1,Jan,Winter,0
20100107,2010-01-07,2010,1,1,Jan,Winter,0
20100108,2010-01-08,2010,1,1,Jan,Winter,0
20100109,2010-01-09,2010,1,1,Jan,Winter,0
20100110,2010-01-10,2010,1,1,Jan,Winter,0
20100111,2010-01-11,2010,1,1,Jan,Winter,0
20100112,2010-01-12,2010,1,1,Jan,Winter,0
20100113,2010-01-13,2010,1,1,Jan,Winter,0
20100114,2010-01-14,2010,1,1,Jan,Winter,0
20100115,2010-01-15,2010,1,1,Jan,Winter,0
20100116,2010-01-16,2010,1,1,Jan,Winter,0
20100117,2010-01-17,2010,1,1,Jan,Winter,0
20100118,2010-01-18,2010,1,1,Jan,Winter,0
20100119,2010-01-19,2010,1,1,Jan,Winter,0
20100120,2010-01-20,2010,1,1,Jan,Winter,0
20100121,2010-01-21,2010,1,1,Jan,Winter,0
20100122,2010-01-22,2010,1,1,Jan,Winter,0
20100123,2010-01-23,2010,1,1,Jan,Winter,0
20100124,2010-01-24,2010,1,1,Jan,Winter,0
20100125,2010-01-25,2010,1,1,Jan,Winter,0
20100126,2010-01-26,2010,1,1,Jan,Winter,0
20100127,2010-01-27,2010,1,1,Jan,Winter,0
20100128,2010-01-28,2010,1,1,Jan,Winter,0
20100129,2010-01-29,2010,1,1,Jan,Winter,0
20100130,2010-01-30,2010,1,1,Jan,Winter,0
20100131,2010-01-31,2010,1,1,Jan,Winter,0
20100201,2010-02-01,2010,1,2,Feb,Winter,0
20100202,2010-02-02,2010,1,2,Feb,Winter,0
20100203,2010-02-03,2010,1,2,Feb,Winter,0
20100204,2010-02-04,2010,1,2,Feb,Winter,0
20100205,2010-02-05,2010,1,2,Feb,Winter,0
20100206,2010-02-06,2010,1,2,Feb,Winter,0
20100207,2010-02-07,2010,1,2,Feb,Winter,0
20100208,2010-02-08,2010,1,2,Feb,Winter,0
20100209,2010-02-09,2010,1,2,Feb,Winter,0
20100210,2010-02-10,2010,1,2,Feb,Winter,0
20100211,2010-02-11,2010,1,2,Feb,Winter,0
20100212,2010-02-12,2010,1,2,Feb,Winter,0
20100213,2010-02-13,2010,1,2,Feb,Winter,0
20100214,2010-02-14,2010,1,2,Feb,Winter,0
20100215,2010-02-15,2010,1,2,Feb,Winter,0
20100216,2010-02-16,2010,1,2,Feb,Winter,0
20100217,2010-02-17,2010,1,2,Feb,Winter,0
20100218,2010-02-18,2010,1,2,Feb,Winter,0
20100219,2010-02-19,2010,1,2,Feb,Winter,0
20100220,2010-02-20,2010,1,2,Feb,Winter,0
20100221,2010-02-21,2010,1,2,Feb,Winter,0
20100222,2010-02-22,2010,1,2,Feb,Winter,0
20100223,2010-02-23,2010,1,2,Feb,Winter,0
20100224,2010-02-24,2010,1,2,Feb,Winter,0
20100225,2010-02-25,2010,1,2,Feb,Winter,0
20100226,2010-02-26,2010,1,2,Feb,Winter,0
20100227,2010-02-27,2010,1,2,Feb,Winter,0
20100228,2010-02-28,2010,1,2,Feb,Winter,0
20100301,2010-03-01,2010,1,3,Mar,Spring,0
20100302,2010-03-02,2010,1,3,Mar,Spring,0
20100303,2010-03-03,2010,1,3,Mar,Spring,0
20100304,2010-03-04,2010,1,3,Mar,Spring,0
20100305,2010-03-05,2010,1,3,Mar,Spring,0
20100306,2010-03-06,2010,1,3,Mar,Spring,0
20100307,2010-03-07,2010,1,3,Mar,Spring,0
20100308,2010-03-08,2010,1,3,Mar,Spring,0
20100309,2010-03-09,2010,1,3,Mar,Spring,0
20100310,2010-03-10,2010,1,3,Mar,Spring,0
20100311,2010-03-11,2010,1,3,Mar,Spring,0
20100312,2010-03-12,2010,1,3,Mar,Spring,0
20100313,2010-03-13,2010,1,3,Mar,Spring,0
20100314,2010-03-14,2010,1,3,Mar,Spring,0
20100315,2010-03-15,2010,1,3,Mar,Spring,0
20100316,2010-03-16,2010,1,3,Mar,Spring,0
20100317,2010-03-17,2010,1,3,Mar,Spring,0
20100318,2010-03-18,2010,1,3,Mar,Spring,0
20100319,2010-03-19,2010,1,3,Mar,Spring,0
20100320,2010-03-20,2010,1,3,Mar,Spring,0
20100321,2010-03-21,2010,1,3,Mar,Spring,0
20100322,2010-03-22,2010,1,3,Mar,Spring,0
20100323,2010-03-23,2010,1,3,Mar,Spring,0
20100324,2010-03-24,2010,1,3,Mar,Spring,0
20100325,2010-03-25,2010,1,3,Mar,Spring,0
20100326,2010-03-26,2010,1,3,Mar,Spring,0
20100327,2010-03-27,2010,1,3,Mar,Spring,0
20100328,2010-03-28,2010,1,3,Mar,Spring,0
20100329,2010-03-29,2010,1,3,Mar,Spring,0
20100330,2010-03-30,2010,1,3,Mar,Spring,0
20100331,2010-03-31,2010,1,3,Mar,Spring,0
20100401,2010-04-01,2010,2,4,Apr,Spring,0
20100402,2010-04-02,2010,2,4,Apr,Spring,0
20100403,2010-04-03,2010,2,4,Apr,Spring,0
20100404,2010-04-04,2010,2,4,Apr,Spring,0
20100405,2010-04-05,2010,2,4,Apr,Spring,0
20100406,2010-04-06,2010,2,4,Apr,Spring,0
20100407,2010-04-07,2010,2,4,Apr,Spring,0
20100408,2010-04-08,2010,2,4,Apr,Spring,0
20100409,2010-04-09,2010,2,4,Apr,Spring,0
20100410,2010-04-10,2010,2,4,Apr,Spring,0
20100411,2010-04-11,2010,2,4,Apr,Spring,0
20100412,2010-04-12,2010,2,4,Apr,Spring,0
20100413,2010-04-13,2010,2,4,Apr,Spring,0
20100414,2010-04-14,2010,2,4,Apr,Spring,0
20100415,2010-04-15,2010,2,4,Apr,Spring,0
20100416,2010-04-16,2010,2,4,Apr,Spring,0
20100417,2010-04-17,2010,2,4,Apr,Spring,0
20100418,2010-04-18,2010,2,4,Apr,Spring,0
20100419,2010-04-19,2010,2,4,Apr,Spring,0
20100420,2010-04-20,2010,2,4,Apr,Spring,0
20100421,2010-04-21,2010,2,4,Apr,Spring,0
20100422,2010-04-22,2010,2,4,Apr,Spring,0
20100423,2010-04-23,2010,2,4,Apr,Spring,0
20100424,2010-04-24,2010,2,4,Apr,Spring,0
20100425,2010-04-25,2010,2,4,Apr,Spring,0
20100426,2010-04-26,2010,2,4,Apr,Spring,0
20100427,2010-04-27,2010,2,4,Apr,Spring,0
20100428,2010-04-28,2010,2,4,Apr,Spring,0
20100429,2010-04-29,2010,2,4,Apr,Spring,0
20100430,2010-04-30,2010,2,4,Apr,Spring,0
20100501,2010-05-01,2010,2,5,May,Spring,0
20100502,2010-05-02,2010,2,5,May,Spring,0
20100503,2010-05-03,2010,2,5,May,Spring,0
20100504,2010-05-04,2010,2,5,May,Spring,0
20100505,2010-05-05,2010,2,5,May,Spring,0
20100506,2010-05-06,2010,2,5,May,Spring,0
20100507,2010-05-07,2010,2,5,May,Spring,0
20100508,2010-05-08,2010,2,5,May,Spring,0
20100509,2010-05-09,2010,2,5,May,Spring,0
20100510,2010-05-10,2010,2,5,May,Spring,0
20100511,2010-05-11,2010,2,5,May,Spring,0
20100512,2010-05-12,2010,2,5,May,Spring,0
20100513,2010-05-13,2010,2,5,May,Spring,0
20100514,2010-05-14,2010,2,5,May,Spring,0
20100515,2010-05-15,2010,2,5,May,Spring,0
20100516,2010-05-16,2010,2,5,May,Spring,0
20100517,2010-05-17,2010,2,5,May,Spring,0
20100518,2010-05-18,2010,2,5,May,Spring,0
20100519,2010-05-19,2010,2,5,May,Spring,0
20100520,2010-05-20,2010,2,5,May,Spring,0
20100521,2010-05-21,2010,2,5,May,Spring,0
20100522,2010-05-22,2010,2,5,May,Spring,0
20100523,2010-05-23,2010,2,5,May,Spring,0
20100524,2010-05-24,2010,2,5,May,Spring,0
20100525,2010-05-25,2010,2,5,May,Spring,0
20100526,2010-05-26,2010,2,5,May,Spring,0
20100527,2010-05-27,2010,2,5,May,Spring,0
20100528,2010-05-28,2010,2,5,May,Spring,0
20100529,2010-05-29,2010,2,5,May,Spring,0
20100530,2010-05-30,2010,2,5,May,Spring,0
20100531,2010-05-31,2010,2,5,May,Spring,0
20100601,2010-06-01,2010,2,6,Jun,Summer,1
20100602,2010-06-02,2010,2,6,Jun,Summer,1
20100603,2010-06-03,2010,2,6,Jun,Summer,1
20100604,2010-06-04,2010,2,6,Jun,Summer,1
20100605,2010-06-05,2010,2,6,Jun,Summer,1
20100606,2010-06-06,2010,2,6,Jun,Summer,1
20100607,2010-06-07,2010,2,6,Jun,Summer,1
20100608,2010-06-08,2010,2,6,Jun,Summer,1
20100609,2010-06-09,2010,2,6,Jun,Summer,1
20100610,2010-06-10,2010,2,6,Jun,Summer,1
20100611,2010-06-11,2010,2,6,Jun,Summer,1
20100612,2010-06-12,2010,2,6,Jun,Summer,1
20100613,2010-06-13,2010,2,6,Jun,Summer,1
20100614,2010-06-14,2010,2,6,Jun,Summer,1
20100615,2010-06-15,2010,2,6,Jun,Summer,1
20100616,2010-06-16,2010,2,6,Jun,Summer,1
20100617,2010-06-17,2010,2,6,Jun,Summer,1
20100618,2010-06-18,2010,2,6,Jun,Summer,1
20100619,2010-06-19,2010,2,6,Jun,Summer,1
20100620,2010-06-20,2010,2,6,Jun,Summer,1
20100621,2010-06-21,2010,2,6,Jun,Summer,1
20100622,2010-06-22,2010,2,6,Jun,Summer,1
20100623,2010-06-23,2010,2,6,Jun,Summer,1
20100624,2010-06-24,2010,2,6,Jun,Summer,1
20100625,2010-06-25,2010,2,6,Jun,Summer,1
20100626,2010-06-26,2010,2,6,Jun,Summer,1
20100627,2010-06-27,2010,2,6,Jun,Summer,1
20100628,2010-06-28,2010,2,6,Jun,Summer,1
20100629,2010-06-29,2010,2,6,Jun,Summer,1
20100630,2010-06-30,2010,2,6,Jun,Summer,1
20100701,2010-07-01,2010,3,7,Jul,Summer,1
20100702,2010-07-02,2010,3,7,Jul,Summer,1
20100703,2010-07-03,2010,3,7,Jul,Summer,1
20100704,2010-07-04,2010,3,7,Jul,Summer,1
20100705,2010-07-05,2010,3,7,Jul,Summer,1
20100706,2010-07-06,2010,3,7,Jul,Summer,1
20100707,2010-07-07,2010,3,7,Jul,Summer,1
20100708,2010-07-08,2010,3,7,Jul,Summer,1
20100709,2010-07-09,2010,3,7,Jul,Summer,1
20100710,2010-07-10,2010,3,7,Jul,Summer,1
20100711,2010-07-11,2010,3,7,Jul,Summer,1
20100712,2010-07-12,2010,3,7,Jul,Summer,1
20100713,2010-07-13,2010,3,7,Jul,Summer,1
20100714,2010-07-14,2010,3,7,Jul,Summer,1
20100715,2010-07-15,2010,3,7,Jul,Summer,1
20100716,2010-07-16,2010,3,7,Jul,Summer,1
20100717,2010-07-17,2010,3,7,Jul,Summer,1
20100718,2010-07-18,2010,3,7,Jul,Summer,1
20100719,2010-07-19,2010,3,7,Jul,Summer,1
20100720,2010-07-20,2010,3,7,Jul,Summer,1
20100721,2010-07-21,2010,3,7,Jul,Summer,1
20100722,2010-07-22,2010,3,7,Jul,Summer,1
20100723,2010-07-23,2010,3,7,Jul,Summer,1
20100724,2010-07-24,2010,3,7,Jul,Summer,1
20100725,2010-07-25,2010,3,7,Jul,Summer,1
20100726,2010-07-26,2010,3,7,Jul,Summer,1
20100727,2010-07-27,2010,3,7,Jul,Summer,1
20100728,2010-07-28,2010,3,7,Jul,Summer,1
20100729,2010-07-29,2010,3,7,Jul,Summer,1
20100730,2010-07-30,2010,3,7,Jul,Summer,1
20100731,2010-07-31,2010,3,7,Jul,Summer,1
20100801,2010-08-01,2010,3,8,Aug,Summer,1
20100802,2010-08-02,2010,3,8,Aug,Summer,1
20100803,2010-08-03,2010,3,8,Aug,Summer,1
20100804,2010-08-04,2010,3,8,Aug,Summer,1
20100805,2010-08-05,2010,3,8,Aug,Summer,1
20100806,2010-08-06,2010,3,8,Aug,Summer,1
20100807,2010-08-07,2010,3,8,Aug,Summer,1
20100808,2010-08-08,2010,3,8,Aug,Summer,1
20100809,2010-08-09,2010,3,8,Aug,Summer,1
20100810,2010-08-10,2010,3,8,Aug,Summer,1
20100811,2010-08-11,2010,3,8,Aug,Summer,1
20100812,2010-08-12,2010,3,8,Aug,Summer,1
20100813,2010-08-13,2010,3,8,Aug,Summer,1
20100814,2010-08-14,2010,3,8,Aug,Summer,1
20100815,2010-08-15,2010,3,8,Aug,Summer,1
20100816,2010-08-16,2010,3,8,Aug,Summer,1
20100817,2010-08-17,2010,3,8,Aug,Summer,1
20100818,2010-08-18,2010,3,8,Aug,Summer,1
20100819,2010-08-19,2010,3,8,Aug,Summer,1
20100820,2010-08-20,2010,3,8,Aug,Summer,1
20100821,2010-08-21,2010,3,8,Aug,Summer,1
20100822,2010-08-22,2010,3,8,Aug,Summer,1
20100823,2010-08-23,2010,3,8,Aug,Summer,1
20100824,2010-08-24,2010,3,8,Aug,Summer,1
20100825,2010-08-25,2010,3,8,Aug,Summer,1
20100826,2010-08-26,2010,3,8,Aug,Summer,1
20100827,2010-08-27,2010,3,8,Aug,Summer,1
20100828,2010-08-28,2010,3,8,Aug,Summer,1
20100829,2010-08-29,2010,3,8,Aug,Summer,1
20100830,2010-08-30,2010,3,8,Aug,Summer,1
20100831,2010-08-31,2010,3,8,Aug,Summer,1
20100901,2010-09-01,2010,3,9,Sep,Autumn,1
20100902,2010-09-02,2010,3,9,Sep,Autumn,1
20100903,2010-09-03,2010,3,9,Sep,Autumn,1
20100904,2010-09-04,2010,3,9,Sep,Autumn,1
20100905,2010-09-05,2010,3,9,Sep,Autumn,1
20100906,2010-09-06,2010,3,9,Sep,Autumn,1
20100907,2010-09-07,2010,3,9,Sep,Autumn,1
20100908,2010-09-08,2010,3,9,Sep,Autumn,1
20100909,2010-09-09,2010,3,9,Sep,Autumn,1
20100910,2010-09-10,2010,3,9,Sep,Autumn,1
20100911,2010-09-11,2010,3,9,Sep,Autumn,1
20100912,2010-09-12,2010,3,9,Sep,Autumn,1
20100913,2010-09-13,2010,3,9,Sep,Autumn,1
20100914,2010-09-14,2010,3,9,Sep,Autumn,1
20100915,2010-09-15,2010,3,9,Sep,Autumn,1
20100916,2010-09-16,2010,3,9,Sep,Autumn,1
20100917,2010-09-17,2010,3,9,Sep,Autumn,1
20100918,2010-09-18,2010,3,9,Sep,Autumn,1
20100919,2010-09-19,2010,3,9,Sep,Autumn,1
20100920,2010-09-20,2010,3,9,Sep,Autumn,1
20100921,2010-09-21,2010,3,9,Sep,Autumn,1
20100922,2010-09-22,2010,3,9,Sep,Autumn,1
20100923,2010-09-23,2010,3,9,Sep,Autumn,1
20100924,2010-09-24,2010,3,9,Sep,Autumn,1
20100925,2010-09-25,2010,3,9,Sep,Autumn,1
20100926,2010-09-26,2010,3,9,Sep,Autumn,1
20100927,2010-09-27,2010,3,9,Sep,Autumn,1
20100928,2010-09-28,2010,3,9,Sep,Autumn,1
20100929,2010-09-29,2010,3,9,Sep,Autumn,1
20100930,2010-09-30,2010,3,9,Sep,Autumn,1
20101001,2010-10-01,2010,4,10,Oct,Autumn,1
20101002,2010-10-02,2010,4,10,Oct,Autumn,1
20101003,2010-10-03,2010,4,10,Oct,Autumn,1
20101004,2010-10-04,2010,4,10,Oct,Autumn,1
20101005,2010-10-05,2010,4,10,Oct,Autumn,1
20101006,2010-10-06,2010,4,10,Oct,Autumn,1
20101007,2010-10-07,2010,4,10,Oct,Autumn,1
20101008,2010-10-08,2010,4,10,Oct,Autumn,1
20101009,2010-10-09,2010,4,10,Oct,Autumn,1
20101010,2010-10-10,2010,4,10,Oct,Autumn,1
20101011,2010-10-11,2010,4,10,Oct,Autumn,1
20101012,2010-10-12,2010,4,10,Oct,Autumn,1
20101013,2010-10-13,2010,4,10,Oct,Autumn,1
20101014,2010-10-14,2010,4,10,Oct,Autumn,1
20101015,2010-10-15,2010,4,10,Oct,Autumn,1
20101016,2010-10-16,2010,4,10,Oct,Autumn,1
20101017,2010-10-17,2010,4,10,Oct,Autumn,1
20101018,2010-10-18,2010,4,10,Oct,Autumn,1
20101019,2010-10-19,2010,4,10,Oct,Autumn,1
20101020,2010-10-20,2010,4,10,Oct,Autumn,1
20101021,2010-10-21,2010,4,10,Oct,Autumn,1
20101022,2010-10-22,2010,4,10,Oct,Autumn,1
20101023,2010-10-23,2010,4,10,Oct,Autumn,1
20101024,2010-10-24,2010,4,10,Oct,Autumn,1
20101025,2010-10-25,2010,4,10,Oct,Autumn,1
20101026,2010-10-26,2010,4,10,Oct,Autumn,1
20101027,2010-10-27,2010,4,10,Oct,Autumn,1
20101028,2010-10-28,2010,4,10,Oct,Autumn,1
20101029,2010-10-29,2010,4,10,Oct,Autumn,1
20101030,2010-10-30,2010,4,10,Oct,Autumn,1
20101031,2010-10-31,2010,4,10,Oct,Autumn,1
20101101,2010-11-01,2010,4,11,Nov,Autumn,0
20101102,2010-11-02,2010,4,11,Nov,Autumn,0
20101103,2010-11-03,2010,4,11,Nov,Autumn,0
20101104,2010-11-04,2010,4,11,Nov,Autumn,0
20101105,2010-11-05,2010,4,11,Nov,Autumn,0
20101106,2010-11-06,2010,4,11,Nov,Autumn,0
20101107,2010-11-07,2010,4,11,Nov,Autumn,0
20101108,2010-11-08,2010,4,11,Nov,Autumn,0
20101109,2010-11-09,2010,4,11,Nov,Autumn,0
20101110,2010-11-10,2010,4,11,Nov,Autumn,0
20101111,2010-11-11,2010,4,11,Nov,Autumn,0
20101112,2010-11-12,2010,4,11,Nov,Autumn,0
20101113,2010-11-13,2010,4,11,Nov,Autumn,0
20101114,2010-11-14,2010,4,11,Nov,Autumn,0
20101115,2010-11-15,2010,4,11,Nov,Autumn,0
20101116,2010-11-16,2010,4,11,Nov,Autumn,0
20101117,2010-11-17,2010,4,11,Nov,Autumn,0
20101118,2010-11-18,2010,4,11,Nov,Autumn,0
20101119,2010-11-19,2010,4,11,Nov,Autumn,0
20101120,2010-11-20,2010,4,11,Nov,Autumn,0
20101121,2010-11-21,2010,4,11,Nov,Autumn,0
20101122,2010-11-22,2010,4,11,Nov,Autumn,0
20101123,2010-11-23,2010,4,11,Nov,Autumn,0
20101124,2010-11-24,2010,4,11,Nov,Autumn,0
20101125,2010-11-25,2010,4,11,Nov,Autumn,0
20101126,2010-11-26,2010,4,11,Nov,Autumn,0
20101127,2010-11-27,2010,4,11,Nov,Autumn,0
20101128,2010-11-28,2010,4,11,Nov,Autumn,0
20101129,2010-11-29,2010,4,11,Nov,Autumn,0
20101130,2010-11-30,2010,4,11,Nov,Autumn,0
20101201,2010-12-01,2010,4,12,Dec,Winter,0
20101202,2010-12-02,2010,4,12,Dec,Winter,0
20101203,2010-12-03,2010,4,12,Dec,Winter,0
20101204,2010-12-04,2010,4,12,Dec,Winter,0
20101205,2010-12-05,2010,4,12,Dec,Winter,0
20101206,2010-12-06,2010,4,12,Dec,Winter,0
20101207,2010-12-07,2010,4,12,Dec,Winter,0
20101208,2010-12-08,2010,4,12,Dec,Winter,0
20101209,2010-12-09,2010,4,12,Dec,Winter,0
20101210,2010-12-10,2010,4,12,Dec,Winter,0
20101211,2010-12-11,2010,4,12,Dec,Winter,0
20101212,2010-12-12,2010,4,12,Dec,Winter,0
20101213,2010-12-13,2010,4,12,Dec,Winter,0
20101214,2010-12-14,2010,4,12,Dec,Winter,0
20101215,2010-12-15,2010,4,12,Dec,Winter,0
20101216,2010-12-16,2010,4,12,Dec,Winter,0
20101217,2010-12-17,2010,4,12,Dec,Winter,0
20101218,2010-12-18,2010,4,12,Dec,Winter,0
20101219,2010-12-19,2010,4,12,Dec,Winter,0
20101220,2010-12-20,2010,4,12,Dec,Winter,0
20101221,2010-12-21,2010,4,12,Dec,Winter,0
20101222,2010-12-22,2010,4,12,Dec,Winter,0
20101223,2010-12-23,2010,4,12,Dec,Winter,0
20101224,2010-12-24,2010,4,12,Dec,Winter,0
20101225,2010-12-25,2010,4,12,Dec,Winter,0
20101226,2010-12-26,2010,4,12,Dec,Winter,0
20101227,2010-12-27,2010,4,12,Dec,Winter,0
20101228,2010-12-28,2010,4,12,Dec,Winter,0
20101229,2010-12-29,2010,4,12,Dec,Winter,0
20101230,2010-12-30,2010,4,12,Dec,Winter,0
20101231,2010-12-31,2010,4,12,Dec,Winter,0
20110101,2011-01-01,2011,1,1,Jan,Winter,0
20110102,2011-01-02,2011,1,1,Jan,Winter,0
20110103,2011-01-03,2011,1,1,Jan,Winter,0
20110104,2011-01-04,2011,1,1,Jan,Winter,0
20110105,2011-01-05,2011,1,1,Jan,Winter,0
20110106,2011-01-06,2011,1,1,Jan,Winter,0
20110107,2011-01-07,2011,1,1,Jan,Winter,0
20110108,2011-01-08,2011,1,1,Jan,Winter,0
20110109,2011-01-09,2011,1,1,Jan,Winter,0
20110110,2011-01-10,2011,1,1,Jan,Winter,0
20110111,2011-01-11,2011,1,1,Jan,Winter,0
20110112,2011-01-12,2011,1,1,Jan,Winter,0
20110113,2011-01-13,2011,1,1,Jan,Winter,0
20110114,2011-01-14,2011,1,1,Jan,Winter,0
20110115,2011-01-15,2011,1,1,Jan,Winter,0
20110116,2011-01-16,2011,1,1,Jan,Winter,0
20110117,2011-01-17,2011,1,1,Jan,Winter,0
20110118,2011-01-18,2011,1,1,Jan,Winter,0
20110119,2011-01-19,2011,1,1,Jan,Winter,0
20110120,2011-01-20,2011,1,1,Jan,Winter,0
20110121,2011-01-21,2011,1,1,Jan,Winter,0
20110122,2011-01-22,2011,1,1,Jan,Winter,0
20110123,2011-01-23,2011,1,1,Jan,Winter,0
20110124,2011-01-24,2011,1,1,Jan,Winter,0
20110125,2011-01-25,2011,1,1,Jan,Winter,0
20110126,2011-01-26,2011,1,1,Jan,Winter,0
20110127,2011-01-27,2011,1,1,Jan,Winter,0
20110128,2011-01-28,2011,1,1,Jan,Winter,0
20110129,2011-01-29,2011,1,1,Jan,Winter,0
20110130,2011-01-30,2011,1,1,Jan,Winter,0
20110131,2011-01-31,2011,1,1,Jan,Winter,0
20110201,2011-02-01,2011,1,2,Feb,Winter,0
20110202,2011-02-02,2011,1,2,Feb,Winter,0
20110203,2011-02-03,2011,1,2,Feb,Winter,0
20110204,2011-02-04,2011,1,2,Feb,Winter,0
20110205,2011-02-05,2011,1,2,Feb,Winter,0
20110206,2011-02-06,2011,1,2,Feb,Winter,0
20110207,2011-02-07,2011,1,2,Feb,Winter,0
20110208,2011-02-08,2011,1,2,Feb,Winter,0
20110209,2011-02-09,2011,1,2,Feb,Winter,0
20110210,2011-02-10,2011,1,2,Feb,Winter,0
20110211,2011-02-11,2011,1,2,Feb,Winter,0
20110212,2011-02-12,2011,1,2,Feb,Winter,0
20110213,2011-02-13,2011,1,2,Feb,Winter,0
20110214,2011-02-14,2011,1,2,Feb,Winter,0
20110215,2011-02-15,2011,1,2,Feb,Winter,0
20110216,2011-02-16,2011,1,2,Feb,Winter,0
20110217,2011-02-17,2011,1,2,Feb,Winter,0
20110218,2011-02-18,2011,1,2,Feb,Winter,0
20110219,2011-02-19,2011,1,2,Feb,Winter,0
20110220,2011-02-20,2011,1,2,Feb,Winter,0
20110221,2011-02-21,2011,1,2,Feb,Winter,0
20110222,2011-02-22,2011,1,2,Feb,Winter,0
20110223,2011-02-23,2011,1,2,Feb,Winter,0
20110224,2011-02-24,2011,1,2,Feb,Winter,0
20110225,2011-02-25,2011,1,2,Feb,Winter,0
20110226,2011-02-26,2011,1,2,Feb,Winter,0
20110227,2011-02-27,2011,1,2,Feb,Winter,0
20110228,2011-02-28,2011,1,2,Feb,Winter,0
20110301,2011-03-01,2011,1,3,Mar,Spring,0
20110302,2011-03-02,2011,1,3,Mar,Spring,0
20110303,2011-03-03,2011,1,3,Mar,Spring,0
20110304,2011-03-04,2011,1,3,Mar,Spring,0
20110305,2011-03-05,2011,1,3,Mar,Spring,0
20110306,2011-03-06,2011,1,3,Mar,Spring,0
20110307,2011-03-07,2011,1,3,Mar,Spring,0
20110308,2011-03-08,2011,1,3,Mar,Spring,0
20110309,2011-03-09,2011,1,3,Mar,Spring,0
20110310,2011-03-10,2011,1,3,Mar,Spring,0
20110311,2011-03-11,2011,1,3,Mar,Spring,0
20110312,2011-03-12,2011,1,3,Mar,Spring,0
20110313,2011-03-13,2011,1,3,Mar,Spring,0
20110314,2011-03-14,2011,1,3,Mar,Spring,0
20110315,2011-03-15,2011,1,3,Mar,Spring,0
20110316,2011-03-16,2011,1,3,Mar,Spring,0
20110317,2011-03-17,2011,1,3,Mar,Spring,0
20110318,2011-03-18,2011,1,3,Mar,Spring,0
20110319,2011-03-19,2011,1,3,Mar,Spring,0
20110320,2011-03-20,2011,1,3,Mar,Spring,0
20110321,2011-03-21,2011,1,3,Mar,Spring,0
20110322,2011-03-22,2011,1,3,Mar,Spring,0
20110323,2011-03-23,2011,1,3,Mar,Spring,0
20110324,2011-03-24,2011,1,3,Mar,Spring,0
20110325,2011-03-25,2011,1,3,Mar,Spring,0
20110326,2011-03-26,2011,1,3,Mar,Spring,0
20110327,2011-03-27,2011,1,3,Mar,Spring,0
20110328,2011-03-28,2011,1,3,Mar,Spring,0
20110329,2011-03-29,2011,1,3,Mar,Spring,0
20110330,2011-03-30,2011,1,3,Mar,Spring,0
20110331,2011-03-31,2011,1,3,Mar,Spring,0
20110401,2011-04-01,2011,2,4,Apr,Spring,0
20110402,2011-04-02,2011,2,4,Apr,Spring,0
20110403,2011-04-03,2011,2,4,Apr,Spring,0
20110404,2011-04-04,2011,2,4,Apr,Spring,0
20110405,2011-04-05,2011,2,4,Apr,Spring,0
20110406,2011-04-06,2011,2,4,Apr,Spring,0
20110407,2011-04-07,2011,2,4,Apr,Spring,0
20110408,2011-04-08,2011,2,4,Apr,Spring,0
20110409,2011-04-09,2011,2,4,Apr,Spring,0
20110410,2011-04-10,2011,2,4,Apr,Spring,0
20110411,2011-04-11,2011,2,4,Apr,Spring,0
20110412,2011-04-12,2011,2,4,Apr,Spring,0
20110413,2011-04-13,2011,2,4,Apr,Spring,0
20110414,2011-04-14,2011,2,4,Apr,Spring,0
20110415,2011-04-15,2011,2,4,Apr,Spring,0
20110416,2011-04-16,2011,2,4,Apr,Spring,0
20110417,2011-04-17,2011,2,4,Apr,Spring,0
20110418,2011-04-18,2011,2,4,Apr,Spring,0
20110419,2011-04-19,2011,2,4,Apr,Spring,0
20110420,2011-04-20,2011,2,4,Apr,Spring,0
20110421,2011-04-21,2011,2,4,Apr,Spring,0
20110422,2011-04-22,2011,2,4,Apr,Spring,0
20110423,2011-04-23,2011,2,4,Apr,Spring,0
20110424,2011-04-24,2011,2,4,Apr,Spring,0
20110425,2011-04-25,2011,2,4,Apr,Spring,0
20110426,2011-04-26,2011,2,4,Apr,Spring,0
20110427,2011-04-27,2011,2,4,Apr,Spring,0
20110428,2011-04-28,2011,2,4,Apr,Spring,0
20110429,2011-04-29,2011,2,4,Apr,Spring,0
20110430,2011-04-30,2011,2,4,Apr,Spring,0
20110501,2011-05-01,2011,2,5,May,Spring,0
20110502,2011-05-02,2011,2,5,May,Spring,0
20110503,2011-05-03,2011,2,5,May,Spring,0
20110504,2011-05-04,2011,2,5,May,Spring,0
20110505,2011-05-05,2011,2,5,May,Spring,0
20110506,2011-05-06,2011,2,5,May,Spring,0
20110507,2011-05-07,2011,2,5,May,Spring,0
20110508,2011-05-08,2011,2,5,May,Spring,0
20110509,2011-05-09,2011,2,5,May,Spring,0
20110510,2011-05-10,2011,2,5,May,Spring,0
20110511,2011-05-11,2011,2,5,May,Spring,0
20110512,2011-05-12,2011,2,5,May,Spring,0
20110513,2011-05-13,2011,2,5,May,Spring,0
20110514,2011-05-14,2011,2,5,May,Spring,0
20110515,2011-05-15,2011,2,5,May,Spring,0
20110516,2011-05-16,2011,2,5,May,Spring,0
20110517,2011-05-17,2011,2,5,May,Spring,0
20110518,2011-05-18,2011,2,5,May,Spring,0
20110519,2011-05-19,2011,2,5,May,Spring,0
20110520,2011-05-20,2011,2,5,May,Spring,0
20110521,2011-05-21,2011,2,5,May,Spring,0
20110522,2011-05-22,2011,2,5,May,Spring,0
20110523,2011-05-23,2011,2,5,May,Spring,0
20110524,2011-05-24,2011,2,5,May,Spring,0
20110525,2011-05-25,2011,2,5,May,Spring,0
20110526,2011-05-26,2011,2,5,May,Spring,0
20110527,2011-05-27,2011,2,5,May,Spring,0
20110528,2011-05-28,2011,2,5,May,Spring,0
20110529,2011-05-29,2011,2,5,May,Spring,0
20110530,2011-05-30,2011,2,5,May,Spring,0
20110531,2011-05-31,2011,2,5,May,Spring,0
20110601,2011-06-01,2011,2,6,Jun,Summer,1
20110602,2011-06-02,2011,2,6,Jun,Summer,1
20110603,2011-06-03,2011,2,6,Jun,Summer,1
20110604,2011-06-04,2011,2,6,Jun,Summer,1
20110605,2011-06-05,2011,2,6,Jun,Summer,1
20110606,2011-06-06,2011,2,6,Jun,Summer,1
20110607,2011-06-07,2011,2,6,Jun,Summer,1
20110608,2011-06-08,2011,2,6,Jun,Summer,1
20110609,2011-06-09,2011,2,6,Jun,Summer,1
20110610,2011-06-10,2011,2,6,Jun,Summer,1
20110611,2011-06-11,2011,2,6,Jun,Summer,1
20110612,2011-06-12,2011,2,6,Jun,Summer,1
20110613,2011-06-13,2011,2,6,Jun,Summer,1
20110614,2011-06-14,2011,2,6,Jun,Summer,1
20110615,2011-06-15,2011,2,6,Jun,Summer,1
20110616,2011-06-16,2011,2,6,Jun,Summer,1
20110617,2011-06-17,2011,2,6,Jun,Summer,1
20110618,2011-06-18,2011,2,6,Jun,Summer,1
20110619,2011-06-19,2011,2,6,Jun,Summer,1
20110620,2011-06-20,2011,2,6,Jun,Summer,1
20110621,2011-06-21,2011,2,6,Jun,Summer,1
20110622,2011-06-22,2011,2,6,Jun,Summer,1
20110623,2011-06-23,2011,2,6,Jun,Summer,1
20110624,2011-06-24,2011,2,6,Jun,Summer,1
20110625,2011-06-25,2011,2,6,Jun,Summer,1
20110626,2011-06-26,2011,2,6,Jun,Summer,1
20110627,2011-06-27,2011,2,6,Jun,Summer,1
20110628,2011-06-28,2011,2,6,Jun,Summer,1
20110629,2011-06-29,2011,2,6,Jun,Summer,1
20110630,2011-06-30,2011,2,6,Jun,Summer,1
20110701,2011-07-01,2011,3,7,Jul,Summer,1
20110702,2011-07-02,2011,3,7,Jul,Summer,1
20110703,2011-07-03,2011,3,7,Jul,Summer,1
20110704,2011-07-04,2011,3,7,Jul,Summer,1
20110705,2011-07-05,2011,3,7,Jul,Summer,1
20110706,2011-07-06,2011,3,7,Jul,Summer,1
20110707,2011-07-07,2011,3,7,Jul,Summer,1
20110708,2011-07-08,2011,3,7,Jul,Summer,1
20110709,2011-07-09,2011,3,7,Jul,Summer,1
20110710,2011-07-10,2011,3,7,Jul,Summer,1
20110711,2011-07-11,2011,3,7,Jul,Summer,1
20110712,2011-07-12,2011,3,7,Jul,Summer,1
20110713,2011-07-13,2011,3,7,Jul,Summer,1
20110714,2011-07-14,2011,3,7,Jul,Summer,1
20110715,2011-07-15,2011,3,7,Jul,Summer,1
20110716,2011-07-16,2011,3,7,Jul,Summer,1
20110717,2011-07-17,2011,3,7,Jul,Summer,1
20110718,2011-07-18,2011,3,7,Jul,Summer,1
20110719,2011-07-19,2011,3,7,Jul,Summer,1
20110720,2011-07-20,2011,3,7,Jul,Summer,1
20110721,2011-07-21,2011,3,7,Jul,Summer,1
20110722,2011-07-22,2011,3,7,Jul,Summer,1
20110723,2011-07-23,2011,3,7,Jul,Summer,1
20110724,2011-07-24,2011,3,7,Jul,Summer,1
20110725,2011-07-25,2011,3,7,Jul,Summer,1
20110726,2011-07-26,2011,3,7,Jul,Summer,1
20110727,2011-07-27,2011,3,7,Jul,Summer,1
20110728,2011-07-28,2011,3,7,Jul,Summer,1
20110729,2011-07-29,2011,3,7,Jul,Summer,1
20110730,2011-07-30,2011,3,7,Jul,Summer,1
20110731,2011-07-31,2011,3,7,Jul,Summer,1
20110801,2011-08-01,2011,3,8,Aug,Summer,1
20110802,2011-08-02,2011,3,8,Aug,Summer,1
20110803,2011-08-03,2011,3,8,Aug,Summer,1
20110804,2011-08-04,2011,3,8,Aug,Summer,1
20110805,2011-08-05,2011,3,8,Aug,Summer,1
20110806,2011-08-06,2011,3,8,Aug,Summer,1
20110807,2011-08-07,2011,3,8,Aug,Summer,1
20110808,2011-08-08,2011,3,8,Aug,Summer,1
20110809,2011-08-09,2011,3,8,Aug,Summer,1
20110810,2011-08-10,2011,3,8,Aug,Summer,1
20110811,2011-08-11,2011,3,8,Aug,Summer,1
20110812,2011-08-12,2011,3,8,Aug,Summer,1
20110813,2011-08-13,2011,3,8,Aug,Summer,1
20110814,2011-08-14,2011,3,8,Aug,Summer,1
20110815,2011-08-15,2011,3,8,Aug,Summer,1
20110816,2011-08-16,2011,3,8,Aug,Summer,1
20110817,2011-08-17,2011,3,8,Aug,Summer,1
20110818,2011-08-18,2011,3,8,Aug,Summer,1
20110819,2011-08-19,2011,3,8,Aug,Summer,1
20110820,2011-08-20,2011,3,8,Aug,Summer,1
20110821,2011-08-21,2011,3,8,Aug,Summer,1
20110822,2011-08-22,2011,3,8,Aug,Summer,1
20110823,2011-08-23,2011,3,8,Aug,Summer,1
20110824,2011-08-24,2011,3,8,Aug,Summer,1
20110825,2011-08-25,2011,3,8,Aug,Summer,1
20110826,2011-08-26,2011,3,8,Aug,Summer,1
20110827,2011-08-27,2011,3,8,Aug,Summer,1
20110828,2011-08-28,2011,3,8,Aug,Summer,1
20110829,2011-08-29,2011,3,8,Aug,Summer,1
20110830,2011-08-30,2011,3,8,Aug,Summer,1
20110831,2011-08-31,2011,3,8,Aug,Summer,1
20110901,2011-09-01,2011,3,9,Sep,Autumn,1
20110902,2011-09-02,2011,3,9,Sep,Autumn,1
20110903,2011-09-03,2011,3,9,Sep,Autumn,1
20110904,2011-09-04,2011,3,9,Sep,Autumn,1
20110905,2011-09-05,2011,3,9,Sep,Autumn,1
20110906,2011-09-06,2011,3,9,Sep,Autumn,1
20110907,2011-09-07,2011,3,9,Sep,Autumn,1
20110908,2011-09-08,2011,3,9,Sep,Autumn,1
20110909,2011-09-09,2011,3,9,Sep,Autumn,1
20110910,2011-09-10,2011,3,9,Sep,Autumn,1
20110911,2011-09-11,2011,3,9,Sep,Autumn,1
20110912,2011-09-12,2011,3,9,Sep,Autumn,1
20110913,2011-09-13,2011,3,9,Sep,Autumn,1
20110914,2011-09-14,2011,3,9,Sep,Autumn,1
20110915,2011-09-15,2011,3,9,Sep,Autumn,1
20110916,2011-09-16,2011,3,9,Sep,Autumn,1
20110917,2011-09-17,2011,3,9,Sep,Autumn,1
20110918,2011-09-18,2011,3,9,Sep,Autumn,1
20110919,2011-09-19,2011,3,9,Sep,Autumn,1
20110920,2011-09-20,2011,3,9,Sep,Autumn,1
20110921,2011-09-21,2011,3,9,Sep,Autumn,1
20110922,2011-09-22,2011,3,9,Sep,Autumn,1
20110923,2011-09-23,2011,3,9,Sep,Autumn,1
20110924,2011-09-24,2011,3,9,Sep,Autumn,1
20110925,2011-09-25,2011,3,9,Sep,Autumn,1
20110926,2011-09-26,2011,3,9,Sep,Autumn,1
20110927,2011-09-27,2011,3,9,Sep,Autumn,1
20110928,2011-09-28,2011,3,9,Sep,Autumn,1
20110929,2011-09-29,2011,3,9,Sep,Autumn,1
20110930,2011-09-30,2011,3,9,Sep,Autumn,1
20111001,2011-10-01,2011,4,10,Oct,Autumn,1
20111002,2011-10-02,2011,4,10,Oct,Autumn,1
20111003,2011-10-03,2011,4,10,Oct,Autumn,1
20111004,2011-10-04,2011,4,10,Oct,Autumn,1
20111005,2011-10-05,2011,4,10,Oct,Autumn,1
20111006,2011-10-06,2011,4,10,Oct,Autumn,1
20111007,2011-10-07,2011,4,10,Oct,Autumn,1
20111008,2011-10-08,2011,4,10,Oct,Autumn,1
20111009,2011-10-09,2011,4,10,Oct,Autumn,1
20111010,2011-10-10,2011,4,10,Oct,Autumn,1
20111011,2011-10-11,2011,4,10,Oct,Autumn,1
20111012,2011-10-12,2011,4,10,Oct,Autumn,1
20111013,2011-10-13,2011,4,10,Oct,Autumn,1
20111014,2011-10-14,2011,4,10,Oct,Autumn,1
20111015,2011-10-15,2011,4,10,Oct,Autumn,1
20111016,2011-10-16,2011,4,10,Oct,Autumn,1
20111017,2011-10-17,2011,4,10,Oct,Autumn,1
20111018,2011-10-18,2011,4,10,Oct,Autumn,1
20111019,2011-10-19,2011,4,10,Oct,Autumn,1
20111020,2011-10-20,2011,4,10,Oct,Autumn,1
20111021,2011-10-21,2011,4,10,Oct,Autumn,1
20111022,2011-10-22,2011,4,10,Oct,Autumn,1
20111023,2011-10-23,2011,4,10,Oct,Autumn,1
20111024,2011-10-24,2011,4,10,Oct,Autumn,1
20111025,2011-10-25,2011,4,10,Oct,Autumn,1
20111026,2011-10-26,2011,4,10,Oct,Autumn,1
20111027,2011-10-27,2011,4,10,Oct,Autumn,1
20111028,2011-10-28,2011,4,10,Oct,Autumn,1
20111029,2011-10-29,2011,4,10,Oct,Autumn,1
20111030,2011-10-30,2011,4,10,Oct,Autumn,1
20111031,2011-10-31,2011,4,10,Oct,Autumn,1
20111101,2011-11-01,2011,4,11,Nov,Autumn,0
20111102,2011-11-02,2011,4,11,Nov,Autumn,0
20111103,2011-11-03,2011,4,11,Nov,Autumn,0
20111104,2011-11-04,2011,4,11,Nov,Autumn,0
20111105,2011-11-05,2011,4,11,Nov,Autumn,0
20111106,2011-11-06,2011,4,11,Nov,Autumn,0
20111107,2011-11-07,2011,4,11,Nov,Autumn,0
20111108,2011-11-08,2011,4,11,Nov,Autumn,0
20111109,2011-11-09,2011,4,11,Nov,Autumn,0
20111110,2011-11-10,2011,4,11,Nov,Autumn,0
20111111,2011-11-11,2011,4,11,Nov,Autumn,0
20111112,2011-11-12,2011,4,11,Nov,Autumn,0
20111113,2011-11-13,2011,4,11,Nov,Autumn,0
20111114,2011-11-14,2011,4,11,Nov,Autumn,0
20111115,2011-11-15,2011,4,11,Nov,Autumn,0
20111116,2011-11-16,2011,4,11,Nov,Autumn,0
20111117,2011-11-17,2011,4,11,Nov,Autumn,0
20111118,2011-11-18,2011,4,11,Nov,Autumn,0
20111119,2011-11-19,2011,4,11,Nov,Autumn,0
20111120,2011-11-20,2011,4,11,Nov,Autumn,0
20111121,2011-11-21,2011,4,11,Nov,Autumn,0
20111122,2011-11-22,2011,4,11,Nov,Autumn,0
20111123,2011-11-23,2011,4,11,Nov,Autumn,0
20111124,2011-11-24,2011,4,11,Nov,Autumn,0
20111125,2011-11-25,2011,4,11,Nov,Autumn,0
20111126,2011-11-26,2011,4,11,Nov,Autumn,0
20111127,2011-11-27,2011,4,11,Nov,Autumn,0
20111128,2011-11-28,2011,4,11,Nov,Autumn,0
20111129,2011-11-29,2011,4,11,Nov,Autumn,0
20111130,2011-11-30,2011,4,11,Nov,Autumn,0
20111201,2011-12-01,2011,4,12,Dec,Winter,0
20111202,2011-12-02,2011,4,12,Dec,Winter,0
20111203,2011-12-03,2011,4,12,Dec,Winter,0
20111204,2011-12-04,2011,4,12,Dec,Winter,0
20111205,2011-12-05,2011,4,12,Dec,Winter,0
20111206,2011-12-06,2011,4,12,Dec,Winter,0
20111207,2011-12-07,2011,4,12,Dec,Winter,0
20111208,2011-12-08,2011,4,12,Dec,Winter,0
20111209,2011-12-09,2011,4,12,Dec,Winter,0
20111210,2011-12-10,2011,4,12,Dec,Winter,0
20111211,2011-12-11,2011,4,12,Dec,Winter,0
20111212,2011-12-12,2011,4,12,Dec,Winter,0
20111213,2011-12-13,2011,4,12,Dec,Winter,0
20111214,2011-12-14,2011,4,12,Dec,Winter,0
20111215,2011-12-15,2011,4,12,Dec,Winter,0
20111216,2011-12-16,2011,4,12,Dec,Winter,0
20111217,2011-12-17,2011,4,12,Dec,Winter,0
20111218,2011-12-18,2011,4,12,Dec,Winter,0
20111219,2011-12-19,2011,4,12,Dec,Winter,0
20111220,2011-12-20,2011,4,12,Dec,Winter,0
20111221,2011-12-21,2011,4,12,Dec,Winter,0
20111222,2011-12-22,2011,4,12,Dec,Winter,0
20111223,2011-12-23,2011,4,12,Dec,Winter,0
20111224,2011-12-24,2011,4,12,Dec,Winter,0
20111225,2011-12-25,2011,4,12,Dec,Winter,0
20111226,2011-12-26,2011,4,12,Dec,Winter,0
20111227,2011-12-27,2011,4,12,Dec,Winter,0
20111228,2011-12-28,2011,4,12,Dec,Winter,0
20111229,2011-12-29,2011,4,12,Dec,Winter,0
20111230,2011-12-30,2011,4,12,Dec,Winter,0
20111231,2011-12-31,2011,4,12,Dec,Winter,0
20120101,2012-01-01,2012,1,1,Jan,Winter,0
20120102,2012-01-02,2012,1,1,Jan,Winter,0
20120103,2012-01-03,2012,1,1,Jan,Winter,0
20120104,2012-01-04,2012,1,1,Jan,Winter,0
20120105,2012-01-05,2012,1,1,Jan,Winter,0
20120106,2012-01-06,2012,1,1,Jan,Winter,0
20120107,2012-01-07,2012,1,1,Jan,Winter,0
20120108,2012-01-08,2012,1,1,Jan,Winter,0
20120109,2012-01-09,2012,1,1,Jan,Winter,0
20120110,2012-01-10,2012,1,1,Jan,Winter,0
20120111,2012-01-11,2012,1,1,Jan,Winter,0
20120112,2012-01-12,2012,1,1,Jan,Winter,0
20120113,2012-01-13,2012,1,1,Jan,Winter,0
20120114,2012-01-14,2012,1,1,Jan,Winter,0
20120115,2012-01-15,2012,1,1,Jan,Winter,0
20120116,2012-01-16,2012,1,1,Jan,Winter,0
20120117,2012-01-17,2012,1,1,Jan,Winter,0
20120118,2012-01-18,2012,1,1,Jan,Winter,0
20120119,2012-01-19,2012,1,1,Jan,Winter,0
20120120,2012-01-20,2012,1,1,Jan,Winter,0
20120121,2012-01-21,2012,1,1,Jan,Winter,0
20120122,2012-01-22,2012,1,1,Jan,Winter,0
20120123,2012-01-23,2012,1,1,Jan,Winter,0
20120124,2012-01-24,2012,1,1,Jan,Winter,0
20120125,2012-01-25,2012,1,1,Jan,Winter,0
20120126,2012-01-26,2012,1,1,Jan,Winter,0
20120127,2012-01-27,2012,1,1,Jan,Winter,0
20120128,2012-01-28,2012,1,1,Jan,Winter,0
20120129,2012-01-29,2012,1,1,Jan,Winter,0
20120130,2012-01-30,2012,1,1,Jan,Winter,0
20120131,2012-01-31,2012,1,1,Jan,Winter,0
20120201,2012-02-01,2012,1,2,Feb,Winter,0
20120202,2012-02-02,2012,1,2,Feb,Winter,0
20120203,2012-02-03,2012,1,2,Feb,Winter,0
20120204,2012-02-04,2012,1,2,Feb,Winter,0
20120205,2012-02-05,2012,1,2,Feb,Winter,0
20120206,2012-02-06,2012,1,2,Feb,Winter,0
20120207,2012-02-07,2012,1,2,Feb,Winter,0
20120208,2012-02-08,2012,1,2,Feb,Winter,0
20120209,2012-02-09,2012,1,2,Feb,Winter,0
20120210,2012-02-10,2012,1,2,Feb,Winter,0
20120211,2012-02-11,2012,1,2,Feb,Winter,0
20120212,2012-02-12,2012,1,2,Feb,Winter,0
20120213,2012-02-13,2012,1,2,Feb,Winter,0
20120214,2012-02-14,2012,1,2,Feb,Winter,0
20120215,2012-02-15,2012,1,2,Feb,Winter,0
20120216,2012-02-16,2012,1,2,Feb,Winter,0
20120217,2012-02-17,2012,1,2,Feb,Winter,0
20120218,2012-02-18,2012,1,2,Feb,Winter,0
20120219,2012-02-19,2012,1,2,Feb,Winter,0
20120220,2012-02-20,2012,1,2,Feb,Winter,0
20120221,2012-02-21,2012,1,2,Feb,Winter,0
20120222,2012-02-22,2012,1,2,Feb,Winter,0
20120223,2012-02-23,2012,1,2,Feb,Winter,0
20120224,2012-02-24,2012,1,2,Feb,Winter,0
20120225,2012-02-25,2012,1,2,Feb,Winter,0
20120226,2012-02-26,2012,1,2,Feb,Winter,0
20120227,2012-02-27,2012,1,2,Feb,Winter,0
20120228,2012-02-28,2012,1,2,Feb,Winter,0
20120229,2012-02-29,2012,1,2,Feb,Winter,0
20120301,2012-03-01,2012,1,3,Mar,Spring,0
20120302,2012-03-02,2012,1,3,Mar,Spring,0
20120303,2012-03-03,2012,1,3,Mar,Spring,0
20120304,2012-03-04,2012,1,3,Mar,Spring,0
20120305,2012-03-05,2012,1,3,Mar,Spring,0
20120306,2012-03-06,2012,1,3,Mar,Spring,0
20120307,2012-03-07,2012,1,3,Mar,Spring,0
20120308,2012-03-08,2012,1,3,Mar,Spring,0
20120309,2012-03-09,2012,1,3,Mar,Spring,0
20120310,2012-03-10,2012,1,3,Mar,Spring,0
20120311,2012-03-11,2012,1,3,Mar,Spring,0
20120312,2012-03-12,2012,1,3,Mar,Spring,0
20120313,2012-03-13,2012,1,3,Mar,Spring,0
20120314,2012-03-14,2012,1,3,Mar,Spring,0
20120315,2012-03-15,2012,1,3,Mar,Spring,0
20120316,2012-03-16,2012,1,3,Mar,Spring,0
20120317,2012-03-17,2012,1,3,Mar,Spring,0
20120318,2012-03-18,2012,1,3,Mar,Spring,0
20120319,2012-03-19,2012,1,3,Mar,Spring,0
20120320,2012-03-20,2012,1,3,Mar,Spring,0
20120321,2012-03-21,2012,1,3,Mar,Spring,0
20120322,2012-03-22,2012,1,3,Mar,Spring,0
20120323,2012-03-23,2012,1,3,Mar,Spring,0
20120324,2012-03-24,2012,1,3,Mar,Spring,0
20120325,2012-03-25,2012,1,3,Mar,Spring,0
20120326,2012-03-26,2012,1,3,Mar,Spring,0
20120327,2012-03-27,2012,1,3,Mar,Spring,0
20120328,2012-03-28,2012,1,3,Mar,Spring,0
20120329,2012-03-29,2012,1,3,Mar,Spring,0
20120330,2012-03-30,2012,1,3,Mar,Spring,0
20120331,2012-03-31,2012,1,3,Mar,Spring,0
20120401,2012-04-01,2012,2,4,Apr,Spring,0
20120402,2012-04-02,2012,2,4,Apr,Spring,0
20120403,2012-04-03,2012,2,4,Apr,Spring,0
20120404,2012-04-04,2012,2,4,Apr,Spring,0
20120405,2012-04-05,2012,2,4,Apr,Spring,0
20120406,2012-04-06,2012,2,4,Apr,Spring,0
20120407,2012-04-07,2012,2,4,Apr,Spring,0
20120408,2012-04-08,2012,2,4,Apr,Spring,0
20120409,2012-04-09,2012,2,4,Apr,Spring,0
20120410,2012-04-10,2012,2,4,Apr,Spring,0
20120411,2012-04-11,2012,2,4,Apr,Spring,0
20120412,2012-04-12,2012,2,4,Apr,Spring,0
20120413,2012-04-13,2012,2,4,Apr,Spring,0
20120414,2012-04-14,2012,2,4,Apr,Spring,0
20120415,2012-04-15,2012,2,4,Apr,Spring,0
20120416,2012-04-16,2012,2,4,Apr,Spring,0
20120417,2012-04-17,2012,2,4,Apr,Spring,0
20120418,2012-04-18,2012,2,4,Apr,Spring,0
20120419,2012-04-19,2012,2,4,Apr,Spring,0
20120420,2012-04-20,2012,2,4,Apr,Spring,0
20120421,2012-04-21,2012,2,4,Apr,Spring,0
20120422,2012-04-22,2012,2,4,Apr,Spring,0
20120423,2012-04-23,2012,2,4,Apr,Spring,0
20120424,2012-04-24,2012,2,4,Apr,Spring,0
20120425,2012-04-25,2012,2,4,Apr,Spring,0
20120426,2012-04-26,2012,2,4,Apr,Spring,0
20120427,2012-04-27,2012,2,4,Apr,Spring,0
20120428,2012-04-28,2012,2,4,Apr,Spring,0
20120429,2012-04-29,2012,2,4,Apr,Spring,0
20120430,2012-04-30,2012,2,4,Apr,Spring,0
20120501,2012-05-01,2012,2,5,May,Spring,0
20120502,2012-05-02,2012,2,5,May,Spring,0
20120503,2012-05-03,2012,2,5,May,Spring,0
20120504,2012-05-04,2012,2,5,May,Spring,0
20120505,2012-05-05,2012,2,5,May,Spring,0
20120506,2012-05-06,2012,2,5,May,Spring,0
20120507,2012-05-07,2012,2,5,May,Spring,0
20120508,2012-05-08,2012,2,5,May,Spring,0
20120509,2012-05-09,2012,2,5,May,Spring,0
20120510,2012-05-10,2012,2,5,May,Spring,0
20120511,2012-05-11,2012,2,5,May,Spring,0
20120512,2012-05-12,2012,2,5,May,Spring,0
20120513,2012-05-13,2012,2,5,May,Spring,0
20120514,2012-05-14,2012,2,5,May,Spring,0
20120515,2012-05-15,2012,2,5,May,Spring,0
20120516,2012-05-16,2012,2,5,May,Spring,0
20120517,2012-05-17,2012,2,5,May,Spring,0
20120518,2012-05-18,2012,2,5,May,Spring,0
20120519,2012-05-19,2012,2,5,May,Spring,0
20120520,2012-05-20,2012,2,5,May,Spring,0
20120521,2012-05-21,2012,2,5,May,Spring,0
20120522,2012-05-22,2012,2,5,May,Spring,0
20120523,2012-05-23,2012,2,5,May,Spring,0
20120524,2012-05-24,2012,2,5,May,Spring,0
20120525,2012-05-25,2012,2,5,May,Spring,0
20120526,2012-05-26,2012,2,5,May,Spring,0
20120527,2012-05-27,2012,2,5,May,Spring,0
20120528,2012-05-28,2012,2,5,May,Spring,0
20120529,2012-05-29,2012,2,5,May,Spring,0
20120530,2012-05-30,2012,2,5,May,Spring,0
20120531,2012-05-31,2012,2,5,May,Spring,0
20120601,2012-06-01,2012,2,6,Jun,Summer,1
20120602,2012-06-02,2012,2,6,Jun,Summer,1
20120603,2012-06-03,2012,2,6,Jun,Summer,1
20120604,2012-06-04,2012,2,6,Jun,Summer,1
20120605,2012-06-05,2012,2,6,Jun,Summer,1
20120606,2012-06-06,2012,2,6,Jun,Summer,1
20120607,2012-06-07,2012,2,6,Jun,Summer,1
20120608,2012-06-08,2012,2,6,Jun,Summer,1
20120609,2012-06-09,2012,2,6,Jun,Summer,1
20120610,2012-06-10,2012,2,6,Jun,Summer,1
20120611,2012-06-11,2012,2,6,Jun,Summer,1
20120612,2012-06-12,2012,2,6,Jun,Summer,1
20120613,2012-06-13,2012,2,6,Jun,Summer,1
20120614,2012-06-14,2012,2,6,Jun,Summer,1
20120615,2012-06-15,2012,2,6,Jun,Summer,1
20120616,2012-06-16,2012,2,6,Jun,Summer,1
20120617,2012-06-17,2012,2,6,Jun,Summer,1
20120618,2012-06-18,2012,2,6,Jun,Summer,1
20120619,2012-06-19,2012,2,6,Jun,Summer,1
20120620,2012-06-20,2012,2,6,Jun,Summer,1
20120621,2012-06-21,2012,2,6,Jun,Summer,1
20120622,2012-06-22,2012,2,6,Jun,Summer,1
20120623,2012-06-23,2012,2,6,Jun,Summer,1
20120624,2012-06-24,2012,2,6,Jun,Summer,1
20120625,2012-06-25,2012,2,6,Jun,Summer,1
20120626,2012-06-26,2012,2,6,Jun,Summer,1
20120627,2012-06-27,2012,2,6,Jun,Summer,1
20120628,2012-06-28,2012,2,6,Jun,Summer,1
20120629,2012-06-29,2012,2,6,Jun,Summer,1
20120630,2012-06-30,2012,2,6,Jun,Summer,1
20120701,2012-07-01,2012,3,7,Jul,Summer,1
20120702,2012-07-02,2012,3,7,Jul,Summer,1
20120703,2012-07-03,2012,3,7,Jul,Summer,1
20120704,2012-07-04,2012,3,7,Jul,Summer,1
20120705,2012-07-05,2012,3,7,Jul,Summer,1
20120706,2012-07-06,2012,3,7,Jul,Summer,1
20120707,2012-07-07,2012,3,7,Jul,Summer,1
20120708,2012-07-08,2012,3,7,Jul,Summer,1
20120709,2012-07-09,2012,3,7,Jul,Summer,1
20120710,2012-07-10,2012,3,7,Jul,Summer,1
20120711,2012-07-11,2012,3,7,Jul,Summer,1
20120712,2012-07-12,2012,3,7,Jul,Summer,1
20120713,2012-07-13,2012,3,7,Jul,Summer,1
20120714,2012-07-14,2012,3,7,Jul,Summer,1
20120715,2012-07-15,2012,3,7,Jul,Summer,1
20120716,2012-07-16,2012,3,7,Jul,Summer,1
20120717,2012-07-17,2012,3,7,Jul,Summer,1
20120718,2012-07-18,2012,3,7,Jul,Summer,1
20120719,2012-07-19,2012,3,7,Jul,Summer,1
20120720,2012-07-20,2012,3,7,Jul,Summer,1
20120721,2012-07-21,2012,3,7,Jul,Summer,1
20120722,2012-07-22,2012,3,7,Jul,Summer,1
20120723,2012-07-23,2012,3,7,Jul,Summer,1
20120724,2012-07-24,2012,3,7,Jul,Summer,1
20120725,2012-07-25,2012,3,7,Jul,Summer,1
20120726,2012-07-26,2012,3,7,Jul,Summer,1
20120727,2012-07-27,2012,3,7,Jul,Summer,1
20120728,2012-07-28,2012,3,7,Jul,Summer,1
20120729,2012-07-29,2012,3,7,Jul,Summer,1
20120730,2012-07-30,2012,3,7,Jul,Summer,1
20120731,2012-07-31,2012,3,7,Jul,Summer,1
20120801,2012-08-01,2012,3,8,Aug,Summer,1
20120802,2012-08-02,2012,3,8,Aug,Summer,1
20120803,2012-08-03,2012,3,8,Aug,Summer,1
20120804,2012-08-04,2012,3,8,Aug,Summer,1
20120805,2012-08-05,2012,3,8,Aug,Summer,1
20120806,2012-08-06,2012,3,8,Aug,Summer,1
20120807,2012-08-07,2012,3,8,Aug,Summer,1
20120808,2012-08-08,2012,3,8,Aug,Summer,1
20120809,2012-08-09,2012,3,8,Aug,Summer,1
20120810,2012-08-10,2012,3,8,Aug,Summer,1
20120811,2012-08-11,2012,3,8,Aug,Summer,1
20120812,2012-08-12,2012,3,8,Aug,Summer,1
20120813,2012-08-13,2012,3,8,Aug,Summer,1
20120814,2012-08-14,2012,3,8,Aug,Summer,1
20120815,2012-08-15,2012,3,8,Aug,Summer,1
20120816,2012-08-16,2012,3,8,Aug,Summer,1
20120817,2012-08-17,2012,3,8,Aug,Summer,1
20120818,2012-08-18,2012,3,8,Aug,Summer,1
20120819,2012-08-19,2012,3,8,Aug,Summer,1
20120820,2012-08-20,2012,3,8,Aug,Summer,1
20120821,2012-08-21,2012,3,8,Aug,Summer,1
20120822,2012-08-22,2012,3,8,Aug,Summer,1
20120823,2012-08-23,2012,3,8,Aug,Summer,1
20120824,2012-08-24,2012,3,8,Aug,Summer,1
20120825,2012-08-25,2012,3,8,Aug,Summer,1
20120826,2012-08-26,2012,3,8,Aug,Summer,1
20120827,2012-08-27,2012,3,8,Aug,Summer,1
20120828,2012-08-28,2012,3,8,Aug,Summer,1
20120829,2012-08-29,2012,3,8,Aug,Summer,1
20120830,2012-08-30,2012,3,8,Aug,Summer,1
20120831,2012-08-31,2012,3,8,Aug,Summer,1
20120901,2012-09-01,2012,3,9,Sep,Autumn,1
20120902,2012-09-02,2012,3,9,Sep,Autumn,1
20120903,2012-09-03,2012,3,9,Sep,Autumn,1
20120904,2012-09-04,2012,3,9,Sep,Autumn,1
20120905,2012-09-05,2012,3,9,Sep,Autumn,1
20120906,2012-09-06,2012,3,9,Sep,Autumn,1
20120907,2012-09-07,2012,3,9,Sep,Autumn,1
20120908,2012-09-08,2012,3,9,Sep,Autumn,1
20120909,2012-09-09,2012,3,9,Sep,Autumn,1
20120910,2012-09-10,2012,3,9,Sep,Autumn,1
20120911,2012-09-11,2012,3,9,Sep,Autumn,1
20120912,2012-09-12,2012,3,9,Sep,Autumn,1
20120913,2012-09-13,2012,3,9,Sep,Autumn,1
20120914,2012-09-14,2012,3,9,Sep,Autumn,1
20120915,2012-09-15,2012,3,9,Sep,Autumn,1
20120916,2012-09-16,2012,3,9,Sep,Autumn,1
20120917,2012-09-17,2012,3,9,Sep,Autumn,1
20120918,2012-09-18,2012,3,9,Sep,Autumn,1
20120919,2012-09-19,2012,3,9,Sep,Autumn,1
20120920,2012-09-20,2012,3,9,Sep,Autumn,1
20120921,2012-09-21,2012,3,9,Sep,Autumn,1
20120922,2012-09-22,2012,3,9,Sep,Autumn,1
20120923,2012-09-23,2012,3,9,Sep,Autumn,1
20120924,2012-09-24,2012,3,9,Sep,Autumn,1
20120925,2012-09-25,2012,3,9,Sep,Autumn,1
20120926,2012-09-26,2012,3,9,Sep,Autumn,1
20120927,2012-09-27,2012,3,9,Sep,Autumn,1
20120928,2012-09-28,2012,3,9,Sep,Autumn,1
20120929,2012-09-29,2012,3,9,Sep,Autumn,1
20120930,2012-09-30,2012,3,9,Sep,Autumn,1
20121001,2012-10-01,2012,4,10,Oct,Autumn,1
20121002,2012-10-02,2012,4,10,Oct,Autumn,1
20121003,2012-10-03,2012,4,10,Oct,Autumn,1
20121004,2012-10-04,2012,4,10,Oct,Autumn,1
20121005,2012-10-05,2012,4,10,Oct,Autumn,1
20121006,2012-10-06,2012,4,10,Oct,Autumn,1
20121007,2012-10-07,2012,4,10,Oct,Autumn,1
20121008,2012-10-08,2012,4,10,Oct,Autumn,1
20121009,2012-10-09,2012,4,10,Oct,Autumn,1
20121010,2012-10-10,2012,4,10,Oct,Autumn,1
20121011,2012-10-11,2012,4,10,Oct,Autumn,1
20121012,2012-10-12,2012,4,10,Oct,Autumn,1
20121013,2012-10-13,2012,4,10,Oct,Autumn,1
20121014,2012-10-14,2012,4,10,Oct,Autumn,1
20121015,2012-10-15,2012,4,10,Oct,Autumn,1
20121016,2012-10-16,2012,4,10,Oct,Autumn,1
20121017,2012-10-17,2012,4,10,Oct,Autumn,1
20121018,2012-10-18,2012,4,10,Oct,Autumn,1
20121019,2012-10-19,2012,4,10,Oct,Autumn,1
20121020,2012-10-20,2012,4,10,Oct,Autumn,1
20121021,2012-10-21,2012,4,10,Oct,Autumn,1
20121022,2012-10-22,2012,4,10,Oct,Autumn,1
20121023,2012-10-23,2012,4,10,Oct,Autumn,1
20121024,2012-10-24,2012,4,10,Oct,Autumn,1
20121025,2012-10-25,2012,4,10,Oct,Autumn,1
20121026,2012-10-26,2012,4,10,Oct,Autumn,1
20121027,2012-10-27,2012,4,10,Oct,Autumn,1
20121028,2012-10-28,2012,4,10,Oct,Autumn,1
20121029,2012-10-29,2012,4,10,Oct,Autumn,1
20121030,2012-10-30,2012,4,10,Oct,Autumn,1
20121031,2012-10-31,2012,4,10,Oct,Autumn,1
20121101,2012-11-01,2012,4,11,Nov,Autumn,0
20121102,2012-11-02,2012,4,11,Nov,Autumn,0
20121103,2012-11-03,2012,4,11,Nov,Autumn,0
20121104,2012-11-04,2012,4,11,Nov,Autumn,0
20121105,2012-11-05,2012,4,11,Nov,Autumn,0
20121106,2012-11-06,2012,4,11,Nov,Autumn,0
20121107,2012-11-07,2012,4,11,Nov,Autumn,0
20121108,2012-11-08,2012,4,11,Nov,Autumn,0
20121109,2012-11-09,2012,4,11,Nov,Autumn,0
20121110,2012-11-10,2012,4,11,Nov,Autumn,0
20121111,2012-11-11,2012,4,11,Nov,Autumn,0
20121112,2012-11-12,2012,4,11,Nov,Autumn,0
20121113,2012-11-13,2012,4,11,Nov,Autumn,0
20121114,2012-11-14,2012,4,11,Nov,Autumn,0
20121115,2012-11-15,2012,4,11,Nov,Autumn,0
20121116,2012-11-16,2012,4,11,Nov,Autumn,0
20121117,2012-11-17,2012,4,11,Nov,Autumn,0
20121118,2012-11-18,2012,4,11,Nov,Autumn,0
20121119,2012-11-19,2012,4,11,Nov,Autumn,0
20121120,2012-11-20,2012,4,11,Nov,Autumn,0
20121121,2012-11-21,2012,4,11,Nov,Autumn,0
20121122,2012-11-22,2012,4,11,Nov,Autumn,0
20121123,2012-11-23,2012,4,11,Nov,Autumn,0
20121124,2012-11-24,2012,4,11,Nov,Autumn,0
20121125,2012-11-25,2012,4,11,Nov,Autumn,0
20121126,2012-11-26,2012,4,11,Nov,Autumn,0
20121127,2012-11-27,2012,4,11,Nov,Autumn,0
20121128,2012-11-28,2012,4,11,Nov,Autumn,0
20121129,2012-11-29,2012,4,11,Nov,Autumn,0
20121130,2012-11-30,2012,4,11,Nov,Autumn,0
20121201,2012-12-01,2012,4,12,Dec,Winter,0
20121202,2012-12-02,2012,4,12,Dec,Winter,0
20121203,2012-12-03,2012,4,12,Dec,Winter,0
20121204,2012-12-04,2012,4,12,Dec,Winter,0
20121205,2012-12-05,2012,4,12,Dec,Winter,0
20121206,2012-12-06,2012,4,12,Dec,Winter,0
20121207,2012-12-07,2012,4,12,Dec,Winter,0
20121208,2012-12-08,2012,4,12,Dec,Winter,0
20121209,2012-12-09,2012,4,12,Dec,Winter,0
20121210,2012-12-10,2012,4,12,Dec,Winter,0
20121211,2012-12-11,2012,4,12,Dec,Winter,0
20121212,2012-12-12,2012,4,12,Dec,Winter,0
20121213,2012-12-13,2012,4,12,Dec,Winter,0
20121214,2012-12-14,2012,4,12,Dec,Winter,0
20121215,2012-12-15,2012,4,12,Dec,Winter,0
20121216,2012-12-16,2012,4,12,Dec,Winter,0
20121217,2012-12-17,2012,4,12,Dec,Winter,0
20121218,2012-12-18,2012,4,12,Dec,Winter,0
20121219,2012-12-19,2012,4,12,Dec,Winter,0
20121220,2012-12-20,2012,4,12,Dec,Winter,0
20121221,2012-12-21,2012,4,12,Dec,Winter,0
20121222,2012-12-22,2012,4,12,Dec,Winter,0
20121223,2012-12-23,2012,4,12,Dec,Winter,0
20121224,2012-12-24,2012,4,12,Dec,Winter,0
20121225,2012-12-25,2012,4,12,Dec,Winter,0
20121226,2012-12-26,2012,4,12,Dec,Winter,0
20121227,2012-12-27,2012,4,12,Dec,Winter,0
20121228,2012-12-28,2012,4,12,Dec,Winter,0
20121229,2012-12-29,2012,4,12,Dec,Winter,0
20121230,2012-12-30,2012,4,12,Dec,Winter,0
20121231,2012-12-31,2012,4,12,Dec,Winter,0
20130101,2013-01-01,2013,1,1,Jan,Winter,0
20130102,2013-01-02,2013,1,1,Jan,Winter,0
20130103,2013-01-03,2013,1,1,Jan,Winter,0
20130104,2013-01-04,2013,1,1,Jan,Winter,0
20130105,2013-01-05,2013,1,1,Jan,Winter,0
20130106,2013-01-06,2013,1,1,Jan,Winter,0
20130107,2013-01-07,2013,1,1,Jan,Winter,0
20130108,2013-01-08,2013,1,1,Jan,Winter,0
20130109,2013-01-09,2013,1,1,Jan,Winter,0
20130110,2013-01-10,2013,1,1,Jan,Winter,0
20130111,2013-01-11,2013,1,1,Jan,Winter,0
20130112,2013-01-12,2013,1,1,Jan,Winter,0
20130113,2013-01-13,2013,1,1,Jan,Winter,0
20130114,2013-01-14,2013,1,1,Jan,Winter,0
20130115,2013-01-15,2013,1,1,Jan,Winter,0
20130116,2013-01-16,2013,1,1,Jan,Winter,0
20130117,2013-01-17,2013,1,1,Jan,Winter,0
20130118,2013-01-18,2013,1,1,Jan,Winter,0
20130119,2013-01-19,2013,1,1,Jan,Winter,0
20130120,2013-01-20,2013,1,1,Jan,Winter,0
20130121,2013-01-21,2013,1,1,Jan,Winter,0
20130122,2013-01-22,2013,1,1,Jan,Winter,0
20130123,2013-01-23,2013,1,1,Jan,Winter,0
20130124,2013-01-24,2013,1,1,Jan,Winter,0
20130125,2013-01-25,2013,1,1,Jan,Winter,0
20130126,2013-01-26,2013,1,1,Jan,Winter,0
20130127,2013-01-27,2013,1,1,Jan,Winter,0
20130128,2013-01-28,2013,1,1,Jan,Winter,0
20130129,2013-01-29,2013,1,1,Jan,Winter,0
20130130,2013-01-30,2013,1,1,Jan,Winter,0
20130131,2013-01-31,2013,1,1,Jan,Winter,0
20130201,2013-02-01,2013,1,2,Feb,Winter,0
20130202,2013-02-02,2013,1,2,Feb,Winter,0
20130203,2013-02-03,2013,1,2,Feb,Winter,0
20130204,2013-02-04,2013,1,2,Feb,Winter,0
20130205,2013-02-05,2013,1,2,Feb,Winter,0
20130206,2013-02-06,2013,1,2,Feb,Winter,0
20130207,2013-02-07,2013,1,2,Feb,Winter,0
20130208,2013-02-08,2013,1,2,Feb,Winter,0
20130209,2013-02-09,2013,1,2,Feb,Winter,0
20130210,2013-02-10,2013,1,2,Feb,Winter,0
20130211,2013-02-11,2013,1,2,Feb,Winter,0
20130212,2013-02-12,2013,1,2,Feb,Winter,0
20130213,2013-02-13,2013,1,2,Feb,Winter,0
20130214,2013-02-14,2013,1,2,Feb,Winter,0
20130215,2013-02-15,2013,1,2,Feb,Winter,0
20130216,2013-02-16,2013,1,2,Feb,Winter,0
20130217,2013-02-17,2013,1,2,Feb,Winter,0
20130218,2013-02-18,2013,1,2,Feb,Winter,0
20130219,2013-02-19,2013,1,2,Feb,Winter,0
20130220,2013-02-20,2013,1,2,Feb,Winter,0
20130221,2013-02-21,2013,1,2,Feb,Winter,0
20130222,2013-02-22,2013,1,2,Feb,Winter,0
20130223,2013-02-23,2013,1,2,Feb,Winter,0
20130224,2013-02-24,2013,1,2,Feb,Winter,0
20130225,2013-02-25,2013,1,2,Feb,Winter,0
20130226,2013-02-26,2013,1,2,Feb,Winter,0
20130227,2013-02-27,2013,1,2,Feb,Winter,0
20130228,2013-02-28,2013,1,2,Feb,Winter,0
20130301,2013-03-01,2013,1,3,Mar,Spring,0
20130302,2013-03-02,2013,1,3,Mar,Spring,0
20130303,2013-03-03,2013,1,3,Mar,Spring,0
20130304,2013-03-04,2013,1,3,Mar,Spring,0
20130305,2013-03-05,2013,1,3,Mar,Spring,0
20130306,2013-03-06,2013,1,3,Mar,Spring,0
20130307,2013-03-07,2013,1,3,Mar,Spring,0
20130308,2013-03-08,2013,1,3,Mar,Spring,0
20130309,2013-03-09,2013,1,3,Mar,Spring,0
20130310,2013-03-10,2013,1,3,Mar,Spring,0
20130311,2013-03-11,2013,1,3,Mar,Spring,0
20130312,2013-03-12,2013,1,3,Mar,Spring,0
20130313,2013-03-13,2013,1,3,Mar,Spring,0
20130314,2013-03-14,2013,1,3,Mar,Spring,0
20130315,2013-03-15,2013,1,3,Mar,Spring,0
20130316,2013-03-16,2013,1,3,Mar,Spring,0
20130317,2013-03-17,2013,1,3,Mar,Spring,0
20130318,2013-03-18,2013,1,3,Mar,Spring,0
20130319,2013-03-19,2013,1,3,Mar,Spring,0
20130320,2013-03-20,2013,1,3,Mar,Spring,0
20130321,2013-03-21,2013,1,3,Mar,Spring,0
20130322,2013-03-22,2013,1,3,Mar,Spring,0
20130323,2013-03-23,2013,1,3,Mar,Spring,0
20130324,2013-03-24,2013,1,3,Mar,Spring,0
20130325,2013-03-25,2013,1,3,Mar,Spring,0
20130326,2013-03-26,2013,1,3,Mar,Spring,0
20130327,2013-03-27,2013,1,3,Mar,Spring,0
20130328,2013-03-28,2013,1,3,Mar,Spring,0
20130329,2013-03-29,2013,1,3,Mar,Spring,0
20130330,2013-03-30,2013,1,3,Mar,Spring,0
20130331,2013-03-31,2013,1,3,Mar,Spring,0
20130401,2013-04-01,2013,2,4,Apr,Spring,0
20130402,2013-04-02,2013,2,4,Apr,Spring,0
20130403,2013-04-03,2013,2,4,Apr,Spring,0
20130404,2013-04-04,2013,2,4,Apr,Spring,0
20130405,2013-04-05,2013,2,4,Apr,Spring,0
20130406,2013-04-06,2013,2,4,Apr,Spring,0
20130407,2013-04-07,2013,2,4,Apr,Spring,0
20130408,2013-04-08,2013,2,4,Apr,Spring,0
20130409,2013-04-09,2013,2,4,Apr,Spring,0
20130410,2013-04-10,2013,2,4,Apr,Spring,0
20130411,2013-04-11,2013,2,4,Apr,Spring,0
20130412,2013-04-12,2013,2,4,Apr,Spring,0
20130413,2013-04-13,2013,2,4,Apr,Spring,0
20130414,2013-04-14,2013,2,4,Apr,Spring,0
20130415,2013-04-15,2013,2,4,Apr,Spring,0
20130416,2013-04-16,2013,2,4,Apr,Spring,0
20130417,2013-04-17,2013,2,4,Apr,Spring,0
20130418,2013-04-18,2013,2,4,Apr,Spring,0
20130419,2013-04-19,2013,2,4,Apr,Spring,0
20130420,2013-04-20,2013,2,4,Apr,Spring,0
20130421,2013-04-21,2013,2,4,Apr,Spring,0
20130422,2013-04-22,2013,2,4,Apr,Spring,0
20130423,2013-04-23,2013,2,4,Apr,Spring,0
20130424,2013-04-24,2013,2,4,Apr,Spring,0
20130425,2013-04-25,2013,2,4,Apr,Spring,0
20130426,2013-04-26,2013,2,4,Apr,Spring,0
20130427,2013-04-27,2013,2,4,Apr,Spring,0
20130428,2013-04-28,2013,2,4,Apr,Spring,0
20130429,2013-04-29,2013,2,4,Apr,Spring,0
20130430,2013-04-30,2013,2,4,Apr,Spring,0
20130501,2013-05-01,2013,2,5,May,Spring,0
20130502,2013-05-02,2013,2,5,May,Spring,0
20130503,2013-05-03,2013,2,5,May,Spring,0
20130504,2013-05-04,2013,2,5,May,Spring,0
20130505,2013-05-05,2013,2,5,May,Spring,0
20130506,2013-05-06,2013,2,5,May,Spring,0
20130507,2013-05-07,2013,2,5,May,Spring,0
20130508,2013-05-08,2013,2,5,May,Spring,0
20130509,2013-05-09,2013,2,5,May,Spring,0
20130510,2013-05-10,2013,2,5,May,Spring,0
20130511,2013-05-11,2013,2,5,May,Spring,0
20130512,2013-05-12,2013,2,5,May,Spring,0
20130513,2013-05-13,2013,2,5,May,Spring,0
20130514,2013-05-14,2013,2,5,May,Spring,0
20130515,2013-05-15,2013,2,5,May,Spring,0
20130516,2013-05-16,2013,2,5,May,Spring,0
20130517,2013-05-17,2013,2,5,May,Spring,0
20130518,2013-05-18,2013,2,5,May,Spring,0
20130519,2013-05-19,2013,2,5,May,Spring,0
20130520,2013-05-20,2013,2,5,May,Spring,0
20130521,2013-05-21,2013,2,5,May,Spring,0
20130522,2013-05-22,2013,2,5,May,Spring,0
20130523,2013-05-23,2013,2,5,May,Spring,0
20130524,2013-05-24,2013,2,5,May,Spring,0
20130525,2013-05-25,2013,2,5,May,Spring,0
20130526,2013-05-26,2013,2,5,May,Spring,0
20130527,2013-05-27,2013,2,5,May,Spring,0
20130528,2013-05-28,2013,2,5,May,Spring,0
20130529,2013-05-29,2013,2,5,May,Spring,0
20130530,2013-05-30,2013,2,5,May,Spring,0
20130531,2013-05-31,2013,2,5,May,Spring,0
20130601,2013-06-01,2013,2,6,Jun,Summer,1
20130602,2013-06-02,2013,2,6,Jun,Summer,1
20130603,2013-06-03,2013,2,6,Jun,Summer,1
20130604,2013-06-04,2013,2,6,Jun,Summer,1
20130605,2013-06-05,2013,2,6,Jun,Summer,1
20130606,2013-06-06,2013,2,6,Jun,Summer,1
20130607,2013-06-07,2013,2,6,Jun,Summer,1
20130608,2013-06-08,2013,2,6,Jun,Summer,1
20130609,2013-06-09,2013,2,6,Jun,Summer,1
20130610,2013-06-10,2013,2,6,Jun,Summer,1
20130611,2013-06-11,2013,2,6,Jun,Summer,1
20130612,2013-06-12,2013,2,6,Jun,Summer,1
20130613,2013-06-13,2013,2,6,Jun,Summer,1
20130614,2013-06-14,2013,2,6,Jun,Summer,1
20130615,2013-06-15,2013,2,6,Jun,Summer,1
20130616,2013-06-16,2013,2,6,Jun,Summer,1
20130617,2013-06-17,2013,2,6,Jun,Summer,1
20130618,2013-06-18,2013,2,6,Jun,Summer,1
20130619,2013-06-19,2013,2,6,Jun,Summer,1
20130620,2013-06-20,2013,2,6,Jun,Summer,1
20130621,2013-06-21,2013,2,6,Jun,Summer,1
20130622,2013-06-22,2013,2,6,Jun,Summer,1
20130623,2013-06-23,2013,2,6,Jun,Summer,1
20130624,2013-06-24,2013,2,6,Jun,Summer,1
20130625,2013-06-25,2013,2,6,Jun,Summer,1
20130626,2013-06-26,2013,2,6,Jun,Summer,1
20130627,2013-06-27,2013,2,6,Jun,Summer,1
20130628,2013-06-28,2013,2,6,Jun,Summer,1
20130629,2013-06-29,2013,2,6,Jun,Summer,1
20130630,2013-06-30,2013,2,6,Jun,Summer,1
20130701,2013-07-01,2013,3,7,Jul,Summer,1
20130702,2013-07-02,2013,3,7,Jul,Summer,1
20130703,2013-07-03,2013,3,7,Jul,Summer,1
20130704,2013-07-04,2013,3,7,Jul,Summer,1
20130705,2013-07-05,2013,3,7,Jul,Summer,1
20130706,2013-07-06,2013,3,7,Jul,Summer,1
20130707,2013-07-07,2013,3,7,Jul,Summer,1
20130708,2013-07-08,2013,3,7,Jul,Summer,1
20130709,2013-07-09,2013,3,7,Jul,Summer,1
20130710,2013-07-10,2013,3,7,Jul,Summer,1
20130711,2013-07-11,2013,3,7,Jul,Summer,1
20130712,2013-07-12,2013,3,7,Jul,Summer,1
20130713,2013-07-13,2013,3,7,Jul,Summer,1
20130714,2013-07-14,2013,3,7,Jul,Summer,1
20130715,2013-07-15,2013,3,7,Jul,Summer,1
20130716,2013-07-16,2013,3,7,Jul,Summer,1
20130717,2013-07-17,2013,3,7,Jul,Summer,1
20130718,2013-07-18,2013,3,7,Jul,Summer,1
20130719,2013-07-19,2013,3,7,Jul,Summer,1
20130720,2013-07-20,2013,3,7,Jul,Summer,1
20130721,2013-07-21,2013,3,7,Jul,Summer,1
20130722,2013-07-22,2013,3,7,Jul,Summer,1
20130723,2013-07-23,2013,3,7,Jul,Summer,1
20130724,2013-07-24,2013,3,7,Jul,Summer,1
20130725,2013-07-25,2013,3,7,Jul,Summer,1
20130726,2013-07-26,2013,3,7,Jul,Summer,1
20130727,2013-07-27,2013,3,7,Jul,Summer,1
20130728,2013-07-28,2013,3,7,Jul,Summer,1
20130729,2013-07-29,2013,3,7,Jul,Summer,1
20130730,2013-07-30,2013,3,7,Jul,Summer,1
20130731,2013-07-31,2013,3,7,Jul,Summer,1
20130801,2013-08-01,2013,3,8,Aug,Summer,1
20130802,2013-08-02,2013,3,8,Aug,Summer,1
20130803,2013-08-03,2013,3,8,Aug,Summer,1
20130804,2013-08-04,2013,3,8,Aug,Summer,1
20130805,2013-08-05,2013,3,8,Aug,Summer,1
20130806,2013-08-06,2013,3,8,Aug,Summer,1
20130807,2013-08-07,2013,3,8,Aug,Summer,1
20130808,2013-08-08,2013,3,8,Aug,Summer,1
20130809,2013-08-09,2013,3,8,Aug,Summer,1
20130810,2013-08-10,2013,3,8,Aug,Summer,1
20130811,2013-08-11,2013,3,8,Aug,Summer,1
20130812,2013-08-12,2013,3,8,Aug,Summer,1
20130813,2013-08-13,2013,3,8,Aug,Summer,1
20130814,2013-08-14,2013,3,8,Aug,Summer,1
20130815,2013-08-15,2013,3,8,Aug,Summer,1
20130816,2013-08-16,2013,3,8,Aug,Summer,1
20130817,2013-08-17,2013,3,8,Aug,Summer,1
20130818,2013-08-18,2013,3,8,Aug,Summer,1
20130819,2013-08-19,2013,3,8,Aug,Summer,1
20130820,2013-08-20,2013,3,8,Aug,Summer,1
20130821,2013-08-21,2013,3,8,Aug,Summer,1
20130822,2013-08-22,2013,3,8,Aug,Summer,1
20130823,2013-08-23,2013,3,8,Aug,Summer,1
20130824,2013-08-24,2013,3,8,Aug,Summer,1
20130825,2013-08-25,2013,3,8,Aug,Summer,1
20130826,2013-08-26,2013,3,8,Aug,Summer,1
20130827,2013-08-27,2013,3,8,Aug,Summer,1
20130828,2013-08-28,2013,3,8,Aug,Summer,1
20130829,2013-08-29,2013,3,8,Aug,Summer,1
20130830,2013-08-30,2013,3,8,Aug,Summer,1
20130831,2013-08-31,2013,3,8,Aug,Summer,1
20130901,2013-09-01,2013,3,9,Sep,Autumn,1
20130902,2013-09-02,2013,3,9,Sep,Autumn,1
20130903,2013-09-03,2013,3,9,Sep,Autumn,1
20130904,2013-09-04,2013,3,9,Sep,Autumn,1
20130905,2013-09-05,2013,3,9,Sep,Autumn,1
20130906,2013-09-06,2013,3,9,Sep,Autumn,1
20130907,2013-09-07,2013,3,9,Sep,Autumn,1
20130908,2013-09-08,2013,3,9,Sep,Autumn,1
20130909,2013-09-09,2013,3,9,Sep,Autumn,1
20130910,2013-09-10,2013,3,9,Sep,Autumn,1
20130911,2013-09-11,2013,3,9,Sep,Autumn,1
20130912,2013-09-12,2013,3,9,Sep,Autumn,1
20130913,2013-09-13,2013,3,9,Sep,Autumn,1
20130914,2013-09-14,2013,3,9,Sep,Autumn,1
20130915,2013-09-15,2013,3,9,Sep,Autumn,1
20130916,2013-09-16,2013,3,9,Sep,Autumn,1
20130917,2013-09-17,2013,3,9,Sep,Autumn,1
20130918,2013-09-18,2013,3,9,Sep,Autumn,1
20130919,2013-09-19,2013,3,9,Sep,Autumn,1
20130920,2013-09-20,2013,3,9,Sep,Autumn,1
20130921,2013-09-21,2013,3,9,Sep,Autumn,1
20130922,2013-09-22,2013,3,9,Sep,Autumn,1
20130923,2013-09-23,2013,3,9,Sep,Autumn,1
20130924,2013-09-24,2013,3,9,Sep,Autumn,1
20130925,2013-09-25,2013,3,9,Sep,Autumn,1
20130926,2013-09-26,2013,3,9,Sep,Autumn,1
20130927,2013-09-27,2013,3,9,Sep,Autumn,1
20130928,2013-09-28,2013,3,9,Sep,Autumn,1
20130929,2013-09-29,2013,3,9,Sep,Autumn,1
20130930,2013-09-30,2013,3,9,Sep,Autumn,1
20131001,2013-10-01,2013,4,10,Oct,Autumn,1
20131002,2013-10-02,2013,4,10,Oct,Autumn,1
20131003,2013-10-03,2013,4,10,Oct,Autumn,1
20131004,2013-10-04,2013,4,10,Oct,Autumn,1
20131005,2013-10-05,2013,4,10,Oct,Autumn,1
20131006,2013-10-06,2013,4,10,Oct,Autumn,1
20131007,2013-10-07,2013,4,10,Oct,Autumn,1
20131008,2013-10-08,2013,4,10,Oct,Autumn,1
20131009,2013-10-09,2013,4,10,Oct,Autumn,1
20131010,2013-10-10,2013,4,10,Oct,Autumn,1
20131011,2013-10-11,2013,4,10,Oct,Autumn,1
20131012,2013-10-12,2013,4,10,Oct,Autumn,1
20131013,2013-10-13,2013,4,10,Oct,Autumn,1
20131014,2013-10-14,2013,4,10,Oct,Autumn,1
20131015,2013-10-15,2013,4,10,Oct,Autumn,1
20131016,2013-10-16,2013,4,10,Oct,Autumn,1
20131017,2013-10-17,2013,4,10,Oct,Autumn,1
20131018,2013-10-18,2013,4,10,Oct,Autumn,1
20131019,2013-10-19,2013,4,10,Oct,Autumn,1
20131020,2013-10-20,2013,4,10,Oct,Autumn,1
20131021,2013-10-21,2013,4,10,Oct,Autumn,1
20131022,2013-10-22,2013,4,10,Oct,Autumn,1
20131023,2013-10-23,2013,4,10,Oct,Autumn,1
20131024,2013-10-24,2013,4,10,Oct,Autumn,1
20131025,2013-10-25,2013,4,10,Oct,Autumn,1
20131026,2013-10-26,2013,4,10,Oct,Autumn,1
20131027,2013-10-27,2013,4,10,Oct,Autumn,1
20131028,2013-10-28,2013,4,10,Oct,Autumn,1
20131029,2013-10-29,2013,4,10,Oct,Autumn,1
20131030,2013-10-30,2013,4,10,Oct,Autumn,1
20131031,2013-10-31,2013,4,10,Oct,Autumn,1
20131101,2013-11-01,2013,4,11,Nov,Autumn,0
20131102,2013-11-02,2013,4,11,Nov,Autumn,0
20131103,2013-11-03,2013,4,11,Nov,Autumn,0
20131104,2013-11-04,2013,4,11,Nov,Autumn,0
20131105,2013-11-05,2013,4,11,Nov,Autumn,0
20131106,2013-11-06,2013,4,11,Nov,Autumn,0
20131107,2013-11-07,2013,4,11,Nov,Autumn,0
20131108,2013-11-08,2013,4,11,Nov,Autumn,0
20131109,2013-11-09,2013,4,11,Nov,Autumn,0
20131110,2013-11-10,2013,4,11,Nov,Autumn,0
20131111,2013-11-11,2013,4,11,Nov,Autumn,0
20131112,2013-11-12,2013,4,11,Nov,Autumn,0
20131113,2013-11-13,2013,4,11,Nov,Autumn,0
20131114,2013-11-14,2013,4,11,Nov,Autumn,0
20131115,2013-11-15,2013,4,11,Nov,Autumn,0
20131116,2013-11-16,2013,4,11,Nov,Autumn,0
20131117,2013-11-17,2013,4,11,Nov,Autumn,0
20131118,2013-11-18,2013,4,11,Nov,Autumn,0
20131119,2013-11-19,2013,4,11,Nov,Autumn,0
20131120,2013-11-20,2013,4,11,Nov,Autumn,0
20131121,2013-11-21,2013,4,11,Nov,Autumn,0
20131122,2013-11-22,2013,4,11,Nov,Autumn,0
20131123,2013-11-23,2013,4,11,Nov,Autumn,0
20131124,2013-11-24,2013,4,11,Nov,Autumn,0
20131125,2013-11-25,2013,4,11,Nov,Autumn,0
20131126,2013-11-26,2013,4,11,Nov,Autumn,0
20131127,2013-11-27,2013,4,11,Nov,Autumn,0
20131128,2013-11-28,2013,4,11,Nov,Autumn,0
20131129,2013-11-29,2013,4,11,Nov,Autumn,0
20131130,2013-11-30,2013,4,11,Nov,Autumn,0
20131201,2013-12-01,2013,4,12,Dec,Winter,0
20131202,2013-12-02,2013,4,12,Dec,Winter,0
20131203,2013-12-03,2013,4,12,Dec,Winter,0
20131204,2013-12-04,2013,4,12,Dec,Winter,0
20131205,2013-12-05,2013,4,12,Dec,Winter,0
20131206,2013-12-06,2013,4,12,Dec,Winter,0
20131207,2013-12-07,2013,4,12,Dec,Winter,0
20131208,2013-12-08,2013,4,12,Dec,Winter,0
20131209,2013-12-09,2013,4,12,Dec,Winter,0
20131210,2013-12-10,2013,4,12,Dec,Winter,0
20131211,2013-12-11,2013,4,12,Dec,Winter,0
20131212,2013-12-12,2013,4,12,Dec,Winter,0
20131213,2013-12-13,2013,4,12,Dec,Winter,0
20131214,2013-12-14,2013,4,12,Dec,Winter,0
20131215,2013-12-15,2013,4,12,Dec,Winter,0
20131216,2013-12-16,2013,4,12,Dec,Winter,0
20131217,2013-12-17,2013,4,12,Dec,Winter,0
20131218,2013-12-18,2013,4,12,Dec,Winter,0
20131219,2013-12-19,2013,4,12,Dec,Winter,0
20131220,2013-12-20,2013,4,12,Dec,Winter,0
20131221,2013-12-21,2013,4,12,Dec,Winter,0
20131222,2013-12-22,2013,4,12,Dec,Winter,0
20131223,2013-12-23,2013,4,12,Dec,Winter,0
20131224,2013-12-24,2013,4,12,Dec,Winter,0
20131225,2013-12-25,2013,4,12,Dec,Winter,0
20131226,2013-12-26,2013,4,12,Dec,Winter,0
20131227,2013-12-27,2013,4,12,Dec,Winter,0
20131228,2013-12-28,2013,4,12,Dec,Winter,0
20131229,2013-12-29,2013,4,12,Dec,Winter,0
20131230,2013-12-30,2013,4,12,Dec,Winter,0
20131231,2013-12-31,2013,4,12,Dec,Winter,0
20140101,2014-01-01,2014,1,1,Jan,Winter,0
20140102,2014-01-02,2014,1,1,Jan,Winter,0
20140103,2014-01-03,2014,1,1,Jan,Winter,0
20140104,2014-01-04,2014,1,1,Jan,Winter,0
20140105,2014-01-05,2014,1,1,Jan,Winter,0
20140106,2014-01-06,2014,1,1,Jan,Winter,0
20140107,2014-01-07,2014,1,1,Jan,Winter,0
20140108,2014-01-08,2014,1,1,Jan,Winter,0
20140109,2014-01-09,2014,1,1,Jan,Winter,0
20140110,2014-01-10,2014,1,1,Jan,Winter,0
20140111,2014-01-11,2014,1,1,Jan,Winter,0
20140112,2014-01-12,2014,1,1,Jan,Winter,0
20140113,2014-01-13,2014,1,1,Jan,Winter,0
20140114,2014-01-14,2014,1,1,Jan,Winter,0
20140115,2014-01-15,2014,1,1,Jan,Winter,0
20140116,2014-01-16,2014,1,1,Jan,Winter,0
20140117,2014-01-17,2014,1,1,Jan,Winter,0
20140118,2014-01-18,2014,1,1,Jan,Winter,0
20140119,2014-01-19,2014,1,1,Jan,Winter,0
20140120,2014-01-20,2014,1,1,Jan,Winter,0
20140121,2014-01-21,2014,1,1,Jan,Winter,0
20140122,2014-01-22,2014,1,1,Jan,Winter,0
20140123,2014-01-23,2014,1,1,Jan,Winter,0
20140124,2014-01-24,2014,1,1,Jan,Winter,0
20140125,2014-01-25,2014,1,1,Jan,Winter,0
20140126,2014-01-26,2014,1,1,Jan,Winter,0
20140127,2014-01-27,2014,1,1,Jan,Winter,0
20140128,2014-01-28,2014,1,1,Jan,Winter,0
20140129,2014-01-29,2014,1,1,Jan,Winter,0
20140130,2014-01-30,2014,1,1,Jan,Winter,0
20140131,2014-01-31,2014,1,1,Jan,Winter,0
20140201,2014-02-01,2014,1,2,Feb,Winter,0
20140202,2014-02-02,2014,1,2,Feb,Winter,0
20140203,2014-02-03,2014,1,2,Feb,Winter,0
20140204,2014-02-04,2014,1,2,Feb,Winter,0
20140205,2014-02-05,2014,1,2,Feb,Winter,0
20140206,2014-02-06,2014,1,2,Feb,Winter,0
20140207,2014-02-07,2014,1,2,Feb,Winter,0
20140208,2014-02-08,2014,1,2,Feb,Winter,0
20140209,2014-02-09,2014,1,2,Feb,Winter,0
20140210,2014-02-10,2014,1,2,Feb,Winter,0
20140211,2014-02-11,2014,1,2,Feb,Winter,0
20140212,2014-02-12,2014,1,2,Feb,Winter,0
20140213,2014-02-13,2014,1,2,Feb,Winter,0
20140214,2014-02-14,2014,1,2,Feb,Winter,0
20140215,2014-02-15,2014,1,2,Feb,Winter,0
20140216,2014-02-16,2014,1,2,Feb,Winter,0
20140217,2014-02-17,2014,1,2,Feb,Winter,0
20140218,2014-02-18,2014,1,2,Feb,Winter,0
20140219,2014-02-19,2014,1,2,Feb,Winter,0
20140220,2014-02-20,2014,1,2,Feb,Winter,0
20140221,2014-02-21,2014,1,2,Feb,Winter,0
20140222,2014-02-22,2014,1,2,Feb,Winter,0
20140223,2014-02-23,2014,1,2,Feb,Winter,0
20140224,2014-02-24,2014,1,2,Feb,Winter,0
20140225,2014-02-25,2014,1,2,Feb,Winter,0
20140226,2014-02-26,2014,1,2,Feb,Winter,0
20140227,2014-02-27,2014,1,2,Feb,Winter,0
20140228,2014-02-28,2014,1,2,Feb,Winter,0
20140301,2014-03-01,2014,1,3,Mar,Spring,0
20140302,2014-03-02,2014,1,3,Mar,Spring,0
20140303,2014-03-03,2014,1,3,Mar,Spring,0
20140304,2014-03-04,2014,1,3,Mar,Spring,0
20140305,2014-03-05,2014,1,3,Mar,Spring,0
20140306,2014-03-06,2014,1,3,Mar,Spring,0
20140307,2014-03-07,2014,1,3,Mar,Spring,0
20140308,2014-03-08,2014,1,3,Mar,Spring,0
20140309,2014-03-09,2014,1,3,Mar,Spring,0
20140310,2014-03-10,2014,1,3,Mar,Spring,0
20140311,2014-03-11,2014,1,3,Mar,Spring,0
20140312,2014-03-12,2014,1,3,Mar,Spring,0
20140313,2014-03-13,2014,1,3,Mar,Spring,0
20140314,2014-03-14,2014,1,3,Mar,Spring,0
20140315,2014-03-15,2014,1,3,Mar,Spring,0
20140316,2014-03-16,2014,1,3,Mar,Spring,0
20140317,2014-03-17,2014,1,3,Mar,Spring,0
20140318,2014-03-18,2014,1,3,Mar,Spring,0
20140319,2014-03-19,2014,1,3,Mar,Spring,0
20140320,2014-03-20,2014,1,3,Mar,Spring,0
20140321,2014-03-21,2014,1,3,Mar,Spring,0
20140322,2014-03-22,2014,1,3,Mar,Spring,0
20140323,2014-03-23,2014,1,3,Mar,Spring,0
20140324,2014-03-24,2014,1,3,Mar,Spring,0
20140325,2014-03-25,2014,1,3,Mar,Spring,0
20140326,2014-03-26,2014,1,3,Mar,Spring,0
20140327,2014-03-27,2014,1,3,Mar,Spring,0
20140328,2014-03-28,2014,1,3,Mar,Spring,0
20140329,2014-03-29,2014,1,3,Mar,Spring,0
20140330,2014-03-30,2014,1,3,Mar,Spring,0
20140331,2014-03-31,2014,1,3,Mar,Spring,0
20140401,2014-04-01,2014,2,4,Apr,Spring,0
20140402,2014-04-02,2014,2,4,Apr,Spring,0
20140403,2014-04-03,2014,2,4,Apr,Spring,0
20140404,2014-04-04,2014,2,4,Apr,Spring,0
20140405,2014-04-05,2014,2,4,Apr,Spring,0
20140406,2014-04-06,2014,2,4,Apr,Spring,0
20140407,2014-04-07,2014,2,4,Apr,Spring,0
20140408,2014-04-08,2014,2,4,Apr,Spring,0
20140409,2014-04-09,2014,2,4,Apr,Spring,0
20140410,2014-04-10,2014,2,4,Apr,Spring,0
20140411,2014-04-11,2014,2,4,Apr,Spring,0
20140412,2014-04-12,2014,2,4,Apr,Spring,0
20140413,2014-04-13,2014,2,4,Apr,Spring,0
20140414,2014-04-14,2014,2,4,Apr,Spring,0
20140415,2014-04-15,2014,2,4,Apr,Spring,0
20140416,2014-04-16,2014,2,4,Apr,Spring,0
20140417,2014-04-17,2014,2,4,Apr,Spring,0
20140418,2014-04-18,2014,2,4,Apr,Spring,0
20140419,2014-04-19,2014,2,4,Apr,Spring,0
20140420,2014-04-20,2014,2,4,Apr,Spring,0
20140421,2014-04-21,2014,2,4,Apr,Spring,0
20140422,2014-04-22,2014,2,4,Apr,Spring,0
20140423,2014-04-23,2014,2,4,Apr,Spring,0
20140424,2014-04-24,2014,2,4,Apr,Spring,0
20140425,2014-04-25,2014,2,4,Apr,Spring,0
20140426,2014-04-26,2014,2,4,Apr,Spring,0
20140427,2014-04-27,2014,2,4,Apr,Spring,0
20140428,2014-04-28,2014,2,4,Apr,Spring,0
20140429,2014-04-29,2014,2,4,Apr,Spring,0
20140430,2014-04-30,2014,2,4,Apr,Spring,0
20140501,2014-05-01,2014,2,5,May,Spring,0
20140502,2014-05-02,2014,2,5,May,Spring,0
20140503,2014-05-03,2014,2,5,May,Spring,0
20140504,2014-05-04,2014,2,5,May,Spring,0
20140505,2014-05-05,2014,2,5,May,Spring,0
20140506,2014-05-06,2014,2,5,May,Spring,0
20140507,2014-05-07,2014,2,5,May,Spring,0
20140508,2014-05-08,2014,2,5,May,Spring,0
20140509,2014-05-09,2014,2,5,May,Spring,0
20140510,2014-05-10,2014,2,5,May,Spring,0
20140511,2014-05-11,2014,2,5,May,Spring,0
20140512,2014-05-12,2014,2,5,May,Spring,0
20140513,2014-05-13,2014,2,5,May,Spring,0
20140514,2014-05-14,2014,2,5,May,Spring,0
20140515,2014-05-15,2014,2,5,May,Spring,0
20140516,2014-05-16,2014,2,5,May,Spring,0
20140517,2014-05-17,2014,2,5,May,Spring,0
20140518,2014-05-18,2014,2,5,May,Spring,0
20140519,2014-05-19,2014,2,5,May,Spring,0
20140520,2014-05-20,2014,2,5,May,Spring,0
20140521,2014-05-21,2014,2,5,May,Spring,0
20140522,2014-05-22,2014,2,5,May,Spring,0
20140523,2014-05-23,2014,2,5,May,Spring,0
20140524,2014-05-24,2014,2,5,May,Spring,0
20140525,2014-05-25,2014,2,5,May,Spring,0
20140526,2014-05-26,2014,2,5,May,Spring,0
20140527,2014-05-27,2014,2,5,May,Spring,0
20140528,2014-05-28,2014,2,5,May,Spring,0
20140529,2014-05-29,2014,2,5,May,Spring,0
20140530,2014-05-30,2014,2,5,May,Spring,0
20140531,2014-05-31,2014,2,5,May,Spring,0
20140601,2014-06-01,2014,2,6,Jun,Summer,1
20140602,2014-06-02,2014,2,6,Jun,Summer,1
20140603,2014-06-03,2014,2,6,Jun,Summer,1
20140604,2014-06-04,2014,2,6,Jun,Summer,1
20140605,2014-06-05,2014,2,6,Jun,Summer,1
20140606,2014-06-06,2014,2,6,Jun,Summer,1
20140607,2014-06-07,2014,2,6,Jun,Summer,1
20140608,2014-06-08,2014,2,6,Jun,Summer,1
20140609,2014-06-09,2014,2,6,Jun,Summer,1
20140610,2014-06-10,2014,2,6,Jun,Summer,1
20140611,2014-06-11,2014,2,6,Jun,Summer,1
20140612,2014-06-12,2014,2,6,Jun,Summer,1
20140613,2014-06-13,2014,2,6,Jun,Summer,1
20140614,2014-06-14,2014,2,6,Jun,Summer,1
20140615,2014-06-15,2014,2,6,Jun,Summer,1
20140616,2014-06-16,2014,2,6,Jun,Summer,1
20140617,2014-06-17,2014,2,6,Jun,Summer,1
20140618,2014-06-18,2014,2,6,Jun,Summer,1
20140619,2014-06-19,2014,2,6,Jun,Summer,1
20140620,2014-06-20,2014,2,6,Jun,Summer,1
20140621,2014-06-21,2014,2,6,Jun,Summer,1
20140622,2014-06-22,2014,2,6,Jun,Summer,1
20140623,2014-06-23,2014,2,6,Jun,Summer,1
20140624,2014-06-24,2014,2,6,Jun,Summer,1
20140625,2014-06-25,2014,2,6,Jun,Summer,1
20140626,2014-06-26,2014,2,6,Jun,Summer,1
20140627,2014-06-27,2014,2,6,Jun,Summer,1
20140628,2014-06-28,2014,2,6,Jun,Summer,1
20140629,2014-06-29,2014,2,6,Jun,Summer,1
20140630,2014-06-30,2014,2,6,Jun,Summer,1
20140701,2014-07-01,2014,3,7,Jul,Summer,1
20140702,2014-07-02,2014,3,7,Jul,Summer,1
20140703,2014-07-03,2014,3,7,Jul,Summer,1
20140704,2014-07-04,2014,3,7,Jul,Summer,1
20140705,2014-07-05,2014,3,7,Jul,Summer,1
20140706,2014-07-06,2014,3,7,Jul,Summer,1
20140707,2014-07-07,2014,3,7,Jul,Summer,1
20140708,2014-07-08,2014,3,7,Jul,Summer,1
20140709,2014-07-09,2014,3,7,Jul,Summer,1
20140710,2014-07-10,2014,3,7,Jul,Summer,1
20140711,2014-07-11,2014,3,7,Jul,Summer,1
20140712,2014-07-12,2014,3,7,Jul,Summer,1
20140713,2014-07-13,2014,3,7,Jul,Summer,1
20140714,2014-07-14,2014,3,7,Jul,Summer,1
20140715,2014-07-15,2014,3,7,Jul,Summer,1
20140716,2014-07-16,2014,3,7,Jul,Summer,1
20140717,2014-07-17,2014,3,7,Jul,Summer,1
20140718,2014-07-18,2014,3,7,Jul,Summer,1
20140719,2014-07-19,2014,3,7,Jul,Summer,1
20140720,2014-07-20,2014,3,7,Jul,Summer,1
20140721,2014-07-21,2014,3,7,Jul,Summer,1
20140722,2014-07-22,2014,3,7,Jul,Summer,1
20140723,2014-07-23,2014,3,7,Jul,Summer,1
20140724,2014-07-24,2014,3,7,Jul,Summer,1
20140725,2014-07-25,2014,3,7,Jul,Summer,1
20140726,2014-07-26,2014,3,7,Jul,Summer,1
20140727,2014-07-27,2014,3,7,Jul,Summer,1
20140728,2014-07-28,2014,3,7,Jul,Summer,1
20140729,2014-07-29,2014,3,7,Jul,Summer,1
20140730,2014-07-30,2014,3,7,Jul,Summer,1
20140731,2014-07-31,2014,3,7,Jul,Summer,1
20140801,2014-08-01,2014,3,8,Aug,Summer,1
20140802,2014-08-02,2014,3,8,Aug,Summer,1
20140803,2014-08-03,2014,3,8,Aug,Summer,1
20140804,2014-08-04,2014,3,8,Aug,Summer,1
20140805,2014-08-05,2014,3,8,Aug,Summer,1
20140806,2014-08-06,2014,3,8,Aug,Summer,1
20140807,2014-08-07,2014,3,8,Aug,Summer,1
20140808,2014-08-08,2014,3,8,Aug,Summer,1
20140809,2014-08-09,2014,3,8,Aug,Summer,1
20140810,2014-08-10,2014,3,8,Aug,Summer,1
20140811,2014-08-11,2014,3,8,Aug,Summer,1
20140812,2014-08-12,2014,3,8,Aug,Summer,1
20140813,2014-08-13,2014,3,8,Aug,Summer,1
20140814,2014-08-14,2014,3,8,Aug,Summer,1
20140815,2014-08-15,2014,3,8,Aug,Summer,1
20140816,2014-08-16,2014,3,8,Aug,Summer,1
20140817,2014-08-17,2014,3,8,Aug,Summer,1
20140818,2014-08-18,2014,3,8,Aug,Summer,1
20140819,2014-08-19,2014,3,8,Aug,Summer,1
20140820,2014-08-20,2014,3,8,Aug,Summer,1
20140821,2014-08-21,2014,3,8,Aug,Summer,1
20140822,2014-08-22,2014,3,8,Aug,Summer,1
20140823,2014-08-23,2014,3,8,Aug,Summer,1
20140824,2014-08-24,2014,3,8,Aug,Summer,1
20140825,2014-08-25,2014,3,8,Aug,Summer,1
20140826,2014-08-26,2014,3,8,Aug,Summer,1
20140827,2014-08-27,2014,3,8,Aug,Summer,1
20140828,2014-08-28,2014,3,8,Aug,Summer,1
20140829,2014-08-29,2014,3,8,Aug,Summer,1
20140830,2014-08-30,2014,3,8,Aug,Summer,1
20140831,2014-08-31,2014,3,8,Aug,Summer,1
20140901,2014-09-01,2014,3,9,Sep,Autumn,1
20140902,2014-09-02,2014,3,9,Sep,Autumn,1
20140903,2014-09-03,2014,3,9,Sep,Autumn,1
20140904,2014-09-04,2014,3,9,Sep,Autumn,1
20140905,2014-09-05,2014,3,9,Sep,Autumn,1
20140906,2014-09-06,2014,3,9,Sep,Autumn,1
20140907,2014-09-07,2014,3,9,Sep,Autumn,1
20140908,2014-09-08,2014,3,9,Sep,Autumn,1
20140909,2014-09-09,2014,3,9,Sep,Autumn,1
20140910,2014-09-10,2014,3,9,Sep,Autumn,1
20140911,2014-09-11,2014,3,9,Sep,Autumn,1
20140912,2014-09-12,2014,3,9,Sep,Autumn,1
20140913,2014-09-13,2014,3,9,Sep,Autumn,1
20140914,2014-09-14,2014,3,9,Sep,Autumn,1
20140915,2014-09-15,2014,3,9,Sep,Autumn,1
20140916,2014-09-16,2014,3,9,Sep,Autumn,1
20140917,2014-09-17,2014,3,9,Sep,Autumn,1
20140918,2014-09-18,2014,3,9,Sep,Autumn,1
20140919,2014-09-19,2014,3,9,Sep,Autumn,1
20140920,2014-09-20,2014,3,9,Sep,Autumn,1
20140921,2014-09-21,2014,3,9,Sep,Autumn,1
20140922,2014-09-22,2014,3,9,Sep,Autumn,1
20140923,2014-09-23,2014,3,9,Sep,Autumn,1
20140924,2014-09-24,2014,3,9,Sep,Autumn,1
20140925,2014-09-25,2014,3,9,Sep,Autumn,1
20140926,2014-09-26,2014,3,9,Sep,Autumn,1
20140927,2014-09-27,2014,3,9,Sep,Autumn,1
20140928,2014-09-28,2014,3,9,Sep,Autumn,1
20140929,2014-09-29,2014,3,9,Sep,Autumn,1
20140930,2014-09-30,2014,3,9,Sep,Autumn,1
20141001,2014-10-01,2014,4,10,Oct,Autumn,1
20141002,2014-10-02,2014,4,10,Oct,Autumn,1
20141003,2014-10-03,2014,4,10,Oct,Autumn,1
20141004,2014-10-04,2014,4,10,Oct,Autumn,1
20141005,2014-10-05,2014,4,10,Oct,Autumn,1
20141006,2014-10-06,2014,4,10,Oct,Autumn,1
20141007,2014-10-07,2014,4,10,Oct,Autumn,1
20141008,2014-10-08,2014,4,10,Oct,Autumn,1
20141009,2014-10-09,2014,4,10,Oct,Autumn,1
20141010,2014-10-10,2014,4,10,Oct,Autumn,1
20141011,2014-10-11,2014,4,10,Oct,Autumn,1
20141012,2014-10-12,2014,4,10,Oct,Autumn,1
20141013,2014-10-13,2014,4,10,Oct,Autumn,1
20141014,2014-10-14,2014,4,10,Oct,Autumn,1
20141015,2014-10-15,2014,4,10,Oct,Autumn,1
20141016,2014-10-16,2014,4,10,Oct,Autumn,1
20141017,2014-10-17,2014,4,10,Oct,Autumn,1
20141018,2014-10-18,2014,4,10,Oct,Autumn,1
20141019,2014-10-19,2014,4,10,Oct,Autumn,1
20141020,2014-10-20,2014,4,10,Oct,Autumn,1
20141021,2014-10-21,2014,4,10,Oct,Autumn,1
20141022,2014-10-22,2014,4,10,Oct,Autumn,1
20141023,2014-10-23,2014,4,10,Oct,Autumn,1
20141024,2014-10-24,2014,4,10,Oct,Autumn,1
20141025,2014-10-25,2014,4,10,Oct,Autumn,1
20141026,2014-10-26,2014,4,10,Oct,Autumn,1
20141027,2014-10-27,2014,4,10,Oct,Autumn,1
20141028,2014-10-28,2014,4,10,Oct,Autumn,1
20141029,2014-10-29,2014,4,10,Oct,Autumn,1
20141030,2014-10-30,2014,4,10,Oct,Autumn,1
20141031,2014-10-31,2014,4,10,Oct,Autumn,1
20141101,2014-11-01,2014,4,11,Nov,Autumn,0
20141102,2014-11-02,2014,4,11,Nov,Autumn,0
20141103,2014-11-03,2014,4,11,Nov,Autumn,0
20141104,2014-11-04,2014,4,11,Nov,Autumn,0
20141105,2014-11-05,2014,4,11,Nov,Autumn,0
20141106,2014-11-06,2014,4,11,Nov,Autumn,0
20141107,2014-11-07,2014,4,11,Nov,Autumn,0
20141108,2014-11-08,2014,4,11,Nov,Autumn,0
20141109,2014-11-09,2014,4,11,Nov,Autumn,0
20141110,2014-11-10,2014,4,11,Nov,Autumn,0
20141111,2014-11-11,2014,4,11,Nov,Autumn,0
20141112,2014-11-12,2014,4,11,Nov,Autumn,0
20141113,2014-11-13,2014,4,11,Nov,Autumn,0
20141114,2014-11-14,2014,4,11,Nov,Autumn,0
20141115,2014-11-15,2014,4,11,Nov,Autumn,0
20141116,2014-11-16,2014,4,11,Nov,Autumn,0
20141117,2014-11-17,2014,4,11,Nov,Autumn,0
20141118,2014-11-18,2014,4,11,Nov,Autumn,0
20141119,2014-11-19,2014,4,11,Nov,Autumn,0
20141120,2014-11-20,2014,4,11,Nov,Autumn,0
20141121,2014-11-21,2014,4,11,Nov,Autumn,0
20141122,2014-11-22,2014,4,11,Nov,Autumn,0
20141123,2014-11-23,2014,4,11,Nov,Autumn,0
20141124,2014-11-24,2014,4,11,Nov,Autumn,0
20141125,2014-11-25,2014,4,11,Nov,Autumn,0
20141126,2014-11-26,2014,4,11,Nov,Autumn,0
20141127,2014-11-27,2014,4,11,Nov,Autumn,0
20141128,2014-11-28,2014,4,11,Nov,Autumn,0
20141129,2014-11-29,2014,4,11,Nov,Autumn,0
20141130,2014-11-30,2014,4,11,Nov,Autumn,0
20141201,2014-12-01,2014,4,12,Dec,Winter,0
20141202,2014-12-02,2014,4,12,Dec,Winter,0
20141203,2014-12-03,2014,4,12,Dec,Winter,0
20141204,2014-12-04,2014,4,12,Dec,Winter,0
20141205,2014-12-05,2014,4,12,Dec,Winter,0
20141206,2014-12-06,2014,4,12,Dec,Winter,0
20141207,2014-12-07,2014,4,12,Dec,Winter,0
20141208,2014-12-08,2014,4,12,Dec,Winter,0
20141209,2014-12-09,2014,4,12,Dec,Winter,0
20141210,2014-12-10,2014,4,12,Dec,Winter,0
20141211,2014-12-11,2014,4,12,Dec,Winter,0
20141212,2014-12-12,2014,4,12,Dec,Winter,0
20141213,2014-12-13,2014,4,12,Dec,Winter,0
20141214,2014-12-14,2014,4,12,Dec,Winter,0
20141215,2014-12-15,2014,4,12,Dec,Winter,0
20141216,2014-12-16,2014,4,12,Dec,Winter,0
20141217,2014-12-17,2014,4,12,Dec,Winter,0
20141218,2014-12-18,2014,4,12,Dec,Winter,0
20141219,2014-12-19,2014,4,12,Dec,Winter,0
20141220,2014-12-20,2014,4,12,Dec,Winter,0
20141221,2014-12-21,2014,4,12,Dec,Winter,0
20141222,2014-12-22,2014,4,12,Dec,Winter,0
20141223,2014-12-23,2014,4,12,Dec,Winter,0
20141224,2014-12-24,2014,4,12,Dec,Winter,0
20141225,2014-12-25,2014,4,12,Dec,Winter,0
20141226,2014-12-26,2014,4,12,Dec,Winter,0
20141227,2014-12-27,2014,4,12,Dec,Winter,0
20141228,2014-12-28,2014,4,12,Dec,Winter,0
20141229,2014-12-29,2014,4,12,Dec,Winter,0
20141230,2014-12-30,2014,4,12,Dec,Winter,0
20141231,2014-12-31,2014,4,12,Dec,Winter,0
20150101,2015-01-01,2015,1,1,Jan,Winter,0
20150102,2015-01-02,2015,1,1,Jan,Winter,0
20150103,2015-01-03,2015,1,1,Jan,Winter,0
20150104,2015-01-04,2015,1,1,Jan,Winter,0
20150105,2015-01-05,2015,1,1,Jan,Winter,0
20150106,2015-01-06,2015,1,1,Jan,Winter,0
20150107,2015-01-07,2015,1,1,Jan,Winter,0
20150108,2015-01-08,2015,1,1,Jan,Winter,0
20150109,2015-01-09,2015,1,1,Jan,Winter,0
20150110,2015-01-10,2015,1,1,Jan,Winter,0
20150111,2015-01-11,2015,1,1,Jan,Winter,0
20150112,2015-01-12,2015,1,1,Jan,Winter,0
20150113,2015-01-13,2015,1,1,Jan,Winter,0
20150114,2015-01-14,2015,1,1,Jan,Winter,0
20150115,2015-01-15,2015,1,1,Jan,Winter,0
20150116,2015-01-16,2015,1,1,Jan,Winter,0
20150117,2015-01-17,2015,1,1,Jan,Winter,0
20150118,2015-01-18,2015,1,1,Jan,Winter,0
20150119,2015-01-19,2015,1,1,Jan,Winter,0
20150120,2015-01-20,2015,1,1,Jan,Winter,0
20150121,2015-01-21,2015,1,1,Jan,Winter,0
20150122,2015-01-22,2015,1,1,Jan,Winter,0
20150123,2015-01-23,2015,1,1,Jan,Winter,0
20150124,2015-01-24,2015,1,1,Jan,Winter,0
20150125,2015-01-25,2015,1,1,Jan,Winter,0
20150126,2015-01-26,2015,1,1,Jan,Winter,0
20150127,2015-01-27,2015,1,1,Jan,Winter,0
20150128,2015-01-28,2015,1,1,Jan,Winter,0
20150129,2015-01-29,2015,1,1,Jan,Winter,0
20150130,2015-01-30,2015,1,1,Jan,Winter,0
20150131,2015-01-31,2015,1,1,Jan,Winter,0
20150201,2015-02-01,2015,1,2,Feb,Winter,0
20150202,2015-02-02,2015,1,2,Feb,Winter,0
20150203,2015-02-03,2015,1,2,Feb,Winter,0
20150204,2015-02-04,2015,1,2,Feb,Winter,0
20150205,2015-02-05,2015,1,2,Feb,Winter,0
20150206,2015-02-06,2015,1,2,Feb,Winter,0
20150207,2015-02-07,2015,1,2,Feb,Winter,0
20150208,2015-02-08,2015,1,2,Feb,Winter,0
20150209,2015-02-09,2015,1,2,Feb,Winter,0
20150210,2015-02-10,2015,1,2,Feb,Winter,0
20150211,2015-02-11,2015,1,2,Feb,Winter,0
20150212,2015-02-12,2015,1,2,Feb,Winter,0
20150213,2015-02-13,2015,1,2,Feb,Winter,0
20150214,2015-02-14,2015,1,2,Feb,Winter,0
20150215,2015-02-15,2015,1,2,Feb,Winter,0
20150216,2015-02-16,2015,1,2,Feb,Winter,0
20150217,2015-02-17,2015,1,2,Feb,Winter,0
20150218,2015-02-18,2015,1,2,Feb,Winter,0
20150219,2015-02-19,2015,1,2,Feb,Winter,0
20150220,2015-02-20,2015,1,2,Feb,Winter,0
20150221,2015-02-21,2015,1,2,Feb,Winter,0
20150222,2015-02-22,2015,1,2,Feb,Winter,0
20150223,2015-02-23,2015,1,2,Feb,Winter,0
20150224,2015-02-24,2015,1,2,Feb,Winter,0
20150225,2015-02-25,2015,1,2,Feb,Winter,0
20150226,2015-02-26,2015,1,2,Feb,Winter,0
20150227,2015-02-27,2015,1,2,Feb,Winter,0
20150228,2015-02-28,2015,1,2,Feb,Winter,0
20150301,2015-03-01,2015,1,3,Mar,Spring,0
20150302,2015-03-02,2015,1,3,Mar,Spring,0
20150303,2015-03-03,2015,1,3,Mar,Spring,0
20150304,2015-03-04,2015,1,3,Mar,Spring,0
20150305,2015-03-05,2015,1,3,Mar,Spring,0
20150306,2015-03-06,2015,1,3,Mar,Spring,0
20150307,2015-03-07,2015,1,3,Mar,Spring,0
20150308,2015-03-08,2015,1,3,Mar,Spring,0
20150309,2015-03-09,2015,1,3,Mar,Spring,0
20150310,2015-03-10,2015,1,3,Mar,Spring,0
20150311,2015-03-11,2015,1,3,Mar,Spring,0
20150312,2015-03-12,2015,1,3,Mar,Spring,0
20150313,2015-03-13,2015,1,3,Mar,Spring,0
20150314,2015-03-14,2015,1,3,Mar,Spring,0
20150315,2015-03-15,2015,1,3,Mar,Spring,0
20150316,2015-03-16,2015,1,3,Mar,Spring,0
20150317,2015-03-17,2015,1,3,Mar,Spring,0
20150318,2015-03-18,2015,1,3,Mar,Spring,0
20150319,2015-03-19,2015,1,3,Mar,Spring,0
20150320,2015-03-20,2015,1,3,Mar,Spring,0
20150321,2015-03-21,2015,1,3,Mar,Spring,0
20150322,2015-03-22,2015,1,3,Mar,Spring,0
20150323,2015-03-23,2015,1,3,Mar,Spring,0
20150324,2015-03-24,2015,1,3,Mar,Spring,0
20150325,2015-03-25,2015,1,3,Mar,Spring,0
20150326,2015-03-26,2015,1,3,Mar,Spring,0
20150327,2015-03-27,2015,1,3,Mar,Spring,0
20150328,2015-03-28,2015,1,3,Mar,Spring,0
20150329,2015-03-29,2015,1,3,Mar,Spring,0
20150330,2015-03-30,2015,1,3,Mar,Spring,0
20150331,2015-03-31,2015,1,3,Mar,Spring,0
20150401,2015-04-01,2015,2,4,Apr,Spring,0
20150402,2015-04-02,2015,2,4,Apr,Spring,0
20150403,2015-04-03,2015,2,4,Apr,Spring,0
20150404,2015-04-04,2015,2,4,Apr,Spring,0
20150405,2015-04-05,2015,2,4,Apr,Spring,0
20150406,2015-04-06,2015,2,4,Apr,Spring,0
20150407,2015-04-07,2015,2,4,Apr,Spring,0
20150408,2015-04-08,2015,2,4,Apr,Spring,0
20150409,2015-04-09,2015,2,4,Apr,Spring,0
20150410,2015-04-10,2015,2,4,Apr,Spring,0
20150411,2015-04-11,2015,2,4,Apr,Spring,0
20150412,2015-04-12,2015,2,4,Apr,Spring,0
20150413,2015-04-13,2015,2,4,Apr,Spring,0
20150414,2015-04-14,2015,2,4,Apr,Spring,0
20150415,2015-04-15,2015,2,4,Apr,Spring,0
20150416,2015-04-16,2015,2,4,Apr,Spring,0
20150417,2015-04-17,2015,2,4,Apr,Spring,0
20150418,2015-04-18,2015,2,4,Apr,Spring,0
20150419,2015-04-19,2015,2,4,Apr,Spring,0
20150420,2015-04-20,2015,2,4,Apr,Spring,0
20150421,2015-04-21,2015,2,4,Apr,Spring,0
20150422,2015-04-22,2015,2,4,Apr,Spring,0
20150423,2015-04-23,2015,2,4,Apr,Spring,0
20150424,2015-04-24,2015,2,4,Apr,Spring,0
20150425,2015-04-25,2015,2,4,Apr,Spring,0
20150426,2015-04-26,2015,2,4,Apr,Spring,0
20150427,2015-04-27,2015,2,4,Apr,Spring,0
20150428,2015-04-28,2015,2,4,Apr,Spring,0
20150429,2015-04-29,2015,2,4,Apr,Spring,0
20150430,2015-04-30,2015,2,4,Apr,Spring,0
20150501,2015-05-01,2015,2,5,May,Spring,0
20150502,2015-05-02,2015,2,5,May,Spring,0
20150503,2015-05-03,2015,2,5,May,Spring,0
20150504,2015-05-04,2015,2,5,May,Spring,0
20150505,2015-05-05,2015,2,5,May,Spring,0
20150506,2015-05-06,2015,2,5,May,Spring,0
20150507,2015-05-07,2015,2,5,May,Spring,0
20150508,2015-05-08,2015,2,5,May,Spring,0
20150509,2015-05-09,2015,2,5,May,Spring,0
20150510,2015-05-10,2015,2,5,May,Spring,0
20150511,2015-05-11,2015,2,5,May,Spring,0
20150512,2015-05-12,2015,2,5,May,Spring,0
20150513,2015-05-13,2015,2,5,May,Spring,0
20150514,2015-05-14,2015,2,5,May,Spring,0
20150515,2015-05-15,2015,2,5,May,Spring,0
20150516,2015-05-16,2015,2,5,May,Spring,0
20150517,2015-05-17,2015,2,5,May,Spring,0
20150518,2015-05-18,2015,2,5,May,Spring,0
20150519,2015-05-19,2015,2,5,May,Spring,0
20150520,2015-05-20,2015,2,5,May,Spring,0
20150521,2015-05-21,2015,2,5,May,Spring,0
20150522,2015-05-22,2015,2,5,May,Spring,0
20150523,2015-05-23,2015,2,5,May,Spring,0
20150524,2015-05-24,2015,2,5,May,Spring,0
20150525,2015-05-25,2015,2,5,May,Spring,0
20150526,2015-05-26,2015,2,5,May,Spring,0
20150527,2015-05-27,2015,2,5,May,Spring,0
20150528,2015-05-28,2015,2,5,May,Spring,0
20150529,2015-05-29,2015,2,5,May,Spring,0
20150530,2015-05-30,2015,2,5,May,Spring,0
20150531,2015-05-31,2015,2,5,May,Spring,0
20150601,2015-06-01,2015,2,6,Jun,Summer,1
20150602,2015-06-02,2015,2,6,Jun,Summer,1
20150603,2015-06-03,2015,2,6,Jun,Summer,1
20150604,2015-06-04,2015,2,6,Jun,Summer,1
20150605,2015-06-05,2015,2,6,Jun,Summer,1
20150606,2015-06-06,2015,2,6,Jun,Summer,1
20150607,2015-06-07,2015,2,6,Jun,Summer,1
20150608,2015-06-08,2015,2,6,Jun,Summer,1
20150609,2015-06-09,2015,2,6,Jun,Summer,1
20150610,2015-06-10,2015,2,6,Jun,Summer,1
20150611,2015-06-11,2015,2,6,Jun,Summer,1
20150612,2015-06-12,2015,2,6,Jun,Summer,1
20150613,2015-06-13,2015,2,6,Jun,Summer,1
20150614,2015-06-14,2015,2,6,Jun,Summer,1
20150615,2015-06-15,2015,2,6,Jun,Summer,1
20150616,2015-06-16,2015,2,6,Jun,Summer,1
20150617,2015-06-17,2015,2,6,Jun,Summer,1
20150618,2015-06-18,2015,2,6,Jun,Summer,1
20150619,2015-06-19,2015,2,6,Jun,Summer,1
20150620,2015-06-20,2015,2,6,Jun,Summer,1
20150621,2015-06-21,2015,2,6,Jun,Summer,1
20150622,2015-06-22,2015,2,6,Jun,Summer,1
20150623,2015-06-23,2015,2,6,Jun,Summer,1
20150624,2015-06-24,2015,2,6,Jun,Summer,1
20150625,2015-06-25,2015,2,6,Jun,Summer,1
20150626,2015-06-26,2015,2,6,Jun,Summer,1
20150627,2015-06-27,2015,2,6,Jun,Summer,1
20150628,2015-06-28,2015,2,6,Jun,Summer,1
20150629,2015-06-29,2015,2,6,Jun,Summer,1
20150630,2015-06-30,2015,2,6,Jun,Summer,1
20150701,2015-07-01,2015,3,7,Jul,Summer,1
20150702,2015-07-02,2015,3,7,Jul,Summer,1
20150703,2015-07-03,2015,3,7,Jul,Summer,1
20150704,2015-07-04,2015,3,7,Jul,Summer,1
20150705,2015-07-05,2015,3,7,Jul,Summer,1
20150706,2015-07-06,2015,3,7,Jul,Summer,1
20150707,2015-07-07,2015,3,7,Jul,Summer,1
20150708,2015-07-08,2015,3,7,Jul,Summer,1
20150709,2015-07-09,2015,3,7,Jul,Summer,1
20150710,2015-07-10,2015,3,7,Jul,Summer,1
20150711,2015-07-11,2015,3,7,Jul,Summer,1
20150712,2015-07-12,2015,3,7,Jul,Summer,1
20150713,2015-07-13,2015,3,7,Jul,Summer,1
20150714,2015-07-14,2015,3,7,Jul,Summer,1
20150715,2015-07-15,2015,3,7,Jul,Summer,1
20150716,2015-07-16,2015,3,7,Jul,Summer,1
20150717,2015-07-17,2015,3,7,Jul,Summer,1
20150718,2015-07-18,2015,3,7,Jul,Summer,1
20150719,2015-07-19,2015,3,7,Jul,Summer,1
20150720,2015-07-20,2015,3,7,Jul,Summer,1
20150721,2015-07-21,2015,3,7,Jul,Summer,1
20150722,2015-07-22,2015,3,7,Jul,Summer,1
20150723,2015-07-23,2015,3,7,Jul,Summer,1
20150724,2015-07-24,2015,3,7,Jul,Summer,1
20150725,2015-07-25,2015,3,7,Jul,Summer,1
20150726,2015-07-26,2015,3,7,Jul,Summer,1
20150727,2015-07-27,2015,3,7,Jul,Summer,1
20150728,2015-07-28,2015,3,7,Jul,Summer,1
20150729,2015-07-29,2015,3,7,Jul,Summer,1
20150730,2015-07-30,2015,3,7,Jul,Summer,1
20150731,2015-07-31,2015,3,7,Jul,Summer,1
20150801,2015-08-01,2015,3,8,Aug,Summer,1
20150802,2015-08-02,2015,3,8,Aug,Summer,1
20150803,2015-08-03,2015,3,8,Aug,Summer,1
20150804,2015-08-04,2015,3,8,Aug,Summer,1
20150805,2015-08-05,2015,3,8,Aug,Summer,1
20150806,2015-08-06,2015,3,8,Aug,Summer,1
20150807,2015-08-07,2015,3,8,Aug,Summer,1
20150808,2015-08-08,2015,3,8,Aug,Summer,1
20150809,2015-08-09,2015,3,8,Aug,Summer,1
20150810,2015-08-10,2015,3,8,Aug,Summer,1
20150811,2015-08-11,2015,3,8,Aug,Summer,1
20150812,2015-08-12,2015,3,8,Aug,Summer,1
20150813,2015-08-13,2015,3,8,Aug,Summer,1
20150814,2015-08-14,2015,3,8,Aug,Summer,1
20150815,2015-08-15,2015,3,8,Aug,Summer,1
20150816,2015-08-16,2015,3,8,Aug,Summer,1
20150817,2015-08-17,2015,3,8,Aug,Summer,1
20150818,2015-08-18,2015,3,8,Aug,Summer,1
20150819,2015-08-19,2015,3,8,Aug,Summer,1
20150820,2015-08-20,2015,3,8,Aug,Summer,1
20150821,2015-08-21,2015,3,8,Aug,Summer,1
20150822,2015-08-22,2015,3,8,Aug,Summer,1
20150823,2015-08-23,2015,3,8,Aug,Summer,1
20150824,2015-08-24,2015,3,8,Aug,Summer,1
20150825,2015-08-25,2015,3,8,Aug,Summer,1
20150826,2015-08-26,2015,3,8,Aug,Summer,1
20150827,2015-08-27,2015,3,8,Aug,Summer,1
20150828,2015-08-28,2015,3,8,Aug,Summer,1
20150829,2015-08-29,2015,3,8,Aug,Summer,1
20150830,2015-08-30,2015,3,8,Aug,Summer,1
20150831,2015-08-31,2015,3,8,Aug,Summer,1
20150901,2015-09-01,2015,3,9,Sep,Autumn,1
20150902,2015-09-02,2015,3,9,Sep,Autumn,1
20150903,2015-09-03,2015,3,9,Sep,Autumn,1
20150904,2015-09-04,2015,3,9,Sep,Autumn,1
20150905,2015-09-05,2015,3,9,Sep,Autumn,1
20150906,2015-09-06,2015,3,9,Sep,Autumn,1
20150907,2015-09-07,2015,3,9,Sep,Autumn,1
20150908,2015-09-08,2015,3,9,Sep,Autumn,1
20150909,2015-09-09,2015,3,9,Sep,Autumn,1
20150910,2015-09-10,2015,3,9,Sep,Autumn,1
20150911,2015-09-11,2015,3,9,Sep,Autumn,1
20150912,2015-09-12,2015,3,9,Sep,Autumn,1
20150913,2015-09-13,2015,3,9,Sep,Autumn,1
20150914,2015-09-14,2015,3,9,Sep,Autumn,1
20150915,2015-09-15,2015,3,9,Sep,Autumn,1
20150916,2015-09-16,2015,3,9,Sep,Autumn,1
20150917,2015-09-17,2015,3,9,Sep,Autumn,1
20150918,2015-09-18,2015,3,9,Sep,Autumn,1
20150919,2015-09-19,2015,3,9,Sep,Autumn,1
20150920,2015-09-20,2015,3,9,Sep,Autumn,1
20150921,2015-09-21,2015,3,9,Sep,Autumn,1
20150922,2015-09-22,2015,3,9,Sep,Autumn,1
20150923,2015-09-23,2015,3,9,Sep,Autumn,1
20150924,2015-09-24,2015,3,9,Sep,Autumn,1
20150925,2015-09-25,2015,3,9,Sep,Autumn,1
20150926,2015-09-26,2015,3,9,Sep,Autumn,1
20150927,2015-09-27,2015,3,9,Sep,Autumn,1
20150928,2015-09-28,2015,3,9,Sep,Autumn,1
20150929,2015-09-29,2015,3,9,Sep,Autumn,1
20150930,2015-09-30,2015,3,9,Sep,Autumn,1
20151001,2015-10-01,2015,4,10,Oct,Autumn,1
20151002,2015-10-02,2015,4,10,Oct,Autumn,1
20151003,2015-10-03,2015,4,10,Oct,Autumn,1
20151004,2015-10-04,2015,4,10,Oct,Autumn,1
20151005,2015-10-05,2015,4,10,Oct,Autumn,1
20151006,2015-10-06,2015,4,10,Oct,Autumn,1
20151007,2015-10-07,2015,4,10,Oct,Autumn,1
20151008,2015-10-08,2015,4,10,Oct,Autumn,1
20151009,2015-10-09,2015,4,10,Oct,Autumn,1
20151010,2015-10-10,2015,4,10,Oct,Autumn,1
20151011,2015-10-11,2015,4,10,Oct,Autumn,1
20151012,2015-10-12,2015,4,10,Oct,Autumn,1
20151013,2015-10-13,2015,4,10,Oct,Autumn,1
20151014,2015-10-14,2015,4,10,Oct,Autumn,1
20151015,2015-10-15,2015,4,10,Oct,Autumn,1
20151016,2015-10-16,2015,4,10,Oct,Autumn,1
20151017,2015-10-17,2015,4,10,Oct,Autumn,1
20151018,2015-10-18,2015,4,10,Oct,Autumn,1
20151019,2015-10-19,2015,4,10,Oct,Autumn,1
20151020,2015-10-20,2015,4,10,Oct,Autumn,1
20151021,2015-10-21,2015,4,10,Oct,Autumn,1
20151022,2015-10-22,2015,4,10,Oct,Autumn,1
20151023,2015-10-23,2015,4,10,Oct,Autumn,1
20151024,2015-10-24,2015,4,10,Oct,Autumn,1
20151025,2015-10-25,2015,4,10,Oct,Autumn,1
20151026,2015-10-26,2015,4,10,Oct,Autumn,1
20151027,2015-10-27,2015,4,10,Oct,Autumn,1
20151028,2015-10-28,2015,4,10,Oct,Autumn,1
20151029,2015-10-29,2015,4,10,Oct,Autumn,1
20151030,2015-10-30,2015,4,10,Oct,Autumn,1
20151031,2015-10-31,2015,4,10,Oct,Autumn,1
20151101,2015-11-01,2015,4,11,Nov,Autumn,0
20151102,2015-11-02,2015,4,11,Nov,Autumn,0
20151103,2015-11-03,2015,4,11,Nov,Autumn,0
20151104,2015-11-04,2015,4,11,Nov,Autumn,0
20151105,2015-11-05,2015,4,11,Nov,Autumn,0
20151106,2015-11-06,2015,4,11,Nov,Autumn,0
20151107,2015-11-07,2015,4,11,Nov,Autumn,0
20151108,2015-11-08,2015,4,11,Nov,Autumn,0
20151109,2015-11-09,2015,4,11,Nov,Autumn,0
20151110,2015-11-10,2015,4,11,Nov,Autumn,0
20151111,2015-11-11,2015,4,11,Nov,Autumn,0
20151112,2015-11-12,2015,4,11,Nov,Autumn,0
20151113,2015-11-13,2015,4,11,Nov,Autumn,0
20151114,2015-11-14,2015,4,11,Nov,Autumn,0
20151115,2015-11-15,2015,4,11,Nov,Autumn,0
20151116,2015-11-16,2015,4,11,Nov,Autumn,0
20151117,2015-11-17,2015,4,11,Nov,Autumn,0
20151118,2015-11-18,2015,4,11,Nov,Autumn,0
20151119,2015-11-19,2015,4,11,Nov,Autumn,0
20151120,2015-11-20,2015,4,11,Nov,Autumn,0
20151121,2015-11-21,2015,4,11,Nov,Autumn,0
20151122,2015-11-22,2015,4,11,Nov,Autumn,0
20151123,2015-11-23,2015,4,11,Nov,Autumn,0
20151124,2015-11-24,2015,4,11,Nov,Autumn,0
20151125,2015-11-25,2015,4,11,Nov,Autumn,0
20151126,2015-11-26,2015,4,11,Nov,Autumn,0
20151127,2015-11-27,2015,4,11,Nov,Autumn,0
20151128,2015-11-28,2015,4,11,Nov,Autumn,0
20151129,2015-11-29,2015,4,11,Nov,Autumn,0
20151130,2015-11-30,2015,4,11,Nov,Autumn,0
20151201,2015-12-01,2015,4,12,Dec,Winter,0
20151202,2015-12-02,2015,4,12,Dec,Winter,0
20151203,2015-12-03,2015,4,12,Dec,Winter,0
20151204,2015-12-04,2015,4,12,Dec,Winter,0
20151205,2015-12-05,2015,4,12,Dec,Winter,0
20151206,2015-12-06,2015,4,12,Dec,Winter,0
20151207,2015-12-07,2015,4,12,Dec,Winter,0
20151208,2015-12-08,2015,4,12,Dec,Winter,0
20151209,2015-12-09,2015,4,12,Dec,Winter,0
20151210,2015-12-10,2015,4,12,Dec,Winter,0
20151211,2015-12-11,2015,4,12,Dec,Winter,0
20151212,2015-12-12,2015,4,12,Dec,Winter,0
20151213,2015-12-13,2015,4,12,Dec,Winter,0
20151214,2015-12-14,2015,4,12,Dec,Winter,0
20151215,2015-12-15,2015,4,12,Dec,Winter,0
20151216,2015-12-16,2015,4,12,Dec,Winter,0
20151217,2015-12-17,2015,4,12,Dec,Winter,0
20151218,2015-12-18,2015,4,12,Dec,Winter,0
20151219,2015-12-19,2015,4,12,Dec,Winter,0
20151220,2015-12-20,2015,4,12,Dec,Winter,0
20151221,2015-12-21,2015,4,12,Dec,Winter,0
20151222,2015-12-22,2015,4,12,Dec,Winter,0
20151223,2015-12-23,2015,4,12,Dec,Winter,0
20151224,2015-12-24,2015,4,12,Dec,Winter,0
20151225,2015-12-25,2015,4,12,Dec,Winter,0
20151226,2015-12-26,2015,4,12,Dec,Winter,0
20151227,2015-12-27,2015,4,12,Dec,Winter,0
20151228,2015-12-28,2015,4,12,Dec,Winter,0
20151229,2015-12-29,2015,4,12,Dec,Winter,0
20151230,2015-12-30,2015,4,12,Dec,Winter,0
20151231,2015-12-31,2015,4,12,Dec,Winter,0
20160101,2016-01-01,2016,1,1,Jan,Winter,0
20160102,2016-01-02,2016,1,1,Jan,Winter,0
20160103,2016-01-03,2016,1,1,Jan,Winter,0
20160104,2016-01-04,2016,1,1,Jan,Winter,0
20160105,2016-01-05,2016,1,1,Jan,Winter,0
20160106,2016-01-06,2016,1,1,Jan,Winter,0
20160107,2016-01-07,2016,1,1,Jan,Winter,0
20160108,2016-01-08,2016,1,1,Jan,Winter,0
20160109,2016-01-09,2016,1,1,Jan,Winter,0
20160110,2016-01-10,2016,1,1,Jan,Winter,0
20160111,2016-01-11,2016,1,1,Jan,Winter,0
20160112,2016-01-12,2016,1,1,Jan,Winter,0
20160113,2016-01-13,2016,1,1,Jan,Winter,0
20160114,2016-01-14,2016,1,1,Jan,Winter,0
20160115,2016-01-15,2016,1,1,Jan,Winter,0
20160116,2016-01-16,2016,1,1,Jan,Winter,0
20160117,2016-01-17,2016,1,1,Jan,Winter,0
20160118,2016-01-18,2016,1,1,Jan,Winter,0
20160119,2016-01-19,2016,1,1,Jan,Winter,0
20160120,2016-01-20,2016,1,1,Jan,Winter,0
20160121,2016-01-21,2016,1,1,Jan,Winter,0
20160122,2016-01-22,2016,1,1,Jan,Winter,0
20160123,2016-01-23,2016,1,1,Jan,Winter,0
20160124,2016-01-24,2016,1,1,Jan,Winter,0
20160125,2016-01-25,2016,1,1,Jan,Winter,0
20160126,2016-01-26,2016,1,1,Jan,Winter,0
20160127,2016-01-27,2016,1,1,Jan,Winter,0
20160128,2016-01-28,2016,1,1,Jan,Winter,0
20160129,2016-01-29,2016,1,1,Jan,Winter,0
20160130,2016-01-30,2016,1,1,Jan,Winter,0
20160131,2016-01-31,2016,1,1,Jan,Winter,0
20160201,2016-02-01,2016,1,2,Feb,Winter,0
20160202,2016-02-02,2016,1,2,Feb,Winter,0
20160203,2016-02-03,2016,1,2,Feb,Winter,0
20160204,2016-02-04,2016,1,2,Feb,Winter,0
20160205,2016-02-05,2016,1,2,Feb,Winter,0
20160206,2016-02-06,2016,1,2,Feb,Winter,0
20160207,2016-02-07,2016,1,2,Feb,Winter,0
20160208,2016-02-08,2016,1,2,Feb,Winter,0
20160209,2016-02-09,2016,1,2,Feb,Winter,0
20160210,2016-02-10,2016,1,2,Feb,Winter,0
20160211,2016-02-11,2016,1,2,Feb,Winter,0
20160212,2016-02-12,2016,1,2,Feb,Winter,0
20160213,2016-02-13,2016,1,2,Feb,Winter,0
20160214,2016-02-14,2016,1,2,Feb,Winter,0
20160215,2016-02-15,2016,1,2,Feb,Winter,0
20160216,2016-02-16,2016,1,2,Feb,Winter,0
20160217,2016-02-17,2016,1,2,Feb,Winter,0
20160218,2016-02-18,2016,1,2,Feb,Winter,0
20160219,2016-02-19,2016,1,2,Feb,Winter,0
20160220,2016-02-20,2016,1,2,Feb,Winter,0
20160221,2016-02-21,2016,1,2,Feb,Winter,0
20160222,2016-02-22,2016,1,2,Feb,Winter,0
20160223,2016-02-23,2016,1,2,Feb,Winter,0
20160224,2016-02-24,2016,1,2,Feb,Winter,0
20160225,2016-02-25,2016,1,2,Feb,Winter,0
20160226,2016-02-26,2016,1,2,Feb,Winter,0
20160227,2016-02-27,2016,1,2,Feb,Winter,0
20160228,2016-02-28,2016,1,2,Feb,Winter,0
20160229,2016-02-29,2016,1,2,Feb,Winter,0
20160301,2016-03-01,2016,1,3,Mar,Spring,0
20160302,2016-03-02,2016,1,3,Mar,Spring,0
20160303,2016-03-03,2016,1,3,Mar,Spring,0
20160304,2016-03-04,2016,1,3,Mar,Spring,0
20160305,2016-03-05,2016,1,3,Mar,Spring,0
20160306,2016-03-06,2016,1,3,Mar,Spring,0
20160307,2016-03-07,2016,1,3,Mar,Spring,0
20160308,2016-03-08,2016,1,3,Mar,Spring,0
20160309,2016-03-09,2016,1,3,Mar,Spring,0
20160310,2016-03-10,2016,1,3,Mar,Spring,0
20160311,2016-03-11,2016,1,3,Mar,Spring,0
20160312,2016-03-12,2016,1,3,Mar,Spring,0
20160313,2016-03-13,2016,1,3,Mar,Spring,0
20160314,2016-03-14,2016,1,3,Mar,Spring,0
20160315,2016-03-15,2016,1,3,Mar,Spring,0
20160316,2016-03-16,2016,1,3,Mar,Spring,0
20160317,2016-03-17,2016,1,3,Mar,Spring,0
20160318,2016-03-18,2016,1,3,Mar,Spring,0
20160319,2016-03-19,2016,1,3,Mar,Spring,0
20160320,2016-03-20,2016,1,3,Mar,Spring,0
20160321,2016-03-21,2016,1,3,Mar,Spring,0
20160322,2016-03-22,2016,1,3,Mar,Spring,0
20160323,2016-03-23,2016,1,3,Mar,Spring,0
20160324,2016-03-24,2016,1,3,Mar,Spring,0
20160325,2016-03-25,2016,1,3,Mar,Spring,0
20160326,2016-03-26,2016,1,3,Mar,Spring,0
20160327,2016-03-27,2016,1,3,Mar,Spring,0
20160328,2016-03-28,2016,1,3,Mar,Spring,0
20160329,2016-03-29,2016,1,3,Mar,Spring,0
20160330,2016-03-30,2016,1,3,Mar,Spring,0
20160331,2016-03-31,2016,1,3,Mar,Spring,0
20160401,2016-04-01,2016,2,4,Apr,Spring,0
20160402,2016-04-02,2016,2,4,Apr,Spring,0
20160403,2016-04-03,2016,2,4,Apr,Spring,0
20160404,2016-04-04,2016,2,4,Apr,Spring,0
20160405,2016-04-05,2016,2,4,Apr,Spring,0
20160406,2016-04-06,2016,2,4,Apr,Spring,0
20160407,2016-04-07,2016,2,4,Apr,Spring,0
20160408,2016-04-08,2016,2,4,Apr,Spring,0
20160409,2016-04-09,2016,2,4,Apr,Spring,0
20160410,2016-04-10,2016,2,4,Apr,Spring,0
20160411,2016-04-11,2016,2,4,Apr,Spring,0
20160412,2016-04-12,2016,2,4,Apr,Spring,0
20160413,2016-04-13,2016,2,4,Apr,Spring,0
20160414,2016-04-14,2016,2,4,Apr,Spring,0
20160415,2016-04-15,2016,2,4,Apr,Spring,0
20160416,2016-04-16,2016,2,4,Apr,Spring,0
20160417,2016-04-17,2016,2,4,Apr,Spring,0
20160418,2016-04-18,2016,2,4,Apr,Spring,0
20160419,2016-04-19,2016,2,4,Apr,Spring,0
20160420,2016-04-20,2016,2,4,Apr,Spring,0
20160421,2016-04-21,2016,2,4,Apr,Spring,0
20160422,2016-04-22,2016,2,4,Apr,Spring,0
20160423,2016-04-23,2016,2,4,Apr,Spring,0
20160424,2016-04-24,2016,2,4,Apr,Spring,0
20160425,2016-04-25,2016,2,4,Apr,Spring,0
20160426,2016-04-26,2016,2,4,Apr,Spring,0
20160427,2016-04-27,2016,2,4,Apr,Spring,0
20160428,2016-04-28,2016,2,4,Apr,Spring,0
20160429,2016-04-29,2016,2,4,Apr,Spring,0
20160430,2016-04-30,2016,2,4,Apr,Spring,0
20160501,2016-05-01,2016,2,5,May,Spring,0
20160502,2016-05-02,2016,2,5,May,Spring,0
20160503,2016-05-03,2016,2,5,May,Spring,0
20160504,2016-05-04,2016,2,5,May,Spring,0
20160505,2016-05-05,2016,2,5,May,Spring,0
20160506,2016-05-06,2016,2,5,May,Spring,0
20160507,2016-05-07,2016,2,5,May,Spring,0
20160508,2016-05-08,2016,2,5,May,Spring,0
20160509,2016-05-09,2016,2,5,May,Spring,0
20160510,2016-05-10,2016,2,5,May,Spring,0
20160511,2016-05-11,2016,2,5,May,Spring,0
20160512,2016-05-12,2016,2,5,May,Spring,0
20160513,2016-05-13,2016,2,5,May,Spring,0
20160514,2016-05-14,2016,2,5,May,Spring,0
20160515,2016-05-15,2016,2,5,May,Spring,0
20160516,2016-05-16,2016,2,5,May,Spring,0
20160517,2016-05-17,2016,2,5,May,Spring,0
20160518,2016-05-18,2016,2,5,May,Spring,0
20160519,2016-05-19,2016,2,5,May,Spring,0
20160520,2016-05-20,2016,2,5,May,Spring,0
20160521,2016-05-21,2016,2,5,May,Spring,0
20160522,2016-05-22,2016,2,5,May,Spring,0
20160523,2016-05-23,2016,2,5,May,Spring,0
20160524,2016-05-24,2016,2,5,May,Spring,0
20160525,2016-05-25,2016,2,5,May,Spring,0
20160526,2016-05-26,2016,2,5,May,Spring,0
20160527,2016-05-27,2016,2,5,May,Spring,0
20160528,2016-05-28,2016,2,5,May,Spring,0
20160529,2016-05-29,2016,2,5,May,Spring,0
20160530,2016-05-30,2016,2,5,May,Spring,0
20160531,2016-05-31,2016,2,5,May,Spring,0
20160601,2016-06-01,2016,2,6,Jun,Summer,1
20160602,2016-06-02,2016,2,6,Jun,Summer,1
20160603,2016-06-03,2016,2,6,Jun,Summer,1
20160604,2016-06-04,2016,2,6,Jun,Summer,1
20160605,2016-06-05,2016,2,6,Jun,Summer,1
20160606,2016-06-06,2016,2,6,Jun,Summer,1
20160607,2016-06-07,2016,2,6,Jun,Summer,1
20160608,2016-06-08,2016,2,6,Jun,Summer,1
20160609,2016-06-09,2016,2,6,Jun,Summer,1
20160610,2016-06-10,2016,2,6,Jun,Summer,1
20160611,2016-06-11,2016,2,6,Jun,Summer,1
20160612,2016-06-12,2016,2,6,Jun,Summer,1
20160613,2016-06-13,2016,2,6,Jun,Summer,1
20160614,2016-06-14,2016,2,6,Jun,Summer,1
20160615,2016-06-15,2016,2,6,Jun,Summer,1
20160616,2016-06-16,2016,2,6,Jun,Summer,1
20160617,2016-06-17,2016,2,6,Jun,Summer,1
20160618,2016-06-18,2016,2,6,Jun,Summer,1
20160619,2016-06-19,2016,2,6,Jun,Summer,1
20160620,2016-06-20,2016,2,6,Jun,Summer,1
20160621,2016-06-21,2016,2,6,Jun,Summer,1
20160622,2016-06-22,2016,2,6,Jun,Summer,1
20160623,2016-06-23,2016,2,6,Jun,Summer,1
20160624,2016-06-24,2016,2,6,Jun,Summer,1
20160625,2016-06-25,2016,2,6,Jun,Summer,1
20160626,2016-06-26,2016,2,6,Jun,Summer,1
20160627,2016-06-27,2016,2,6,Jun,Summer,1
20160628,2016-06-28,2016,2,6,Jun,Summer,1
20160629,2016-06-29,2016,2,6,Jun,Summer,1
20160630,2016-06-30,2016,2,6,Jun,Summer,1
20160701,2016-07-01,2016,3,7,Jul,Summer,1
20160702,2016-07-02,2016,3,7,Jul,Summer,1
20160703,2016-07-03,2016,3,7,Jul,Summer,1
20160704,2016-07-04,2016,3,7,Jul,Summer,1
20160705,2016-07-05,2016,3,7,Jul,Summer,1
20160706,2016-07-06,2016,3,7,Jul,Summer,1
20160707,2016-07-07,2016,3,7,Jul,Summer,1
20160708,2016-07-08,2016,3,7,Jul,Summer,1
20160709,2016-07-09,2016,3,7,Jul,Summer,1
20160710,2016-07-10,2016,3,7,Jul,Summer,1
20160711,2016-07-11,2016,3,7,Jul,Summer,1
20160712,2016-07-12,2016,3,7,Jul,Summer,1
20160713,2016-07-13,2016,3,7,Jul,Summer,1
20160714,2016-07-14,2016,3,7,Jul,Summer,1
20160715,2016-07-15,2016,3,7,Jul,Summer,1
20160716,2016-07-16,2016,3,7,Jul,Summer,1
20160717,2016-07-17,2016,3,7,Jul,Summer,1
20160718,2016-07-18,2016,3,7,Jul,Summer,1
20160719,2016-07-19,2016,3,7,Jul,Summer,1
20160720,2016-07-20,2016,3,7,Jul,Summer,1
20160721,2016-07-21,2016,3,7,Jul,Summer,1
20160722,2016-07-22,2016,3,7,Jul,Summer,1
20160723,2016-07-23,2016,3,7,Jul,Summer,1
20160724,2016-07-24,2016,3,7,Jul,Summer,1
20160725,2016-07-25,2016,3,7,Jul,Summer,1
20160726,2016-07-26,2016,3,7,Jul,Summer,1
20160727,2016-07-27,2016,3,7,Jul,Summer,1
20160728,2016-07-28,2016,3,7,Jul,Summer,1
20160729,2016-07-29,2016,3,7,Jul,Summer,1
20160730,2016-07-30,2016,3,7,Jul,Summer,1
20160731,2016-07-31,2016,3,7,Jul,Summer,1
20160801,2016-08-01,2016,3,8,Aug,Summer,1
20160802,2016-08-02,2016,3,8,Aug,Summer,1
20160803,2016-08-03,2016,3,8,Aug,Summer,1
20160804,2016-08-04,2016,3,8,Aug,Summer,1
20160805,2016-08-05,2016,3,8,Aug,Summer,1
20160806,2016-08-06,2016,3,8,Aug,Summer,1
20160807,2016-08-07,2016,3,8,Aug,Summer,1
20160808,2016-08-08,2016,3,8,Aug,Summer,1
20160809,2016-08-09,2016,3,8,Aug,Summer,1
20160810,2016-08-10,2016,3,8,Aug,Summer,1
20160811,2016-08-11,2016,3,8,Aug,Summer,1
20160812,2016-08-12,2016,3,8,Aug,Summer,1
20160813,2016-08-13,2016,3,8,Aug,Summer,1
20160814,2016-08-14,2016,3,8,Aug,Summer,1
20160815,2016-08-15,2016,3,8,Aug,Summer,1
20160816,2016-08-16,2016,3,8,Aug,Summer,1
20160817,2016-08-17,2016,3,8,Aug,Summer,1
20160818,2016-08-18,2016,3,8,Aug,Summer,1
20160819,2016-08-19,2016,3,8,Aug,Summer,1
20160820,2016-08-20,2016,3,8,Aug,Summer,1
20160821,2016-08-21,2016,3,8,Aug,Summer,1
20160822,2016-08-22,2016,3,8,Aug,Summer,1
20160823,2016-08-23,2016,3,8,Aug,Summer,1
20160824,2016-08-24,2016,3,8,Aug,Summer,1
20160825,2016-08-25,2016,3,8,Aug,Summer,1
20160826,2016-08-26,2016,3,8,Aug,Summer,1
20160827,2016-08-27,2016,3,8,Aug,Summer,1
20160828,2016-08-28,2016,3,8,Aug,Summer,1
20160829,2016-08-29,2016,3,8,Aug,Summer,1
20160830,2016-08-30,2016,3,8,Aug,Summer,1
20160831,2016-08-31,2016,3,8,Aug,Summer,1
20160901,2016-09-01,2016,3,9,Sep,Autumn,1
20160902,2016-09-02,2016,3,9,Sep,Autumn,1
20160903,2016-09-03,2016,3,9,Sep,Autumn,1
20160904,2016-09-04,2016,3,9,Sep,Autumn,1
20160905,2016-09-05,2016,3,9,Sep,Autumn,1
20160906,2016-09-06,2016,3,9,Sep,Autumn,1
20160907,2016-09-07,2016,3,9,Sep,Autumn,1
20160908,2016-09-08,2016,3,9,Sep,Autumn,1
20160909,2016-09-09,2016,3,9,Sep,Autumn,1
20160910,2016-09-10,2016,3,9,Sep,Autumn,1
20160911,2016-09-11,2016,3,9,Sep,Autumn,1
20160912,2016-09-12,2016,3,9,Sep,Autumn,1
20160913,2016-09-13,2016,3,9,Sep,Autumn,1
20160914,2016-09-14,2016,3,9,Sep,Autumn,1
20160915,2016-09-15,2016,3,9,Sep,Autumn,1
20160916,2016-09-16,2016,3,9,Sep,Autumn,1
20160917,2016-09-17,2016,3,9,Sep,Autumn,1
20160918,2016-09-18,2016,3,9,Sep,Autumn,1
20160919,2016-09-19,2016,3,9,Sep,Autumn,1
20160920,2016-09-20,2016,3,9,Sep,Autumn,1
20160921,2016-09-21,2016,3,9,Sep,Autumn,1
20160922,2016-09-22,2016,3,9,Sep,Autumn,1
20160923,2016-09-23,2016,3,9,Sep,Autumn,1
20160924,2016-09-24,2016,3,9,Sep,Autumn,1
20160925,2016-09-25,2016,3,9,Sep,Autumn,1
20160926,2016-09-26,2016,3,9,Sep,Autumn,1
20160927,2016-09-27,2016,3,9,Sep,Autumn,1
20160928,2016-09-28,2016,3,9,Sep,Autumn,1
20160929,2016-09-29,2016,3,9,Sep,Autumn,1
20160930,2016-09-30,2016,3,9,Sep,Autumn,1
20161001,2016-10-01,2016,4,10,Oct,Autumn,1
20161002,2016-10-02,2016,4,10,Oct,Autumn,1
20161003,2016-10-03,2016,4,10,Oct,Autumn,1
20161004,2016-10-04,2016,4,10,Oct,Autumn,1
20161005,2016-10-05,2016,4,10,Oct,Autumn,1
20161006,2016-10-06,2016,4,10,Oct,Autumn,1
20161007,2016-10-07,2016,4,10,Oct,Autumn,1
20161008,2016-10-08,2016,4,10,Oct,Autumn,1
20161009,2016-10-09,2016,4,10,Oct,Autumn,1
20161010,2016-10-10,2016,4,10,Oct,Autumn,1
20161011,2016-10-11,2016,4,10,Oct,Autumn,1
20161012,2016-10-12,2016,4,10,Oct,Autumn,1
20161013,2016-10-13,2016,4,10,Oct,Autumn,1
20161014,2016-10-14,2016,4,10,Oct,Autumn,1
20161015,2016-10-15,2016,4,10,Oct,Autumn,1
20161016,2016-10-16,2016,4,10,Oct,Autumn,1
20161017,2016-10-17,2016,4,10,Oct,Autumn,1
20161018,2016-10-18,2016,4,10,Oct,Autumn,1
20161019,2016-10-19,2016,4,10,Oct,Autumn,1
20161020,2016-10-20,2016,4,10,Oct,Autumn,1
20161021,2016-10-21,2016,4,10,Oct,Autumn,1
20161022,2016-10-22,2016,4,10,Oct,Autumn,1
20161023,2016-10-23,2016,4,10,Oct,Autumn,1
20161024,2016-10-24,2016,4,10,Oct,Autumn,1
20161025,2016-10-25,2016,4,10,Oct,Autumn,1
20161026,2016-10-26,2016,4,10,Oct,Autumn,1
20161027,2016-10-27,2016,4,10,Oct,Autumn,1
20161028,2016-10-28,2016,4,10,Oct,Autumn,1
20161029,2016-10-29,2016,4,10,Oct,Autumn,1
20161030,2016-10-30,2016,4,10,Oct,Autumn,1
20161031,2016-10-31,2016,4,10,Oct,Autumn,1
20161101,2016-11-01,2016,4,11,Nov,Autumn,0
20161102,2016-11-02,2016,4,11,Nov,Autumn,0
20161103,2016-11-03,2016,4,11,Nov,Autumn,0
20161104,2016-11-04,2016,4,11,Nov,Autumn,0
20161105,2016-11-05,2016,4,11,Nov,Autumn,0
20161106,2016-11-06,2016,4,11,Nov,Autumn,0
20161107,2016-11-07,2016,4,11,Nov,Autumn,0
20161108,2016-11-08,2016,4,11,Nov,Autumn,0
20161109,2016-11-09,2016,4,11,Nov,Autumn,0
20161110,2016-11-10,2016,4,11,Nov,Autumn,0
20161111,2016-11-11,2016,4,11,Nov,Autumn,0
20161112,2016-11-12,2016,4,11,Nov,Autumn,0
20161113,2016-11-13,2016,4,11,Nov,Autumn,0
20161114,2016-11-14,2016,4,11,Nov,Autumn,0
20161115,2016-11-15,2016,4,11,Nov,Autumn,0
20161116,2016-11-16,2016,4,11,Nov,Autumn,0
20161117,2016-11-17,2016,4,11,Nov,Autumn,0
20161118,2016-11-18,2016,4,11,Nov,Autumn,0
20161119,2016-11-19,2016,4,11,Nov,Autumn,0
20161120,2016-11-20,2016,4,11,Nov,Autumn,0
20161121,2016-11-21,2016,4,11,Nov,Autumn,0
20161122,2016-11-22,2016,4,11,Nov,Autumn,0
20161123,2016-11-23,2016,4,11,Nov,Autumn,0
20161124,2016-11-24,2016,4,11,Nov,Autumn,0
20161125,2016-11-25,2016,4,11,Nov,Autumn,0
20161126,2016-11-26,2016,4,11,Nov,Autumn,0
20161127,2016-11-27,2016,4,11,Nov,Autumn,0
20161128,2016-11-28,2016,4,11,Nov,Autumn,0
20161129,2016-11-29,2016,4,11,Nov,Autumn,0
20161130,2016-11-30,2016,4,11,Nov,Autumn,0
20161201,2016-12-01,2016,4,12,Dec,Winter,0
20161202,2016-12-02,2016,4,12,Dec,Winter,0
20161203,2016-12-03,2016,4,12,Dec,Winter,0
20161204,2016-12-04,2016,4,12,Dec,Winter,0
20161205,2016-12-05,2016,4,12,Dec,Winter,0
20161206,2016-12-06,2016,4,12,Dec,Winter,0
20161207,2016-12-07,2016,4,12,Dec,Winter,0
20161208,2016-12-08,2016,4,12,Dec,Winter,0
20161209,2016-12-09,2016,4,12,Dec,Winter,0
20161210,2016-12-10,2016,4,12,Dec,Winter,0
20161211,2016-12-11,2016,4,12,Dec,Winter,0
20161212,2016-12-12,2016,4,12,Dec,Winter,0
20161213,2016-12-13,2016,4,12,Dec,Winter,0
20161214,2016-12-14,2016,4,12,Dec,Winter,0
20161215,2016-12-15,2016,4,12,Dec,Winter,0
20161216,2016-12-16,2016,4,12,Dec,Winter,0
20161217,2016-12-17,2016,4,12,Dec,Winter,0
20161218,2016-12-18,2016,4,12,Dec,Winter,0
20161219,2016-12-19,2016,4,12,Dec,Winter,0
20161220,2016-12-20,2016,4,12,Dec,Winter,0
20161221,2016-12-21,2016,4,12,Dec,Winter,0
20161222,2016-12-22,2016,4,12,Dec,Winter,0
20161223,2016-12-23,2016,4,12,Dec,Winter,0
20161224,2016-12-24,2016,4,12,Dec,Winter,0
20161225,2016-12-25,2016,4,12,Dec,Winter,0
20161226,2016-12-26,2016,4,12,Dec,Winter,0
20161227,2016-12-27,2016,4,12,Dec,Winter,0
20161228,2016-12-28,2016,4,12,Dec,Winter,0
20161229,2016-12-29,2016,4,12,Dec,Winter,0
20161230,2016-12-30,2016,4,12,Dec,Winter,0
20161231,2016-12-31,2016,4,12,Dec,Winter,0
20170101,2017-01-01,2017,1,1,Jan,Winter,0
20170102,2017-01-02,2017,1,1,Jan,Winter,0
20170103,2017-01-03,2017,1,1,Jan,Winter,0
20170104,2017-01-04,2017,1,1,Jan,Winter,0
20170105,2017-01-05,2017,1,1,Jan,Winter,0
20170106,2017-01-06,2017,1,1,Jan,Winter,0
20170107,2017-01-07,2017,1,1,Jan,Winter,0
20170108,2017-01-08,2017,1,1,Jan,Winter,0
20170109,2017-01-09,2017,1,1,Jan,Winter,0
20170110,2017-01-10,2017,1,1,Jan,Winter,0
20170111,2017-01-11,2017,1,1,Jan,Winter,0
20170112,2017-01-12,2017,1,1,Jan,Winter,0
20170113,2017-01-13,2017,1,1,Jan,Winter,0
20170114,2017-01-14,2017,1,1,Jan,Winter,0
20170115,2017-01-15,2017,1,1,Jan,Winter,0
20170116,2017-01-16,2017,1,1,Jan,Winter,0
20170117,2017-01-17,2017,1,1,Jan,Winter,0
20170118,2017-01-18,2017,1,1,Jan,Winter,0
20170119,2017-01-19,2017,1,1,Jan,Winter,0
20170120,2017-01-20,2017,1,1,Jan,Winter,0
20170121,2017-01-21,2017,1,1,Jan,Winter,0
20170122,2017-01-22,2017,1,1,Jan,Winter,0
20170123,2017-01-23,2017,1,1,Jan,Winter,0
20170124,2017-01-24,2017,1,1,Jan,Winter,0
20170125,2017-01-25,2017,1,1,Jan,Winter,0
20170126,2017-01-26,2017,1,1,Jan,Winter,0
20170127,2017-01-27,2017,1,1,Jan,Winter,0
20170128,2017-01-28,2017,1,1,Jan,Winter,0
20170129,2017-01-29,2017,1,1,Jan,Winter,0
20170130,2017-01-30,2017,1,1,Jan,Winter,0
20170131,2017-01-31,2017,1,1,Jan,Winter,0
20170201,2017-02-01,2017,1,2,Feb,Winter,0
20170202,2017-02-02,2017,1,2,Feb,Winter,0
20170203,2017-02-03,2017,1,2,Feb,Winter,0
20170204,2017-02-04,2017,1,2,Feb,Winter,0
20170205,2017-02-05,2017,1,2,Feb,Winter,0
20170206,2017-02-06,2017,1,2,Feb,Winter,0
20170207,2017-02-07,2017,1,2,Feb,Winter,0
20170208,2017-02-08,2017,1,2,Feb,Winter,0
20170209,2017-02-09,2017,1,2,Feb,Winter,0
20170210,2017-02-10,2017,1,2,Feb,Winter,0
20170211,2017-02-11,2017,1,2,Feb,Winter,0
20170212,2017-02-12,2017,1,2,Feb,Winter,0
20170213,2017-02-13,2017,1,2,Feb,Winter,0
20170214,2017-02-14,2017,1,2,Feb,Winter,0
20170215,2017-02-15,2017,1,2,Feb,Winter,0
20170216,2017-02-16,2017,1,2,Feb,Winter,0
20170217,2017-02-17,2017,1,2,Feb,Winter,0
20170218,2017-02-18,2017,1,2,Feb,Winter,0
20170219,2017-02-19,2017,1,2,Feb,Winter,0
20170220,2017-02-20,2017,1,2,Feb,Winter,0
20170221,2017-02-21,2017,1,2,Feb,Winter,0
20170222,2017-02-22,2017,1,2,Feb,Winter,0
20170223,2017-02-23,2017,1,2,Feb,Winter,0
20170224,2017-02-24,2017,1,2,Feb,Winter,0
20170225,2017-02-25,2017,1,2,Feb,Winter,0
20170226,2017-02-26,2017,1,2,Feb,Winter,0
20170227,2017-02-27,2017,1,2,Feb,Winter,0
20170228,2017-02-28,2017,1,2,Feb,Winter,0
20170301,2017-03-01,2017,1,3,Mar,Spring,0
20170302,2017-03-02,2017,1,3,Mar,Spring,0
20170303,2017-03-03,2017,1,3,Mar,Spring,0
20170304,2017-03-04,2017,1,3,Mar,Spring,0
20170305,2017-03-05,2017,1,3,Mar,Spring,0
20170306,2017-03-06,2017,1,3,Mar,Spring,0
20170307,2017-03-07,2017,1,3,Mar,Spring,0
20170308,2017-03-08,2017,1,3,Mar,Spring,0
20170309,2017-03-09,2017,1,3,Mar,Spring,0
20170310,2017-03-10,2017,1,3,Mar,Spring,0
20170311,2017-03-11,2017,1,3,Mar,Spring,0
20170312,2017-03-12,2017,1,3,Mar,Spring,0
20170313,2017-03-13,2017,1,3,Mar,Spring,0
20170314,2017-03-14,2017,1,3,Mar,Spring,0
20170315,2017-03-15,2017,1,3,Mar,Spring,0
20170316,2017-03-16,2017,1,3,Mar,Spring,0
20170317,2017-03-17,2017,1,3,Mar,Spring,0
20170318,2017-03-18,2017,1,3,Mar,Spring,0
20170319,2017-03-19,2017,1,3,Mar,Spring,0
20170320,2017-03-20,2017,1,3,Mar,Spring,0
20170321,2017-03-21,2017,1,3,Mar,Spring,0
20170322,2017-03-22,2017,1,3,Mar,Spring,0
20170323,2017-03-23,2017,1,3,Mar,Spring,0
20170324,2017-03-24,2017,1,3,Mar,Spring,0
20170325,2017-03-25,2017,1,3,Mar,Spring,0
20170326,2017-03-26,2017,1,3,Mar,Spring,0
20170327,2017-03-27,2017,1,3,Mar,Spring,0
20170328,2017-03-28,2017,1,3,Mar,Spring,0
20170329,2017-03-29,2017,1,3,Mar,Spring,0
20170330,2017-03-30,2017,1,3,Mar,Spring,0
20170331,2017-03-31,2017,1,3,Mar,Spring,0
20170401,2017-04-01,2017,2,4,Apr,Spring,0
20170402,2017-04-02,2017,2,4,Apr,Spring,0
20170403,2017-04-03,2017,2,4,Apr,Spring,0
20170404,2017-04-04,2017,2,4,Apr,Spring,0
20170405,2017-04-05,2017,2,4,Apr,Spring,0
20170406,2017-04-06,2017,2,4,Apr,Spring,0
20170407,2017-04-07,2017,2,4,Apr,Spring,0
20170408,2017-04-08,2017,2,4,Apr,Spring,0
20170409,2017-04-09,2017,2,4,Apr,Spring,0
20170410,2017-04-10,2017,2,4,Apr,Spring,0
20170411,2017-04-11,2017,2,4,Apr,Spring,0
20170412,2017-04-12,2017,2,4,Apr,Spring,0
20170413,2017-04-13,2017,2,4,Apr,Spring,0
20170414,2017-04-14,2017,2,4,Apr,Spring,0
20170415,2017-04-15,2017,2,4,Apr,Spring,0
20170416,2017-04-16,2017,2,4,Apr,Spring,0
20170417,2017-04-17,2017,2,4,Apr,Spring,0
20170418,2017-04-18,2017,2,4,Apr,Spring,0
20170419,2017-04-19,2017,2,4,Apr,Spring,0
20170420,2017-04-20,2017,2,4,Apr,Spring,0
20170421,2017-04-21,2017,2,4,Apr,Spring,0
20170422,2017-04-22,2017,2,4,Apr,Spring,0
20170423,2017-04-23,2017,2,4,Apr,Spring,0
20170424,2017-04-24,2017,2,4,Apr,Spring,0
20170425,2017-04-25,2017,2,4,Apr,Spring,0
20170426,2017-04-26,2017,2,4,Apr,Spring,0
20170427,2017-04-27,2017,2,4,Apr,Spring,0
20170428,2017-04-28,2017,2,4,Apr,Spring,0
20170429,2017-04-29,2017,2,4,Apr,Spring,0
20170430,2017-04-30,2017,2,4,Apr,Spring,0
20170501,2017-05-01,2017,2,5,May,Spring,0
20170502,2017-05-02,2017,2,5,May,Spring,0
20170503,2017-05-03,2017,2,5,May,Spring,0
20170504,2017-05-04,2017,2,5,May,Spring,0
20170505,2017-05-05,2017,2,5,May,Spring,0
20170506,2017-05-06,2017,2,5,May,Spring,0
20170507,2017-05-07,2017,2,5,May,Spring,0
20170508,2017-05-08,2017,2,5,May,Spring,0
20170509,2017-05-09,2017,2,5,May,Spring,0
20170510,2017-05-10,2017,2,5,May,Spring,0
20170511,2017-05-11,2017,2,5,May,Spring,0
20170512,2017-05-12,2017,2,5,May,Spring,0
20170513,2017-05-13,2017,2,5,May,Spring,0
20170514,2017-05-14,2017,2,5,May,Spring,0
20170515,2017-05-15,2017,2,5,May,Spring,0
20170516,2017-05-16,2017,2,5,May,Spring,0
20170517,2017-05-17,2017,2,5,May,Spring,0
20170518,2017-05-18,2017,2,5,May,Spring,0
20170519,2017-05-19,2017,2,5,May,Spring,0
20170520,2017-05-20,2017,2,5,May,Spring,0
20170521,2017-05-21,2017,2,5,May,Spring,0
20170522,2017-05-22,2017,2,5,May,Spring,0
20170523,2017-05-23,2017,2,5,May,Spring,0
20170524,2017-05-24,2017,2,5,May,Spring,0
20170525,2017-05-25,2017,2,5,May,Spring,0
20170526,2017-05-26,2017,2,5,May,Spring,0
20170527,2017-05-27,2017,2,5,May,Spring,0
20170528,2017-05-28,2017,2,5,May,Spring,0
20170529,2017-05-29,2017,2,5,May,Spring,0
20170530,2017-05-30,2017,2,5,May,Spring,0
20170531,2017-05-31,2017,2,5,May,Spring,0
20170601,2017-06-01,2017,2,6,Jun,Summer,1
20170602,2017-06-02,2017,2,6,Jun,Summer,1
20170603,2017-06-03,2017,2,6,Jun,Summer,1
20170604,2017-06-04,2017,2,6,Jun,Summer,1
20170605,2017-06-05,2017,2,6,Jun,Summer,1
20170606,2017-06-06,2017,2,6,Jun,Summer,1
20170607,2017-06-07,2017,2,6,Jun,Summer,1
20170608,2017-06-08,2017,2,6,Jun,Summer,1
20170609,2017-06-09,2017,2,6,Jun,Summer,1
20170610,2017-06-10,2017,2,6,Jun,Summer,1
20170611,2017-06-11,2017,2,6,Jun,Summer,1
20170612,2017-06-12,2017,2,6,Jun,Summer,1
20170613,2017-06-13,2017,2,6,Jun,Summer,1
20170614,2017-06-14,2017,2,6,Jun,Summer,1
20170615,2017-06-15,2017,2,6,Jun,Summer,1
20170616,2017-06-16,2017,2,6,Jun,Summer,1
20170617,2017-06-17,2017,2,6,Jun,Summer,1
20170618,2017-06-18,2017,2,6,Jun,Summer,1
20170619,2017-06-19,2017,2,6,Jun,Summer,1
20170620,2017-06-20,2017,2,6,Jun,Summer,1
20170621,2017-06-21,2017,2,6,Jun,Summer,1
20170622,2017-06-22,2017,2,6,Jun,Summer,1
20170623,2017-06-23,2017,2,6,Jun,Summer,1
20170624,2017-06-24,2017,2,6,Jun,Summer,1
20170625,2017-06-25,2017,2,6,Jun,Summer,1
20170626,2017-06-26,2017,2,6,Jun,Summer,1
20170627,2017-06-27,2017,2,6,Jun,Summer,1
20170628,2017-06-28,2017,2,6,Jun,Summer,1
20170629,2017-06-29,2017,2,6,Jun,Summer,1
20170630,2017-06-30,2017,2,6,Jun,Summer,1
20170701,2017-07-01,2017,3,7,Jul,Summer,1
20170702,2017-07-02,2017,3,7,Jul,Summer,1
20170703,2017-07-03,2017,3,7,Jul,Summer,1
20170704,2017-07-04,2017,3,7,Jul,Summer,1
20170705,2017-07-05,2017,3,7,Jul,Summer,1
20170706,2017-07-06,2017,3,7,Jul,Summer,1
20170707,2017-07-07,2017,3,7,Jul,Summer,1
20170708,2017-07-08,2017,3,7,Jul,Summer,1
20170709,2017-07-09,2017,3,7,Jul,Summer,1
20170710,2017-07-10,2017,3,7,Jul,Summer,1
20170711,2017-07-11,2017,3,7,Jul,Summer,1
20170712,2017-07-12,2017,3,7,Jul,Summer,1
20170713,2017-07-13,2017,3,7,Jul,Summer,1
20170714,2017-07-14,2017,3,7,Jul,Summer,1
20170715,2017-07-15,2017,3,7,Jul,Summer,1
20170716,2017-07-16,2017,3,7,Jul,Summer,1
20170717,2017-07-17,2017,3,7,Jul,Summer,1
20170718,2017-07-18,2017,3,7,Jul,Summer,1
20170719,2017-07-19,2017,3,7,Jul,Summer,1
20170720,2017-07-20,2017,3,7,Jul,Summer,1
20170721,2017-07-21,2017,3,7,Jul,Summer,1
20170722,2017-07-22,2017,3,7,Jul,Summer,1
20170723,2017-07-23,2017,3,7,Jul,Summer,1
20170724,2017-07-24,2017,3,7,Jul,Summer,1
20170725,2017-07-25,2017,3,7,Jul,Summer,1
20170726,2017-07-26,2017,3,7,Jul,Summer,1
20170727,2017-07-27,2017,3,7,Jul,Summer,1
20170728,2017-07-28,2017,3,7,Jul,Summer,1
20170729,2017-07-29,2017,3,7,Jul,Summer,1
20170730,2017-07-30,2017,3,7,Jul,Summer,1
20170731,2017-07-31,2017,3,7,Jul,Summer,1
20170801,2017-08-01,2017,3,8,Aug,Summer,1
20170802,2017-08-02,2017,3,8,Aug,Summer,1
20170803,2017-08-03,2017,3,8,Aug,Summer,1
20170804,2017-08-04,2017,3,8,Aug,Summer,1
20170805,2017-08-05,2017,3,8,Aug,Summer,1
20170806,2017-08-06,2017,3,8,Aug,Summer,1
20170807,2017-08-07,2017,3,8,Aug,Summer,1
20170808,2017-08-08,2017,3,8,Aug,Summer,1
20170809,2017-08-09,2017,3,8,Aug,Summer,1
20170810,2017-08-10,2017,3,8,Aug,Summer,1
20170811,2017-08-11,2017,3,8,Aug,Summer,1
20170812,2017-08-12,2017,3,8,Aug,Summer,1
20170813,2017-08-13,2017,3,8,Aug,Summer,1
20170814,2017-08-14,2017,3,8,Aug,Summer,1
20170815,2017-08-15,2017,3,8,Aug,Summer,1
20170816,2017-08-16,2017,3,8,Aug,Summer,1
20170817,2017-08-17,2017,3,8,Aug,Summer,1
20170818,2017-08-18,2017,3,8,Aug,Summer,1
20170819,2017-08-19,2017,3,8,Aug,Summer,1
20170820,2017-08-20,2017,3,8,Aug,Summer,1
20170821,2017-08-21,2017,3,8,Aug,Summer,1
20170822,2017-08-22,2017,3,8,Aug,Summer,1
20170823,2017-08-23,2017,3,8,Aug,Summer,1
20170824,2017-08-24,2017,3,8,Aug,Summer,1
20170825,2017-08-25,2017,3,8,Aug,Summer,1
20170826,2017-08-26,2017,3,8,Aug,Summer,1
20170827,2017-08-27,2017,3,8,Aug,Summer,1
20170828,2017-08-28,2017,3,8,Aug,Summer,1
20170829,2017-08-29,2017,3,8,Aug,Summer,1
20170830,2017-08-30,2017,3,8,Aug,Summer,1
20170831,2017-08-31,2017,3,8,Aug,Summer,1
20170901,2017-09-01,2017,3,9,Sep,Autumn,1
20170902,2017-09-02,2017,3,9,Sep,Autumn,1
20170903,2017-09-03,2017,3,9,Sep,Autumn,1
20170904,2017-09-04,2017,3,9,Sep,Autumn,1
20170905,2017-09-05,2017,3,9,Sep,Autumn,1
20170906,2017-09-06,2017,3,9,Sep,Autumn,1
20170907,2017-09-07,2017,3,9,Sep,Autumn,1
20170908,2017-09-08,2017,3,9,Sep,Autumn,1
20170909,2017-09-09,2017,3,9,Sep,Autumn,1
20170910,2017-09-10,2017,3,9,Sep,Autumn,1
20170911,2017-09-11,2017,3,9,Sep,Autumn,1
20170912,2017-09-12,2017,3,9,Sep,Autumn,1
20170913,2017-09-13,2017,3,9,Sep,Autumn,1
20170914,2017-09-14,2017,3,9,Sep,Autumn,1
20170915,2017-09-15,2017,3,9,Sep,Autumn,1
20170916,2017-09-16,2017,3,9,Sep,Autumn,1
20170917,2017-09-17,2017,3,9,Sep,Autumn,1
20170918,2017-09-18,2017,3,9,Sep,Autumn,1
20170919,2017-09-19,2017,3,9,Sep,Autumn,1
20170920,2017-09-20,2017,3,9,Sep,Autumn,1
20170921,2017-09-21,2017,3,9,Sep,Autumn,1
20170922,2017-09-22,2017,3,9,Sep,Autumn,1
20170923,2017-09-23,2017,3,9,Sep,Autumn,1
20170924,2017-09-24,2017,3,9,Sep,Autumn,1
20170925,2017-09-25,2017,3,9,Sep,Autumn,1
20170926,2017-09-26,2017,3,9,Sep,Autumn,1
20170927,2017-09-27,2017,3,9,Sep,Autumn,1
20170928,2017-09-28,2017,3,9,Sep,Autumn,1
20170929,2017-09-29,2017,3,9,Sep,Autumn,1
20170930,2017-09-30,2017,3,9,Sep,Autumn,1
20171001,2017-10-01,2017,4,10,Oct,Autumn,1
20171002,2017-10-02,2017,4,10,Oct,Autumn,1
20171003,2017-10-03,2017,4,10,Oct,Autumn,1
20171004,2017-10-04,2017,4,10,Oct,Autumn,1
20171005,2017-10-05,2017,4,10,Oct,Autumn,1
20171006,2017-10-06,2017,4,10,Oct,Autumn,1
20171007,2017-10-07,2017,4,10,Oct,Autumn,1
20171008,2017-10-08,2017,4,10,Oct,Autumn,1
20171009,2017-10-09,2017,4,10,Oct,Autumn,1
20171010,2017-10-10,2017,4,10,Oct,Autumn,1
20171011,2017-10-11,2017,4,10,Oct,Autumn,1
20171012,2017-10-12,2017,4,10,Oct,Autumn,1
20171013,2017-10-13,2017,4,10,Oct,Autumn,1
20171014,2017-10-14,2017,4,10,Oct,Autumn,1
20171015,2017-10-15,2017,4,10,Oct,Autumn,1
20171016,2017-10-16,2017,4,10,Oct,Autumn,1
20171017,2017-10-17,2017,4,10,Oct,Autumn,1
20171018,2017-10-18,2017,4,10,Oct,Autumn,1
20171019,2017-10-19,2017,4,10,Oct,Autumn,1
20171020,2017-10-20,2017,4,10,Oct,Autumn,1
20171021,2017-10-21,2017,4,10,Oct,Autumn,1
20171022,2017-10-22,2017,4,10,Oct,Autumn,1
20171023,2017-10-23,2017,4,10,Oct,Autumn,1
20171024,2017-10-24,2017,4,10,Oct,Autumn,1
20171025,2017-10-25,2017,4,10,Oct,Autumn,1
20171026,2017-10-26,2017,4,10,Oct,Autumn,1
20171027,2017-10-27,2017,4,10,Oct,Autumn,1
20171028,2017-10-28,2017,4,10,Oct,Autumn,1
20171029,2017-10-29,2017,4,10,Oct,Autumn,1
20171030,2017-10-30,2017,4,10,Oct,Autumn,1
20171031,2017-10-31,2017,4,10,Oct,Autumn,1
20171101,2017-11-01,2017,4,11,Nov,Autumn,0
20171102,2017-11-02,2017,4,11,Nov,Autumn,0
20171103,2017-11-03,2017,4,11,Nov,Autumn,0
20171104,2017-11-04,2017,4,11,Nov,Autumn,0
20171105,2017-11-05,2017,4,11,Nov,Autumn,0
20171106,2017-11-06,2017,4,11,Nov,Autumn,0
20171107,2017-11-07,2017,4,11,Nov,Autumn,0
20171108,2017-11-08,2017,4,11,Nov,Autumn,0
20171109,2017-11-09,2017,4,11,Nov,Autumn,0
20171110,2017-11-10,2017,4,11,Nov,Autumn,0
20171111,2017-11-11,2017,4,11,Nov,Autumn,0
20171112,2017-11-12,2017,4,11,Nov,Autumn,0
20171113,2017-11-13,2017,4,11,Nov,Autumn,0
20171114,2017-11-14,2017,4,11,Nov,Autumn,0
20171115,2017-11-15,2017,4,11,Nov,Autumn,0
20171116,2017-11-16,2017,4,11,Nov,Autumn,0
20171117,2017-11-17,2017,4,11,Nov,Autumn,0
20171118,2017-11-18,2017,4,11,Nov,Autumn,0
20171119,2017-11-19,2017,4,11,Nov,Autumn,0
20171120,2017-11-20,2017,4,11,Nov,Autumn,0
20171121,2017-11-21,2017,4,11,Nov,Autumn,0
20171122,2017-11-22,2017,4,11,Nov,Autumn,0
20171123,2017-11-23,2017,4,11,Nov,Autumn,0
20171124,2017-11-24,2017,4,11,Nov,Autumn,0
20171125,2017-11-25,2017,4,11,Nov,Autumn,0
20171126,2017-11-26,2017,4,11,Nov,Autumn,0
20171127,2017-11-27,2017,4,11,Nov,Autumn,0
20171128,2017-11-28,2017,4,11,Nov,Autumn,0
20171129,2017-11-29,2017,4,11,Nov,Autumn,0
20171130,2017-11-30,2017,4,11,Nov,Autumn,0
20171201,2017-12-01,2017,4,12,Dec,Winter,0
20171202,2017-12-02,2017,4,12,Dec,Winter,0
20171203,2017-12-03,2017,4,12,Dec,Winter,0
20171204,2017-12-04,2017,4,12,Dec,Winter,0
20171205,2017-12-05,2017,4,12,Dec,Winter,0
20171206,2017-12-06,2017,4,12,Dec,Winter,0
20171207,2017-12-07,2017,4,12,Dec,Winter,0
20171208,2017-12-08,2017,4,12,Dec,Winter,0
20171209,2017-12-09,2017,4,12,Dec,Winter,0
20171210,2017-12-10,2017,4,12,Dec,Winter,0
20171211,2017-12-11,2017,4,12,Dec,Winter,0
20171212,2017-12-12,2017,4,12,Dec,Winter,0
20171213,2017-12-13,2017,4,12,Dec,Winter,0
20171214,2017-12-14,2017,4,12,Dec,Winter,0
20171215,2017-12-15,2017,4,12,Dec,Winter,0
20171216,2017-12-16,2017,4,12,Dec,Winter,0
20171217,2017-12-17,2017,4,12,Dec,Winter,0
20171218,2017-12-18,2017,4,12,Dec,Winter,0
20171219,2017-12-19,2017,4,12,Dec,Winter,0
20171220,2017-12-20,2017,4,12,Dec,Winter,0
20171221,2017-12-21,2017,4,12,Dec,Winter,0
20171222,2017-12-22,2017,4,12,Dec,Winter,0
20171223,2017-12-23,2017,4,12,Dec,Winter,0
20171224,2017-12-24,2017,4,12,Dec,Winter,0
20171225,2017-12-25,2017,4,12,Dec,Winter,0
20171226,2017-12-26,2017,4,12,Dec,Winter,0
20171227,2017-12-27,2017,4,12,Dec,Winter,0
20171228,2017-12-28,2017,4,12,Dec,Winter,0
20171229,2017-12-29,2017,4,12,Dec,Winter,0
20171230,2017-12-30,2017,4,12,Dec,Winter,0
20171231,2017-12-31,2017,4,12,Dec,Winter,0
20180101,2018-01-01,2018,1,1,Jan,Winter,0
20180102,2018-01-02,2018,1,1,Jan,Winter,0
20180103,2018-01-03,2018,1,1,Jan,Winter,0
20180104,2018-01-04,2018,1,1,Jan,Winter,0
20180105,2018-01-05,2018,1,1,Jan,Winter,0
20180106,2018-01-06,2018,1,1,Jan,Winter,0
20180107,2018-01-07,2018,1,1,Jan,Winter,0
20180108,2018-01-08,2018,1,1,Jan,Winter,0
20180109,2018-01-09,2018,1,1,Jan,Winter,0
20180110,2018-01-10,2018,1,1,Jan,Winter,0
20180111,2018-01-11,2018,1,1,Jan,Winter,0
20180112,2018-01-12,2018,1,1,Jan,Winter,0
20180113,2018-01-13,2018,1,1,Jan,Winter,0
20180114,2018-01-14,2018,1,1,Jan,Winter,0
20180115,2018-01-15,2018,1,1,Jan,Winter,0
20180116,2018-01-16,2018,1,1,Jan,Winter,0
20180117,2018-01-17,2018,1,1,Jan,Winter,0
20180118,2018-01-18,2018,1,1,Jan,Winter,0
20180119,2018-01-19,2018,1,1,Jan,Winter,0
20180120,2018-01-20,2018,1,1,Jan,Winter,0
20180121,2018-01-21,2018,1,1,Jan,Winter,0
20180122,2018-01-22,2018,1,1,Jan,Winter,0
20180123,2018-01-23,2018,1,1,Jan,Winter,0
20180124,2018-01-24,2018,1,1,Jan,Winter,0
20180125,2018-01-25,2018,1,1,Jan,Winter,0
20180126,2018-01-26,2018,1,1,Jan,Winter,0
20180127,2018-01-27,2018,1,1,Jan,Winter,0
20180128,2018-01-28,2018,1,1,Jan,Winter,0
20180129,2018-01-29,2018,1,1,Jan,Winter,0
20180130,2018-01-30,2018,1,1,Jan,Winter,0
20180131,2018-01-31,2018,1,1,Jan,Winter,0
20180201,2018-02-01,2018,1,2,Feb,Winter,0
20180202,2018-02-02,2018,1,2,Feb,Winter,0
20180203,2018-02-03,2018,1,2,Feb,Winter,0
20180204,2018-02-04,2018,1,2,Feb,Winter,0
20180205,2018-02-05,2018,1,2,Feb,Winter,0
20180206,2018-02-06,2018,1,2,Feb,Winter,0
20180207,2018-02-07,2018,1,2,Feb,Winter,0
20180208,2018-02-08,2018,1,2,Feb,Winter,0
20180209,2018-02-09,2018,1,2,Feb,Winter,0
20180210,2018-02-10,2018,1,2,Feb,Winter,0
20180211,2018-02-11,2018,1,2,Feb,Winter,0
20180212,2018-02-12,2018,1,2,Feb,Winter,0
20180213,2018-02-13,2018,1,2,Feb,Winter,0
20180214,2018-02-14,2018,1,2,Feb,Winter,0
20180215,2018-02-15,2018,1,2,Feb,Winter,0
20180216,2018-02-16,2018,1,2,Feb,Winter,0
20180217,2018-02-17,2018,1,2,Feb,Winter,0
20180218,2018-02-18,2018,1,2,Feb,Winter,0
20180219,2018-02-19,2018,1,2,Feb,Winter,0
20180220,2018-02-20,2018,1,2,Feb,Winter,0
20180221,2018-02-21,2018,1,2,Feb,Winter,0
20180222,2018-02-22,2018,1,2,Feb,Winter,0
20180223,2018-02-23,2018,1,2,Feb,Winter,0
20180224,2018-02-24,2018,1,2,Feb,Winter,0
20180225,2018-02-25,2018,1,2,Feb,Winter,0
20180226,2018-02-26,2018,1,2,Feb,Winter,0
20180227,2018-02-27,2018,1,2,Feb,Winter,0
20180228,2018-02-28,2018,1,2,Feb,Winter,0
20180301,2018-03-01,2018,1,3,Mar,Spring,0
20180302,2018-03-02,2018,1,3,Mar,Spring,0
20180303,2018-03-03,2018,1,3,Mar,Spring,0
20180304,2018-03-04,2018,1,3,Mar,Spring,0
20180305,2018-03-05,2018,1,3,Mar,Spring,0
20180306,2018-03-06,2018,1,3,Mar,Spring,0
20180307,2018-03-07,2018,1,3,Mar,Spring,0
20180308,2018-03-08,2018,1,3,Mar,Spring,0
20180309,2018-03-09,2018,1,3,Mar,Spring,0
20180310,2018-03-10,2018,1,3,Mar,Spring,0
20180311,2018-03-11,2018,1,3,Mar,Spring,0
20180312,2018-03-12,2018,1,3,Mar,Spring,0
20180313,2018-03-13,2018,1,3,Mar,Spring,0
20180314,2018-03-14,2018,1,3,Mar,Spring,0
20180315,2018-03-15,2018,1,3,Mar,Spring,0
20180316,2018-03-16,2018,1,3,Mar,Spring,0
20180317,2018-03-17,2018,1,3,Mar,Spring,0
20180318,2018-03-18,2018,1,3,Mar,Spring,0
20180319,2018-03-19,2018,1,3,Mar,Spring,0
20180320,2018-03-20,2018,1,3,Mar,Spring,0
20180321,2018-03-21,2018,1,3,Mar,Spring,0
20180322,2018-03-22,2018,1,3,Mar,Spring,0
20180323,2018-03-23,2018,1,3,Mar,Spring,0
20180324,2018-03-24,2018,1,3,Mar,Spring,0
20180325,2018-03-25,2018,1,3,Mar,Spring,0
20180326,2018-03-26,2018,1,3,Mar,Spring,0
20180327,2018-03-27,2018,1,3,Mar,Spring,0
20180328,2018-03-28,2018,1,3,Mar,Spring,0
20180329,2018-03-29,2018,1,3,Mar,Spring,0
20180330,2018-03-30,2018,1,3,Mar,Spring,0
20180331,2018-03-31,2018,1,3,Mar,Spring,0
20180401,2018-04-01,2018,2,4,Apr,Spring,0
20180402,2018-04-02,2018,2,4,Apr,Spring,0
20180403,2018-04-03,2018,2,4,Apr,Spring,0
20180404,2018-04-04,2018,2,4,Apr,Spring,0
20180405,2018-04-05,2018,2,4,Apr,Spring,0
20180406,2018-04-06,2018,2,4,Apr,Spring,0
20180407,2018-04-07,2018,2,4,Apr,Spring,0
20180408,2018-04-08,2018,2,4,Apr,Spring,0
20180409,2018-04-09,2018,2,4,Apr,Spring,0
20180410,2018-04-10,2018,2,4,Apr,Spring,0
20180411,2018-04-11,2018,2,4,Apr,Spring,0
20180412,2018-04-12,2018,2,4,Apr,Spring,0
20180413,2018-04-13,2018,2,4,Apr,Spring,0
20180414,2018-04-14,2018,2,4,Apr,Spring,0
20180415,2018-04-15,2018,2,4,Apr,Spring,0
20180416,2018-04-16,2018,2,4,Apr,Spring,0
20180417,2018-04-17,2018,2,4,Apr,Spring,0
20180418,2018-04-18,2018,2,4,Apr,Spring,0
20180419,2018-04-19,2018,2,4,Apr,Spring,0
20180420,2018-04-20,2018,2,4,Apr,Spring,0
20180421,2018-04-21,2018,2,4,Apr,Spring,0
20180422,2018-04-22,2018,2,4,Apr,Spring,0
20180423,2018-04-23,2018,2,4,Apr,Spring,0
20180424,2018-04-24,2018,2,4,Apr,Spring,0
20180425,2018-04-25,2018,2,4,Apr,Spring,0
20180426,2018-04-26,2018,2,4,Apr,Spring,0
20180427,2018-04-27,2018,2,4,Apr,Spring,0
20180428,2018-04-28,2018,2,4,Apr,Spring,0
20180429,2018-04-29,2018,2,4,Apr,Spring,0
20180430,2018-04-30,2018,2,4,Apr,Spring,0
20180501,2018-05-01,2018,2,5,May,Spring,0
20180502,2018-05-02,2018,2,5,May,Spring,0
20180503,2018-05-03,2018,2,5,May,Spring,0
20180504,2018-05-04,2018,2,5,May,Spring,0
20180505,2018-05-05,2018,2,5,May,Spring,0
20180506,2018-05-06,2018,2,5,May,Spring,0
20180507,2018-05-07,2018,2,5,May,Spring,0
20180508,2018-05-08,2018,2,5,May,Spring,0
20180509,2018-05-09,2018,2,5,May,Spring,0
20180510,2018-05-10,2018,2,5,May,Spring,0
20180511,2018-05-11,2018,2,5,May,Spring,0
20180512,2018-05-12,2018,2,5,May,Spring,0
20180513,2018-05-13,2018,2,5,May,Spring,0
20180514,2018-05-14,2018,2,5,May,Spring,0
20180515,2018-05-15,2018,2,5,May,Spring,0
20180516,2018-05-16,2018,2,5,May,Spring,0
20180517,2018-05-17,2018,2,5,May,Spring,0
20180518,2018-05-18,2018,2,5,May,Spring,0
20180519,2018-05-19,2018,2,5,May,Spring,0
20180520,2018-05-20,2018,2,5,May,Spring,0
20180521,2018-05-21,2018,2,5,May,Spring,0
20180522,2018-05-22,2018,2,5,May,Spring,0
20180523,2018-05-23,2018,2,5,May,Spring,0
20180524,2018-05-24,2018,2,5,May,Spring,0
20180525,2018-05-25,2018,2,5,May,Spring,0
20180526,2018-05-26,2018,2,5,May,Spring,0
20180527,2018-05-27,2018,2,5,May,Spring,0
20180528,2018-05-28,2018,2,5,May,Spring,0
20180529,2018-05-29,2018,2,5,May,Spring,0
20180530,2018-05-30,2018,2,5,May,Spring,0
20180531,2018-05-31,2018,2,5,May,Spring,0
20180601,2018-06-01,2018,2,6,Jun,Summer,1
20180602,2018-06-02,2018,2,6,Jun,Summer,1
20180603,2018-06-03,2018,2,6,Jun,Summer,1
20180604,2018-06-04,2018,2,6,Jun,Summer,1
20180605,2018-06-05,2018,2,6,Jun,Summer,1
20180606,2018-06-06,2018,2,6,Jun,Summer,1
20180607,2018-06-07,2018,2,6,Jun,Summer,1
20180608,2018-06-08,2018,2,6,Jun,Summer,1
20180609,2018-06-09,2018,2,6,Jun,Summer,1
20180610,2018-06-10,2018,2,6,Jun,Summer,1
20180611,2018-06-11,2018,2,6,Jun,Summer,1
20180612,2018-06-12,2018,2,6,Jun,Summer,1
20180613,2018-06-13,2018,2,6,Jun,Summer,1
20180614,2018-06-14,2018,2,6,Jun,Summer,1
20180615,2018-06-15,2018,2,6,Jun,Summer,1
20180616,2018-06-16,2018,2,6,Jun,Summer,1
20180617,2018-06-17,2018,2,6,Jun,Summer,1
20180618,2018-06-18,2018,2,6,Jun,Summer,1
20180619,2018-06-19,2018,2,6,Jun,Summer,1
20180620,2018-06-20,2018,2,6,Jun,Summer,1
20180621,2018-06-21,2018,2,6,Jun,Summer,1
20180622,2018-06-22,2018,2,6,Jun,Summer,1
20180623,2018-06-23,2018,2,6,Jun,Summer,1
20180624,2018-06-24,2018,2,6,Jun,Summer,1
20180625,2018-06-25,2018,2,6,Jun,Summer,1
20180626,2018-06-26,2018,2,6,Jun,Summer,1
20180627,2018-06-27,2018,2,6,Jun,Summer,1
20180628,2018-06-28,2018,2,6,Jun,Summer,1
20180629,2018-06-29,2018,2,6,Jun,Summer,1
20180630,2018-06-30,2018,2,6,Jun,Summer,1
20180701,2018-07-01,2018,3,7,Jul,Summer,1
20180702,2018-07-02,2018,3,7,Jul,Summer,1
20180703,2018-07-03,2018,3,7,Jul,Summer,1
20180704,2018-07-04,2018,3,7,Jul,Summer,1
20180705,2018-07-05,2018,3,7,Jul,Summer,1
20180706,2018-07-06,2018,3,7,Jul,Summer,1
20180707,2018-07-07,2018,3,7,Jul,Summer,1
20180708,2018-07-08,2018,3,7,Jul,Summer,1
20180709,2018-07-09,2018,3,7,Jul,Summer,1
20180710,2018-07-10,2018,3,7,Jul,Summer,1
20180711,2018-07-11,2018,3,7,Jul,Summer,1
20180712,2018-07-12,2018,3,7,Jul,Summer,1
20180713,2018-07-13,2018,3,7,Jul,Summer,1
20180714,2018-07-14,2018,3,7,Jul,Summer,1
20180715,2018-07-15,2018,3,7,Jul,Summer,1
20180716,2018-07-16,2018,3,7,Jul,Summer,1
20180717,2018-07-17,2018,3,7,Jul,Summer,1
20180718,2018-07-18,2018,3,7,Jul,Summer,1
20180719,2018-07-19,2018,3,7,Jul,Summer,1
20180720,2018-07-20,2018,3,7,Jul,Summer,1
20180721,2018-07-21,2018,3,7,Jul,Summer,1
20180722,2018-07-22,2018,3,7,Jul,Summer,1
20180723,2018-07-23,2018,3,7,Jul,Summer,1
20180724,2018-07-24,2018,3,7,Jul,Summer,1
20180725,2018-07-25,2018,3,7,Jul,Summer,1
20180726,2018-07-26,2018,3,7,Jul,Summer,1
20180727,2018-07-27,2018,3,7,Jul,Summer,1
20180728,2018-07-28,2018,3,7,Jul,Summer,1
20180729,2018-07-29,2018,3,7,Jul,Summer,1
20180730,2018-07-30,2018,3,7,Jul,Summer,1
20180731,2018-07-31,2018,3,7,Jul,Summer,1
20180801,2018-08-01,2018,3,8,Aug,Summer,1
20180802,2018-08-02,2018,3,8,Aug,Summer,1
20180803,2018-08-03,2018,3,8,Aug,Summer,1
20180804,2018-08-04,2018,3,8,Aug,Summer,1
20180805,2018-08-05,2018,3,8,Aug,Summer,1
20180806,2018-08-06,2018,3,8,Aug,Summer,1
20180807,2018-08-07,2018,3,8,Aug,Summer,1
20180808,2018-08-08,2018,3,8,Aug,Summer,1
20180809,2018-08-09,2018,3,8,Aug,Summer,1
20180810,2018-08-10,2018,3,8,Aug,Summer,1
20180811,2018-08-11,2018,3,8,Aug,Summer,1
20180812,2018-08-12,2018,3,8,Aug,Summer,1
20180813,2018-08-13,2018,3,8,Aug,Summer,1
20180814,2018-08-14,2018,3,8,Aug,Summer,1
20180815,2018-08-15,2018,3,8,Aug,Summer,1
20180816,2018-08-16,2018,3,8,Aug,Summer,1
20180817,2018-08-17,2018,3,8,Aug,Summer,1
20180818,2018-08-18,2018,3,8,Aug,Summer,1
20180819,2018-08-19,2018,3,8,Aug,Summer,1
20180820,2018-08-20,2018,3,8,Aug,Summer,1
20180821,2018-08-21,2018,3,8,Aug,Summer,1
20180822,2018-08-22,2018,3,8,Aug,Summer,1
20180823,2018-08-23,2018,3,8,Aug,Summer,1
20180824,2018-08-24,2018,3,8,Aug,Summer,1
20180825,2018-08-25,2018,3,8,Aug,Summer,1
20180826,2018-08-26,2018,3,8,Aug,Summer,1
20180827,2018-08-27,2018,3,8,Aug,Summer,1
20180828,2018-08-28,2018,3,8,Aug,Summer,1
20180829,2018-08-29,2018,3,8,Aug,Summer,1
20180830,2018-08-30,2018,3,8,Aug,Summer,1
20180831,2018-08-31,2018,3,8,Aug,Summer,1
20180901,2018-09-01,2018,3,9,Sep,Autumn,1
20180902,2018-09-02,2018,3,9,Sep,Autumn,1
20180903,2018-09-03,2018,3,9,Sep,Autumn,1
20180904,2018-09-04,2018,3,9,Sep,Autumn,1
20180905,2018-09-05,2018,3,9,Sep,Autumn,1
20180906,2018-09-06,2018,3,9,Sep,Autumn,1
20180907,2018-09-07,2018,3,9,Sep,Autumn,1
20180908,2018-09-08,2018,3,9,Sep,Autumn,1
20180909,2018-09-09,2018,3,9,Sep,Autumn,1
20180910,2018-09-10,2018,3,9,Sep,Autumn,1
20180911,2018-09-11,2018,3,9,Sep,Autumn,1
20180912,2018-09-12,2018,3,9,Sep,Autumn,1
20180913,2018-09-13,2018,3,9,Sep,Autumn,1
20180914,2018-09-14,2018,3,9,Sep,Autumn,1
20180915,2018-09-15,2018,3,9,Sep,Autumn,1
20180916,2018-09-16,2018,3,9,Sep,Autumn,1
20180917,2018-09-17,2018,3,9,Sep,Autumn,1
20180918,2018-09-18,2018,3,9,Sep,Autumn,1
20180919,2018-09-19,2018,3,9,Sep,Autumn,1
20180920,2018-09-20,2018,3,9,Sep,Autumn,1
20180921,2018-09-21,2018,3,9,Sep,Autumn,1
20180922,2018-09-22,2018,3,9,Sep,Autumn,1
20180923,2018-09-23,2018,3,9,Sep,Autumn,1
20180924,2018-09-24,2018,3,9,Sep,Autumn,1
20180925,2018-09-25,2018,3,9,Sep,Autumn,1
20180926,2018-09-26,2018,3,9,Sep,Autumn,1
20180927,2018-09-27,2018,3,9,Sep,Autumn,1
20180928,2018-09-28,2018,3,9,Sep,Autumn,1
20180929,2018-09-29,2018,3,9,Sep,Autumn,1
20180930,2018-09-30,2018,3,9,Sep,Autumn,1
20181001,2018-10-01,2018,4,10,Oct,Autumn,1
20181002,2018-10-02,2018,4,10,Oct,Autumn,1
20181003,2018-10-03,2018,4,10,Oct,Autumn,1
20181004,2018-10-04,2018,4,10,Oct,Autumn,1
20181005,2018-10-05,2018,4,10,Oct,Autumn,1
20181006,2018-10-06,2018,4,10,Oct,Autumn,1
20181007,2018-10-07,2018,4,10,Oct,Autumn,1
20181008,2018-10-08,2018,4,10,Oct,Autumn,1
20181009,2018-10-09,2018,4,10,Oct,Autumn,1
20181010,2018-10-10,2018,4,10,Oct,Autumn,1
20181011,2018-10-11,2018,4,10,Oct,Autumn,1
20181012,2018-10-12,2018,4,10,Oct,Autumn,1
20181013,2018-10-13,2018,4,10,Oct,Autumn,1
20181014,2018-10-14,2018,4,10,Oct,Autumn,1
20181015,2018-10-15,2018,4,10,Oct,Autumn,1
20181016,2018-10-16,2018,4,10,Oct,Autumn,1
20181017,2018-10-17,2018,4,10,Oct,Autumn,1
20181018,2018-10-18,2018,4,10,Oct,Autumn,1
20181019,2018-10-19,2018,4,10,Oct,Autumn,1
20181020,2018-10-20,2018,4,10,Oct,Autumn,1
20181021,2018-10-21,2018,4,10,Oct,Autumn,1
20181022,2018-10-22,2018,4,10,Oct,Autumn,1
20181023,2018-10-23,2018,4,10,Oct,Autumn,1
20181024,2018-10-24,2018,4,10,Oct,Autumn,1
20181025,2018-10-25,2018,4,10,Oct,Autumn,1
20181026,2018-10-26,2018,4,10,Oct,Autumn,1
20181027,2018-10-27,2018,4,10,Oct,Autumn,1
20181028,2018-10-28,2018,4,10,Oct,Autumn,1
20181029,2018-10-29,2018,4,10,Oct,Autumn,1
20181030,2018-10-30,2018,4,10,Oct,Autumn,1
20181031,2018-10-31,2018,4,10,Oct,Autumn,1
20181101,2018-11-01,2018,4,11,Nov,Autumn,0
20181102,2018-11-02,2018,4,11,Nov,Autumn,0
20181103,2018-11-03,2018,4,11,Nov,Autumn,0
20181104,2018-11-04,2018,4,11,Nov,Autumn,0
20181105,2018-11-05,2018,4,11,Nov,Autumn,0
20181106,2018-11-06,2018,4,11,Nov,Autumn,0
20181107,2018-11-07,2018,4,11,Nov,Autumn,0
20181108,2018-11-08,2018,4,11,Nov,Autumn,0
20181109,2018-11-09,2018,4,11,Nov,Autumn,0
20181110,2018-11-10,2018,4,11,Nov,Autumn,0
20181111,2018-11-11,2018,4,11,Nov,Autumn,0
20181112,2018-11-12,2018,4,11,Nov,Autumn,0
20181113,2018-11-13,2018,4,11,Nov,Autumn,0
20181114,2018-11-14,2018,4,11,Nov,Autumn,0
20181115,2018-11-15,2018,4,11,Nov,Autumn,0
20181116,2018-11-16,2018,4,11,Nov,Autumn,0
20181117,2018-11-17,2018,4,11,Nov,Autumn,0
20181118,2018-11-18,2018,4,11,Nov,Autumn,0
20181119,2018-11-19,2018,4,11,Nov,Autumn,0
20181120,2018-11-20,2018,4,11,Nov,Autumn,0
20181121,2018-11-21,2018,4,11,Nov,Autumn,0
20181122,2018-11-22,2018,4,11,Nov,Autumn,0
20181123,2018-11-23,2018,4,11,Nov,Autumn,0
20181124,2018-11-24,2018,4,11,Nov,Autumn,0
20181125,2018-11-25,2018,4,11,Nov,Autumn,0
20181126,2018-11-26,2018,4,11,Nov,Autumn,0
20181127,2018-11-27,2018,4,11,Nov,Autumn,0
20181128,2018-11-28,2018,4,11,Nov,Autumn,0
20181129,2018-11-29,2018,4,11,Nov,Autumn,0
20181130,2018-11-30,2018,4,11,Nov,Autumn,0
20181201,2018-12-01,2018,4,12,Dec,Winter,0
20181202,2018-12-02,2018,4,12,Dec,Winter,0
20181203,2018-12-03,2018,4,12,Dec,Winter,0
20181204,2018-12-04,2018,4,12,Dec,Winter,0
20181205,2018-12-05,2018,4,12,Dec,Winter,0
20181206,2018-12-06,2018,4,12,Dec,Winter,0
20181207,2018-12-07,2018,4,12,Dec,Winter,0
20181208,2018-12-08,2018,4,12,Dec,Winter,0
20181209,2018-12-09,2018,4,12,Dec,Winter,0
20181210,2018-12-10,2018,4,12,Dec,Winter,0
20181211,2018-12-11,2018,4,12,Dec,Winter,0
20181212,2018-12-12,2018,4,12,Dec,Winter,0
20181213,2018-12-13,2018,4,12,Dec,Winter,0
20181214,2018-12-14,2018,4,12,Dec,Winter,0
20181215,2018-12-15,2018,4,12,Dec,Winter,0
20181216,2018-12-16,2018,4,12,Dec,Winter,0
20181217,2018-12-17,2018,4,12,Dec,Winter,0
20181218,2018-12-18,2018,4,12,Dec,Winter,0
20181219,2018-12-19,2018,4,12,Dec,Winter,0
20181220,2018-12-20,2018,4,12,Dec,Winter,0
20181221,2018-12-21,2018,4,12,Dec,Winter,0
20181222,2018-12-22,2018,4,12,Dec,Winter,0
20181223,2018-12-23,2018,4,12,Dec,Winter,0
20181224,2018-12-24,2018,4,12,Dec,Winter,0
20181225,2018-12-25,2018,4,12,Dec,Winter,0
20181226,2018-12-26,2018,4,12,Dec,Winter,0
20181227,2018-12-27,2018,4,12,Dec,Winter,0
20181228,2018-12-28,2018,4,12,Dec,Winter,0
20181229,2018-12-29,2018,4,12,Dec,Winter,0
20181230,2018-12-30,2018,4,12,Dec,Winter,0
20181231,2018-12-31,2018,4,12,Dec,Winter,0
20190101,2019-01-01,2019,1,1,Jan,Winter,0
20190102,2019-01-02,2019,1,1,Jan,Winter,0
20190103,2019-01-03,2019,1,1,Jan,Winter,0
20190104,2019-01-04,2019,1,1,Jan,Winter,0
20190105,2019-01-05,2019,1,1,Jan,Winter,0
20190106,2019-01-06,2019,1,1,Jan,Winter,0
20190107,2019-01-07,2019,1,1,Jan,Winter,0
20190108,2019-01-08,2019,1,1,Jan,Winter,0
20190109,2019-01-09,2019,1,1,Jan,Winter,0
20190110,2019-01-10,2019,1,1,Jan,Winter,0
20190111,2019-01-11,2019,1,1,Jan,Winter,0
20190112,2019-01-12,2019,1,1,Jan,Winter,0
20190113,2019-01-13,2019,1,1,Jan,Winter,0
20190114,2019-01-14,2019,1,1,Jan,Winter,0
20190115,2019-01-15,2019,1,1,Jan,Winter,0
20190116,2019-01-16,2019,1,1,Jan,Winter,0
20190117,2019-01-17,2019,1,1,Jan,Winter,0
20190118,2019-01-18,2019,1,1,Jan,Winter,0
20190119,2019-01-19,2019,1,1,Jan,Winter,0
20190120,2019-01-20,2019,1,1,Jan,Winter,0
20190121,2019-01-21,2019,1,1,Jan,Winter,0
20190122,2019-01-22,2019,1,1,Jan,Winter,0
20190123,2019-01-23,2019,1,1,Jan,Winter,0
20190124,2019-01-24,2019,1,1,Jan,Winter,0
20190125,2019-01-25,2019,1,1,Jan,Winter,0
20190126,2019-01-26,2019,1,1,Jan,Winter,0
20190127,2019-01-27,2019,1,1,Jan,Winter,0
20190128,2019-01-28,2019,1,1,Jan,Winter,0
20190129,2019-01-29,2019,1,1,Jan,Winter,0
20190130,2019-01-30,2019,1,1,Jan,Winter,0
20190131,2019-01-31,2019,1,1,Jan,Winter,0
20190201,2019-02-01,2019,1,2,Feb,Winter,0
20190202,2019-02-02,2019,1,2,Feb,Winter,0
20190203,2019-02-03,2019,1,2,Feb,Winter,0
20190204,2019-02-04,2019,1,2,Feb,Winter,0
20190205,2019-02-05,2019,1,2,Feb,Winter,0
20190206,2019-02-06,2019,1,2,Feb,Winter,0
20190207,2019-02-07,2019,1,2,Feb,Winter,0
20190208,2019-02-08,2019,1,2,Feb,Winter,0
20190209,2019-02-09,2019,1,2,Feb,Winter,0
20190210,2019-02-10,2019,1,2,Feb,Winter,0
20190211,2019-02-11,2019,1,2,Feb,Winter,0
20190212,2019-02-12,2019,1,2,Feb,Winter,0
20190213,2019-02-13,2019,1,2,Feb,Winter,0
20190214,2019-02-14,2019,1,2,Feb,Winter,0
20190215,2019-02-15,2019,1,2,Feb,Winter,0
20190216,2019-02-16,2019,1,2,Feb,Winter,0
20190217,2019-02-17,2019,1,2,Feb,Winter,0
20190218,2019-02-18,2019,1,2,Feb,Winter,0
20190219,2019-02-19,2019,1,2,Feb,Winter,0
20190220,2019-02-20,2019,1,2,Feb,Winter,0
20190221,2019-02-21,2019,1,2,Feb,Winter,0
20190222,2019-02-22,2019,1,2,Feb,Winter,0
20190223,2019-02-23,2019,1,2,Feb,Winter,0
20190224,2019-02-24,2019,1,2,Feb,Winter,0
20190225,2019-02-25,2019,1,2,Feb,Winter,0
20190226,2019-02-26,2019,1,2,Feb,Winter,0
20190227,2019-02-27,2019,1,2,Feb,Winter,0
20190228,2019-02-28,2019,1,2,Feb,Winter,0
20190301,2019-03-01,2019,1,3,Mar,Spring,0
20190302,2019-03-02,2019,1,3,Mar,Spring,0
20190303,2019-03-03,2019,1,3,Mar,Spring,0
20190304,2019-03-04,2019,1,3,Mar,Spring,0
20190305,2019-03-05,2019,1,3,Mar,Spring,0
20190306,2019-03-06,2019,1,3,Mar,Spring,0
20190307,2019-03-07,2019,1,3,Mar,Spring,0
20190308,2019-03-08,2019,1,3,Mar,Spring,0
20190309,2019-03-09,2019,1,3,Mar,Spring,0
20190310,2019-03-10,2019,1,3,Mar,Spring,0
20190311,2019-03-11,2019,1,3,Mar,Spring,0
20190312,2019-03-12,2019,1,3,Mar,Spring,0
20190313,2019-03-13,2019,1,3,Mar,Spring,0
20190314,2019-03-14,2019,1,3,Mar,Spring,0
20190315,2019-03-15,2019,1,3,Mar,Spring,0
20190316,2019-03-16,2019,1,3,Mar,Spring,0
20190317,2019-03-17,2019,1,3,Mar,Spring,0
20190318,2019-03-18,2019,1,3,Mar,Spring,0
20190319,2019-03-19,2019,1,3,Mar,Spring,0
20190320,2019-03-20,2019,1,3,Mar,Spring,0
20190321,2019-03-21,2019,1,3,Mar,Spring,0
20190322,2019-03-22,2019,1,3,Mar,Spring,0
20190323,2019-03-23,2019,1,3,Mar,Spring,0
20190324,2019-03-24,2019,1,3,Mar,Spring,0
20190325,2019-03-25,2019,1,3,Mar,Spring,0
20190326,2019-03-26,2019,1,3,Mar,Spring,0
20190327,2019-03-27,2019,1,3,Mar,Spring,0
20190328,2019-03-28,2019,1,3,Mar,Spring,0
20190329,2019-03-29,2019,1,3,Mar,Spring,0
20190330,2019-03-30,2019,1,3,Mar,Spring,0
20190331,2019-03-31,2019,1,3,Mar,Spring,0
20190401,2019-04-01,2019,2,4,Apr,Spring,0
20190402,2019-04-02,2019,2,4,Apr,Spring,0
20190403,2019-04-03,2019,2,4,Apr,Spring,0
20190404,2019-04-04,2019,2,4,Apr,Spring,0
20190405,2019-04-05,2019,2,4,Apr,Spring,0
20190406,2019-04-06,2019,2,4,Apr,Spring,0
20190407,2019-04-07,2019,2,4,Apr,Spring,0
20190408,2019-04-08,2019,2,4,Apr,Spring,0
20190409,2019-04-09,2019,2,4,Apr,Spring,0
20190410,2019-04-10,2019,2,4,Apr,Spring,0
20190411,2019-04-11,2019,2,4,Apr,Spring,0
20190412,2019-04-12,2019,2,4,Apr,Spring,0
20190413,2019-04-13,2019,2,4,Apr,Spring,0
20190414,2019-04-14,2019,2,4,Apr,Spring,0
20190415,2019-04-15,2019,2,4,Apr,Spring,0
20190416,2019-04-16,2019,2,4,Apr,Spring,0
20190417,2019-04-17,2019,2,4,Apr,Spring,0
20190418,2019-04-18,2019,2,4,Apr,Spring,0
20190419,2019-04-19,2019,2,4,Apr,Spring,0
20190420,2019-04-20,2019,2,4,Apr,Spring,0
20190421,2019-04-21,2019,2,4,Apr,Spring,0
20190422,2019-04-22,2019,2,4,Apr,Spring,0
20190423,2019-04-23,2019,2,4,Apr,Spring,0
20190424,2019-04-24,2019,2,4,Apr,Spring,0
20190425,2019-04-25,2019,2,4,Apr,Spring,0
20190426,2019-04-26,2019,2,4,Apr,Spring,0
20190427,2019-04-27,2019,2,4,Apr,Spring,0
20190428,2019-04-28,2019,2,4,Apr,Spring,0
20190429,2019-04-29,2019,2,4,Apr,Spring,0
20190430,2019-04-30,2019,2,4,Apr,Spring,0
20190501,2019-05-01,2019,2,5,May,Spring,0
20190502,2019-05-02,2019,2,5,May,Spring,0
20190503,2019-05-03,2019,2,5,May,Spring,0
20190504,2019-05-04,2019,2,5,May,Spring,0
20190505,2019-05-05,2019,2,5,May,Spring,0
20190506,2019-05-06,2019,2,5,May,Spring,0
20190507,2019-05-07,2019,2,5,May,Spring,0
20190508,2019-05-08,2019,2,5,May,Spring,0
20190509,2019-05-09,2019,2,5,May,Spring,0
20190510,2019-05-10,2019,2,5,May,Spring,0
20190511,2019-05-11,2019,2,5,May,Spring,0
20190512,2019-05-12,2019,2,5,May,Spring,0
20190513,2019-05-13,2019,2,5,May,Spring,0
20190514,2019-05-14,2019,2,5,May,Spring,0
20190515,2019-05-15,2019,2,5,May,Spring,0
20190516,2019-05-16,2019,2,5,May,Spring,0
20190517,2019-05-17,2019,2,5,May,Spring,0
20190518,2019-05-18,2019,2,5,May,Spring,0
20190519,2019-05-19,2019,2,5,May,Spring,0
20190520,2019-05-20,2019,2,5,May,Spring,0
20190521,2019-05-21,2019,2,5,May,Spring,0
20190522,2019-05-22,2019,2,5,May,Spring,0
20190523,2019-05-23,2019,2,5,May,Spring,0
20190524,2019-05-24,2019,2,5,May,Spring,0
20190525,2019-05-25,2019,2,5,May,Spring,0
20190526,2019-05-26,2019,2,5,May,Spring,0
20190527,2019-05-27,2019,2,5,May,Spring,0
20190528,2019-05-28,2019,2,5,May,Spring,0
20190529,2019-05-29,2019,2,5,May,Spring,0
20190530,2019-05-30,2019,2,5,May,Spring,0
20190531,2019-05-31,2019,2,5,May,Spring,0
20190601,2019-06-01,2019,2,6,Jun,Summer,1
20190602,2019-06-02,2019,2,6,Jun,Summer,1
20190603,2019-06-03,2019,2,6,Jun,Summer,1
20190604,2019-06-04,2019,2,6,Jun,Summer,1
20190605,2019-06-05,2019,2,6,Jun,Summer,1
20190606,2019-06-06,2019,2,6,Jun,Summer,1
20190607,2019-06-07,2019,2,6,Jun,Summer,1
20190608,2019-06-08,2019,2,6,Jun,Summer,1
20190609,2019-06-09,2019,2,6,Jun,Summer,1
20190610,2019-06-10,2019,2,6,Jun,Summer,1
20190611,2019-06-11,2019,2,6,Jun,Summer,1
20190612,2019-06-12,2019,2,6,Jun,Summer,1
20190613,2019-06-13,2019,2,6,Jun,Summer,1
20190614,2019-06-14,2019,2,6,Jun,Summer,1
20190615,2019-06-15,2019,2,6,Jun,Summer,1
20190616,2019-06-16,2019,2,6,Jun,Summer,1
20190617,2019-06-17,2019,2,6,Jun,Summer,1
20190618,2019-06-18,2019,2,6,Jun,Summer,1
20190619,2019-06-19,2019,2,6,Jun,Summer,1
20190620,2019-06-20,2019,2,6,Jun,Summer,1
20190621,2019-06-21,2019,2,6,Jun,Summer,1
20190622,2019-06-22,2019,2,6,Jun,Summer,1
20190623,2019-06-23,2019,2,6,Jun,Summer,1
20190624,2019-06-24,2019,2,6,Jun,Summer,1
20190625,2019-06-25,2019,2,6,Jun,Summer,1
20190626,2019-06-26,2019,2,6,Jun,Summer,1
20190627,2019-06-27,2019,2,6,Jun,Summer,1
20190628,2019-06-28,2019,2,6,Jun,Summer,1
20190629,2019-06-29,2019,2,6,Jun,Summer,1
20190630,2019-06-30,2019,2,6,Jun,Summer,1
20190701,2019-07-01,2019,3,7,Jul,Summer,1
20190702,2019-07-02,2019,3,7,Jul,Summer,1
20190703,2019-07-03,2019,3,7,Jul,Summer,1
20190704,2019-07-04,2019,3,7,Jul,Summer,1
20190705,2019-07-05,2019,3,7,Jul,Summer,1
20190706,2019-07-06,2019,3,7,Jul,Summer,1
20190707,2019-07-07,2019,3,7,Jul,Summer,1
20190708,2019-07-08,2019,3,7,Jul,Summer,1
20190709,2019-07-09,2019,3,7,Jul,Summer,1
20190710,2019-07-10,2019,3,7,Jul,Summer,1
20190711,2019-07-11,2019,3,7,Jul,Summer,1
20190712,2019-07-12,2019,3,7,Jul,Summer,1
20190713,2019-07-13,2019,3,7,Jul,Summer,1
20190714,2019-07-14,2019,3,7,Jul,Summer,1
20190715,2019-07-15,2019,3,7,Jul,Summer,1
20190716,2019-07-16,2019,3,7,Jul,Summer,1
20190717,2019-07-17,2019,3,7,Jul,Summer,1
20190718,2019-07-18,2019,3,7,Jul,Summer,1
20190719,2019-07-19,2019,3,7,Jul,Summer,1
20190720,2019-07-20,2019,3,7,Jul,Summer,1
20190721,2019-07-21,2019,3,7,Jul,Summer,1
20190722,2019-07-22,2019,3,7,Jul,Summer,1
20190723,2019-07-23,2019,3,7,Jul,Summer,1
20190724,2019-07-24,2019,3,7,Jul,Summer,1
20190725,2019-07-25,2019,3,7,Jul,Summer,1
20190726,2019-07-26,2019,3,7,Jul,Summer,1
20190727,2019-07-27,2019,3,7,Jul,Summer,1
20190728,2019-07-28,2019,3,7,Jul,Summer,1
20190729,2019-07-29,2019,3,7,Jul,Summer,1
20190730,2019-07-30,2019,3,7,Jul,Summer,1
20190731,2019-07-31,2019,3,7,Jul,Summer,1
20190801,2019-08-01,2019,3,8,Aug,Summer,1
20190802,2019-08-02,2019,3,8,Aug,Summer,1
20190803,2019-08-03,2019,3,8,Aug,Summer,1
20190804,2019-08-04,2019,3,8,Aug,Summer,1
20190805,2019-08-05,2019,3,8,Aug,Summer,1
20190806,2019-08-06,2019,3,8,Aug,Summer,1
20190807,2019-08-07,2019,3,8,Aug,Summer,1
20190808,2019-08-08,2019,3,8,Aug,Summer,1
20190809,2019-08-09,2019,3,8,Aug,Summer,1
20190810,2019-08-10,2019,3,8,Aug,Summer,1
20190811,2019-08-11,2019,3,8,Aug,Summer,1
20190812,2019-08-12,2019,3,8,Aug,Summer,1
20190813,2019-08-13,2019,3,8,Aug,Summer,1
20190814,2019-08-14,2019,3,8,Aug,Summer,1
20190815,2019-08-15,2019,3,8,Aug,Summer,1
20190816,2019-08-16,2019,3,8,Aug,Summer,1
20190817,2019-08-17,2019,3,8,Aug,Summer,1
20190818,2019-08-18,2019,3,8,Aug,Summer,1
20190819,2019-08-19,2019,3,8,Aug,Summer,1
20190820,2019-08-20,2019,3,8,Aug,Summer,1
20190821,2019-08-21,2019,3,8,Aug,Summer,1
20190822,2019-08-22,2019,3,8,Aug,Summer,1
20190823,2019-08-23,2019,3,8,Aug,Summer,1
20190824,2019-08-24,2019,3,8,Aug,Summer,1
20190825,2019-08-25,2019,3,8,Aug,Summer,1
20190826,2019-08-26,2019,3,8,Aug,Summer,1
20190827,2019-08-27,2019,3,8,Aug,Summer,1
20190828,2019-08-28,2019,3,8,Aug,Summer,1
20190829,2019-08-29,2019,3,8,Aug,Summer,1
20190830,2019-08-30,2019,3,8,Aug,Summer,1
20190831,2019-08-31,2019,3,8,Aug,Summer,1
20190901,2019-09-01,2019,3,9,Sep,Autumn,1
20190902,2019-09-02,2019,3,9,Sep,Autumn,1
20190903,2019-09-03,2019,3,9,Sep,Autumn,1
20190904,2019-09-04,2019,3,9,Sep,Autumn,1
20190905,2019-09-05,2019,3,9,Sep,Autumn,1
20190906,2019-09-06,2019,3,9,Sep,Autumn,1
20190907,2019-09-07,2019,3,9,Sep,Autumn,1
20190908,2019-09-08,2019,3,9,Sep,Autumn,1
20190909,2019-09-09,2019,3,9,Sep,Autumn,1
20190910,2019-09-10,2019,3,9,Sep,Autumn,1
20190911,2019-09-11,2019,3,9,Sep,Autumn,1
20190912,2019-09-12,2019,3,9,Sep,Autumn,1
20190913,2019-09-13,2019,3,9,Sep,Autumn,1
20190914,2019-09-14,2019,3,9,Sep,Autumn,1
20190915,2019-09-15,2019,3,9,Sep,Autumn,1
20190916,2019-09-16,2019,3,9,Sep,Autumn,1
20190917,2019-09-17,2019,3,9,Sep,Autumn,1
20190918,2019-09-18,2019,3,9,Sep,Autumn,1
20190919,2019-09-19,2019,3,9,Sep,Autumn,1
20190920,2019-09-20,2019,3,9,Sep,Autumn,1
20190921,2019-09-21,2019,3,9,Sep,Autumn,1
20190922,2019-09-22,2019,3,9,Sep,Autumn,1
20190923,2019-09-23,2019,3,9,Sep,Autumn,1
20190924,2019-09-24,2019,3,9,Sep,Autumn,1
20190925,2019-09-25,2019,3,9,Sep,Autumn,1
20190926,2019-09-26,2019,3,9,Sep,Autumn,1
20190927,2019-09-27,2019,3,9,Sep,Autumn,1
20190928,2019-09-28,2019,3,9,Sep,Autumn,1
20190929,2019-09-29,2019,3,9,Sep,Autumn,1
20190930,2019-09-30,2019,3,9,Sep,Autumn,1
20191001,2019-10-01,2019,4,10,Oct,Autumn,1
20191002,2019-10-02,2019,4,10,Oct,Autumn,1
20191003,2019-10-03,2019,4,10,Oct,Autumn,1
20191004,2019-10-04,2019,4,10,Oct,Autumn,1
20191005,2019-10-05,2019,4,10,Oct,Autumn,1
20191006,2019-10-06,2019,4,10,Oct,Autumn,1
20191007,2019-10-07,2019,4,10,Oct,Autumn,1
20191008,2019-10-08,2019,4,10,Oct,Autumn,1
20191009,2019-10-09,2019,4,10,Oct,Autumn,1
20191010,2019-10-10,2019,4,10,Oct,Autumn,1
20191011,2019-10-11,2019,4,10,Oct,Autumn,1
20191012,2019-10-12,2019,4,10,Oct,Autumn,1
20191013,2019-10-13,2019,4,10,Oct,Autumn,1
20191014,2019-10-14,2019,4,10,Oct,Autumn,1
20191015,2019-10-15,2019,4,10,Oct,Autumn,1
20191016,2019-10-16,2019,4,10,Oct,Autumn,1
20191017,2019-10-17,2019,4,10,Oct,Autumn,1
20191018,2019-10-18,2019,4,10,Oct,Autumn,1
20191019,2019-10-19,2019,4,10,Oct,Autumn,1
20191020,2019-10-20,2019,4,10,Oct,Autumn,1
20191021,2019-10-21,2019,4,10,Oct,Autumn,1
20191022,2019-10-22,2019,4,10,Oct,Autumn,1
20191023,2019-10-23,2019,4,10,Oct,Autumn,1
20191024,2019-10-24,2019,4,10,Oct,Autumn,1
20191025,2019-10-25,2019,4,10,Oct,Autumn,1
20191026,2019-10-26,2019,4,10,Oct,Autumn,1
20191027,2019-10-27,2019,4,10,Oct,Autumn,1
20191028,2019-10-28,2019,4,10,Oct,Autumn,1
20191029,2019-10-29,2019,4,10,Oct,Autumn,1
20191030,2019-10-30,2019,4,10,Oct,Autumn,1
20191031,2019-10-31,2019,4,10,Oct,Autumn,1
20191101,2019-11-01,2019,4,11,Nov,Autumn,0
20191102,2019-11-02,2019,4,11,Nov,Autumn,0
20191103,2019-11-03,2019,4,11,Nov,Autumn,0
20191104,2019-11-04,2019,4,11,Nov,Autumn,0
20191105,2019-11-05,2019,4,11,Nov,Autumn,0
20191106,2019-11-06,2019,4,11,Nov,Autumn,0
20191107,2019-11-07,2019,4,11,Nov,Autumn,0
20191108,2019-11-08,2019,4,11,Nov,Autumn,0
20191109,2019-11-09,2019,4,11,Nov,Autumn,0
20191110,2019-11-10,2019,4,11,Nov,Autumn,0
20191111,2019-11-11,2019,4,11,Nov,Autumn,0
20191112,2019-11-12,2019,4,11,Nov,Autumn,0
20191113,2019-11-13,2019,4,11,Nov,Autumn,0
20191114,2019-11-14,2019,4,11,Nov,Autumn,0
20191115,2019-11-15,2019,4,11,Nov,Autumn,0
20191116,2019-11-16,2019,4,11,Nov,Autumn,0
20191117,2019-11-17,2019,4,11,Nov,Autumn,0
20191118,2019-11-18,2019,4,11,Nov,Autumn,0
20191119,2019-11-19,2019,4,11,Nov,Autumn,0
20191120,2019-11-20,2019,4,11,Nov,Autumn,0
20191121,2019-11-21,2019,4,11,Nov,Autumn,0
20191122,2019-11-22,2019,4,11,Nov,Autumn,0
20191123,2019-11-23,2019,4,11,Nov,Autumn,0
20191124,2019-11-24,2019,4,11,Nov,Autumn,0
20191125,2019-11-25,2019,4,11,Nov,Autumn,0
20191126,2019-11-26,2019,4,11,Nov,Autumn,0
20191127,2019-11-27,2019,4,11,Nov,Autumn,0
20191128,2019-11-28,2019,4,11,Nov,Autumn,0
20191129,2019-11-29,2019,4,11,Nov,Autumn,0
20191130,2019-11-30,2019,4,11,Nov,Autumn,0
20191201,2019-12-01,2019,4,12,Dec,Winter,0
20191202,2019-12-02,2019,4,12,Dec,Winter,0
20191203,2019-12-03,2019,4,12,Dec,Winter,0
20191204,2019-12-04,2019,4,12,Dec,Winter,0
20191205,2019-12-05,2019,4,12,Dec,Winter,0
20191206,2019-12-06,2019,4,12,Dec,Winter,0
20191207,2019-12-07,2019,4,12,Dec,Winter,0
20191208,2019-12-08,2019,4,12,Dec,Winter,0
20191209,2019-12-09,2019,4,12,Dec,Winter,0
20191210,2019-12-10,2019,4,12,Dec,Winter,0
20191211,2019-12-11,2019,4,12,Dec,Winter,0
20191212,2019-12-12,2019,4,12,Dec,Winter,0
20191213,2019-12-13,2019,4,12,Dec,Winter,0
20191214,2019-12-14,2019,4,12,Dec,Winter,0
20191215,2019-12-15,2019,4,12,Dec,Winter,0
20191216,2019-12-16,2019,4,12,Dec,Winter,0
20191217,2019-12-17,2019,4,12,Dec,Winter,0
20191218,2019-12-18,2019,4,12,Dec,Winter,0
20191219,2019-12-19,2019,4,12,Dec,Winter,0
20191220,2019-12-20,2019,4,12,Dec,Winter,0
20191221,2019-12-21,2019,4,12,Dec,Winter,0
20191222,2019-12-22,2019,4,12,Dec,Winter,0
20191223,2019-12-23,2019,4,12,Dec,Winter,0
20191224,2019-12-24,2019,4,12,Dec,Winter,0
20191225,2019-12-25,2019,4,12,Dec,Winter,0
20191226,2019-12-26,2019,4,12,Dec,Winter,0
20191227,2019-12-27,2019,4,12,Dec,Winter,0
20191228,2019-12-28,2019,4,12,Dec,Winter,0
20191229,2019-12-29,2019,4,12,Dec,Winter,0
20191230,2019-12-30,2019,4,12,Dec,Winter,0
20191231,2019-12-31,2019,4,12,Dec,Winter,0
20200101,2020-01-01,2020,1,1,Jan,Winter,0
20200102,2020-01-02,2020,1,1,Jan,Winter,0
20200103,2020-01-03,2020,1,1,Jan,Winter,0
20200104,2020-01-04,2020,1,1,Jan,Winter,0
20200105,2020-01-05,2020,1,1,Jan,Winter,0
20200106,2020-01-06,2020,1,1,Jan,Winter,0
20200107,2020-01-07,2020,1,1,Jan,Winter,0
20200108,2020-01-08,2020,1,1,Jan,Winter,0
20200109,2020-01-09,2020,1,1,Jan,Winter,0
20200110,2020-01-10,2020,1,1,Jan,Winter,0
20200111,2020-01-11,2020,1,1,Jan,Winter,0
20200112,2020-01-12,2020,1,1,Jan,Winter,0
20200113,2020-01-13,2020,1,1,Jan,Winter,0
20200114,2020-01-14,2020,1,1,Jan,Winter,0
20200115,2020-01-15,2020,1,1,Jan,Winter,0
20200116,2020-01-16,2020,1,1,Jan,Winter,0
20200117,2020-01-17,2020,1,1,Jan,Winter,0
20200118,2020-01-18,2020,1,1,Jan,Winter,0
20200119,2020-01-19,2020,1,1,Jan,Winter,0
20200120,2020-01-20,2020,1,1,Jan,Winter,0
20200121,2020-01-21,2020,1,1,Jan,Winter,0
20200122,2020-01-22,2020,1,1,Jan,Winter,0
20200123,2020-01-23,2020,1,1,Jan,Winter,0
20200124,2020-01-24,2020,1,1,Jan,Winter,0
20200125,2020-01-25,2020,1,1,Jan,Winter,0
20200126,2020-01-26,2020,1,1,Jan,Winter,0
20200127,2020-01-27,2020,1,1,Jan,Winter,0
20200128,2020-01-28,2020,1,1,Jan,Winter,0
20200129,2020-01-29,2020,1,1,Jan,Winter,0
20200130,2020-01-30,2020,1,1,Jan,Winter,0
20200131,2020-01-31,2020,1,1,Jan,Winter,0
20200201,2020-02-01,2020,1,2,Feb,Winter,0
20200202,2020-02-02,2020,1,2,Feb,Winter,0
20200203,2020-02-03,2020,1,2,Feb,Winter,0
20200204,2020-02-04,2020,1,2,Feb,Winter,0
20200205,2020-02-05,2020,1,2,Feb,Winter,0
20200206,2020-02-06,2020,1,2,Feb,Winter,0
20200207,2020-02-07,2020,1,2,Feb,Winter,0
20200208,2020-02-08,2020,1,2,Feb,Winter,0
20200209,2020-02-09,2020,1,2,Feb,Winter,0
20200210,2020-02-10,2020,1,2,Feb,Winter,0
20200211,2020-02-11,2020,1,2,Feb,Winter,0
20200212,2020-02-12,2020,1,2,Feb,Winter,0
20200213,2020-02-13,2020,1,2,Feb,Winter,0
20200214,2020-02-14,2020,1,2,Feb,Winter,0
20200215,2020-02-15,2020,1,2,Feb,Winter,0
20200216,2020-02-16,2020,1,2,Feb,Winter,0
20200217,2020-02-17,2020,1,2,Feb,Winter,0
20200218,2020-02-18,2020,1,2,Feb,Winter,0
20200219,2020-02-19,2020,1,2,Feb,Winter,0
20200220,2020-02-20,2020,1,2,Feb,Winter,0
20200221,2020-02-21,2020,1,2,Feb,Winter,0
20200222,2020-02-22,2020,1,2,Feb,Winter,0
20200223,2020-02-23,2020,1,2,Feb,Winter,0
20200224,2020-02-24,2020,1,2,Feb,Winter,0
20200225,2020-02-25,2020,1,2,Feb,Winter,0
20200226,2020-02-26,2020,1,2,Feb,Winter,0
20200227,2020-02-27,2020,1,2,Feb,Winter,0
20200228,2020-02-28,2020,1,2,Feb,Winter,0
20200229,2020-02-29,2020,1,2,Feb,Winter,0
20200301,2020-03-01,2020,1,3,Mar,Spring,0
20200302,2020-03-02,2020,1,3,Mar,Spring,0
20200303,2020-03-03,2020,1,3,Mar,Spring,0
20200304,2020-03-04,2020,1,3,Mar,Spring,0
20200305,2020-03-05,2020,1,3,Mar,Spring,0
20200306,2020-03-06,2020,1,3,Mar,Spring,0
20200307,2020-03-07,2020,1,3,Mar,Spring,0
20200308,2020-03-08,2020,1,3,Mar,Spring,0
20200309,2020-03-09,2020,1,3,Mar,Spring,0
20200310,2020-03-10,2020,1,3,Mar,Spring,0
20200311,2020-03-11,2020,1,3,Mar,Spring,0
20200312,2020-03-12,2020,1,3,Mar,Spring,0
20200313,2020-03-13,2020,1,3,Mar,Spring,0
20200314,2020-03-14,2020,1,3,Mar,Spring,0
20200315,2020-03-15,2020,1,3,Mar,Spring,0
20200316,2020-03-16,2020,1,3,Mar,Spring,0
20200317,2020-03-17,2020,1,3,Mar,Spring,0
20200318,2020-03-18,2020,1,3,Mar,Spring,0
20200319,2020-03-19,2020,1,3,Mar,Spring,0
20200320,2020-03-20,2020,1,3,Mar,Spring,0
20200321,2020-03-21,2020,1,3,Mar,Spring,0
20200322,2020-03-22,2020,1,3,Mar,Spring,0
20200323,2020-03-23,2020,1,3,Mar,Spring,0
20200324,2020-03-24,2020,1,3,Mar,Spring,0
20200325,2020-03-25,2020,1,3,Mar,Spring,0
20200326,2020-03-26,2020,1,3,Mar,Spring,0
20200327,2020-03-27,2020,1,3,Mar,Spring,0
20200328,2020-03-28,2020,1,3,Mar,Spring,0
20200329,2020-03-29,2020,1,3,Mar,Spring,0
20200330,2020-03-30,2020,1,3,Mar,Spring,0
20200331,2020-03-31,2020,1,3,Mar,Spring,0
20200401,2020-04-01,2020,2,4,Apr,Spring,0
20200402,2020-04-02,2020,2,4,Apr,Spring,0
20200403,2020-04-03,2020,2,4,Apr,Spring,0
20200404,2020-04-04,2020,2,4,Apr,Spring,0
20200405,2020-04-05,2020,2,4,Apr,Spring,0
20200406,2020-04-06,2020,2,4,Apr,Spring,0
20200407,2020-04-07,2020,2,4,Apr,Spring,0
20200408,2020-04-08,2020,2,4,Apr,Spring,0
20200409,2020-04-09,2020,2,4,Apr,Spring,0
20200410,2020-04-10,2020,2,4,Apr,Spring,0
20200411,2020-04-11,2020,2,4,Apr,Spring,0
20200412,2020-04-12,2020,2,4,Apr,Spring,0
20200413,2020-04-13,2020,2,4,Apr,Spring,0
20200414,2020-04-14,2020,2,4,Apr,Spring,0
20200415,2020-04-15,2020,2,4,Apr,Spring,0
20200416,2020-04-16,2020,2,4,Apr,Spring,0
20200417,2020-04-17,2020,2,4,Apr,Spring,0
20200418,2020-04-18,2020,2,4,Apr,Spring,0
20200419,2020-04-19,2020,2,4,Apr,Spring,0
20200420,2020-04-20,2020,2,4,Apr,Spring,0
20200421,2020-04-21,2020,2,4,Apr,Spring,0
20200422,2020-04-22,2020,2,4,Apr,Spring,0
20200423,2020-04-23,2020,2,4,Apr,Spring,0
20200424,2020-04-24,2020,2,4,Apr,Spring,0
20200425,2020-04-25,2020,2,4,Apr,Spring,0
20200426,2020-04-26,2020,2,4,Apr,Spring,0
20200427,2020-04-27,2020,2,4,Apr,Spring,0
20200428,2020-04-28,2020,2,4,Apr,Spring,0
20200429,2020-04-29,2020,2,4,Apr,Spring,0
20200430,2020-04-30,2020,2,4,Apr,Spring,0
20200501,2020-05-01,2020,2,5,May,Spring,0
20200502,2020-05-02,2020,2,5,May,Spring,0
20200503,2020-05-03,2020,2,5,May,Spring,0
20200504,2020-05-04,2020,2,5,May,Spring,0
20200505,2020-05-05,2020,2,5,May,Spring,0
20200506,2020-05-06,2020,2,5,May,Spring,0
20200507,2020-05-07,2020,2,5,May,Spring,0
20200508,2020-05-08,2020,2,5,May,Spring,0
20200509,2020-05-09,2020,2,5,May,Spring,0
20200510,2020-05-10,2020,2,5,May,Spring,0
20200511,2020-05-11,2020,2,5,May,Spring,0
20200512,2020-05-12,2020,2,5,May,Spring,0
20200513,2020-05-13,2020,2,5,May,Spring,0
20200514,2020-05-14,2020,2,5,May,Spring,0
20200515,2020-05-15,2020,2,5,May,Spring,0
20200516,2020-05-16,2020,2,5,May,Spring,0
20200517,2020-05-17,2020,2,5,May,Spring,0
20200518,2020-05-18,2020,2,5,May,Spring,0
20200519,2020-05-19,2020,2,5,May,Spring,0
20200520,2020-05-20,2020,2,5,May,Spring,0
20200521,2020-05-21,2020,2,5,May,Spring,0
20200522,2020-05-22,2020,2,5,May,Spring,0
20200523,2020-05-23,2020,2,5,May,Spring,0
20200524,2020-05-24,2020,2,5,May,Spring,0
20200525,2020-05-25,2020,2,5,May,Spring,0
20200526,2020-05-26,2020,2,5,May,Spring,0
20200527,2020-05-27,2020,2,5,May,Spring,0
20200528,2020-05-28,2020,2,5,May,Spring,0
20200529,2020-05-29,2020,2,5,May,Spring,0
20200530,2020-05-30,2020,2,5,May,Spring,0
20200531,2020-05-31,2020,2,5,May,Spring,0
20200601,2020-06-01,2020,2,6,Jun,Summer,1
20200602,2020-06-02,2020,2,6,Jun,Summer,1
20200603,2020-06-03,2020,2,6,Jun,Summer,1
20200604,2020-06-04,2020,2,6,Jun,Summer,1
20200605,2020-06-05,2020,2,6,Jun,Summer,1
20200606,2020-06-06,2020,2,6,Jun,Summer,1
20200607,2020-06-07,2020,2,6,Jun,Summer,1
20200608,2020-06-08,2020,2,6,Jun,Summer,1
20200609,2020-06-09,2020,2,6,Jun,Summer,1
20200610,2020-06-10,2020,2,6,Jun,Summer,1
20200611,2020-06-11,2020,2,6,Jun,Summer,1
20200612,2020-06-12,2020,2,6,Jun,Summer,1
20200613,2020-06-13,2020,2,6,Jun,Summer,1
20200614,2020-06-14,2020,2,6,Jun,Summer,1
20200615,2020-06-15,2020,2,6,Jun,Summer,1
20200616,2020-06-16,2020,2,6,Jun,Summer,1
20200617,2020-06-17,2020,2,6,Jun,Summer,1
20200618,2020-06-18,2020,2,6,Jun,Summer,1
20200619,2020-06-19,2020,2,6,Jun,Summer,1
20200620,2020-06-20,2020,2,6,Jun,Summer,1
20200621,2020-06-21,2020,2,6,Jun,Summer,1
20200622,2020-06-22,2020,2,6,Jun,Summer,1
20200623,2020-06-23,2020,2,6,Jun,Summer,1
20200624,2020-06-24,2020,2,6,Jun,Summer,1
20200625,2020-06-25,2020,2,6,Jun,Summer,1
20200626,2020-06-26,2020,2,6,Jun,Summer,1
20200627,2020-06-27,2020,2,6,Jun,Summer,1
20200628,2020-06-28,2020,2,6,Jun,Summer,1
20200629,2020-06-29,2020,2,6,Jun,Summer,1
20200630,2020-06-30,2020,2,6,Jun,Summer,1
20200701,2020-07-01,2020,3,7,Jul,Summer,1
20200702,2020-07-02,2020,3,7,Jul,Summer,1
20200703,2020-07-03,2020,3,7,Jul,Summer,1
20200704,2020-07-04,2020,3,7,Jul,Summer,1
20200705,2020-07-05,2020,3,7,Jul,Summer,1
20200706,2020-07-06,2020,3,7,Jul,Summer,1
20200707,2020-07-07,2020,3,7,Jul,Summer,1
20200708,2020-07-08,2020,3,7,Jul,Summer,1
20200709,2020-07-09,2020,3,7,Jul,Summer,1
20200710,2020-07-10,2020,3,7,Jul,Summer,1
20200711,2020-07-11,2020,3,7,Jul,Summer,1
20200712,2020-07-12,2020,3,7,Jul,Summer,1
20200713,2020-07-13,2020,3,7,Jul,Summer,1
20200714,2020-07-14,2020,3,7,Jul,Summer,1
20200715,2020-07-15,2020,3,7,Jul,Summer,1
20200716,2020-07-16,2020,3,7,Jul,Summer,1
20200717,2020-07-17,2020,3,7,Jul,Summer,1
20200718,2020-07-18,2020,3,7,Jul,Summer,1
20200719,2020-07-19,2020,3,7,Jul,Summer,1
20200720,2020-07-20,2020,3,7,Jul,Summer,1
20200721,2020-07-21,2020,3,7,Jul,Summer,1
20200722,2020-07-22,2020,3,7,Jul,Summer,1
20200723,2020-07-23,2020,3,7,Jul,Summer,1
20200724,2020-07-24,2020,3,7,Jul,Summer,1
20200725,2020-07-25,2020,3,7,Jul,Summer,1
20200726,2020-07-26,2020,3,7,Jul,Summer,1
20200727,2020-07-27,2020,3,7,Jul,Summer,1
20200728,2020-07-28,2020,3,7,Jul,Summer,1
20200729,2020-07-29,2020,3,7,Jul,Summer,1
20200730,2020-07-30,2020,3,7,Jul,Summer,1
20200731,2020-07-31,2020,3,7,Jul,Summer,1
20200801,2020-08-01,2020,3,8,Aug,Summer,1
20200802,2020-08-02,2020,3,8,Aug,Summer,1
20200803,2020-08-03,2020,3,8,Aug,Summer,1
20200804,2020-08-04,2020,3,8,Aug,Summer,1
20200805,2020-08-05,2020,3,8,Aug,Summer,1
20200806,2020-08-06,2020,3,8,Aug,Summer,1
20200807,2020-08-07,2020,3,8,Aug,Summer,1
20200808,2020-08-08,2020,3,8,Aug,Summer,1
20200809,2020-08-09,2020,3,8,Aug,Summer,1
20200810,2020-08-10,2020,3,8,Aug,Summer,1
20200811,2020-08-11,2020,3,8,Aug,Summer,1
20200812,2020-08-12,2020,3,8,Aug,Summer,1
20200813,2020-08-13,2020,3,8,Aug,Summer,1
20200814,2020-08-14,2020,3,8,Aug,Summer,1
20200815,2020-08-15,2020,3,8,Aug,Summer,1
20200816,2020-08-16,2020,3,8,Aug,Summer,1
20200817,2020-08-17,2020,3,8,Aug,Summer,1
20200818,2020-08-18,2020,3,8,Aug,Summer,1
20200819,2020-08-19,2020,3,8,Aug,Summer,1
20200820,2020-08-20,2020,3,8,Aug,Summer,1
20200821,2020-08-21,2020,3,8,Aug,Summer,1
20200822,2020-08-22,2020,3,8,Aug,Summer,1
20200823,2020-08-23,2020,3,8,Aug,Summer,1
20200824,2020-08-24,2020,3,8,Aug,Summer,1
20200825,2020-08-25,2020,3,8,Aug,Summer,1
20200826,2020-08-26,2020,3,8,Aug,Summer,1
20200827,2020-08-27,2020,3,8,Aug,Summer,1
20200828,2020-08-28,2020,3,8,Aug,Summer,1
20200829,2020-08-29,2020,3,8,Aug,Summer,1
20200830,2020-08-30,2020,3,8,Aug,Summer,1
20200831,2020-08-31,2020,3,8,Aug,Summer,1
20200901,2020-09-01,2020,3,9,Sep,Autumn,1
20200902,2020-09-02,2020,3,9,Sep,Autumn,1
20200903,2020-09-03,2020,3,9,Sep,Autumn,1
20200904,2020-09-04,2020,3,9,Sep,Autumn,1
20200905,2020-09-05,2020,3,9,Sep,Autumn,1
20200906,2020-09-06,2020,3,9,Sep,Autumn,1
20200907,2020-09-07,2020,3,9,Sep,Autumn,1
20200908,2020-09-08,2020,3,9,Sep,Autumn,1
20200909,2020-09-09,2020,3,9,Sep,Autumn,1
20200910,2020-09-10,2020,3,9,Sep,Autumn,1
20200911,2020-09-11,2020,3,9,Sep,Autumn,1
20200912,2020-09-12,2020,3,9,Sep,Autumn,1
20200913,2020-09-13,2020,3,9,Sep,Autumn,1
20200914,2020-09-14,2020,3,9,Sep,Autumn,1
20200915,2020-09-15,2020,3,9,Sep,Autumn,1
20200916,2020-09-16,2020,3,9,Sep,Autumn,1
20200917,2020-09-17,2020,3,9,Sep,Autumn,1
20200918,2020-09-18,2020,3,9,Sep,Autumn,1
20200919,2020-09-19,2020,3,9,Sep,Autumn,1
20200920,2020-09-20,2020,3,9,Sep,Autumn,1
20200921,2020-09-21,2020,3,9,Sep,Autumn,1
20200922,2020-09-22,2020,3,9,Sep,Autumn,1
20200923,2020-09-23,2020,3,9,Sep,Autumn,1
20200924,2020-09-24,2020,3,9,Sep,Autumn,1
20200925,2020-09-25,2020,3,9,Sep,Autumn,1
20200926,2020-09-26,2020,3,9,Sep,Autumn,1
20200927,2020-09-27,2020,3,9,Sep,Autumn,1
20200928,2020-09-28,2020,3,9,Sep,Autumn,1
20200929,2020-09-29,2020,3,9,Sep,Autumn,1
20200930,2020-09-30,2020,3,9,Sep,Autumn,1
20201001,2020-10-01,2020,4,10,Oct,Autumn,1
20201002,2020-10-02,2020,4,10,Oct,Autumn,1
20201003,2020-10-03,2020,4,10,Oct,Autumn,1
20201004,2020-10-04,2020,4,10,Oct,Autumn,1
20201005,2020-10-05,2020,4,10,Oct,Autumn,1
20201006,2020-10-06,2020,4,10,Oct,Autumn,1
20201007,2020-10-07,2020,4,10,Oct,Autumn,1
20201008,2020-10-08,2020,4,10,Oct,Autumn,1
20201009,2020-10-09,2020,4,10,Oct,Autumn,1
20201010,2020-10-10,2020,4,10,Oct,Autumn,1
20201011,2020-10-11,2020,4,10,Oct,Autumn,1
20201012,2020-10-12,2020,4,10,Oct,Autumn,1
20201013,2020-10-13,2020,4,10,Oct,Autumn,1
20201014,2020-10-14,2020,4,10,Oct,Autumn,1
20201015,2020-10-15,2020,4,10,Oct,Autumn,1
20201016,2020-10-16,2020,4,10,Oct,Autumn,1
20201017,2020-10-17,2020,4,10,Oct,Autumn,1
20201018,2020-10-18,2020,4,10,Oct,Autumn,1
20201019,2020-10-19,2020,4,10,Oct,Autumn,1
20201020,2020-10-20,2020,4,10,Oct,Autumn,1
20201021,2020-10-21,2020,4,10,Oct,Autumn,1
20201022,2020-10-22,2020,4,10,Oct,Autumn,1
20201023,2020-10-23,2020,4,10,Oct,Autumn,1
20201024,2020-10-24,2020,4,10,Oct,Autumn,1
20201025,2020-10-25,2020,4,10,Oct,Autumn,1
20201026,2020-10-26,2020,4,10,Oct,Autumn,1
20201027,2020-10-27,2020,4,10,Oct,Autumn,1
20201028,2020-10-28,2020,4,10,Oct,Autumn,1
20201029,2020-10-29,2020,4,10,Oct,Autumn,1
20201030,2020-10-30,2020,4,10,Oct,Autumn,1
20201031,2020-10-31,2020,4,10,Oct,Autumn,1
20201101,2020-11-01,2020,4,11,Nov,Autumn,0
20201102,2020-11-02,2020,4,11,Nov,Autumn,0
20201103,2020-11-03,2020,4,11,Nov,Autumn,0
20201104,2020-11-04,2020,4,11,Nov,Autumn,0
20201105,2020-11-05,2020,4,11,Nov,Autumn,0
20201106,2020-11-06,2020,4,11,Nov,Autumn,0
20201107,2020-11-07,2020,4,11,Nov,Autumn,0
20201108,2020-11-08,2020,4,11,Nov,Autumn,0
20201109,2020-11-09,2020,4,11,Nov,Autumn,0
20201110,2020-11-10,2020,4,11,Nov,Autumn,0
20201111,2020-11-11,2020,4,11,Nov,Autumn,0
20201112,2020-11-12,2020,4,11,Nov,Autumn,0
20201113,2020-11-13,2020,4,11,Nov,Autumn,0
20201114,2020-11-14,2020,4,11,Nov,Autumn,0
20201115,2020-11-15,2020,4,11,Nov,Autumn,0
20201116,2020-11-16,2020,4,11,Nov,Autumn,0
20201117,2020-11-17,2020,4,11,Nov,Autumn,0
20201118,2020-11-18,2020,4,11,Nov,Autumn,0
20201119,2020-11-19,2020,4,11,Nov,Autumn,0
20201120,2020-11-20,2020,4,11,Nov,Autumn,0
20201121,2020-11-21,2020,4,11,Nov,Autumn,0
20201122,2020-11-22,2020,4,11,Nov,Autumn,0
20201123,2020-11-23,2020,4,11,Nov,Autumn,0
20201124,2020-11-24,2020,4,11,Nov,Autumn,0
20201125,2020-11-25,2020,4,11,Nov,Autumn,0
20201126,2020-11-26,2020,4,11,Nov,Autumn,0
20201127,2020-11-27,2020,4,11,Nov,Autumn,0
20201128,2020-11-28,2020,4,11,Nov,Autumn,0
20201129,2020-11-29,2020,4,11,Nov,Autumn,0
20201130,2020-11-30,2020,4,11,Nov,Autumn,0
20201201,2020-12-01,2020,4,12,Dec,Winter,0
20201202,2020-12-02,2020,4,12,Dec,Winter,0
20201203,2020-12-03,2020,4,12,Dec,Winter,0
20201204,2020-12-04,2020,4,12,Dec,Winter,0
20201205,2020-12-05,2020,4,12,Dec,Winter,0
20201206,2020-12-06,2020,4,12,Dec,Winter,0
20201207,2020-12-07,2020,4,12,Dec,Winter,0
20201208,2020-12-08,2020,4,12,Dec,Winter,0
20201209,2020-12-09,2020,4,12,Dec,Winter,0
20201210,2020-12-10,2020,4,12,Dec,Winter,0
20201211,2020-12-11,2020,4,12,Dec,Winter,0
20201212,2020-12-12,2020,4,12,Dec,Winter,0
20201213,2020-12-13,2020,4,12,Dec,Winter,0
20201214,2020-12-14,2020,4,12,Dec,Winter,0
20201215,2020-12-15,2020,4,12,Dec,Winter,0
20201216,2020-12-16,2020,4,12,Dec,Winter,0
20201217,2020-12-17,2020,4,12,Dec,Winter,0
20201218,2020-12-18,2020,4,12,Dec,Winter,0
20201219,2020-12-19,2020,4,12,Dec,Winter,0
20201220,2020-12-20,2020,4,12,Dec,Winter,0
20201221,2020-12-21,2020,4,12,Dec,Winter,0
20201222,2020-12-22,2020,4,12,Dec,Winter,0
20201223,2020-12-23,2020,4,12,Dec,Winter,0
20201224,2020-12-24,2020,4,12,Dec,Winter,0
20201225,2020-12-25,2020,4,12,Dec,Winter,0
20201226,2020-12-26,2020,4,12,Dec,Winter,0
20201227,2020-12-27,2020,4,12,Dec,Winter,0
20201228,2020-12-28,2020,4,12,Dec,Winter,0
20201229,2020-12-29,2020,4,12,Dec,Winter,0
20201230,2020-12-30,2020,4,12,Dec,Winter,0
20201231,2020-12-31,2020,4,12,Dec,Winter,0
20210101,2021-01-01,2021,1,1,Jan,Winter,0
20210102,2021-01-02,2021,1,1,Jan,Winter,0
20210103,2021-01-03,2021,1,1,Jan,Winter,0
20210104,2021-01-04,2021,1,1,Jan,Winter,0
20210105,2021-01-05,2021,1,1,Jan,Winter,0
20210106,2021-01-06,2021,1,1,Jan,Winter,0
20210107,2021-01-07,2021,1,1,Jan,Winter,0
20210108,2021-01-08,2021,1,1,Jan,Winter,0
20210109,2021-01-09,2021,1,1,Jan,Winter,0
20210110,2021-01-10,2021,1,1,Jan,Winter,0
20210111,2021-01-11,2021,1,1,Jan,Winter,0
20210112,2021-01-12,2021,1,1,Jan,Winter,0
20210113,2021-01-13,2021,1,1,Jan,Winter,0
20210114,2021-01-14,2021,1,1,Jan,Winter,0
20210115,2021-01-15,2021,1,1,Jan,Winter,0
20210116,2021-01-16,2021,1,1,Jan,Winter,0
20210117,2021-01-17,2021,1,1,Jan,Winter,0
20210118,2021-01-18,2021,1,1,Jan,Winter,0
20210119,2021-01-19,2021,1,1,Jan,Winter,0
20210120,2021-01-20,2021,1,1,Jan,Winter,0
20210121,2021-01-21,2021,1,1,Jan,Winter,0
20210122,2021-01-22,2021,1,1,Jan,Winter,0
20210123,2021-01-23,2021,1,1,Jan,Winter,0
20210124,2021-01-24,2021,1,1,Jan,Winter,0
20210125,2021-01-25,2021,1,1,Jan,Winter,0
20210126,2021-01-26,2021,1,1,Jan,Winter,0
20210127,2021-01-27,2021,1,1,Jan,Winter,0
20210128,2021-01-28,2021,1,1,Jan,Winter,0
20210129,2021-01-29,2021,1,1,Jan,Winter,0
20210130,2021-01-30,2021,1,1,Jan,Winter,0
20210131,2021-01-31,2021,1,1,Jan,Winter,0
20210201,2021-02-01,2021,1,2,Feb,Winter,0
20210202,2021-02-02,2021,1,2,Feb,Winter,0
20210203,2021-02-03,2021,1,2,Feb,Winter,0
20210204,2021-02-04,2021,1,2,Feb,Winter,0
20210205,2021-02-05,2021,1,2,Feb,Winter,0
20210206,2021-02-06,2021,1,2,Feb,Winter,0
20210207,2021-02-07,2021,1,2,Feb,Winter,0
20210208,2021-02-08,2021,1,2,Feb,Winter,0
20210209,2021-02-09,2021,1,2,Feb,Winter,0
20210210,2021-02-10,2021,1,2,Feb,Winter,0
20210211,2021-02-11,2021,1,2,Feb,Winter,0
20210212,2021-02-12,2021,1,2,Feb,Winter,0
20210213,2021-02-13,2021,1,2,Feb,Winter,0
20210214,2021-02-14,2021,1,2,Feb,Winter,0
20210215,2021-02-15,2021,1,2,Feb,Winter,0
20210216,2021-02-16,2021,1,2,Feb,Winter,0
20210217,2021-02-17,2021,1,2,Feb,Winter,0
20210218,2021-02-18,2021,1,2,Feb,Winter,0
20210219,2021-02-19,2021,1,2,Feb,Winter,0
20210220,2021-02-20,2021,1,2,Feb,Winter,0
20210221,2021-02-21,2021,1,2,Feb,Winter,0
20210222,2021-02-22,2021,1,2,Feb,Winter,0
20210223,2021-02-23,2021,1,2,Feb,Winter,0
20210224,2021-02-24,2021,1,2,Feb,Winter,0
20210225,2021-02-25,2021,1,2,Feb,Winter,0
20210226,2021-02-26,2021,1,2,Feb,Winter,0
20210227,2021-02-27,2021,1,2,Feb,Winter,0
20210228,2021-02-28,2021,1,2,Feb,Winter,0
20210301,2021-03-01,2021,1,3,Mar,Spring,0
20210302,2021-03-02,2021,1,3,Mar,Spring,0
20210303,2021-03-03,2021,1,3,Mar,Spring,0
20210304,2021-03-04,2021,1,3,Mar,Spring,0
20210305,2021-03-05,2021,1,3,Mar,Spring,0
20210306,2021-03-06,2021,1,3,Mar,Spring,0
20210307,2021-03-07,2021,1,3,Mar,Spring,0
20210308,2021-03-08,2021,1,3,Mar,Spring,0
20210309,2021-03-09,2021,1,3,Mar,Spring,0
20210310,2021-03-10,2021,1,3,Mar,Spring,0
20210311,2021-03-11,2021,1,3,Mar,Spring,0
20210312,2021-03-12,2021,1,3,Mar,Spring,0
20210313,2021-03-13,2021,1,3,Mar,Spring,0
20210314,2021-03-14,2021,1,3,Mar,Spring,0
20210315,2021-03-15,2021,1,3,Mar,Spring,0
20210316,2021-03-16,2021,1,3,Mar,Spring,0
20210317,2021-03-17,2021,1,3,Mar,Spring,0
20210318,2021-03-18,2021,1,3,Mar,Spring,0
20210319,2021-03-19,2021,1,3,Mar,Spring,0
20210320,2021-03-20,2021,1,3,Mar,Spring,0
20210321,2021-03-21,2021,1,3,Mar,Spring,0
20210322,2021-03-22,2021,1,3,Mar,Spring,0
20210323,2021-03-23,2021,1,3,Mar,Spring,0
20210324,2021-03-24,2021,1,3,Mar,Spring,0
20210325,2021-03-25,2021,1,3,Mar,Spring,0
20210326,2021-03-26,2021,1,3,Mar,Spring,0
20210327,2021-03-27,2021,1,3,Mar,Spring,0
20210328,2021-03-28,2021,1,3,Mar,Spring,0
20210329,2021-03-29,2021,1,3,Mar,Spring,0
20210330,2021-03-30,2021,1,3,Mar,Spring,0
20210331,2021-03-31,2021,1,3,Mar,Spring,0
20210401,2021-04-01,2021,2,4,Apr,Spring,0
20210402,2021-04-02,2021,2,4,Apr,Spring,0
20210403,2021-04-03,2021,2,4,Apr,Spring,0
20210404,2021-04-04,2021,2,4,Apr,Spring,0
20210405,2021-04-05,2021,2,4,Apr,Spring,0
20210406,2021-04-06,2021,2,4,Apr,Spring,0
20210407,2021-04-07,2021,2,4,Apr,Spring,0
20210408,2021-04-08,2021,2,4,Apr,Spring,0
20210409,2021-04-09,2021,2,4,Apr,Spring,0
20210410,2021-04-10,2021,2,4,Apr,Spring,0
20210411,2021-04-11,2021,2,4,Apr,Spring,0
20210412,2021-04-12,2021,2,4,Apr,Spring,0
20210413,2021-04-13,2021,2,4,Apr,Spring,0
20210414,2021-04-14,2021,2,4,Apr,Spring,0
20210415,2021-04-15,2021,2,4,Apr,Spring,0
20210416,2021-04-16,2021,2,4,Apr,Spring,0
20210417,2021-04-17,2021,2,4,Apr,Spring,0
20210418,2021-04-18,2021,2,4,Apr,Spring,0
20210419,2021-04-19,2021,2,4,Apr,Spring,0
20210420,2021-04-20,2021,2,4,Apr,Spring,0
20210421,2021-04-21,2021,2,4,Apr,Spring,0
20210422,2021-04-22,2021,2,4,Apr,Spring,0
20210423,2021-04-23,2021,2,4,Apr,Spring,0
20210424,2021-04-24,2021,2,4,Apr,Spring,0
20210425,2021-04-25,2021,2,4,Apr,Spring,0
20210426,2021-04-26,2021,2,4,Apr,Spring,0
20210427,2021-04-27,2021,2,4,Apr,Spring,0
20210428,2021-04-28,2021,2,4,Apr,Spring,0
20210429,2021-04-29,2021,2,4,Apr,Spring,0
20210430,2021-04-30,2021,2,4,Apr,Spring,0
20210501,2021-05-01,2021,2,5,May,Spring,0
20210502,2021-05-02,2021,2,5,May,Spring,0
20210503,2021-05-03,2021,2,5,May,Spring,0
20210504,2021-05-04,2021,2,5,May,Spring,0
20210505,2021-05-05,2021,2,5,May,Spring,0
20210506,2021-05-06,2021,2,5,May,Spring,0
20210507,2021-05-07,2021,2,5,May,Spring,0
20210508,2021-05-08,2021,2,5,May,Spring,0
20210509,2021-05-09,2021,2,5,May,Spring,0
20210510,2021-05-10,2021,2,5,May,Spring,0
20210511,2021-05-11,2021,2,5,May,Spring,0
20210512,2021-05-12,2021,2,5,May,Spring,0
20210513,2021-05-13,2021,2,5,May,Spring,0
20210514,2021-05-14,2021,2,5,May,Spring,0
20210515,2021-05-15,2021,2,5,May,Spring,0
20210516,2021-05-16,2021,2,5,May,Spring,0
20210517,2021-05-17,2021,2,5,May,Spring,0
20210518,2021-05-18,2021,2,5,May,Spring,0
20210519,2021-05-19,2021,2,5,May,Spring,0
20210520,2021-05-20,2021,2,5,May,Spring,0
20210521,2021-05-21,2021,2,5,May,Spring,0
20210522,2021-05-22,2021,2,5,May,Spring,0
20210523,2021-05-23,2021,2,5,May,Spring,0
20210524,2021-05-24,2021,2,5,May,Spring,0
20210525,2021-05-25,2021,2,5,May,Spring,0
20210526,2021-05-26,2021,2,5,May,Spring,0
20210527,2021-05-27,2021,2,5,May,Spring,0
20210528,2021-05-28,2021,2,5,May,Spring,0
20210529,2021-05-29,2021,2,5,May,Spring,0
20210530,2021-05-30,2021,2,5,May,Spring,0
20210531,2021-05-31,2021,2,5,May,Spring,0
20210601,2021-06-01,2021,2,6,Jun,Summer,1
20210602,2021-06-02,2021,2,6,Jun,Summer,1
20210603,2021-06-03,2021,2,6,Jun,Summer,1
20210604,2021-06-04,2021,2,6,Jun,Summer,1
20210605,2021-06-05,2021,2,6,Jun,Summer,1
20210606,2021-06-06,2021,2,6,Jun,Summer,1
20210607,2021-06-07,2021,2,6,Jun,Summer,1
20210608,2021-06-08,2021,2,6,Jun,Summer,1
20210609,2021-06-09,2021,2,6,Jun,Summer,1
20210610,2021-06-10,2021,2,6,Jun,Summer,1
20210611,2021-06-11,2021,2,6,Jun,Summer,1
20210612,2021-06-12,2021,2,6,Jun,Summer,1
20210613,2021-06-13,2021,2,6,Jun,Summer,1
20210614,2021-06-14,2021,2,6,Jun,Summer,1
20210615,2021-06-15,2021,2,6,Jun,Summer,1
20210616,2021-06-16,2021,2,6,Jun,Summer,1
20210617,2021-06-17,2021,2,6,Jun,Summer,1
20210618,2021-06-18,2021,2,6,Jun,Summer,1
20210619,2021-06-19,2021,2,6,Jun,Summer,1
20210620,2021-06-20,2021,2,6,Jun,Summer,1
20210621,2021-06-21,2021,2,6,Jun,Summer,1
20210622,2021-06-22,2021,2,6,Jun,Summer,1
20210623,2021-06-23,2021,2,6,Jun,Summer,1
20210624,2021-06-24,2021,2,6,Jun,Summer,1
20210625,2021-06-25,2021,2,6,Jun,Summer,1
20210626,2021-06-26,2021,2,6,Jun,Summer,1
20210627,2021-06-27,2021,2,6,Jun,Summer,1
20210628,2021-06-28,2021,2,6,Jun,Summer,1
20210629,2021-06-29,2021,2,6,Jun,Summer,1
20210630,2021-06-30,2021,2,6,Jun,Summer,1
20210701,2021-07-01,2021,3,7,Jul,Summer,1
20210702,2021-07-02,2021,3,7,Jul,Summer,1
20210703,2021-07-03,2021,3,7,Jul,Summer,1
20210704,2021-07-04,2021,3,7,Jul,Summer,1
20210705,2021-07-05,2021,3,7,Jul,Summer,1
20210706,2021-07-06,2021,3,7,Jul,Summer,1
20210707,2021-07-07,2021,3,7,Jul,Summer,1
20210708,2021-07-08,2021,3,7,Jul,Summer,1
20210709,2021-07-09,2021,3,7,Jul,Summer,1
20210710,2021-07-10,2021,3,7,Jul,Summer,1
20210711,2021-07-11,2021,3,7,Jul,Summer,1
20210712,2021-07-12,2021,3,7,Jul,Summer,1
20210713,2021-07-13,2021,3,7,Jul,Summer,1
20210714,2021-07-14,2021,3,7,Jul,Summer,1
20210715,2021-07-15,2021,3,7,Jul,Summer,1
20210716,2021-07-16,2021,3,7,Jul,Summer,1
20210717,2021-07-17,2021,3,7,Jul,Summer,1
20210718,2021-07-18,2021,3,7,Jul,Summer,1
20210719,2021-07-19,2021,3,7,Jul,Summer,1
20210720,2021-07-20,2021,3,7,Jul,Summer,1
20210721,2021-07-21,2021,3,7,Jul,Summer,1
20210722,2021-07-22,2021,3,7,Jul,Summer,1
20210723,2021-07-23,2021,3,7,Jul,Summer,1
20210724,2021-07-24,2021,3,7,Jul,Summer,1
20210725,2021-07-25,2021,3,7,Jul,Summer,1
20210726,2021-07-26,2021,3,7,Jul,Summer,1
20210727,2021-07-27,2021,3,7,Jul,Summer,1
20210728,2021-07-28,2021,3,7,Jul,Summer,1
20210729,2021-07-29,2021,3,7,Jul,Summer,1
20210730,2021-07-30,2021,3,7,Jul,Summer,1
20210731,2021-07-31,2021,3,7,Jul,Summer,1
20210801,2021-08-01,2021,3,8,Aug,Summer,1
20210802,2021-08-02,2021,3,8,Aug,Summer,1
20210803,2021-08-03,2021,3,8,Aug,Summer,1
20210804,2021-08-04,2021,3,8,Aug,Summer,1
20210805,2021-08-05,2021,3,8,Aug,Summer,1
20210806,2021-08-06,2021,3,8,Aug,Summer,1
20210807,2021-08-07,2021,3,8,Aug,Summer,1
20210808,2021-08-08,2021,3,8,Aug,Summer,1
20210809,2021-08-09,2021,3,8,Aug,Summer,1
20210810,2021-08-10,2021,3,8,Aug,Summer,1
20210811,2021-08-11,2021,3,8,Aug,Summer,1
20210812,2021-08-12,2021,3,8,Aug,Summer,1
20210813,2021-08-13,2021,3,8,Aug,Summer,1
20210814,2021-08-14,2021,3,8,Aug,Summer,1
20210815,2021-08-15,2021,3,8,Aug,Summer,1
20210816,2021-08-16,2021,3,8,Aug,Summer,1
20210817,2021-08-17,2021,3,8,Aug,Summer,1
20210818,2021-08-18,2021,3,8,Aug,Summer,1
20210819,2021-08-19,2021,3,8,Aug,Summer,1
20210820,2021-08-20,2021,3,8,Aug,Summer,1
20210821,2021-08-21,2021,3,8,Aug,Summer,1
20210822,2021-08-22,2021,3,8,Aug,Summer,1
20210823,2021-08-23,2021,3,8,Aug,Summer,1
20210824,2021-08-24,2021,3,8,Aug,Summer,1
20210825,2021-08-25,2021,3,8,Aug,Summer,1
20210826,2021-08-26,2021,3,8,Aug,Summer,1
20210827,2021-08-27,2021,3,8,Aug,Summer,1
20210828,2021-08-28,2021,3,8,Aug,Summer,1
20210829,2021-08-29,2021,3,8,Aug,Summer,1
20210830,2021-08-30,2021,3,8,Aug,Summer,1
20210831,2021-08-31,2021,3,8,Aug,Summer,1
20210901,2021-09-01,2021,3,9,Sep,Autumn,1
20210902,2021-09-02,2021,3,9,Sep,Autumn,1
20210903,2021-09-03,2021,3,9,Sep,Autumn,1
20210904,2021-09-04,2021,3,9,Sep,Autumn,1
20210905,2021-09-05,2021,3,9,Sep,Autumn,1
20210906,2021-09-06,2021,3,9,Sep,Autumn,1
20210907,2021-09-07,2021,3,9,Sep,Autumn,1
20210908,2021-09-08,2021,3,9,Sep,Autumn,1
20210909,2021-09-09,2021,3,9,Sep,Autumn,1
20210910,2021-09-10,2021,3,9,Sep,Autumn,1
20210911,2021-09-11,2021,3,9,Sep,Autumn,1
20210912,2021-09-12,2021,3,9,Sep,Autumn,1
20210913,2021-09-13,2021,3,9,Sep,Autumn,1
20210914,2021-09-14,2021,3,9,Sep,Autumn,1
20210915,2021-09-15,2021,3,9,Sep,Autumn,1
20210916,2021-09-16,2021,3,9,Sep,Autumn,1
20210917,2021-09-17,2021,3,9,Sep,Autumn,1
20210918,2021-09-18,2021,3,9,Sep,Autumn,1
20210919,2021-09-19,2021,3,9,Sep,Autumn,1
20210920,2021-09-20,2021,3,9,Sep,Autumn,1
20210921,2021-09-21,2021,3,9,Sep,Autumn,1
20210922,2021-09-22,2021,3,9,Sep,Autumn,1
20210923,2021-09-23,2021,3,9,Sep,Autumn,1
20210924,2021-09-24,2021,3,9,Sep,Autumn,1
20210925,2021-09-25,2021,3,9,Sep,Autumn,1
20210926,2021-09-26,2021,3,9,Sep,Autumn,1
20210927,2021-09-27,2021,3,9,Sep,Autumn,1
20210928,2021-09-28,2021,3,9,Sep,Autumn,1
20210929,2021-09-29,2021,3,9,Sep,Autumn,1
20210930,2021-09-30,2021,3,9,Sep,Autumn,1
20211001,2021-10-01,2021,4,10,Oct,Autumn,1
20211002,2021-10-02,2021,4,10,Oct,Autumn,1
20211003,2021-10-03,2021,4,10,Oct,Autumn,1
20211004,2021-10-04,2021,4,10,Oct,Autumn,1
20211005,2021-10-05,2021,4,10,Oct,Autumn,1
20211006,2021-10-06,2021,4,10,Oct,Autumn,1
20211007,2021-10-07,2021,4,10,Oct,Autumn,1
20211008,2021-10-08,2021,4,10,Oct,Autumn,1
20211009,2021-10-09,2021,4,10,Oct,Autumn,1
20211010,2021-10-10,2021,4,10,Oct,Autumn,1
20211011,2021-10-11,2021,4,10,Oct,Autumn,1
20211012,2021-10-12,2021,4,10,Oct,Autumn,1
20211013,2021-10-13,2021,4,10,Oct,Autumn,1
20211014,2021-10-14,2021,4,10,Oct,Autumn,1
20211015,2021-10-15,2021,4,10,Oct,Autumn,1
20211016,2021-10-16,2021,4,10,Oct,Autumn,1
20211017,2021-10-17,2021,4,10,Oct,Autumn,1
20211018,2021-10-18,2021,4,10,Oct,Autumn,1
20211019,2021-10-19,2021,4,10,Oct,Autumn,1
20211020,2021-10-20,2021,4,10,Oct,Autumn,1
20211021,2021-10-21,2021,4,10,Oct,Autumn,1
20211022,2021-10-22,2021,4,10,Oct,Autumn,1
20211023,2021-10-23,2021,4,10,Oct,Autumn,1
20211024,2021-10-24,2021,4,10,Oct,Autumn,1
20211025,2021-10-25,2021,4,10,Oct,Autumn,1
20211026,2021-10-26,2021,4,10,Oct,Autumn,1
20211027,2021-10-27,2021,4,10,Oct,Autumn,1
20211028,2021-10-28,2021,4,10,Oct,Autumn,1
20211029,2021-10-29,2021,4,10,Oct,Autumn,1
20211030,2021-10-30,2021,4,10,Oct,Autumn,1
20211031,2021-10-31,2021,4,10,Oct,Autumn,1
20211101,2021-11-01,2021,4,11,Nov,Autumn,0
20211102,2021-11-02,2021,4,11,Nov,Autumn,0
20211103,2021-11-03,2021,4,11,Nov,Autumn,0
20211104,2021-11-04,2021,4,11,Nov,Autumn,0
20211105,2021-11-05,2021,4,11,Nov,Autumn,0
20211106,2021-11-06,2021,4,11,Nov,Autumn,0
20211107,2021-11-07,2021,4,11,Nov,Autumn,0
20211108,2021-11-08,2021,4,11,Nov,Autumn,0
20211109,2021-11-09,2021,4,11,Nov,Autumn,0
20211110,2021-11-10,2021,4,11,Nov,Autumn,0
20211111,2021-11-11,2021,4,11,Nov,Autumn,0
20211112,2021-11-12,2021,4,11,Nov,Autumn,0
20211113,2021-11-13,2021,4,11,Nov,Autumn,0
20211114,2021-11-14,2021,4,11,Nov,Autumn,0
20211115,2021-11-15,2021,4,11,Nov,Autumn,0
20211116,2021-11-16,2021,4,11,Nov,Autumn,0
20211117,2021-11-17,2021,4,11,Nov,Autumn,0
20211118,2021-11-18,2021,4,11,Nov,Autumn,0
20211119,2021-11-19,2021,4,11,Nov,Autumn,0
20211120,2021-11-20,2021,4,11,Nov,Autumn,0
20211121,2021-11-21,2021,4,11,Nov,Autumn,0
20211122,2021-11-22,2021,4,11,Nov,Autumn,0
20211123,2021-11-23,2021,4,11,Nov,Autumn,0
20211124,2021-11-24,2021,4,11,Nov,Autumn,0
20211125,2021-11-25,2021,4,11,Nov,Autumn,0
20211126,2021-11-26,2021,4,11,Nov,Autumn,0
20211127,2021-11-27,2021,4,11,Nov,Autumn,0
20211128,2021-11-28,2021,4,11,Nov,Autumn,0
20211129,2021-11-29,2021,4,11,Nov,Autumn,0
20211130,2021-11-30,2021,4,11,Nov,Autumn,0
20211201,2021-12-01,2021,4,12,Dec,Winter,0
20211202,2021-12-02,2021,4,12,Dec,Winter,0
20211203,2021-12-03,2021,4,12,Dec,Winter,0
20211204,2021-12-04,2021,4,12,Dec,Winter,0
20211205,2021-12-05,2021,4,12,Dec,Winter,0
20211206,2021-12-06,2021,4,12,Dec,Winter,0
20211207,2021-12-07,2021,4,12,Dec,Winter,0
20211208,2021-12-08,2021,4,12,Dec,Winter,0
20211209,2021-12-09,2021,4,12,Dec,Winter,0
20211210,2021-12-10,2021,4,12,Dec,Winter,0
20211211,2021-12-11,2021,4,12,Dec,Winter,0
20211212,2021-12-12,2021,4,12,Dec,Winter,0
20211213,2021-12-13,2021,4,12,Dec,Winter,0
20211214,2021-12-14,2021,4,12,Dec,Winter,0
20211215,2021-12-15,2021,4,12,Dec,Winter,0
20211216,2021-12-16,2021,4,12,Dec,Winter,0
20211217,2021-12-17,2021,4,12,Dec,Winter,0
20211218,2021-12-18,2021,4,12,Dec,Winter,0
20211219,2021-12-19,2021,4,12,Dec,Winter,0
20211220,2021-12-20,2021,4,12,Dec,Winter,0
20211221,2021-12-21,2021,4,12,Dec,Winter,0
20211222,2021-12-22,2021,4,12,Dec,Winter,0
20211223,2021-12-23,2021,4,12,Dec,Winter,0
20211224,2021-12-24,2021,4,12,Dec,Winter,0
20211225,2021-12-25,2021,4,12,Dec,Winter,0
20211226,2021-12-26,2021,4,12,Dec,Winter,0
20211227,2021-12-27,2021,4,12,Dec,Winter,0
20211228,2021-12-28,2021,4,12,Dec,Winter,0
20211229,2021-12-29,2021,4,12,Dec,Winter,0
20211230,2021-12-30,2021,4,12,Dec,Winter,0
20211231,2021-12-31,2021,4,12,Dec,Winter,0
20220101,2022-01-01,2022,1,1,Jan,Winter,0
20220102,2022-01-02,2022,1,1,Jan,Winter,0
20220103,2022-01-03,2022,1,1,Jan,Winter,0
20220104,2022-01-04,2022,1,1,Jan,Winter,0
20220105,2022-01-05,2022,1,1,Jan,Winter,0
20220106,2022-01-06,2022,1,1,Jan,Winter,0
20220107,2022-01-07,2022,1,1,Jan,Winter,0
20220108,2022-01-08,2022,1,1,Jan,Winter,0
20220109,2022-01-09,2022,1,1,Jan,Winter,0
20220110,2022-01-10,2022,1,1,Jan,Winter,0
20220111,2022-01-11,2022,1,1,Jan,Winter,0
20220112,2022-01-12,2022,1,1,Jan,Winter,0
20220113,2022-01-13,2022,1,1,Jan,Winter,0
20220114,2022-01-14,2022,1,1,Jan,Winter,0
20220115,2022-01-15,2022,1,1,Jan,Winter,0
20220116,2022-01-16,2022,1,1,Jan,Winter,0
20220117,2022-01-17,2022,1,1,Jan,Winter,0
20220118,2022-01-18,2022,1,1,Jan,Winter,0
20220119,2022-01-19,2022,1,1,Jan,Winter,0
20220120,2022-01-20,2022,1,1,Jan,Winter,0
20220121,2022-01-21,2022,1,1,Jan,Winter,0
20220122,2022-01-22,2022,1,1,Jan,Winter,0
20220123,2022-01-23,2022,1,1,Jan,Winter,0
20220124,2022-01-24,2022,1,1,Jan,Winter,0
20220125,2022-01-25,2022,1,1,Jan,Winter,0
20220126,2022-01-26,2022,1,1,Jan,Winter,0
20220127,2022-01-27,2022,1,1,Jan,Winter,0
20220128,2022-01-28,2022,1,1,Jan,Winter,0
20220129,2022-01-29,2022,1,1,Jan,Winter,0
20220130,2022-01-30,2022,1,1,Jan,Winter,0
20220131,2022-01-31,2022,1,1,Jan,Winter,0
20220201,2022-02-01,2022,1,2,Feb,Winter,0
20220202,2022-02-02,2022,1,2,Feb,Winter,0
20220203,2022-02-03,2022,1,2,Feb,Winter,0
20220204,2022-02-04,2022,1,2,Feb,Winter,0
20220205,2022-02-05,2022,1,2,Feb,Winter,0
20220206,2022-02-06,2022,1,2,Feb,Winter,0
20220207,2022-02-07,2022,1,2,Feb,Winter,0
20220208,2022-02-08,2022,1,2,Feb,Winter,0
20220209,2022-02-09,2022,1,2,Feb,Winter,0
20220210,2022-02-10,2022,1,2,Feb,Winter,0
20220211,2022-02-11,2022,1,2,Feb,Winter,0
20220212,2022-02-12,2022,1,2,Feb,Winter,0
20220213,2022-02-13,2022,1,2,Feb,Winter,0
20220214,2022-02-14,2022,1,2,Feb,Winter,0
20220215,2022-02-15,2022,1,2,Feb,Winter,0
20220216,2022-02-16,2022,1,2,Feb,Winter,0
20220217,2022-02-17,2022,1,2,Feb,Winter,0
20220218,2022-02-18,2022,1,2,Feb,Winter,0
20220219,2022-02-19,2022,1,2,Feb,Winter,0
20220220,2022-02-20,2022,1,2,Feb,Winter,0
20220221,2022-02-21,2022,1,2,Feb,Winter,0
20220222,2022-02-22,2022,1,2,Feb,Winter,0
20220223,2022-02-23,2022,1,2,Feb,Winter,0
20220224,2022-02-24,2022,1,2,Feb,Winter,0
20220225,2022-02-25,2022,1,2,Feb,Winter,0
20220226,2022-02-26,2022,1,2,Feb,Winter,0
20220227,2022-02-27,2022,1,2,Feb,Winter,0
20220228,2022-02-28,2022,1,2,Feb,Winter,0
20220301,2022-03-01,2022,1,3,Mar,Spring,0
20220302,2022-03-02,2022,1,3,Mar,Spring,0
20220303,2022-03-03,2022,1,3,Mar,Spring,0
20220304,2022-03-04,2022,1,3,Mar,Spring,0
20220305,2022-03-05,2022,1,3,Mar,Spring,0
20220306,2022-03-06,2022,1,3,Mar,Spring,0
20220307,2022-03-07,2022,1,3,Mar,Spring,0
20220308,2022-03-08,2022,1,3,Mar,Spring,0
20220309,2022-03-09,2022,1,3,Mar,Spring,0
20220310,2022-03-10,2022,1,3,Mar,Spring,0
20220311,2022-03-11,2022,1,3,Mar,Spring,0
20220312,2022-03-12,2022,1,3,Mar,Spring,0
20220313,2022-03-13,2022,1,3,Mar,Spring,0
20220314,2022-03-14,2022,1,3,Mar,Spring,0
20220315,2022-03-15,2022,1,3,Mar,Spring,0
20220316,2022-03-16,2022,1,3,Mar,Spring,0
20220317,2022-03-17,2022,1,3,Mar,Spring,0
20220318,2022-03-18,2022,1,3,Mar,Spring,0
20220319,2022-03-19,2022,1,3,Mar,Spring,0
20220320,2022-03-20,2022,1,3,Mar,Spring,0
20220321,2022-03-21,2022,1,3,Mar,Spring,0
20220322,2022-03-22,2022,1,3,Mar,Spring,0
20220323,2022-03-23,2022,1,3,Mar,Spring,0
20220324,2022-03-24,2022,1,3,Mar,Spring,0
20220325,2022-03-25,2022,1,3,Mar,Spring,0
20220326,2022-03-26,2022,1,3,Mar,Spring,0
20220327,2022-03-27,2022,1,3,Mar,Spring,0
20220328,2022-03-28,2022,1,3,Mar,Spring,0
20220329,2022-03-29,2022,1,3,Mar,Spring,0
20220330,2022-03-30,2022,1,3,Mar,Spring,0
20220331,2022-03-31,2022,1,3,Mar,Spring,0
20220401,2022-04-01,2022,2,4,Apr,Spring,0
20220402,2022-04-02,2022,2,4,Apr,Spring,0
20220403,2022-04-03,2022,2,4,Apr,Spring,0
20220404,2022-04-04,2022,2,4,Apr,Spring,0
20220405,2022-04-05,2022,2,4,Apr,Spring,0
20220406,2022-04-06,2022,2,4,Apr,Spring,0
20220407,2022-04-07,2022,2,4,Apr,Spring,0
20220408,2022-04-08,2022,2,4,Apr,Spring,0
20220409,2022-04-09,2022,2,4,Apr,Spring,0
20220410,2022-04-10,2022,2,4,Apr,Spring,0
20220411,2022-04-11,2022,2,4,Apr,Spring,0
20220412,2022-04-12,2022,2,4,Apr,Spring,0
20220413,2022-04-13,2022,2,4,Apr,Spring,0
20220414,2022-04-14,2022,2,4,Apr,Spring,0
20220415,2022-04-15,2022,2,4,Apr,Spring,0
20220416,2022-04-16,2022,2,4,Apr,Spring,0
20220417,2022-04-17,2022,2,4,Apr,Spring,0
20220418,2022-04-18,2022,2,4,Apr,Spring,0
20220419,2022-04-19,2022,2,4,Apr,Spring,0
20220420,2022-04-20,2022,2,4,Apr,Spring,0
20220421,2022-04-21,2022,2,4,Apr,Spring,0
20220422,2022-04-22,2022,2,4,Apr,Spring,0
20220423,2022-04-23,2022,2,4,Apr,Spring,0
20220424,2022-04-24,2022,2,4,Apr,Spring,0
20220425,2022-04-25,2022,2,4,Apr,Spring,0
20220426,2022-04-26,2022,2,4,Apr,Spring,0
20220427,2022-04-27,2022,2,4,Apr,Spring,0
20220428,2022-04-28,2022,2,4,Apr,Spring,0
20220429,2022-04-29,2022,2,4,Apr,Spring,0
20220430,2022-04-30,2022,2,4,Apr,Spring,0
20220501,2022-05-01,2022,2,5,May,Spring,0
20220502,2022-05-02,2022,2,5,May,Spring,0
20220503,2022-05-03,2022,2,5,May,Spring,0
20220504,2022-05-04,2022,2,5,May,Spring,0
20220505,2022-05-05,2022,2,5,May,Spring,0
20220506,2022-05-06,2022,2,5,May,Spring,0
20220507,2022-05-07,2022,2,5,May,Spring,0
20220508,2022-05-08,2022,2,5,May,Spring,0
20220509,2022-05-09,2022,2,5,May,Spring,0
20220510,2022-05-10,2022,2,5,May,Spring,0
20220511,2022-05-11,2022,2,5,May,Spring,0
20220512,2022-05-12,2022,2,5,May,Spring,0
20220513,2022-05-13,2022,2,5,May,Spring,0
20220514,2022-05-14,2022,2,5,May,Spring,0
20220515,2022-05-15,2022,2,5,May,Spring,0
20220516,2022-05-16,2022,2,5,May,Spring,0
20220517,2022-05-17,2022,2,5,May,Spring,0
20220518,2022-05-18,2022,2,5,May,Spring,0
20220519,2022-05-19,2022,2,5,May,Spring,0
20220520,2022-05-20,2022,2,5,May,Spring,0
20220521,2022-05-21,2022,2,5,May,Spring,0
20220522,2022-05-22,2022,2,5,May,Spring,0
20220523,2022-05-23,2022,2,5,May,Spring,0
20220524,2022-05-24,2022,2,5,May,Spring,0
20220525,2022-05-25,2022,2,5,May,Spring,0
20220526,2022-05-26,2022,2,5,May,Spring,0
20220527,2022-05-27,2022,2,5,May,Spring,0
20220528,2022-05-28,2022,2,5,May,Spring,0
20220529,2022-05-29,2022,2,5,May,Spring,0
20220530,2022-05-30,2022,2,5,May,Spring,0
20220531,2022-05-31,2022,2,5,May,Spring,0
20220601,2022-06-01,2022,2,6,Jun,Summer,1
20220602,2022-06-02,2022,2,6,Jun,Summer,1
20220603,2022-06-03,2022,2,6,Jun,Summer,1
20220604,2022-06-04,2022,2,6,Jun,Summer,1
20220605,2022-06-05,2022,2,6,Jun,Summer,1
20220606,2022-06-06,2022,2,6,Jun,Summer,1
20220607,2022-06-07,2022,2,6,Jun,Summer,1
20220608,2022-06-08,2022,2,6,Jun,Summer,1
20220609,2022-06-09,2022,2,6,Jun,Summer,1
20220610,2022-06-10,2022,2,6,Jun,Summer,1
20220611,2022-06-11,2022,2,6,Jun,Summer,1
20220612,2022-06-12,2022,2,6,Jun,Summer,1
20220613,2022-06-13,2022,2,6,Jun,Summer,1
20220614,2022-06-14,2022,2,6,Jun,Summer,1
20220615,2022-06-15,2022,2,6,Jun,Summer,1
20220616,2022-06-16,2022,2,6,Jun,Summer,1
20220617,2022-06-17,2022,2,6,Jun,Summer,1
20220618,2022-06-18,2022,2,6,Jun,Summer,1
20220619,2022-06-19,2022,2,6,Jun,Summer,1
20220620,2022-06-20,2022,2,6,Jun,Summer,1
20220621,2022-06-21,2022,2,6,Jun,Summer,1
20220622,2022-06-22,2022,2,6,Jun,Summer,1
20220623,2022-06-23,2022,2,6,Jun,Summer,1
20220624,2022-06-24,2022,2,6,Jun,Summer,1
20220625,2022-06-25,2022,2,6,Jun,Summer,1
20220626,2022-06-26,2022,2,6,Jun,Summer,1
20220627,2022-06-27,2022,2,6,Jun,Summer,1
20220628,2022-06-28,2022,2,6,Jun,Summer,1
20220629,2022-06-29,2022,2,6,Jun,Summer,1
20220630,2022-06-30,2022,2,6,Jun,Summer,1
20220701,2022-07-01,2022,3,7,Jul,Summer,1
20220702,2022-07-02,2022,3,7,Jul,Summer,1
20220703,2022-07-03,2022,3,7,Jul,Summer,1
20220704,2022-07-04,2022,3,7,Jul,Summer,1
20220705,2022-07-05,2022,3,7,Jul,Summer,1
20220706,2022-07-06,2022,3,7,Jul,Summer,1
20220707,2022-07-07,2022,3,7,Jul,Summer,1
20220708,2022-07-08,2022,3,7,Jul,Summer,1
20220709,2022-07-09,2022,3,7,Jul,Summer,1
20220710,2022-07-10,2022,3,7,Jul,Summer,1
20220711,2022-07-11,2022,3,7,Jul,Summer,1
20220712,2022-07-12,2022,3,7,Jul,Summer,1
20220713,2022-07-13,2022,3,7,Jul,Summer,1
20220714,2022-07-14,2022,3,7,Jul,Summer,1
20220715,2022-07-15,2022,3,7,Jul,Summer,1
20220716,2022-07-16,2022,3,7,Jul,Summer,1
20220717,2022-07-17,2022,3,7,Jul,Summer,1
20220718,2022-07-18,2022,3,7,Jul,Summer,1
20220719,2022-07-19,2022,3,7,Jul,Summer,1
20220720,2022-07-20,2022,3,7,Jul,Summer,1
20220721,2022-07-21,2022,3,7,Jul,Summer,1
20220722,2022-07-22,2022,3,7,Jul,Summer,1
20220723,2022-07-23,2022,3,7,Jul,Summer,1
20220724,2022-07-24,2022,3,7,Jul,Summer,1
20220725,2022-07-25,2022,3,7,Jul,Summer,1
20220726,2022-07-26,2022,3,7,Jul,Summer,1
20220727,2022-07-27,2022,3,7,Jul,Summer,1
20220728,2022-07-28,2022,3,7,Jul,Summer,1
20220729,2022-07-29,2022,3,7,Jul,Summer,1
20220730,2022-07-30,2022,3,7,Jul,Summer,1
20220731,2022-07-31,2022,3,7,Jul,Summer,1
20220801,2022-08-01,2022,3,8,Aug,Summer,1
20220802,2022-08-02,2022,3,8,Aug,Summer,1
20220803,2022-08-03,2022,3,8,Aug,Summer,1
20220804,2022-08-04,2022,3,8,Aug,Summer,1
20220805,2022-08-05,2022,3,8,Aug,Summer,1
20220806,2022-08-06,2022,3,8,Aug,Summer,1
20220807,2022-08-07,2022,3,8,Aug,Summer,1
20220808,2022-08-08,2022,3,8,Aug,Summer,1
20220809,2022-08-09,2022,3,8,Aug,Summer,1
20220810,2022-08-10,2022,3,8,Aug,Summer,1
20220811,2022-08-11,2022,3,8,Aug,Summer,1
20220812,2022-08-12,2022,3,8,Aug,Summer,1
20220813,2022-08-13,2022,3,8,Aug,Summer,1
20220814,2022-08-14,2022,3,8,Aug,Summer,1
20220815,2022-08-15,2022,3,8,Aug,Summer,1
20220816,2022-08-16,2022,3,8,Aug,Summer,1
20220817,2022-08-17,2022,3,8,Aug,Summer,1
20220818,2022-08-18,2022,3,8,Aug,Summer,1
20220819,2022-08-19,2022,3,8,Aug,Summer,1
20220820,2022-08-20,2022,3,8,Aug,Summer,1
20220821,2022-08-21,2022,3,8,Aug,Summer,1
20220822,2022-08-22,2022,3,8,Aug,Summer,1
20220823,2022-08-23,2022,3,8,Aug,Summer,1
20220824,2022-08-24,2022,3,8,Aug,Summer,1
20220825,2022-08-25,2022,3,8,Aug,Summer,1
20220826,2022-08-26,2022,3,8,Aug,Summer,1
20220827,2022-08-27,2022,3,8,Aug,Summer,1
20220828,2022-08-28,2022,3,8,Aug,Summer,1
20220829,2022-08-29,2022,3,8,Aug,Summer,1
20220830,2022-08-30,2022,3,8,Aug,Summer,1
20220831,2022-08-31,2022,3,8,Aug,Summer,1
20220901,2022-09-01,2022,3,9,Sep,Autumn,1
20220902,2022-09-02,2022,3,9,Sep,Autumn,1
20220903,2022-09-03,2022,3,9,Sep,Autumn,1
20220904,2022-09-04,2022,3,9,Sep,Autumn,1
20220905,2022-09-05,2022,3,9,Sep,Autumn,1
20220906,2022-09-06,2022,3,9,Sep,Autumn,1
20220907,2022-09-07,2022,3,9,Sep,Autumn,1
20220908,2022-09-08,2022,3,9,Sep,Autumn,1
20220909,2022-09-09,2022,3,9,Sep,Autumn,1
20220910,2022-09-10,2022,3,9,Sep,Autumn,1
20220911,2022-09-11,2022,3,9,Sep,Autumn,1
20220912,2022-09-12,2022,3,9,Sep,Autumn,1
20220913,2022-09-13,2022,3,9,Sep,Autumn,1
20220914,2022-09-14,2022,3,9,Sep,Autumn,1
20220915,2022-09-15,2022,3,9,Sep,Autumn,1
20220916,2022-09-16,2022,3,9,Sep,Autumn,1
20220917,2022-09-17,2022,3,9,Sep,Autumn,1
20220918,2022-09-18,2022,3,9,Sep,Autumn,1
20220919,2022-09-19,2022,3,9,Sep,Autumn,1
20220920,2022-09-20,2022,3,9,Sep,Autumn,1
20220921,2022-09-21,2022,3,9,Sep,Autumn,1
20220922,2022-09-22,2022,3,9,Sep,Autumn,1
20220923,2022-09-23,2022,3,9,Sep,Autumn,1
20220924,2022-09-24,2022,3,9,Sep,Autumn,1
20220925,2022-09-25,2022,3,9,Sep,Autumn,1
20220926,2022-09-26,2022,3,9,Sep,Autumn,1
20220927,2022-09-27,2022,3,9,Sep,Autumn,1
20220928,2022-09-28,2022,3,9,Sep,Autumn,1
20220929,2022-09-29,2022,3,9,Sep,Autumn,1
20220930,2022-09-30,2022,3,9,Sep,Autumn,1
20221001,2022-10-01,2022,4,10,Oct,Autumn,1
20221002,2022-10-02,2022,4,10,Oct,Autumn,1
20221003,2022-10-03,2022,4,10,Oct,Autumn,1
20221004,2022-10-04,2022,4,10,Oct,Autumn,1
20221005,2022-10-05,2022,4,10,Oct,Autumn,1
20221006,2022-10-06,2022,4,10,Oct,Autumn,1
20221007,2022-10-07,2022,4,10,Oct,Autumn,1
20221008,2022-10-08,2022,4,10,Oct,Autumn,1
20221009,2022-10-09,2022,4,10,Oct,Autumn,1
20221010,2022-10-10,2022,4,10,Oct,Autumn,1
20221011,2022-10-11,2022,4,10,Oct,Autumn,1
20221012,2022-10-12,2022,4,10,Oct,Autumn,1
20221013,2022-10-13,2022,4,10,Oct,Autumn,1
20221014,2022-10-14,2022,4,10,Oct,Autumn,1
20221015,2022-10-15,2022,4,10,Oct,Autumn,1
20221016,2022-10-16,2022,4,10,Oct,Autumn,1
20221017,2022-10-17,2022,4,10,Oct,Autumn,1
20221018,2022-10-18,2022,4,10,Oct,Autumn,1
20221019,2022-10-19,2022,4,10,Oct,Autumn,1
20221020,2022-10-20,2022,4,10,Oct,Autumn,1
20221021,2022-10-21,2022,4,10,Oct,Autumn,1
20221022,2022-10-22,2022,4,10,Oct,Autumn,1
20221023,2022-10-23,2022,4,10,Oct,Autumn,1
20221024,2022-10-24,2022,4,10,Oct,Autumn,1
20221025,2022-10-25,2022,4,10,Oct,Autumn,1
20221026,2022-10-26,2022,4,10,Oct,Autumn,1
20221027,2022-10-27,2022,4,10,Oct,Autumn,1
20221028,2022-10-28,2022,4,10,Oct,Autumn,1
20221029,2022-10-29,2022,4,10,Oct,Autumn,1
20221030,2022-10-30,2022,4,10,Oct,Autumn,1
20221031,2022-10-31,2022,4,10,Oct,Autumn,1
20221101,2022-11-01,2022,4,11,Nov,Autumn,0
20221102,2022-11-02,2022,4,11,Nov,Autumn,0
20221103,2022-11-03,2022,4,11,Nov,Autumn,0
20221104,2022-11-04,2022,4,11,Nov,Autumn,0
20221105,2022-11-05,2022,4,11,Nov,Autumn,0
20221106,2022-11-06,2022,4,11,Nov,Autumn,0
20221107,2022-11-07,2022,4,11,Nov,Autumn,0
20221108,2022-11-08,2022,4,11,Nov,Autumn,0
20221109,2022-11-09,2022,4,11,Nov,Autumn,0
20221110,2022-11-10,2022,4,11,Nov,Autumn,0
20221111,2022-11-11,2022,4,11,Nov,Autumn,0
20221112,2022-11-12,2022,4,11,Nov,Autumn,0
20221113,2022-11-13,2022,4,11,Nov,Autumn,0
20221114,2022-11-14,2022,4,11,Nov,Autumn,0
20221115,2022-11-15,2022,4,11,Nov,Autumn,0
20221116,2022-11-16,2022,4,11,Nov,Autumn,0
20221117,2022-11-17,2022,4,11,Nov,Autumn,0
20221118,2022-11-18,2022,4,11,Nov,Autumn,0
20221119,2022-11-19,2022,4,11,Nov,Autumn,0
20221120,2022-11-20,2022,4,11,Nov,Autumn,0
20221121,2022-11-21,2022,4,11,Nov,Autumn,0
20221122,2022-11-22,2022,4,11,Nov,Autumn,0
20221123,2022-11-23,2022,4,11,Nov,Autumn,0
20221124,2022-11-24,2022,4,11,Nov,Autumn,0
20221125,2022-11-25,2022,4,11,Nov,Autumn,0
20221126,2022-11-26,2022,4,11,Nov,Autumn,0
20221127,2022-11-27,2022,4,11,Nov,Autumn,0
20221128,2022-11-28,2022,4,11,Nov,Autumn,0
20221129,2022-11-29,2022,4,11,Nov,Autumn,0
20221130,2022-11-30,2022,4,11,Nov,Autumn,0
20221201,2022-12-01,2022,4,12,Dec,Winter,0
20221202,2022-12-02,2022,4,12,Dec,Winter,0
20221203,2022-12-03,2022,4,12,Dec,Winter,0
20221204,2022-12-04,2022,4,12,Dec,Winter,0
20221205,2022-12-05,2022,4,12,Dec,Winter,0
20221206,2022-12-06,2022,4,12,Dec,Winter,0
20221207,2022-12-07,2022,4,12,Dec,Winter,0
20221208,2022-12-08,2022,4,12,Dec,Winter,0
20221209,2022-12-09,2022,4,12,Dec,Winter,0
20221210,2022-12-10,2022,4,12,Dec,Winter,0
20221211,2022-12-11,2022,4,12,Dec,Winter,0
20221212,2022-12-12,2022,4,12,Dec,Winter,0
20221213,2022-12-13,2022,4,12,Dec,Winter,0
20221214,2022-12-14,2022,4,12,Dec,Winter,0
20221215,2022-12-15,2022,4,12,Dec,Winter,0
20221216,2022-12-16,2022,4,12,Dec,Winter,0
20221217,2022-12-17,2022,4,12,Dec,Winter,0
20221218,2022-12-18,2022,4,12,Dec,Winter,0
20221219,2022-12-19,2022,4,12,Dec,Winter,0
20221220,2022-12-20,2022,4,12,Dec,Winter,0
20221221,2022-12-21,2022,4,12,Dec,Winter,0
20221222,2022-12-22,2022,4,12,Dec,Winter,0
20221223,2022-12-23,2022,4,12,Dec,Winter,0
20221224,2022-12-24,2022,4,12,Dec,Winter,0
20221225,2022-12-25,2022,4,12,Dec,Winter,0
20221226,2022-12-26,2022,4,12,Dec,Winter,0
20221227,2022-12-27,2022,4,12,Dec,Winter,0
20221228,2022-12-28,2022,4,12,Dec,Winter,0
20221229,2022-12-29,2022,4,12,Dec,Winter,0
20221230,2022-12-30,2022,4,12,Dec,Winter,0
20221231,2022-12-31,2022,4,12,Dec,Winter,0
20230101,2023-01-01,2023,1,1,Jan,Winter,0
20230102,2023-01-02,2023,1,1,Jan,Winter,0
20230103,2023-01-03,2023,1,1,Jan,Winter,0
20230104,2023-01-04,2023,1,1,Jan,Winter,0
20230105,2023-01-05,2023,1,1,Jan,Winter,0
20230106,2023-01-06,2023,1,1,Jan,Winter,0
20230107,2023-01-07,2023,1,1,Jan,Winter,0
20230108,2023-01-08,2023,1,1,Jan,Winter,0
20230109,2023-01-09,2023,1,1,Jan,Winter,0
20230110,2023-01-10,2023,1,1,Jan,Winter,0
20230111,2023-01-11,2023,1,1,Jan,Winter,0
20230112,2023-01-12,2023,1,1,Jan,Winter,0
20230113,2023-01-13,2023,1,1,Jan,Winter,0
20230114,2023-01-14,2023,1,1,Jan,Winter,0
20230115,2023-01-15,2023,1,1,Jan,Winter,0
20230116,2023-01-16,2023,1,1,Jan,Winter,0
20230117,2023-01-17,2023,1,1,Jan,Winter,0
20230118,2023-01-18,2023,1,1,Jan,Winter,0
20230119,2023-01-19,2023,1,1,Jan,Winter,0
20230120,2023-01-20,2023,1,1,Jan,Winter,0
20230121,2023-01-21,2023,1,1,Jan,Winter,0
20230122,2023-01-22,2023,1,1,Jan,Winter,0
20230123,2023-01-23,2023,1,1,Jan,Winter,0
20230124,2023-01-24,2023,1,1,Jan,Winter,0
20230125,2023-01-25,2023,1,1,Jan,Winter,0
20230126,2023-01-26,2023,1,1,Jan,Winter,0
20230127,2023-01-27,2023,1,1,Jan,Winter,0
20230128,2023-01-28,2023,1,1,Jan,Winter,0
20230129,2023-01-29,2023,1,1,Jan,Winter,0
20230130,2023-01-30,2023,1,1,Jan,Winter,0
20230131,2023-01-31,2023,1,1,Jan,Winter,0
20230201,2023-02-01,2023,1,2,Feb,Winter,0
20230202,2023-02-02,2023,1,2,Feb,Winter,0
20230203,2023-02-03,2023,1,2,Feb,Winter,0
20230204,2023-02-04,2023,1,2,Feb,Winter,0
20230205,2023-02-05,2023,1,2,Feb,Winter,0
20230206,2023-02-06,2023,1,2,Feb,Winter,0
20230207,2023-02-07,2023,1,2,Feb,Winter,0
20230208,2023-02-08,2023,1,2,Feb,Winter,0
20230209,2023-02-09,2023,1,2,Feb,Winter,0
20230210,2023-02-10,2023,1,2,Feb,Winter,0
20230211,2023-02-11,2023,1,2,Feb,Winter,0
20230212,2023-02-12,2023,1,2,Feb,Winter,0
20230213,2023-02-13,2023,1,2,Feb,Winter,0
20230214,2023-02-14,2023,1,2,Feb,Winter,0
20230215,2023-02-15,2023,1,2,Feb,Winter,0
20230216,2023-02-16,2023,1,2,Feb,Winter,0
20230217,2023-02-17,2023,1,2,Feb,Winter,0
20230218,2023-02-18,2023,1,2,Feb,Winter,0
20230219,2023-02-19,2023,1,2,Feb,Winter,0
20230220,2023-02-20,2023,1,2,Feb,Winter,0
20230221,2023-02-21,2023,1,2,Feb,Winter,0
20230222,2023-02-22,2023,1,2,Feb,Winter,0
20230223,2023-02-23,2023,1,2,Feb,Winter,0
20230224,2023-02-24,2023,1,2,Feb,Winter,0
20230225,2023-02-25,2023,1,2,Feb,Winter,0
20230226,2023-02-26,2023,1,2,Feb,Winter,0
20230227,2023-02-27,2023,1,2,Feb,Winter,0
20230228,2023-02-28,2023,1,2,Feb,Winter,0
20230301,2023-03-01,2023,1,3,Mar,Spring,0
20230302,2023-03-02,2023,1,3,Mar,Spring,0
20230303,2023-03-03,2023,1,3,Mar,Spring,0
20230304,2023-03-04,2023,1,3,Mar,Spring,0
20230305,2023-03-05,2023,1,3,Mar,Spring,0
20230306,2023-03-06,2023,1,3,Mar,Spring,0
20230307,2023-03-07,2023,1,3,Mar,Spring,0
20230308,2023-03-08,2023,1,3,Mar,Spring,0
20230309,2023-03-09,2023,1,3,Mar,Spring,0
20230310,2023-03-10,2023,1,3,Mar,Spring,0
20230311,2023-03-11,2023,1,3,Mar,Spring,0
20230312,2023-03-12,2023,1,3,Mar,Spring,0
20230313,2023-03-13,2023,1,3,Mar,Spring,0
20230314,2023-03-14,2023,1,3,Mar,Spring,0
20230315,2023-03-15,2023,1,3,Mar,Spring,0
20230316,2023-03-16,2023,1,3,Mar,Spring,0
20230317,2023-03-17,2023,1,3,Mar,Spring,0
20230318,2023-03-18,2023,1,3,Mar,Spring,0
20230319,2023-03-19,2023,1,3,Mar,Spring,0
20230320,2023-03-20,2023,1,3,Mar,Spring,0
20230321,2023-03-21,2023,1,3,Mar,Spring,0
20230322,2023-03-22,2023,1,3,Mar,Spring,0
20230323,2023-03-23,2023,1,3,Mar,Spring,0
20230324,2023-03-24,2023,1,3,Mar,Spring,0
20230325,2023-03-25,2023,1,3,Mar,Spring,0
20230326,2023-03-26,2023,1,3,Mar,Spring,0
20230327,2023-03-27,2023,1,3,Mar,Spring,0
20230328,2023-03-28,2023,1,3,Mar,Spring,0
20230329,2023-03-29,2023,1,3,Mar,Spring,0
20230330,2023-03-30,2023,1,3,Mar,Spring,0
20230331,2023-03-31,2023,1,3,Mar,Spring,0
20230401,2023-04-01,2023,2,4,Apr,Spring,0
20230402,2023-04-02,2023,2,4,Apr,Spring,0
20230403,2023-04-03,2023,2,4,Apr,Spring,0
20230404,2023-04-04,2023,2,4,Apr,Spring,0
20230405,2023-04-05,2023,2,4,Apr,Spring,0
20230406,2023-04-06,2023,2,4,Apr,Spring,0
20230407,2023-04-07,2023,2,4,Apr,Spring,0
20230408,2023-04-08,2023,2,4,Apr,Spring,0
20230409,2023-04-09,2023,2,4,Apr,Spring,0
20230410,2023-04-10,2023,2,4,Apr,Spring,0
20230411,2023-04-11,2023,2,4,Apr,Spring,0
20230412,2023-04-12,2023,2,4,Apr,Spring,0
20230413,2023-04-13,2023,2,4,Apr,Spring,0
20230414,2023-04-14,2023,2,4,Apr,Spring,0
20230415,2023-04-15,2023,2,4,Apr,Spring,0
20230416,2023-04-16,2023,2,4,Apr,Spring,0
20230417,2023-04-17,2023,2,4,Apr,Spring,0
20230418,2023-04-18,2023,2,4,Apr,Spring,0
20230419,2023-04-19,2023,2,4,Apr,Spring,0
20230420,2023-04-20,2023,2,4,Apr,Spring,0
20230421,2023-04-21,2023,2,4,Apr,Spring,0
20230422,2023-04-22,2023,2,4,Apr,Spring,0
20230423,2023-04-23,2023,2,4,Apr,Spring,0
20230424,2023-04-24,2023,2,4,Apr,Spring,0
20230425,2023-04-25,2023,2,4,Apr,Spring,0
20230426,2023-04-26,2023,2,4,Apr,Spring,0
20230427,2023-04-27,2023,2,4,Apr,Spring,0
20230428,2023-04-28,2023,2,4,Apr,Spring,0
20230429,2023-04-29,2023,2,4,Apr,Spring,0
20230430,2023-04-30,2023,2,4,Apr,Spring,0
20230501,2023-05-01,2023,2,5,May,Spring,0
20230502,2023-05-02,2023,2,5,May,Spring,0
20230503,2023-05-03,2023,2,5,May,Spring,0
20230504,2023-05-04,2023,2,5,May,Spring,0
20230505,2023-05-05,2023,2,5,May,Spring,0
20230506,2023-05-06,2023,2,5,May,Spring,0
20230507,2023-05-07,2023,2,5,May,Spring,0
20230508,2023-05-08,2023,2,5,May,Spring,0
20230509,2023-05-09,2023,2,5,May,Spring,0
20230510,2023-05-10,2023,2,5,May,Spring,0
20230511,2023-05-11,2023,2,5,May,Spring,0
20230512,2023-05-12,2023,2,5,May,Spring,0
20230513,2023-05-13,2023,2,5,May,Spring,0
20230514,2023-05-14,2023,2,5,May,Spring,0
20230515,2023-05-15,2023,2,5,May,Spring,0
20230516,2023-05-16,2023,2,5,May,Spring,0
20230517,2023-05-17,2023,2,5,May,Spring,0
20230518,2023-05-18,2023,2,5,May,Spring,0
20230519,2023-05-19,2023,2,5,May,Spring,0
20230520,2023-05-20,2023,2,5,May,Spring,0
20230521,2023-05-21,2023,2,5,May,Spring,0
20230522,2023-05-22,2023,2,5,May,Spring,0
20230523,2023-05-23,2023,2,5,May,Spring,0
20230524,2023-05-24,2023,2,5,May,Spring,0
20230525,2023-05-25,2023,2,5,May,Spring,0
20230526,2023-05-26,2023,2,5,May,Spring,0
20230527,2023-05-27,2023,2,5,May,Spring,0
20230528,2023-05-28,2023,2,5,May,Spring,0
20230529,2023-05-29,2023,2,5,May,Spring,0
20230530,2023-05-30,2023,2,5,May,Spring,0
20230531,2023-05-31,2023,2,5,May,Spring,0
20230601,2023-06-01,2023,2,6,Jun,Summer,1
20230602,2023-06-02,2023,2,6,Jun,Summer,1
20230603,2023-06-03,2023,2,6,Jun,Summer,1
20230604,2023-06-04,2023,2,6,Jun,Summer,1
20230605,2023-06-05,2023,2,6,Jun,Summer,1
20230606,2023-06-06,2023,2,6,Jun,Summer,1
20230607,2023-06-07,2023,2,6,Jun,Summer,1
20230608,2023-06-08,2023,2,6,Jun,Summer,1
20230609,2023-06-09,2023,2,6,Jun,Summer,1
20230610,2023-06-10,2023,2,6,Jun,Summer,1
20230611,2023-06-11,2023,2,6,Jun,Summer,1
20230612,2023-06-12,2023,2,6,Jun,Summer,1
20230613,2023-06-13,2023,2,6,Jun,Summer,1
20230614,2023-06-14,2023,2,6,Jun,Summer,1
20230615,2023-06-15,2023,2,6,Jun,Summer,1
20230616,2023-06-16,2023,2,6,Jun,Summer,1
20230617,2023-06-17,2023,2,6,Jun,Summer,1
20230618,2023-06-18,2023,2,6,Jun,Summer,1
20230619,2023-06-19,2023,2,6,Jun,Summer,1
20230620,2023-06-20,2023,2,6,Jun,Summer,1
20230621,2023-06-21,2023,2,6,Jun,Summer,1
20230622,2023-06-22,2023,2,6,Jun,Summer,1
20230623,2023-06-23,2023,2,6,Jun,Summer,1
20230624,2023-06-24,2023,2,6,Jun,Summer,1
20230625,2023-06-25,2023,2,6,Jun,Summer,1
20230626,2023-06-26,2023,2,6,Jun,Summer,1
20230627,2023-06-27,2023,2,6,Jun,Summer,1
20230628,2023-06-28,2023,2,6,Jun,Summer,1
20230629,2023-06-29,2023,2,6,Jun,Summer,1
20230630,2023-06-30,2023,2,6,Jun,Summer,1
20230701,2023-07-01,2023,3,7,Jul,Summer,1
20230702,2023-07-02,2023,3,7,Jul,Summer,1
20230703,2023-07-03,2023,3,7,Jul,Summer,1
20230704,2023-07-04,2023,3,7,Jul,Summer,1
20230705,2023-07-05,2023,3,7,Jul,Summer,1
20230706,2023-07-06,2023,3,7,Jul,Summer,1
20230707,2023-07-07,2023,3,7,Jul,Summer,1
20230708,2023-07-08,2023,3,7,Jul,Summer,1
20230709,2023-07-09,2023,3,7,Jul,Summer,1
20230710,2023-07-10,2023,3,7,Jul,Summer,1
20230711,2023-07-11,2023,3,7,Jul,Summer,1
20230712,2023-07-12,2023,3,7,Jul,Summer,1
20230713,2023-07-13,2023,3,7,Jul,Summer,1
20230714,2023-07-14,2023,3,7,Jul,Summer,1
20230715,2023-07-15,2023,3,7,Jul,Summer,1
20230716,2023-07-16,2023,3,7,Jul,Summer,1
20230717,2023-07-17,2023,3,7,Jul,Summer,1
20230718,2023-07-18,2023,3,7,Jul,Summer,1
20230719,2023-07-19,2023,3,7,Jul,Summer,1
20230720,2023-07-20,2023,3,7,Jul,Summer,1
20230721,2023-07-21,2023,3,7,Jul,Summer,1
20230722,2023-07-22,2023,3,7,Jul,Summer,1
20230723,2023-07-23,2023,3,7,Jul,Summer,1
20230724,2023-07-24,2023,3,7,Jul,Summer,1
20230725,2023-07-25,2023,3,7,Jul,Summer,1
20230726,2023-07-26,2023,3,7,Jul,Summer,1
20230727,2023-07-27,2023,3,7,Jul,Summer,1
20230728,2023-07-28,2023,3,7,Jul,Summer,1
20230729,2023-07-29,2023,3,7,Jul,Summer,1
20230730,2023-07-30,2023,3,7,Jul,Summer,1
20230731,2023-07-31,2023,3,7,Jul,Summer,1
20230801,2023-08-01,2023,3,8,Aug,Summer,1
20230802,2023-08-02,2023,3,8,Aug,Summer,1
20230803,2023-08-03,2023,3,8,Aug,Summer,1
20230804,2023-08-04,2023,3,8,Aug,Summer,1
20230805,2023-08-05,2023,3,8,Aug,Summer,1
20230806,2023-08-06,2023,3,8,Aug,Summer,1
20230807,2023-08-07,2023,3,8,Aug,Summer,1
20230808,2023-08-08,2023,3,8,Aug,Summer,1
20230809,2023-08-09,2023,3,8,Aug,Summer,1
20230810,2023-08-10,2023,3,8,Aug,Summer,1
20230811,2023-08-11,2023,3,8,Aug,Summer,1
20230812,2023-08-12,2023,3,8,Aug,Summer,1
20230813,2023-08-13,2023,3,8,Aug,Summer,1
20230814,2023-08-14,2023,3,8,Aug,Summer,1
20230815,2023-08-15,2023,3,8,Aug,Summer,1
20230816,2023-08-16,2023,3,8,Aug,Summer,1
20230817,2023-08-17,2023,3,8,Aug,Summer,1
20230818,2023-08-18,2023,3,8,Aug,Summer,1
20230819,2023-08-19,2023,3,8,Aug,Summer,1
20230820,2023-08-20,2023,3,8,Aug,Summer,1
20230821,2023-08-21,2023,3,8,Aug,Summer,1
20230822,2023-08-22,2023,3,8,Aug,Summer,1
20230823,2023-08-23,2023,3,8,Aug,Summer,1
20230824,2023-08-24,2023,3,8,Aug,Summer,1
20230825,2023-08-25,2023,3,8,Aug,Summer,1
20230826,2023-08-26,2023,3,8,Aug,Summer,1
20230827,2023-08-27,2023,3,8,Aug,Summer,1
20230828,2023-08-28,2023,3,8,Aug,Summer,1
20230829,2023-08-29,2023,3,8,Aug,Summer,1
20230830,2023-08-30,2023,3,8,Aug,Summer,1
20230831,2023-08-31,2023,3,8,Aug,Summer,1
20230901,2023-09-01,2023,3,9,Sep,Autumn,1
20230902,2023-09-02,2023,3,9,Sep,Autumn,1
20230903,2023-09-03,2023,3,9,Sep,Autumn,1
20230904,2023-09-04,2023,3,9,Sep,Autumn,1
20230905,2023-09-05,2023,3,9,Sep,Autumn,1
20230906,2023-09-06,2023,3,9,Sep,Autumn,1
20230907,2023-09-07,2023,3,9,Sep,Autumn,1
20230908,2023-09-08,2023,3,9,Sep,Autumn,1
20230909,2023-09-09,2023,3,9,Sep,Autumn,1
20230910,2023-09-10,2023,3,9,Sep,Autumn,1
20230911,2023-09-11,2023,3,9,Sep,Autumn,1
20230912,2023-09-12,2023,3,9,Sep,Autumn,1
20230913,2023-09-13,2023,3,9,Sep,Autumn,1
20230914,2023-09-14,2023,3,9,Sep,Autumn,1
20230915,2023-09-15,2023,3,9,Sep,Autumn,1
20230916,2023-09-16,2023,3,9,Sep,Autumn,1
20230917,2023-09-17,2023,3,9,Sep,Autumn,1
20230918,2023-09-18,2023,3,9,Sep,Autumn,1
20230919,2023-09-19,2023,3,9,Sep,Autumn,1
20230920,2023-09-20,2023,3,9,Sep,Autumn,1
20230921,2023-09-21,2023,3,9,Sep,Autumn,1
20230922,2023-09-22,2023,3,9,Sep,Autumn,1
20230923,2023-09-23,2023,3,9,Sep,Autumn,1
20230924,2023-09-24,2023,3,9,Sep,Autumn,1
20230925,2023-09-25,2023,3,9,Sep,Autumn,1
20230926,2023-09-26,2023,3,9,Sep,Autumn,1
20230927,2023-09-27,2023,3,9,Sep,Autumn,1
20230928,2023-09-28,2023,3,9,Sep,Autumn,1
20230929,2023-09-29,2023,3,9,Sep,Autumn,1
20230930,2023-09-30,2023,3,9,Sep,Autumn,1
20231001,2023-10-01,2023,4,10,Oct,Autumn,1
20231002,2023-10-02,2023,4,10,Oct,Autumn,1
20231003,2023-10-03,2023,4,10,Oct,Autumn,1
20231004,2023-10-04,2023,4,10,Oct,Autumn,1
20231005,2023-10-05,2023,4,10,Oct,Autumn,1
20231006,2023-10-06,2023,4,10,Oct,Autumn,1
20231007,2023-10-07,2023,4,10,Oct,Autumn,1
20231008,2023-10-08,2023,4,10,Oct,Autumn,1
20231009,2023-10-09,2023,4,10,Oct,Autumn,1
20231010,2023-10-10,2023,4,10,Oct,Autumn,1
20231011,2023-10-11,2023,4,10,Oct,Autumn,1
20231012,2023-10-12,2023,4,10,Oct,Autumn,1
20231013,2023-10-13,2023,4,10,Oct,Autumn,1
20231014,2023-10-14,2023,4,10,Oct,Autumn,1
20231015,2023-10-15,2023,4,10,Oct,Autumn,1
20231016,2023-10-16,2023,4,10,Oct,Autumn,1
20231017,2023-10-17,2023,4,10,Oct,Autumn,1
20231018,2023-10-18,2023,4,10,Oct,Autumn,1
20231019,2023-10-19,2023,4,10,Oct,Autumn,1
20231020,2023-10-20,2023,4,10,Oct,Autumn,1
20231021,2023-10-21,2023,4,10,Oct,Autumn,1
20231022,2023-10-22,2023,4,10,Oct,Autumn,1
20231023,2023-10-23,2023,4,10,Oct,Autumn,1
20231024,2023-10-24,2023,4,10,Oct,Autumn,1
20231025,2023-10-25,2023,4,10,Oct,Autumn,1
20231026,2023-10-26,2023,4,10,Oct,Autumn,1
20231027,2023-10-27,2023,4,10,Oct,Autumn,1
20231028,2023-10-28,2023,4,10,Oct,Autumn,1
20231029,2023-10-29,2023,4,10,Oct,Autumn,1
20231030,2023-10-30,2023,4,10,Oct,Autumn,1
20231031,2023-10-31,2023,4,10,Oct,Autumn,1
20231101,2023-11-01,2023,4,11,Nov,Autumn,0
20231102,2023-11-02,2023,4,11,Nov,Autumn,0
20231103,2023-11-03,2023,4,11,Nov,Autumn,0
20231104,2023-11-04,2023,4,11,Nov,Autumn,0
20231105,2023-11-05,2023,4,11,Nov,Autumn,0
20231106,2023-11-06,2023,4,11,Nov,Autumn,0
20231107,2023-11-07,2023,4,11,Nov,Autumn,0
20231108,2023-11-08,2023,4,11,Nov,Autumn,0
20231109,2023-11-09,2023,4,11,Nov,Autumn,0
20231110,2023-11-10,2023,4,11,Nov,Autumn,0
20231111,2023-11-11,2023,4,11,Nov,Autumn,0
20231112,2023-11-12,2023,4,11,Nov,Autumn,0
20231113,2023-11-13,2023,4,11,Nov,Autumn,0
20231114,2023-11-14,2023,4,11,Nov,Autumn,0
20231115,2023-11-15,2023,4,11,Nov,Autumn,0
20231116,2023-11-16,2023,4,11,Nov,Autumn,0
20231117,2023-11-17,2023,4,11,Nov,Autumn,0
20231118,2023-11-18,2023,4,11,Nov,Autumn,0
20231119,2023-11-19,2023,4,11,Nov,Autumn,0
20231120,2023-11-20,2023,4,11,Nov,Autumn,0
20231121,2023-11-21,2023,4,11,Nov,Autumn,0
20231122,2023-11-22,2023,4,11,Nov,Autumn,0
20231123,2023-11-23,2023,4,11,Nov,Autumn,0
20231124,2023-11-24,2023,4,11,Nov,Autumn,0
20231125,2023-11-25,2023,4,11,Nov,Autumn,0
20231126,2023-11-26,2023,4,11,Nov,Autumn,0
20231127,2023-11-27,2023,4,11,Nov,Autumn,0
20231128,2023-11-28,2023,4,11,Nov,Autumn,0
20231129,2023-11-29,2023,4,11,Nov,Autumn,0
20231130,2023-11-30,2023,4,11,Nov,Autumn,0
20231201,2023-12-01,2023,4,12,Dec,Winter,0
20231202,2023-12-02,2023,4,12,Dec,Winter,0
20231203,2023-12-03,2023,4,12,Dec,Winter,0
20231204,2023-12-04,2023,4,12,Dec,Winter,0
20231205,2023-12-05,2023,4,12,Dec,Winter,0
20231206,2023-12-06,2023,4,12,Dec,Winter,0
20231207,2023-12-07,2023,4,12,Dec,Winter,0
20231208,2023-12-08,2023,4,12,Dec,Winter,0
20231209,2023-12-09,2023,4,12,Dec,Winter,0
20231210,2023-12-10,2023,4,12,Dec,Winter,0
20231211,2023-12-11,2023,4,12,Dec,Winter,0
20231212,2023-12-12,2023,4,12,Dec,Winter,0
20231213,2023-12-13,2023,4,12,Dec,Winter,0
20231214,2023-12-14,2023,4,12,Dec,Winter,0
20231215,2023-12-15,2023,4,12,Dec,Winter,0
20231216,2023-12-16,2023,4,12,Dec,Winter,0
20231217,2023-12-17,2023,4,12,Dec,Winter,0
20231218,2023-12-18,2023,4,12,Dec,Winter,0
20231219,2023-12-19,2023,4,12,Dec,Winter,0
20231220,2023-12-20,2023,4,12,Dec,Winter,0
20231221,2023-12-21,2023,4,12,Dec,Winter,0
20231222,2023-12-22,2023,4,12,Dec,Winter,0
20231223,2023-12-23,2023,4,12,Dec,Winter,0
20231224,2023-12-24,2023,4,12,Dec,Winter,0
20231225,2023-12-25,2023,4,12,Dec,Winter,0
20231226,2023-12-26,2023,4,12,Dec,Winter,0
20231227,2023-12-27,2023,4,12,Dec,Winter,0
20231228,2023-12-28,2023,4,12,Dec,Winter,0
20231229,2023-12-29,2023,4,12,Dec,Winter,0
20231230,2023-12-30,2023,4,12,Dec,Winter,0
20231231,2023-12-31,2023,4,12,Dec,Winter,0
20240101,2024-01-01,2024,1,1,Jan,Winter,0
20240102,2024-01-02,2024,1,1,Jan,Winter,0
20240103,2024-01-03,2024,1,1,Jan,Winter,0
20240104,2024-01-04,2024,1,1,Jan,Winter,0
20240105,2024-01-05,2024,1,1,Jan,Winter,0
20240106,2024-01-06,2024,1,1,Jan,Winter,0
20240107,2024-01-07,2024,1,1,Jan,Winter,0
20240108,2024-01-08,2024,1,1,Jan,Winter,0
20240109,2024-01-09,2024,1,1,Jan,Winter,0
20240110,2024-01-10,2024,1,1,Jan,Winter,0
20240111,2024-01-11,2024,1,1,Jan,Winter,0
20240112,2024-01-12,2024,1,1,Jan,Winter,0
20240113,2024-01-13,2024,1,1,Jan,Winter,0
20240114,2024-01-14,2024,1,1,Jan,Winter,0
20240115,2024-01-15,2024,1,1,Jan,Winter,0
20240116,2024-01-16,2024,1,1,Jan,Winter,0
20240117,2024-01-17,2024,1,1,Jan,Winter,0
20240118,2024-01-18,2024,1,1,Jan,Winter,0
20240119,2024-01-19,2024,1,1,Jan,Winter,0
20240120,2024-01-20,2024,1,1,Jan,Winter,0
20240121,2024-01-21,2024,1,1,Jan,Winter,0
20240122,2024-01-22,2024,1,1,Jan,Winter,0
20240123,2024-01-23,2024,1,1,Jan,Winter,0
20240124,2024-01-24,2024,1,1,Jan,Winter,0
20240125,2024-01-25,2024,1,1,Jan,Winter,0
20240126,2024-01-26,2024,1,1,Jan,Winter,0
20240127,2024-01-27,2024,1,1,Jan,Winter,0
20240128,2024-01-28,2024,1,1,Jan,Winter,0
20240129,2024-01-29,2024,1,1,Jan,Winter,0
20240130,2024-01-30,2024,1,1,Jan,Winter,0
20240131,2024-01-31,2024,1,1,Jan,Winter,0
20240201,2024-02-01,2024,1,2,Feb,Winter,0
20240202,2024-02-02,2024,1,2,Feb,Winter,0
20240203,2024-02-03,2024,1,2,Feb,Winter,0
20240204,2024-02-04,2024,1,2,Feb,Winter,0
20240205,2024-02-05,2024,1,2,Feb,Winter,0
20240206,2024-02-06,2024,1,2,Feb,Winter,0
20240207,2024-02-07,2024,1,2,Feb,Winter,0
20240208,2024-02-08,2024,1,2,Feb,Winter,0
20240209,2024-02-09,2024,1,2,Feb,Winter,0
20240210,2024-02-10,2024,1,2,Feb,Winter,0
20240211,2024-02-11,2024,1,2,Feb,Winter,0
20240212,2024-02-12,2024,1,2,Feb,Winter,0
20240213,2024-02-13,2024,1,2,Feb,Winter,0
20240214,2024-02-14,2024,1,2,Feb,Winter,0
20240215,2024-02-15,2024,1,2,Feb,Winter,0
20240216,2024-02-16,2024,1,2,Feb,Winter,0
20240217,2024-02-17,2024,1,2,Feb,Winter,0
20240218,2024-02-18,2024,1,2,Feb,Winter,0
20240219,2024-02-19,2024,1,2,Feb,Winter,0
20240220,2024-02-20,2024,1,2,Feb,Winter,0
20240221,2024-02-21,2024,1,2,Feb,Winter,0
20240222,2024-02-22,2024,1,2,Feb,Winter,0
20240223,2024-02-23,2024,1,2,Feb,Winter,0
20240224,2024-02-24,2024,1,2,Feb,Winter,0
20240225,2024-02-25,2024,1,2,Feb,Winter,0
20240226,2024-02-26,2024,1,2,Feb,Winter,0
20240227,2024-02-27,2024,1,2,Feb,Winter,0
20240228,2024-02-28,2024,1,2,Feb,Winter,0
20240229,2024-02-29,2024,1,2,Feb,Winter,0
20240301,2024-03-01,2024,1,3,Mar,Spring,0
20240302,2024-03-02,2024,1,3,Mar,Spring,0
20240303,2024-03-03,2024,1,3,Mar,Spring,0
20240304,2024-03-04,2024,1,3,Mar,Spring,0
20240305,2024-03-05,2024,1,3,Mar,Spring,0
20240306,2024-03-06,2024,1,3,Mar,Spring,0
20240307,2024-03-07,2024,1,3,Mar,Spring,0
20240308,2024-03-08,2024,1,3,Mar,Spring,0
20240309,2024-03-09,2024,1,3,Mar,Spring,0
20240310,2024-03-10,2024,1,3,Mar,Spring,0
20240311,2024-03-11,2024,1,3,Mar,Spring,0
20240312,2024-03-12,2024,1,3,Mar,Spring,0
20240313,2024-03-13,2024,1,3,Mar,Spring,0
20240314,2024-03-14,2024,1,3,Mar,Spring,0
20240315,2024-03-15,2024,1,3,Mar,Spring,0
20240316,2024-03-16,2024,1,3,Mar,Spring,0
20240317,2024-03-17,2024,1,3,Mar,Spring,0
20240318,2024-03-18,2024,1,3,Mar,Spring,0
20240319,2024-03-19,2024,1,3,Mar,Spring,0
20240320,2024-03-20,2024,1,3,Mar,Spring,0
20240321,2024-03-21,2024,1,3,Mar,Spring,0
20240322,2024-03-22,2024,1,3,Mar,Spring,0
20240323,2024-03-23,2024,1,3,Mar,Spring,0
20240324,2024-03-24,2024,1,3,Mar,Spring,0
20240325,2024-03-25,2024,1,3,Mar,Spring,0
20240326,2024-03-26,2024,1,3,Mar,Spring,0
20240327,2024-03-27,2024,1,3,Mar,Spring,0
20240328,2024-03-28,2024,1,3,Mar,Spring,0
20240329,2024-03-29,2024,1,3,Mar,Spring,0
20240330,2024-03-30,2024,1,3,Mar,Spring,0
20240331,2024-03-31,2024,1,3,Mar,Spring,0
20240401,2024-04-01,2024,2,4,Apr,Spring,0
20240402,2024-04-02,2024,2,4,Apr,Spring,0
20240403,2024-04-03,2024,2,4,Apr,Spring,0
20240404,2024-04-04,2024,2,4,Apr,Spring,0
20240405,2024-04-05,2024,2,4,Apr,Spring,0
20240406,2024-04-06,2024,2,4,Apr,Spring,0
20240407,2024-04-07,2024,2,4,Apr,Spring,0
20240408,2024-04-08,2024,2,4,Apr,Spring,0
20240409,2024-04-09,2024,2,4,Apr,Spring,0
20240410,2024-04-10,2024,2,4,Apr,Spring,0
20240411,2024-04-11,2024,2,4,Apr,Spring,0
20240412,2024-04-12,2024,2,4,Apr,Spring,0
20240413,2024-04-13,2024,2,4,Apr,Spring,0
20240414,2024-04-14,2024,2,4,Apr,Spring,0
20240415,2024-04-15,2024,2,4,Apr,Spring,0
20240416,2024-04-16,2024,2,4,Apr,Spring,0
20240417,2024-04-17,2024,2,4,Apr,Spring,0
20240418,2024-04-18,2024,2,4,Apr,Spring,0
20240419,2024-04-19,2024,2,4,Apr,Spring,0
20240420,2024-04-20,2024,2,4,Apr,Spring,0
20240421,2024-04-21,2024,2,4,Apr,Spring,0
20240422,2024-04-22,2024,2,4,Apr,Spring,0
20240423,2024-04-23,2024,2,4,Apr,Spring,0
20240424,2024-04-24,2024,2,4,Apr,Spring,0
20240425,2024-04-25,2024,2,4,Apr,Spring,0
20240426,2024-04-26,2024,2,4,Apr,Spring,0
20240427,2024-04-27,2024,2,4,Apr,Spring,0
20240428,2024-04-28,2024,2,4,Apr,Spring,0
20240429,2024-04-29,2024,2,4,Apr,Spring,0
20240430,2024-04-30,2024,2,4,Apr,Spring,0
20240501,2024-05-01,2024,2,5,May,Spring,0
20240502,2024-05-02,2024,2,5,May,Spring,0
20240503,2024-05-03,2024,2,5,May,Spring,0
20240504,2024-05-04,2024,2,5,May,Spring,0
20240505,2024-05-05,2024,2,5,May,Spring,0
20240506,2024-05-06,2024,2,5,May,Spring,0
20240507,2024-05-07,2024,2,5,May,Spring,0
20240508,2024-05-08,2024,2,5,May,Spring,0
20240509,2024-05-09,2024,2,5,May,Spring,0
20240510,2024-05-10,2024,2,5,May,Spring,0
20240511,2024-05-11,2024,2,5,May,Spring,0
20240512,2024-05-12,2024,2,5,May,Spring,0
20240513,2024-05-13,2024,2,5,May,Spring,0
20240514,2024-05-14,2024,2,5,May,Spring,0
20240515,2024-05-15,2024,2,5,May,Spring,0
20240516,2024-05-16,2024,2,5,May,Spring,0
20240517,2024-05-17,2024,2,5,May,Spring,0
20240518,2024-05-18,2024,2,5,May,Spring,0
20240519,2024-05-19,2024,2,5,May,Spring,0
20240520,2024-05-20,2024,2,5,May,Spring,0
20240521,2024-05-21,2024,2,5,May,Spring,0
20240522,2024-05-22,2024,2,5,May,Spring,0
20240523,2024-05-23,2024,2,5,May,Spring,0
20240524,2024-05-24,2024,2,5,May,Spring,0
20240525,2024-05-25,2024,2,5,May,Spring,0
20240526,2024-05-26,2024,2,5,May,Spring,0
20240527,2024-05-27,2024,2,5,May,Spring,0
20240528,2024-05-28,2024,2,5,May,Spring,0
20240529,2024-05-29,2024,2,5,May,Spring,0
20240530,2024-05-30,2024,2,5,May,Spring,0
20240531,2024-05-31,2024,2,5,May,Spring,0
20240601,2024-06-01,2024,2,6,Jun,Summer,1
20240602,2024-06-02,2024,2,6,Jun,Summer,1
20240603,2024-06-03,2024,2,6,Jun,Summer,1
20240604,2024-06-04,2024,2,6,Jun,Summer,1
20240605,2024-06-05,2024,2,6,Jun,Summer,1
20240606,2024-06-06,2024,2,6,Jun,Summer,1
20240607,2024-06-07,2024,2,6,Jun,Summer,1
20240608,2024-06-08,2024,2,6,Jun,Summer,1
20240609,2024-06-09,2024,2,6,Jun,Summer,1
20240610,2024-06-10,2024,2,6,Jun,Summer,1
20240611,2024-06-11,2024,2,6,Jun,Summer,1
20240612,2024-06-12,2024,2,6,Jun,Summer,1
20240613,2024-06-13,2024,2,6,Jun,Summer,1
20240614,2024-06-14,2024,2,6,Jun,Summer,1
20240615,2024-06-15,2024,2,6,Jun,Summer,1
20240616,2024-06-16,2024,2,6,Jun,Summer,1
20240617,2024-06-17,2024,2,6,Jun,Summer,1
20240618,2024-06-18,2024,2,6,Jun,Summer,1
20240619,2024-06-19,2024,2,6,Jun,Summer,1
20240620,2024-06-20,2024,2,6,Jun,Summer,1
20240621,2024-06-21,2024,2,6,Jun,Summer,1
20240622,2024-06-22,2024,2,6,Jun,Summer,1
20240623,2024-06-23,2024,2,6,Jun,Summer,1
20240624,2024-06-24,2024,2,6,Jun,Summer,1
20240625,2024-06-25,2024,2,6,Jun,Summer,1
20240626,2024-06-26,2024,2,6,Jun,Summer,1
20240627,2024-06-27,2024,2,6,Jun,Summer,1
20240628,2024-06-28,2024,2,6,Jun,Summer,1
20240629,2024-06-29,2024,2,6,Jun,Summer,1
20240630,2024-06-30,2024,2,6,Jun,Summer,1
20240701,2024-07-01,2024,3,7,Jul,Summer,1
20240702,2024-07-02,2024,3,7,Jul,Summer,1
20240703,2024-07-03,2024,3,7,Jul,Summer,1
20240704,2024-07-04,2024,3,7,Jul,Summer,1
20240705,2024-07-05,2024,3,7,Jul,Summer,1
20240706,2024-07-06,2024,3,7,Jul,Summer,1
20240707,2024-07-07,2024,3,7,Jul,Summer,1
20240708,2024-07-08,2024,3,7,Jul,Summer,1
20240709,2024-07-09,2024,3,7,Jul,Summer,1
20240710,2024-07-10,2024,3,7,Jul,Summer,1
20240711,2024-07-11,2024,3,7,Jul,Summer,1
20240712,2024-07-12,2024,3,7,Jul,Summer,1
20240713,2024-07-13,2024,3,7,Jul,Summer,1
20240714,2024-07-14,2024,3,7,Jul,Summer,1
20240715,2024-07-15,2024,3,7,Jul,Summer,1
20240716,2024-07-16,2024,3,7,Jul,Summer,1
20240717,2024-07-17,2024,3,7,Jul,Summer,1
20240718,2024-07-18,2024,3,7,Jul,Summer,1
20240719,2024-07-19,2024,3,7,Jul,Summer,1
20240720,2024-07-20,2024,3,7,Jul,Summer,1
20240721,2024-07-21,2024,3,7,Jul,Summer,1
20240722,2024-07-22,2024,3,7,Jul,Summer,1
20240723,2024-07-23,2024,3,7,Jul,Summer,1
20240724,2024-07-24,2024,3,7,Jul,Summer,1
20240725,2024-07-25,2024,3,7,Jul,Summer,1
20240726,2024-07-26,2024,3,7,Jul,Summer,1
20240727,2024-07-27,2024,3,7,Jul,Summer,1
20240728,2024-07-28,2024,3,7,Jul,Summer,1
20240729,2024-07-29,2024,3,7,Jul,Summer,1
20240730,2024-07-30,2024,3,7,Jul,Summer,1
20240731,2024-07-31,2024,3,7,Jul,Summer,1
20240801,2024-08-01,2024,3,8,Aug,Summer,1
20240802,2024-08-02,2024,3,8,Aug,Summer,1
20240803,2024-08-03,2024,3,8,Aug,Summer,1
20240804,2024-08-04,2024,3,8,Aug,Summer,1
20240805,2024-08-05,2024,3,8,Aug,Summer,1
20240806,2024-08-06,2024,3,8,Aug,Summer,1
20240807,2024-08-07,2024,3,8,Aug,Summer,1
20240808,2024-08-08,2024,3,8,Aug,Summer,1
20240809,2024-08-09,2024,3,8,Aug,Summer,1
20240810,2024-08-10,2024,3,8,Aug,Summer,1
20240811,2024-08-11,2024,3,8,Aug,Summer,1
20240812,2024-08-12,2024,3,8,Aug,Summer,1
20240813,2024-08-13,2024,3,8,Aug,Summer,1
20240814,2024-08-14,2024,3,8,Aug,Summer,1
20240815,2024-08-15,2024,3,8,Aug,Summer,1
20240816,2024-08-16,2024,3,8,Aug,Summer,1
20240817,2024-08-17,2024,3,8,Aug,Summer,1
20240818,2024-08-18,2024,3,8,Aug,Summer,1
20240819,2024-08-19,2024,3,8,Aug,Summer,1
20240820,2024-08-20,2024,3,8,Aug,Summer,1
20240821,2024-08-21,2024,3,8,Aug,Summer,1
20240822,2024-08-22,2024,3,8,Aug,Summer,1
20240823,2024-08-23,2024,3,8,Aug,Summer,1
20240824,2024-08-24,2024,3,8,Aug,Summer,1
20240825,2024-08-25,2024,3,8,Aug,Summer,1
20240826,2024-08-26,2024,3,8,Aug,Summer,1
20240827,2024-08-27,2024,3,8,Aug,Summer,1
20240828,2024-08-28,2024,3,8,Aug,Summer,1
20240829,2024-08-29,2024,3,8,Aug,Summer,1
20240830,2024-08-30,2024,3,8,Aug,Summer,1
20240831,2024-08-31,2024,3,8,Aug,Summer,1
20240901,2024-09-01,2024,3,9,Sep,Autumn,1
20240902,2024-09-02,2024,3,9,Sep,Autumn,1
20240903,2024-09-03,2024,3,9,Sep,Autumn,1
20240904,2024-09-04,2024,3,9,Sep,Autumn,1
20240905,2024-09-05,2024,3,9,Sep,Autumn,1
20240906,2024-09-06,2024,3,9,Sep,Autumn,1
20240907,2024-09-07,2024,3,9,Sep,Autumn,1
20240908,2024-09-08,2024,3,9,Sep,Autumn,1
20240909,2024-09-09,2024,3,9,Sep,Autumn,1
20240910,2024-09-10,2024,3,9,Sep,Autumn,1
20240911,2024-09-11,2024,3,9,Sep,Autumn,1
20240912,2024-09-12,2024,3,9,Sep,Autumn,1
20240913,2024-09-13,2024,3,9,Sep,Autumn,1
20240914,2024-09-14,2024,3,9,Sep,Autumn,1
20240915,2024-09-15,2024,3,9,Sep,Autumn,1
20240916,2024-09-16,2024,3,9,Sep,Autumn,1
20240917,2024-09-17,2024,3,9,Sep,Autumn,1
20240918,2024-09-18,2024,3,9,Sep,Autumn,1
20240919,2024-09-19,2024,3,9,Sep,Autumn,1
20240920,2024-09-20,2024,3,9,Sep,Autumn,1
20240921,2024-09-21,2024,3,9,Sep,Autumn,1
20240922,2024-09-22,2024,3,9,Sep,Autumn,1
20240923,2024-09-23,2024,3,9,Sep,Autumn,1
20240924,2024-09-24,2024,3,9,Sep,Autumn,1
20240925,2024-09-25,2024,3,9,Sep,Autumn,1
20240926,2024-09-26,2024,3,9,Sep,Autumn,1
20240927,2024-09-27,2024,3,9,Sep,Autumn,1
20240928,2024-09-28,2024,3,9,Sep,Autumn,1
20240929,2024-09-29,2024,3,9,Sep,Autumn,1
20240930,2024-09-30,2024,3,9,Sep,Autumn,1
20241001,2024-10-01,2024,4,10,Oct,Autumn,1
20241002,2024-10-02,2024,4,10,Oct,Autumn,1
20241003,2024-10-03,2024,4,10,Oct,Autumn,1
20241004,2024-10-04,2024,4,10,Oct,Autumn,1
20241005,2024-10-05,2024,4,10,Oct,Autumn,1
20241006,2024-10-06,2024,4,10,Oct,Autumn,1
20241007,2024-10-07,2024,4,10,Oct,Autumn,1
20241008,2024-10-08,2024,4,10,Oct,Autumn,1
20241009,2024-10-09,2024,4,10,Oct,Autumn,1
20241010,2024-10-10,2024,4,10,Oct,Autumn,1
20241011,2024-10-11,2024,4,10,Oct,Autumn,1
20241012,2024-10-12,2024,4,10,Oct,Autumn,1
20241013,2024-10-13,2024,4,10,Oct,Autumn,1
20241014,2024-10-14,2024,4,10,Oct,Autumn,1
20241015,2024-10-15,2024,4,10,Oct,Autumn,1
20241016,2024-10-16,2024,4,10,Oct,Autumn,1
20241017,2024-10-17,2024,4,10,Oct,Autumn,1
20241018,2024-10-18,2024,4,10,Oct,Autumn,1
20241019,2024-10-19,2024,4,10,Oct,Autumn,1
20241020,2024-10-20,2024,4,10,Oct,Autumn,1
20241021,2024-10-21,2024,4,10,Oct,Autumn,1
20241022,2024-10-22,2024,4,10,Oct,Autumn,1
20241023,2024-10-23,2024,4,10,Oct,Autumn,1
20241024,2024-10-24,2024,4,10,Oct,Autumn,1
20241025,2024-10-25,2024,4,10,Oct,Autumn,1
20241026,2024-10-26,2024,4,10,Oct,Autumn,1
20241027,2024-10-27,2024,4,10,Oct,Autumn,1
20241028,2024-10-28,2024,4,10,Oct,Autumn,1
20241029,2024-10-29,2024,4,10,Oct,Autumn,1
20241030,2024-10-30,2024,4,10,Oct,Autumn,1
20241031,2024-10-31,2024,4,10,Oct,Autumn,1
20241101,2024-11-01,2024,4,11,Nov,Autumn,0
20241102,2024-11-02,2024,4,11,Nov,Autumn,0
20241103,2024-11-03,2024,4,11,Nov,Autumn,0
20241104,2024-11-04,2024,4,11,Nov,Autumn,0
20241105,2024-11-05,2024,4,11,Nov,Autumn,0
20241106,2024-11-06,2024,4,11,Nov,Autumn,0
20241107,2024-11-07,2024,4,11,Nov,Autumn,0
20241108,2024-11-08,2024,4,11,Nov,Autumn,0
20241109,2024-11-09,2024,4,11,Nov,Autumn,0
20241110,2024-11-10,2024,4,11,Nov,Autumn,0
20241111,2024-11-11,2024,4,11,Nov,Autumn,0
20241112,2024-11-12,2024,4,11,Nov,Autumn,0
20241113,2024-11-13,2024,4,11,Nov,Autumn,0
20241114,2024-11-14,2024,4,11,Nov,Autumn,0
20241115,2024-11-15,2024,4,11,Nov,Autumn,0
20241116,2024-11-16,2024,4,11,Nov,Autumn,0
20241117,2024-11-17,2024,4,11,Nov,Autumn,0
20241118,2024-11-18,2024,4,11,Nov,Autumn,0
20241119,2024-11-19,2024,4,11,Nov,Autumn,0
20241120,2024-11-20,2024,4,11,Nov,Autumn,0
20241121,2024-11-21,2024,4,11,Nov,Autumn,0
20241122,2024-11-22,2024,4,11,Nov,Autumn,0
20241123,2024-11-23,2024,4,11,Nov,Autumn,0
20241124,2024-11-24,2024,4,11,Nov,Autumn,0
20241125,2024-11-25,2024,4,11,Nov,Autumn,0
20241126,2024-11-26,2024,4,11,Nov,Autumn,0
20241127,2024-11-27,2024,4,11,Nov,Autumn,0
20241128,2024-11-28,2024,4,11,Nov,Autumn,0
20241129,2024-11-29,2024,4,11,Nov,Autumn,0
20241130,2024-11-30,2024,4,11,Nov,Autumn,0
20241201,2024-12-01,2024,4,12,Dec,Winter,0
20241202,2024-12-02,2024,4,12,Dec,Winter,0
20241203,2024-12-03,2024,4,12,Dec,Winter,0
20241204,2024-12-04,2024,4,12,Dec,Winter,0
20241205,2024-12-05,2024,4,12,Dec,Winter,0
20241206,2024-12-06,2024,4,12,Dec,Winter,0
20241207,2024-12-07,2024,4,12,Dec,Winter,0
20241208,2024-12-08,2024,4,12,Dec,Winter,0
20241209,2024-12-09,2024,4,12,Dec,Winter,0
20241210,2024-12-10,2024,4,12,Dec,Winter,0
20241211,2024-12-11,2024,4,12,Dec,Winter,0
20241212,2024-12-12,2024,4,12,Dec,Winter,0
20241213,2024-12-13,2024,4,12,Dec,Winter,0
20241214,2024-12-14,2024,4,12,Dec,Winter,0
20241215,2024-12-15,2024,4,12,Dec,Winter,0
20241216,2024-12-16,2024,4,12,Dec,Winter,0
20241217,2024-12-17,2024,4,12,Dec,Winter,0
20241218,2024-12-18,2024,4,12,Dec,Winter,0
20241219,2024-12-19,2024,4,12,Dec,Winter,0
20241220,2024-12-20,2024,4,12,Dec,Winter,0
20241221,2024-12-21,2024,4,12,Dec,Winter,0
20241222,2024-12-22,2024,4,12,Dec,Winter,0
20241223,2024-12-23,2024,4,12,Dec,Winter,0
20241224,2024-12-24,2024,4,12,Dec,Winter,0
20241225,2024-12-25,2024,4,12,Dec,Winter,0
20241226,2024-12-26,2024,4,12,Dec,Winter,0
20241227,2024-12-27,2024,4,12,Dec,Winter,0
20241228,2024-12-28,2024,4,12,Dec,Winter,0
20241229,2024-12-29,2024,4,12,Dec,Winter,0
20241230,2024-12-30,2024,4,12,Dec,Winter,0
20241231,2024-12-31,2024,4,12,Dec,Winter,0
20250101,2025-01-01,2025,1,1,Jan,Winter,0
20250102,2025-01-02,2025,1,1,Jan,Winter,0
20250103,2025-01-03,2025,1,1,Jan,Winter,0
20250104,2025-01-04,2025,1,1,Jan,Winter,0
20250105,2025-01-05,2025,1,1,Jan,Winter,0
20250106,2025-01-06,2025,1,1,Jan,Winter,0
20250107,2025-01-07,2025,1,1,Jan,Winter,0
20250108,2025-01-08,2025,1,1,Jan,Winter,0
20250109,2025-01-09,2025,1,1,Jan,Winter,0
20250110,2025-01-10,2025,1,1,Jan,Winter,0
20250111,2025-01-11,2025,1,1,Jan,Winter,0
20250112,2025-01-12,2025,1,1,Jan,Winter,0
20250113,2025-01-13,2025,1,1,Jan,Winter,0
20250114,2025-01-14,2025,1,1,Jan,Winter,0
20250115,2025-01-15,2025,1,1,Jan,Winter,0
20250116,2025-01-16,2025,1,1,Jan,Winter,0
20250117,2025-01-17,2025,1,1,Jan,Winter,0
20250118,2025-01-18,2025,1,1,Jan,Winter,0
20250119,2025-01-19,2025,1,1,Jan,Winter,0
20250120,2025-01-20,2025,1,1,Jan,Winter,0
20250121,2025-01-21,2025,1,1,Jan,Winter,0
20250122,2025-01-22,2025,1,1,Jan,Winter,0
20250123,2025-01-23,2025,1,1,Jan,Winter,0
20250124,2025-01-24,2025,1,1,Jan,Winter,0
20250125,2025-01-25,2025,1,1,Jan,Winter,0
20250126,2025-01-26,2025,1,1,Jan,Winter,0
20250127,2025-01-27,2025,1,1,Jan,Winter,0
20250128,2025-01-28,2025,1,1,Jan,Winter,0
20250129,2025-01-29,2025,1,1,Jan,Winter,0
20250130,2025-01-30,2025,1,1,Jan,Winter,0
20250131,2025-01-31,2025,1,1,Jan,Winter,0
20250201,2025-02-01,2025,1,2,Feb,Winter,0
20250202,2025-02-02,2025,1,2,Feb,Winter,0
20250203,2025-02-03,2025,1,2,Feb,Winter,0
20250204,2025-02-04,2025,1,2,Feb,Winter,0
20250205,2025-02-05,2025,1,2,Feb,Winter,0
20250206,2025-02-06,2025,1,2,Feb,Winter,0
20250207,2025-02-07,2025,1,2,Feb,Winter,0
20250208,2025-02-08,2025,1,2,Feb,Winter,0
20250209,2025-02-09,2025,1,2,Feb,Winter,0
20250210,2025-02-10,2025,1,2,Feb,Winter,0
20250211,2025-02-11,2025,1,2,Feb,Winter,0
20250212,2025-02-12,2025,1,2,Feb,Winter,0
20250213,2025-02-13,2025,1,2,Feb,Winter,0
20250214,2025-02-14,2025,1,2,Feb,Winter,0
20250215,2025-02-15,2025,1,2,Feb,Winter,0
20250216,2025-02-16,2025,1,2,Feb,Winter,0
20250217,2025-02-17,2025,1,2,Feb,Winter,0
20250218,2025-02-18,2025,1,2,Feb,Winter,0
20250219,2025-02-19,2025,1,2,Feb,Winter,0
20250220,2025-02-20,2025,1,2,Feb,Winter,0
20250221,2025-02-21,2025,1,2,Feb,Winter,0
20250222,2025-02-22,2025,1,2,Feb,Winter,0
20250223,2025-02-23,2025,1,2,Feb,Winter,0
20250224,2025-02-24,2025,1,2,Feb,Winter,0
20250225,2025-02-25,2025,1,2,Feb,Winter,0
20250226,2025-02-26,2025,1,2,Feb,Winter,0
20250227,2025-02-27,2025,1,2,Feb,Winter,0
20250228,2025-02-28,2025,1,2,Feb,Winter,0
20250301,2025-03-01,2025,1,3,Mar,Spring,0
20250302,2025-03-02,2025,1,3,Mar,Spring,0
20250303,2025-03-03,2025,1,3,Mar,Spring,0
20250304,2025-03-04,2025,1,3,Mar,Spring,0
20250305,2025-03-05,2025,1,3,Mar,Spring,0
20250306,2025-03-06,2025,1,3,Mar,Spring,0
20250307,2025-03-07,2025,1,3,Mar,Spring,0
20250308,2025-03-08,2025,1,3,Mar,Spring,0
20250309,2025-03-09,2025,1,3,Mar,Spring,0
20250310,2025-03-10,2025,1,3,Mar,Spring,0
20250311,2025-03-11,2025,1,3,Mar,Spring,0
20250312,2025-03-12,2025,1,3,Mar,Spring,0
20250313,2025-03-13,2025,1,3,Mar,Spring,0
20250314,2025-03-14,2025,1,3,Mar,Spring,0
20250315,2025-03-15,2025,1,3,Mar,Spring,0
20250316,2025-03-16,2025,1,3,Mar,Spring,0
20250317,2025-03-17,2025,1,3,Mar,Spring,0
20250318,2025-03-18,2025,1,3,Mar,Spring,0
20250319,2025-03-19,2025,1,3,Mar,Spring,0
20250320,2025-03-20,2025,1,3,Mar,Spring,0
20250321,2025-03-21,2025,1,3,Mar,Spring,0
20250322,2025-03-22,2025,1,3,Mar,Spring,0
20250323,2025-03-23,2025,1,3,Mar,Spring,0
20250324,2025-03-24,2025,1,3,Mar,Spring,0
20250325,2025-03-25,2025,1,3,Mar,Spring,0
20250326,2025-03-26,2025,1,3,Mar,Spring,0
20250327,2025-03-27,2025,1,3,Mar,Spring,0
20250328,2025-03-28,2025,1,3,Mar,Spring,0
20250329,2025-03-29,2025,1,3,Mar,Spring,0
20250330,2025-03-30,2025,1,3,Mar,Spring,0
20250331,2025-03-31,2025,1,3,Mar,Spring,0
20250401,2025-04-01,2025,2,4,Apr,Spring,0
20250402,2025-04-02,2025,2,4,Apr,Spring,0
20250403,2025-04-03,2025,2,4,Apr,Spring,0
20250404,2025-04-04,2025,2,4,Apr,Spring,0
20250405,2025-04-05,2025,2,4,Apr,Spring,0
20250406,2025-04-06,2025,2,4,Apr,Spring,0
20250407,2025-04-07,2025,2,4,Apr,Spring,0
20250408,2025-04-08,2025,2,4,Apr,Spring,0
20250409,2025-04-09,2025,2,4,Apr,Spring,0
20250410,2025-04-10,2025,2,4,Apr,Spring,0
20250411,2025-04-11,2025,2,4,Apr,Spring,0
20250412,2025-04-12,2025,2,4,Apr,Spring,0
20250413,2025-04-13,2025,2,4,Apr,Spring,0
20250414,2025-04-14,2025,2,4,Apr,Spring,0
20250415,2025-04-15,2025,2,4,Apr,Spring,0
20250416,2025-04-16,2025,2,4,Apr,Spring,0
20250417,2025-04-17,2025,2,4,Apr,Spring,0
20250418,2025-04-18,2025,2,4,Apr,Spring,0
20250419,2025-04-19,2025,2,4,Apr,Spring,0
20250420,2025-04-20,2025,2,4,Apr,Spring,0
20250421,2025-04-21,2025,2,4,Apr,Spring,0
20250422,2025-04-22,2025,2,4,Apr,Spring,0
20250423,2025-04-23,2025,2,4,Apr,Spring,0
20250424,2025-04-24,2025,2,4,Apr,Spring,0
20250425,2025-04-25,2025,2,4,Apr,Spring,0
20250426,2025-04-26,2025,2,4,Apr,Spring,0
20250427,2025-04-27,2025,2,4,Apr,Spring,0
20250428,2025-04-28,2025,2,4,Apr,Spring,0
20250429,2025-04-29,2025,2,4,Apr,Spring,0
20250430,2025-04-30,2025,2,4,Apr,Spring,0
20250501,2025-05-01,2025,2,5,May,Spring,0
20250502,2025-05-02,2025,2,5,May,Spring,0
20250503,2025-05-03,2025,2,5,May,Spring,0
20250504,2025-05-04,2025,2,5,May,Spring,0
20250505,2025-05-05,2025,2,5,May,Spring,0
20250506,2025-05-06,2025,2,5,May,Spring,0
20250507,2025-05-07,2025,2,5,May,Spring,0
20250508,2025-05-08,2025,2,5,May,Spring,0
20250509,2025-05-09,2025,2,5,May,Spring,0
20250510,2025-05-10,2025,2,5,May,Spring,0
20250511,2025-05-11,2025,2,5,May,Spring,0
20250512,2025-05-12,2025,2,5,May,Spring,0
20250513,2025-05-13,2025,2,5,May,Spring,0
20250514,2025-05-14,2025,2,5,May,Spring,0
20250515,2025-05-15,2025,2,5,May,Spring,0
20250516,2025-05-16,2025,2,5,May,Spring,0
20250517,2025-05-17,2025,2,5,May,Spring,0
20250518,2025-05-18,2025,2,5,May,Spring,0
20250519,2025-05-19,2025,2,5,May,Spring,0
20250520,2025-05-20,2025,2,5,May,Spring,0
20250521,2025-05-21,2025,2,5,May,Spring,0
20250522,2025-05-22,2025,2,5,May,Spring,0
20250523,2025-05-23,2025,2,5,May,Spring,0
20250524,2025-05-24,2025,2,5,May,Spring,0
20250525,2025-05-25,2025,2,5,May,Spring,0
20250526,2025-05-26,2025,2,5,May,Spring,0
20250527,2025-05-27,2025,2,5,May,Spring,0
20250528,2025-05-28,2025,2,5,May,Spring,0
20250529,2025-05-29,2025,2,5,May,Spring,0
20250530,2025-05-30,2025,2,5,May,Spring,0
20250531,2025-05-31,2025,2,5,May,Spring,0
20250601,2025-06-01,2025,2,6,Jun,Summer,1
20250602,2025-06-02,2025,2,6,Jun,Summer,1
20250603,2025-06-03,2025,2,6,Jun,Summer,1
20250604,2025-06-04,2025,2,6,Jun,Summer,1
20250605,2025-06-05,2025,2,6,Jun,Summer,1
20250606,2025-06-06,2025,2,6,Jun,Summer,1
20250607,2025-06-07,2025,2,6,Jun,Summer,1
20250608,2025-06-08,2025,2,6,Jun,Summer,1
20250609,2025-06-09,2025,2,6,Jun,Summer,1
20250610,2025-06-10,2025,2,6,Jun,Summer,1
20250611,2025-06-11,2025,2,6,Jun,Summer,1
20250612,2025-06-12,2025,2,6,Jun,Summer,1
20250613,2025-06-13,2025,2,6,Jun,Summer,1
20250614,2025-06-14,2025,2,6,Jun,Summer,1
20250615,2025-06-15,2025,2,6,Jun,Summer,1
20250616,2025-06-16,2025,2,6,Jun,Summer,1
20250617,2025-06-17,2025,2,6,Jun,Summer,1
20250618,2025-06-18,2025,2,6,Jun,Summer,1
20250619,2025-06-19,2025,2,6,Jun,Summer,1
20250620,2025-06-20,2025,2,6,Jun,Summer,1
20250621,2025-06-21,2025,2,6,Jun,Summer,1
20250622,2025-06-22,2025,2,6,Jun,Summer,1
20250623,2025-06-23,2025,2,6,Jun,Summer,1
20250624,2025-06-24,2025,2,6,Jun,Summer,1
20250625,2025-06-25,2025,2,6,Jun,Summer,1
20250626,2025-06-26,2025,2,6,Jun,Summer,1
20250627,2025-06-27,2025,2,6,Jun,Summer,1
20250628,2025-06-28,2025,2,6,Jun,Summer,1
20250629,2025-06-29,2025,2,6,Jun,Summer,1
20250630,2025-06-30,2025,2,6,Jun,Summer,1
20250701,2025-07-01,2025,3,7,Jul,Summer,1
20250702,2025-07-02,2025,3,7,Jul,Summer,1
20250703,2025-07-03,2025,3,7,Jul,Summer,1
20250704,2025-07-04,2025,3,7,Jul,Summer,1
20250705,2025-07-05,2025,3,7,Jul,Summer,1
20250706,2025-07-06,2025,3,7,Jul,Summer,1
20250707,2025-07-07,2025,3,7,Jul,Summer,1
20250708,2025-07-08,2025,3,7,Jul,Summer,1
20250709,2025-07-09,2025,3,7,Jul,Summer,1
20250710,2025-07-10,2025,3,7,Jul,Summer,1
20250711,2025-07-11,2025,3,7,Jul,Summer,1
20250712,2025-07-12,2025,3,7,Jul,Summer,1
20250713,2025-07-13,2025,3,7,Jul,Summer,1
20250714,2025-07-14,2025,3,7,Jul,Summer,1
20250715,2025-07-15,2025,3,7,Jul,Summer,1
20250716,2025-07-16,2025,3,7,Jul,Summer,1
20250717,2025-07-17,2025,3,7,Jul,Summer,1
20250718,2025-07-18,2025,3,7,Jul,Summer,1
20250719,2025-07-19,2025,3,7,Jul,Summer,1
20250720,2025-07-20,2025,3,7,Jul,Summer,1
20250721,2025-07-21,2025,3,7,Jul,Summer,1
20250722,2025-07-22,2025,3,7,Jul,Summer,1
20250723,2025-07-23,2025,3,7,Jul,Summer,1
20250724,2025-07-24,2025,3,7,Jul,Summer,1
20250725,2025-07-25,2025,3,7,Jul,Summer,1
20250726,2025-07-26,2025,3,7,Jul,Summer,1
20250727,2025-07-27,2025,3,7,Jul,Summer,1
20250728,2025-07-28,2025,3,7,Jul,Summer,1
20250729,2025-07-29,2025,3,7,Jul,Summer,1
20250730,2025-07-30,2025,3,7,Jul,Summer,1
20250731,2025-07-31,2025,3,7,Jul,Summer,1
20250801,2025-08-01,2025,3,8,Aug,Summer,1
20250802,2025-08-02,2025,3,8,Aug,Summer,1
20250803,2025-08-03,2025,3,8,Aug,Summer,1
20250804,2025-08-04,2025,3,8,Aug,Summer,1
20250805,2025-08-05,2025,3,8,Aug,Summer,1
20250806,2025-08-06,2025,3,8,Aug,Summer,1
20250807,2025-08-07,2025,3,8,Aug,Summer,1
20250808,2025-08-08,2025,3,8,Aug,Summer,1
20250809,2025-08-09,2025,3,8,Aug,Summer,1
20250810,2025-08-10,2025,3,8,Aug,Summer,1
20250811,2025-08-11,2025,3,8,Aug,Summer,1
20250812,2025-08-12,2025,3,8,Aug,Summer,1
20250813,2025-08-13,2025,3,8,Aug,Summer,1
20250814,2025-08-14,2025,3,8,Aug,Summer,1
20250815,2025-08-15,2025,3,8,Aug,Summer,1
20250816,2025-08-16,2025,3,8,Aug,Summer,1
20250817,2025-08-17,2025,3,8,Aug,Summer,1
20250818,2025-08-18,2025,3,8,Aug,Summer,1
20250819,2025-08-19,2025,3,8,Aug,Summer,1
20250820,2025-08-20,2025,3,8,Aug,Summer,1
20250821,2025-08-21,2025,3,8,Aug,Summer,1
20250822,2025-08-22,2025,3,8,Aug,Summer,1
20250823,2025-08-23,2025,3,8,Aug,Summer,1
20250824,2025-08-24,2025,3,8,Aug,Summer,1
20250825,2025-08-25,2025,3,8,Aug,Summer,1
20250826,2025-08-26,2025,3,8,Aug,Summer,1
20250827,2025-08-27,2025,3,8,Aug,Summer,1
20250828,2025-08-28,2025,3,8,Aug,Summer,1
20250829,2025-08-29,2025,3,8,Aug,Summer,1
20250830,2025-08-30,2025,3,8,Aug,Summer,1
20250831,2025-08-31,2025,3,8,Aug,Summer,1
20250901,2025-09-01,2025,3,9,Sep,Autumn,1
20250902,2025-09-02,2025,3,9,Sep,Autumn,1
20250903,2025-09-03,2025,3,9,Sep,Autumn,1
20250904,2025-09-04,2025,3,9,Sep,Autumn,1
20250905,2025-09-05,2025,3,9,Sep,Autumn,1
20250906,2025-09-06,2025,3,9,Sep,Autumn,1
20250907,2025-09-07,2025,3,9,Sep,Autumn,1
20250908,2025-09-08,2025,3,9,Sep,Autumn,1
20250909,2025-09-09,2025,3,9,Sep,Autumn,1
20250910,2025-09-10,2025,3,9,Sep,Autumn,1
20250911,2025-09-11,2025,3,9,Sep,Autumn,1
20250912,2025-09-12,2025,3,9,Sep,Autumn,1
20250913,2025-09-13,2025,3,9,Sep,Autumn,1
20250914,2025-09-14,2025,3,9,Sep,Autumn,1
20250915,2025-09-15,2025,3,9,Sep,Autumn,1
20250916,2025-09-16,2025,3,9,Sep,Autumn,1
20250917,2025-09-17,2025,3,9,Sep,Autumn,1
20250918,2025-09-18,2025,3,9,Sep,Autumn,1
20250919,2025-09-19,2025,3,9,Sep,Autumn,1
20250920,2025-09-20,2025,3,9,Sep,Autumn,1
20250921,2025-09-21,2025,3,9,Sep,Autumn,1
20250922,2025-09-22,2025,3,9,Sep,Autumn,1
20250923,2025-09-23,2025,3,9,Sep,Autumn,1
20250924,2025-09-24,2025,3,9,Sep,Autumn,1
20250925,2025-09-25,2025,3,9,Sep,Autumn,1
20250926,2025-09-26,2025,3,9,Sep,Autumn,1
20250927,2025-09-27,2025,3,9,Sep,Autumn,1
20250928,2025-09-28,2025,3,9,Sep,Autumn,1
20250929,2025-09-29,2025,3,9,Sep,Autumn,1
20250930,2025-09-30,2025,3,9,Sep,Autumn,1
20251001,2025-10-01,2025,4,10,Oct,Autumn,1
20251002,2025-10-02,2025,4,10,Oct,Autumn,1
20251003,2025-10-03,2025,4,10,Oct,Autumn,1
20251004,2025-10-04,2025,4,10,Oct,Autumn,1
20251005,2025-10-05,2025,4,10,Oct,Autumn,1
20251006,2025-10-06,2025,4,10,Oct,Autumn,1
20251007,2025-10-07,2025,4,10,Oct,Autumn,1
20251008,2025-10-08,2025,4,10,Oct,Autumn,1
20251009,2025-10-09,2025,4,10,Oct,Autumn,1
20251010,2025-10-10,2025,4,10,Oct,Autumn,1
20251011,2025-10-11,2025,4,10,Oct,Autumn,1
20251012,2025-10-12,2025,4,10,Oct,Autumn,1
20251013,2025-10-13,2025,4,10,Oct,Autumn,1
20251014,2025-10-14,2025,4,10,Oct,Autumn,1
20251015,2025-10-15,2025,4,10,Oct,Autumn,1
20251016,2025-10-16,2025,4,10,Oct,Autumn,1
20251017,2025-10-17,2025,4,10,Oct,Autumn,1
20251018,2025-10-18,2025,4,10,Oct,Autumn,1
20251019,2025-10-19,2025,4,10,Oct,Autumn,1
20251020,2025-10-20,2025,4,10,Oct,Autumn,1
20251021,2025-10-21,2025,4,10,Oct,Autumn,1
20251022,2025-10-22,2025,4,10,Oct,Autumn,1
20251023,2025-10-23,2025,4,10,Oct,Autumn,1
20251024,2025-10-24,2025,4,10,Oct,Autumn,1
20251025,2025-10-25,2025,4,10,Oct,Autumn,1
20251026,2025-10-26,2025,4,10,Oct,Autumn,1
20251027,2025-10-27,2025,4,10,Oct,Autumn,1
20251028,2025-10-28,2025,4,10,Oct,Autumn,1
20251029,2025-10-29,2025,4,10,Oct,Autumn,1
20251030,2025-10-30,2025,4,10,Oct,Autumn,1
20251031,2025-10-31,2025,4,10,Oct,Autumn,1
20251101,2025-11-01,2025,4,11,Nov,Autumn,0
20251102,2025-11-02,2025,4,11,Nov,Autumn,0
20251103,2025-11-03,2025,4,11,Nov,Autumn,0
20251104,2025-11-04,2025,4,11,Nov,Autumn,0
20251105,2025-11-05,2025,4,11,Nov,Autumn,0
20251106,2025-11-06,2025,4,11,Nov,Autumn,0
20251107,2025-11-07,2025,4,11,Nov,Autumn,0
20251108,2025-11-08,2025,4,11,Nov,Autumn,0
20251109,2025-11-09,2025,4,11,Nov,Autumn,0
20251110,2025-11-10,2025,4,11,Nov,Autumn,0
20251111,2025-11-11,2025,4,11,Nov,Autumn,0
20251112,2025-11-12,2025,4,11,Nov,Autumn,0
20251113,2025-11-13,2025,4,11,Nov,Autumn,0
20251114,2025-11-14,2025,4,11,Nov,Autumn,0
20251115,2025-11-15,2025,4,11,Nov,Autumn,0
20251116,2025-11-16,2025,4,11,Nov,Autumn,0
20251117,2025-11-17,2025,4,11,Nov,Autumn,0
20251118,2025-11-18,2025,4,11,Nov,Autumn,0
20251119,2025-11-19,2025,4,11,Nov,Autumn,0
20251120,2025-11-20,2025,4,11,Nov,Autumn,0
20251121,2025-11-21,2025,4,11,Nov,Autumn,0
20251122,2025-11-22,2025,4,11,Nov,Autumn,0
20251123,2025-11-23,2025,4,11,Nov,Autumn,0
20251124,2025-11-24,2025,4,11,Nov,Autumn,0
20251125,2025-11-25,2025,4,11,Nov,Autumn,0
20251126,2025-11-26,2025,4,11,Nov,Autumn,0
20251127,2025-11-27,2025,4,11,Nov,Autumn,0
20251128,2025-11-28,2025,4,11,Nov,Autumn,0
20251129,2025-11-29,2025,4,11,Nov,Autumn,0
20251130,2025-11-30,2025,4,11,Nov,Autumn,0
20251201,2025-12-01,2025,4,12,Dec,Winter,0
20251202,2025-12-02,2025,4,12,Dec,Winter,0
20251203,2025-12-03,2025,4,12,Dec,Winter,0
20251204,2025-12-04,2025,4,12,Dec,Winter,0
20251205,2025-12-05,2025,4,12,Dec,Winter,0
20251206,2025-12-06,2025,4,12,Dec,Winter,0
20251207,2025-12-07,2025,4,12,Dec,Winter,0
20251208,2025-12-08,2025,4,12,Dec,Winter,0
20251209,2025-12-09,2025,4,12,Dec,Winter,0
20251210,2025-12-10,2025,4,12,Dec,Winter,0
20251211,2025-12-11,2025,4,12,Dec,Winter,0
20251212,2025-12-12,2025,4,12,Dec,Winter,0
20251213,2025-12-13,2025,4,12,Dec,Winter,0
20251214,2025-12-14,2025,4,12,Dec,Winter,0
20251215,2025-12-15,2025,4,12,Dec,Winter,0
20251216,2025-12-16,2025,4,12,Dec,Winter,0
20251217,2025-12-17,2025,4,12,Dec,Winter,0
20251218,2025-12-18,2025,4,12,Dec,Winter,0
20251219,2025-12-19,2025,4,12,Dec,Winter,0
20251220,2025-12-20,2025,4,12,Dec,Winter,0
20251221,2025-12-21,2025,4,12,Dec,Winter,0
20251222,2025-12-22,2025,4,12,Dec,Winter,0
20251223,2025-12-23,2025,4,12,Dec,Winter,0
20251224,2025-12-24,2025,4,12,Dec,Winter,0
20251225,2025-12-25,2025,4,12,Dec,Winter,0
20251226,2025-12-26,2025,4,12,Dec,Winter,0
20251227,2025-12-27,2025,4,12,Dec,Winter,0
20251228,2025-12-28,2025,4,12,Dec,Winter,0
20251229,2025-12-29,2025,4,12,Dec,Winter,0
20251230,2025-12-30,2025,4,12,Dec,Winter,0
20251231,2025-12-31,2025,4,12,Dec,Winter,0
