incident_id,fire_name,frap_fire_num,date_id,county_id,cause_id,acres_burned,burned_area_ha,duration_days,latitude,longitude,total_structures_destroyed,total_structures_damaged,deaths_direct,injuries_direct,is_outlier_ml,outlier_score,burned_area_is_imputed,cause_is_predicted
1,PLUNGE,CALFIRE-2006-00001,20060123,36,4,477.11,193.08,3.0,34.2,-117.135,0,0,0,1,0,,0,0
2,SIERRA,CALFIRE-2006-00002,20060206,36,18,10591.98,4286.43,16.0,34.17889,-117.43611,2,0,0,8,0,,0,0
3,SHEEPY,CALFIRE-2006-00003,20060207,47,1,12.38,5.01,0.0,,,0,0,0,0,0,,0,0
4,ANGEL,CALFIRE-2006-00004,20060208,37,7,30.62,12.39,4.0,33.08556,-116.60083,0,0,0,0,0,,0,0
5,LATIGO,CALFIRE-2006-00005,20060208,19,10,36.63,14.82,1.0,34.0875,-118.80111,0,0,0,0,0,,0,0
6,CAMINO,CALFIRE-2006-00006,20060209,37,9,71.75,29.03,263.0,33.27556,-116.62556,0,1,0,0,0,,0,0
7,HOTLUM,CALFIRE-2006-00007,20060224,45,5,3023.02,1223.38,8.0,,,0,0,0,0,0,,0,0
8,GUNN 2,CALFIRE-2006-00008,20060305,37,9,6.95,2.81,0.0,,,0,0,0,0,0,,0,0
9,ALMAZON,CALFIRE-2006-00009,20060503,10,2,1926.06,779.45,0.0,,,0,0,0,0,0,,0,0
10,COTTONWOOD,CALFIRE-2006-00010,20060503,37,5,24.64,9.97,1.0,35.40333,-118.24889,0,0,0,0,0,,0,0
11,PIT,CALFIRE-2006-00011,20060514,45,5,11.22,4.54,0.0,,,0,0,0,0,0,,0,0
12,WARNERVILLE,CALFIRE-2006-00012,20060515,5,2,40.7,16.47,0.0,,,0,0,0,0,0,,0,0
13,GOLIATH,CALFIRE-2006-00013,20060516,59,1,11.98,4.85,48.0,,,0,0,0,0,0,,0,0
14,FAY,CALFIRE-2006-00014,20060518,15,9,32.93,13.33,0.0,,,0,0,0,0,0,,0,0
15,CHESEBRO,CALFIRE-2006-00015,20060524,59,2,10.63,4.3,0.0,,,0,0,0,0,0,,0,0
16,BILLY,CALFIRE-2006-00016,20060525,22,9,996.78,403.38,0.0,36.93444,-121.11944,0,0,0,0,0,,0,0
17,ENERGY,CALFIRE-2006-00017,20060526,15,2,780.0,315.65,1.0,35.0275,-118.35111,1,0,0,0,0,,0,0
18,STUHR,CALFIRE-2006-00018,20060526,43,10,905.31,366.37,0.0,37.32556,-121.10972,0,0,0,0,0,,0,0
19,MOCAL,CALFIRE-2006-00019,20060529,15,9,932.21,377.25,1.0,35.2025,-119.67611,0,0,0,0,0,,0,0
20,WEED,CALFIRE-2006-00020,20060531,47,5,2.89,1.17,0.0,,,0,0,0,0,0,,0,0
21,BONNY,CALFIRE-2006-00021,20060601,15,14,35.44,14.34,2.0,33.48861,-116.72444,0,0,0,0,0,,0,0
22,DEVIL,CALFIRE-2006-00022,20060604,15,9,1090.19,441.18,0.0,,,0,0,0,0,0,,0,0
23,RIFLE RANGE,CALFIRE-2006-00023,20060604,10,9,369.27,149.44,0.0,,,0,0,0,0,0,,0,0
24,ABERDEEN,CALFIRE-2006-00024,20060607,36,1,404.18,163.57,2.0,36.99944,-118.24,0,0,0,0,0,,0,0
25,VALLEY,CALFIRE-2006-00025,20060607,15,1,20.25,8.2,0.0,,,0,0,0,0,0,,0,0
26,ARRASTRE,CALFIRE-2006-00026,20060609,36,1,363.41,147.07,4.0,34.23028,-116.77944,0,0,0,0,0,,0,0
27,MORRELL,CALFIRE-2006-00027,20060612,5,9,148.29,60.01,0.0,,,0,0,0,0,0,,0,0
28,VISTA,CALFIRE-2006-00028,20060615,19,9,20.0,8.1,0.0,,,0,0,0,0,0,,0,0
29,DARK,CALFIRE-2006-00029,20060617,19,9,34.99,14.16,2.0,,,0,0,0,0,0,,0,0
30,STOKES,CALFIRE-2006-00030,20060617,54,7,348.09,140.87,0.0,,,0,0,0,0,0,,0,0
31,LILAC,CALFIRE-2006-00031,20060619,37,9,15.37,6.22,0.0,,,0,0,0,0,0,,0,0
32,MC PHERSON,CALFIRE-2006-00032,20060619,42,1,53.74,21.75,31.0,,,0,0,0,0,0,,0,0
33,PERKINS,CALFIRE-2006-00033,20060619,42,1,14922.99,6039.13,31.0,,,0,0,0,0,0,,0,0
34,RITTS,CALFIRE-2006-00034,20060621,5,11,90.02,36.43,0.0,,,0,0,0,0,0,,0,0
35,GHOST,CALFIRE-2006-00035,20060624,14,1,82.75,33.49,4.0,,,0,0,0,0,0,,0,0
36,SCHRODER,CALFIRE-2006-00036,20060624,45,1,20.26,8.2,2.0,,,0,0,0,0,0,,0,0
37,W,CALFIRE-2006-00037,20060624,54,7,362.37,146.65,0.0,,,0,0,0,0,0,,0,0
38,BOULDER,CALFIRE-2006-00038,20060625,32,1,2953.15,1195.1,17.0,,,2,0,0,0,0,,0,0
39,CANYON,CALFIRE-2006-00039,20060625,42,1,28.63,11.59,0.0,34.78861,-119.33694,0,0,0,0,0,,0,0
40,CHESEBORO,CALFIRE-2006-00040,20060625,19,7,170.53,69.01,0.0,,,0,0,0,0,0,,0,0
41,HUNGRY,CALFIRE-2006-00041,20060625,32,1,512.33,207.33,17.0,,,0,0,0,0,0,,0,0
42,INDIAN,CALFIRE-2006-00042,20060625,32,1,16.32,6.6,5.0,,,0,0,0,0,0,,0,0
43,OBSERVATION,CALFIRE-2006-00043,20060625,18,1,4393.1,1777.83,5.0,,,0,0,0,0,0,,0,0
44,SAGE,CALFIRE-2006-00044,20060625,32,1,16.79,6.79,8.0,34.09444,-116.42278,0,0,0,0,0,,0,0
45,CREEK,CALFIRE-2006-00045,20060626,47,8,3.3,1.33,0.0,40.37333,-120.72861,0,0,0,0,0,,0,0
46,CRYSTAL,CALFIRE-2006-00046,20060626,25,1,460.64,186.42,1.0,,,0,0,0,0,0,,0,0
47,GOODALE,CALFIRE-2006-00047,20060626,36,1,3751.39,1518.13,4.0,36.97639,-118.26444,0,0,0,0,0,,0,0
48,HIGH,CALFIRE-2006-00048,20060626,25,1,1053.4,426.3,19.0,,,0,0,0,0,0,,0,0
49,LGT #17 (3-5),CALFIRE-2006-00049,20060626,45,1,537.42,217.48,0.0,,,0,0,0,0,0,,0,0
50,LGT #22 (3-9),CALFIRE-2006-00050,20060626,18,1,504.57,204.19,6.0,,,0,0,0,0,0,,0,0
51,MILLER DIV X,CALFIRE-2006-00051,20060626,25,1,35.23,14.26,10.0,,,0,0,0,0,0,,0,0
52,MILLER DIV Z,CALFIRE-2006-00052,20060626,25,1,130.02,52.62,10.0,,,0,0,0,0,0,,0,0
53,PONTE,CALFIRE-2006-00053,20060626,5,2,193.53,78.32,0.0,,,0,0,0,0,0,,0,0
54,YOLLA BOLLY,CALFIRE-2006-00054,20060626,17,1,1246.92,504.61,154.0,,,0,0,0,0,0,,0,0
55,BUTTES,CALFIRE-2006-00055,20060627,32,1,30.99,12.54,0.0,,,0,0,0,0,0,,0,0
56,FLOURNOY,CALFIRE-2006-00056,20060627,32,1,15.68,6.35,5.0,,,0,0,0,0,0,,0,0
57,LGT #25 (2-7),CALFIRE-2006-00057,20060627,18,1,126.52,51.2,7.0,,,0,0,0,0,0,,0,0
58,MILTON,CALFIRE-2006-00058,20060627,5,10,461.66,186.83,86.0,,,0,0,0,0,0,,0,0
59,SMITH,CALFIRE-2006-00059,20060627,15,1,225.14,91.11,9.0,35.66222,-118.12611,0,0,0,0,0,,0,0
60,CARIBOU COMPLEX WFU,CALFIRE-2006-00060,20060628,47,1,241.0,97.53,152.0,41.05056,-122.98472,0,0,0,0,0,,0,0
61,CHENEY,CALFIRE-2006-00061,20060628,18,1,646.68,261.7,1.0,,,0,0,0,0,0,,0,0
62,FALLS,CALFIRE-2006-00062,20060628,59,1,26.92,10.89,33.0,,,0,0,0,0,0,,0,0
63,LAVA,CALFIRE-2006-00063,20060628,25,1,210.32,85.11,11.0,41.50611,-121.52028,0,0,0,0,0,,0,0
64,MILLER DIV W,CALFIRE-2006-00064,20060628,25,1,53.73,21.74,8.0,,,0,0,0,0,0,,0,0
65,WAKEFIELD,CALFIRE-2006-00065,20060628,17,11,66.28,26.82,0.0,,,0,0,0,0,0,,0,0
66,CASTLE,CALFIRE-2006-00066,20060629,37,7,94.88,38.4,1.0,33.41778,-117.25944,0,0,0,0,0,,0,0
67,HOMESTAKE 2,CALFIRE-2006-00067,20060629,17,14,124.25,50.28,0.0,,,0,0,0,0,0,,0,0
68,DEL PUERTO,CALFIRE-2006-00068,20060630,43,5,2592.98,1049.34,5.0,37.43333,-121.33333,0,0,0,0,0,,0,0
69,MILLER DIV Y,CALFIRE-2006-00069,20060630,25,1,46.03,18.63,5.0,,,0,0,0,0,0,,0,0
70,SKY VALLEY,CALFIRE-2006-00070,20060630,17,7,226.23,91.55,1.0,,,0,0,0,0,0,,0,0
71,BLAIR,CALFIRE-2006-00071,20060701,59,1,66.48,26.9,1.0,,,0,0,0,0,0,,0,0
72,GEO,CALFIRE-2006-00072,20060701,36,1,704.06,284.92,1.0,33.99861,-116.06306,0,0,0,0,0,,0,0
73,DEMOCRAT,CALFIRE-2006-00073,20060703,15,10,48.38,19.58,1.0,,,0,0,0,0,0,,0,0
74,PEDRO,CALFIRE-2006-00074,20060703,5,9,1997.15,808.22,2.0,37.79694,-120.36667,0,0,0,0,0,,0,0
75,FAIRFIELD,CALFIRE-2006-00075,20060704,17,9,55.48,22.45,0.0,,,0,0,0,0,0,,0,0
76,TULLOCK,CALFIRE-2006-00076,20060704,5,2,149.94,60.68,0.0,,,0,0,0,0,0,,0,0
77,BUTTE 2,CALFIRE-2006-00077,20060705,59,1,2035.22,823.63,1.0,,,0,0,0,0,0,,0,0
78,KINGSTON 2,CALFIRE-2006-00078,20060705,15,1,447.04,180.91,5.0,,,0,0,0,0,0,,0,0
79,LONG VALLEY,CALFIRE-2006-00079,20060705,27,5,17.06,6.9,0.0,,,0,0,0,0,0,,0,0
80,VALLEY VIEW,CALFIRE-2006-00080,20060705,59,1,48.14,19.48,0.0,,,0,0,0,0,0,,0,0
81,BERDOO,CALFIRE-2006-00081,20060706,36,1,199.19,80.61,0.0,,,0,0,0,0,0,,0,0
82,FOOT,CALFIRE-2006-00082,20060706,32,3,36.74,14.87,14.0,39.80722,-121.03417,0,0,0,0,0,,0,0
83,GLOBE,CALFIRE-2006-00083,20060706,59,1,36.63,14.82,1.0,,,0,0,0,0,0,,0,0
84,KINGSTON 4,CALFIRE-2006-00084,20060706,15,1,24.56,9.94,2.0,,,0,0,0,0,0,,0,0
85,SHERWOOD,CALFIRE-2006-00085,20060706,56,14,167.96,67.97,2.0,34.13333,-118.85,0,0,0,0,0,,0,0
86,128,CALFIRE-2006-00086,20060707,17,14,57.2,23.15,0.0,,,0,0,0,0,0,,0,0
87,PUSHWALLA,CALFIRE-2006-00087,20060707,36,1,2194.78,888.2,6.0,,,0,0,0,0,0,,0,0
88,SPILLWAY,CALFIRE-2006-00088,20060707,36,9,27.18,11.0,1.0,34.34139,-117.23667,0,0,0,0,0,,0,0
89,SPRING,CALFIRE-2006-00089,20060708,17,10,274.12,110.93,1.0,38.95778,-122.25917,0,0,0,0,0,,0,0
90,WESTLAKE,CALFIRE-2006-00090,20060708,59,2,33.92,13.73,,,,0,0,0,0,0,,0,0
91,ARCO,CALFIRE-2006-00091,20060709,15,9,698.13,282.52,3.0,35.20911,-119.16197,0,0,0,0,0,,0,0
92,CANYON,CALFIRE-2006-00092,20060709,50,14,34217.52,13847.35,23.0,34.78861,-119.33694,16,6,0,0,0,,0,0
93,MAGGIE,CALFIRE-2006-00093,20060709,15,1,2097.89,848.99,155.0,36.58889,-118.61472,0,0,0,0,0,,0,0
94,MESQUITE,CALFIRE-2006-00094,20060709,15,1,584.89,236.7,2.0,35.42,-115.70833,0,0,0,0,0,,0,0
95,MILLARD,CALFIRE-2006-00095,20060709,36,1,24218.9,9801.05,23.0,,,0,0,0,0,0,,0,0
96,SAWTOOTH,CALFIRE-2006-00096,20060709,36,1,61767.18,24996.31,10.0,,,0,0,1,17,0,,0,0
97,TAMARACK WFU,CALFIRE-2006-00097,20060709,15,1,4655.9,1884.18,155.0,,,0,0,0,0,0,,0,0
98,CAMANCHE,CALFIRE-2006-00098,20060710,3,15,79.4,32.13,0.0,38.25,-120.90917,2,0,0,0,0,,0,0
99,BECK,CALFIRE-2006-00099,20060711,15,9,1668.11,675.06,0.0,35.28889,-119.84944,0,0,0,0,0,,0,0
100,MIDWAY,CALFIRE-2006-00100,20060711,43,11,5540.27,2242.07,1.0,37.71472,-121.55889,0,0,0,0,0,,0,0
101,SALINE,CALFIRE-2006-00101,20060711,59,1,59.83,24.21,2.0,,,0,0,0,0,0,,0,0
102,EDGEMONT,CALFIRE-2006-00102,20060714,36,11,520.9,210.8,1.0,34.0175,-117.14694,1,1,0,0,0,,0,0
103,PINE,CALFIRE-2006-00103,20060714,37,2,122.72,49.66,3.0,37.97694,-122.65222,0,0,0,0,0,,0,0
104,BORDER 15,CALFIRE-2006-00104,20060715,37,19,19.74,7.99,0.0,,,0,0,0,0,0,,0,0
105,DOYLE,CALFIRE-2006-00105,20060715,59,1,25.47,10.31,1.0,,,0,0,0,0,0,,0,0
106,FELIPE,CALFIRE-2006-00106,20060715,37,1,269.66,109.13,1.0,,,0,0,0,0,0,,0,0
107,METZ,CALFIRE-2006-00107,20060715,27,7,249.07,100.8,0.0,,,0,0,0,0,0,,0,0
108,SHOOTING,CALFIRE-2006-00108,20060715,14,9,18.33,7.42,2.0,,,0,0,0,0,0,,0,0
109,CRAB,CALFIRE-2006-00109,20060716,36,1,11.69,4.73,0.0,,,0,0,0,0,0,,0,0
110,GREASE,CALFIRE-2006-00110,20060716,32,7,365.87,148.06,15.0,40.01694,-120.38583,0,0,0,0,0,,0,0
111,OAK,CALFIRE-2006-00111,20060716,36,2,6.35,2.57,0.0,33.62667,-116.84333,0,0,0,0,0,,0,0
112,ORE,CALFIRE-2006-00112,20060716,9,10,85.5,34.6,0.0,,,0,0,0,0,0,,0,0
113,29,CALFIRE-2006-00113,20060717,17,10,344.28,139.33,4.0,38.70417,-122.60306,5,0,0,0,0,,0,0
114,GEYSERS,CALFIRE-2006-00114,20060717,23,14,342.94,138.78,0.0,38.77778,-122.71778,0,0,0,0,0,,0,0
115,RIO,CALFIRE-2006-00115,20060717,12,8,1.35,0.55,0.0,,,0,0,0,0,0,,0,0
116,SKYWAY,CALFIRE-2006-00116,20060717,4,10,453.42,183.49,0.0,39.73139,-121.68111,0,0,0,0,0,,0,0
117,CREEK,CALFIRE-2006-00117,20060718,18,1,1611.62,652.2,0.0,40.37333,-120.72861,0,0,0,0,0,,0,0
118,JOHNSON ROAD,CALFIRE-2006-00118,20060718,19,14,110.66,44.78,0.0,,,0,0,0,0,0,,0,0
119,SPRINGS,CALFIRE-2006-00119,20060718,36,7,18.17,7.35,0.0,33.93278,-117.12444,0,0,0,0,0,,0,0
120,GIBONNEY,CALFIRE-2006-00120,20060719,15,1,39.41,15.95,1.0,,,0,0,0,0,0,,0,0
121,HUMBUG,CALFIRE-2006-00121,20060719,47,10,40.78,16.5,2.0,41.75028,-122.65167,0,0,0,0,0,,0,0
122,HUMBUG#3,CALFIRE-2006-00122,20060719,47,8,22.55,9.12,0.0,,,0,0,0,0,0,,0,0
123,JENSON,CALFIRE-2006-00123,20060719,5,2,150.34,60.84,1.0,,,0,0,0,0,0,,0,0
124,KING,CALFIRE-2006-00124,20060719,59,1,261.05,105.64,115.0,37.71861,-119.49,0,0,0,0,0,,0,0
125,BORDER 16,CALFIRE-2006-00125,20060720,37,14,317.09,128.32,1.0,,,0,0,0,0,0,,0,0
126,COVINGTON,CALFIRE-2006-00126,20060720,36,1,352.25,142.55,3.0,34.06778,-116.35,0,0,0,0,0,,0,0
127,COYOTE,CALFIRE-2006-00127,20060720,54,1,1359.88,550.33,1.0,,,0,0,0,3,0,,0,0
128,GOLD VALLEY,CALFIRE-2006-00128,20060720,59,1,480.0,194.25,1.0,,,0,0,0,0,0,,0,0
129,GREELEY,CALFIRE-2006-00129,20060720,22,11,70.49,28.53,0.0,,,0,0,0,0,0,,0,0
130,JACKSON,CALFIRE-2006-00130,20060720,9,14,104.33,42.22,0.0,33.6275,-116.21611,0,0,0,0,0,,0,0
131,TOUGHNUT,CALFIRE-2006-00131,20060720,59,1,985.13,398.67,8.0,,,0,0,0,0,0,,0,0
132,BURNT,CALFIRE-2006-00132,20060721,59,1,627.62,253.99,161.0,36.95417,-118.73306,0,0,0,0,0,,0,0
133,CORTEZ,CALFIRE-2006-00133,20060721,15,1,10.77,4.36,1.0,,,0,0,0,0,0,,0,0
134,CRAFTON,CALFIRE-2006-00134,20060721,36,7,206.54,83.58,1.0,34.04,-117.10639,0,0,0,0,0,,0,0
135,FROG,CALFIRE-2006-00135,20060721,59,1,6029.85,2440.2,113.0,,,0,0,0,0,0,,0,0
136,MIDDLE T WFU,CALFIRE-2006-00136,20060721,59,1,129.42,52.37,34.0,,,0,0,0,0,0,,0,0
137,3 ROCKS,CALFIRE-2006-00137,20060722,10,1,9434.88,3818.16,0.0,,,0,0,0,0,0,,0,0
138,BALD,CALFIRE-2006-00138,20060722,42,1,4321.54,1748.87,8.0,,,0,0,0,0,0,,0,0
139,BUMP,CALFIRE-2006-00139,20060722,25,1,523.75,211.95,20.0,41.82694,-121.05806,0,0,0,0,0,,0,0
140,EAGLE,CALFIRE-2006-00140,20060722,59,1,1.87,0.76,2.0,,,0,0,0,0,0,,0,0
141,EMPIRE,CALFIRE-2006-00141,20060722,19,14,1063.16,430.25,3.0,33.40778,-118.41667,0,0,0,0,0,,0,0
142,HIGHLAND,CALFIRE-2006-00142,20060722,19,14,145.78,59.0,0.0,38.94778,-122.90417,0,0,0,0,0,,0,0
143,LAVER,CALFIRE-2006-00143,20060722,59,1,145.19,58.76,1.0,,,0,0,0,0,0,,0,0
144,OAK 2,CALFIRE-2006-00144,20060722,36,1,283.21,114.61,3.0,,,0,0,0,0,0,,0,0
145,PINNACLE,CALFIRE-2006-00145,20060722,25,1,50.23,20.33,10.0,,,0,0,0,0,0,,0,0
146,RAMP,CALFIRE-2006-00146,20060722,36,2,413.82,167.47,1.0,34.33,-117.51306,6,0,0,0,0,,0,0
147,RED,CALFIRE-2006-00147,20060722,25,1,38.62,15.63,10.0,,,0,0,0,0,0,,0,0
148,RICO,CALFIRE-2006-00148,20060722,27,1,14509.42,5871.76,5.0,36.05,-120.75,1,0,0,0,0,,0,0
149,RIDGE,CALFIRE-2006-00149,20060722,4,1,2417.06,978.15,9.0,39.60833,-121.43278,1,1,0,0,0,,0,0
150,WHISPERING PINES,CALFIRE-2006-00150,20060722,36,1,990.73,400.94,10.0,34.06778,-116.31806,10,1,0,0,0,,0,0
151,BAKE-OVEN,CALFIRE-2006-00151,20060723,45,1,65050.05,26324.84,130.0,,,0,0,0,0,0,,0,0
152,BRIGHT,CALFIRE-2006-00152,20060723,15,1,19.33,7.82,2.0,,,0,0,0,0,0,,0,0
153,GOFF,CALFIRE-2006-00153,20060723,47,1,235.33,95.23,8.0,,,0,0,0,0,0,,0,0
154,GRIDER,CALFIRE-2006-00154,20060723,47,1,17.35,7.02,3.0,,,0,0,0,0,0,,0,0
155,HORSE,CALFIRE-2006-00155,20060723,37,4,16677.62,6749.2,6.0,,,0,0,0,5,0,,0,0
156,HWY 138 & 300 WEST,CALFIRE-2006-00156,20060723,19,14,192.61,77.95,0.0,,,0,0,0,0,0,,0,0
157,LITTLE,CALFIRE-2006-00157,20060723,45,1,213.61,86.44,7.0,,,0,0,0,0,0,,0,0
158,MURKEN,CALFIRE-2006-00158,20060723,45,7,41.61,16.84,0.0,,,0,0,0,0,0,,0,0
159,PANOCHE INN,CALFIRE-2006-00159,20060723,27,1,26.74,10.82,0.0,,,0,0,0,0,0,,0,0
160,ROARING,CALFIRE-2006-00160,20060723,59,1,1643.12,664.95,159.0,36.76694,-118.63833,0,0,0,0,0,,0,0
161,SARGEANTS CYN,CALFIRE-2006-00161,20060723,27,11,11.2,4.53,0.0,,,0,0,0,0,0,,0,0
162,SCOTT,CALFIRE-2006-00162,20060723,42,1,751.07,303.95,9.0,34.84861,-118.98472,0,0,0,0,0,,0,0
163,SMALLY,CALFIRE-2006-00163,20060723,10,1,228.7,92.55,2.0,,,0,0,0,0,0,,0,0
164,TITUS,CALFIRE-2006-00164,20060723,47,1,6075.6,2458.71,69.0,,,0,0,0,0,0,,0,0
165,UNCLE,CALFIRE-2006-00165,20060723,47,1,3832.85,1551.1,113.0,,,0,0,0,0,0,,0,0
166,WHITE,CALFIRE-2006-00166,20060723,45,1,80.73,32.67,7.0,34.57583,-119.74972,0,0,0,0,0,,0,0
167,WILLOW,CALFIRE-2006-00167,20060723,27,1,47.55,19.24,0.0,36.91028,-119.72861,0,0,0,0,0,,0,0
168,BIG BUCK,CALFIRE-2006-00168,20060724,47,1,23.26,9.41,2.0,,,0,0,0,0,0,,0,0
169,BUCK,CALFIRE-2006-00169,20060724,12,1,422.06,170.8,23.0,,,0,0,0,0,0,,0,0
170,CALICO,CALFIRE-2006-00170,20060724,59,1,9278.41,3754.84,11.0,35.98361,-116.48667,0,0,0,0,0,,0,0
171,CIMA,CALFIRE-2006-00171,20060724,59,1,53.98,21.85,0.0,,,0,0,0,0,0,,0,0
172,CRAWFORD,CALFIRE-2006-00172,20060724,12,1,33.56,13.58,13.0,,,0,0,0,0,0,,0,0
173,DOG,CALFIRE-2006-00173,20060724,45,1,11.89,4.81,6.0,,,0,0,0,0,0,,0,0
174,HANCOCK,CALFIRE-2006-00174,20060724,47,1,21866.13,8848.92,112.0,,,0,0,0,0,0,,0,0
175,HUNTER,CALFIRE-2006-00175,20060724,17,1,16234.27,6569.78,45.0,39.66056,-122.86167,0,0,0,0,0,,0,0
176,LAKIN,CALFIRE-2006-00176,20060724,45,1,480.81,194.58,5.0,41.39167,-121.53333,0,0,0,0,0,,0,0
177,PANTHER,CALFIRE-2006-00177,20060724,12,1,904.74,366.13,19.0,40.73194,-123.5125,0,0,0,0,0,,0,0
178,POTTER,CALFIRE-2006-00178,20060724,47,1,62.9,25.46,68.0,,,0,0,0,0,0,,0,0
179,RUSH,CALFIRE-2006-00179,20060724,47,1,4872.31,1971.76,30.0,,,0,0,0,0,0,,0,0
180,SAGE,CALFIRE-2006-00180,20060724,25,1,4853.66,1964.21,4.0,34.09444,-116.42278,0,0,0,0,0,,0,0
181,SOLDIER,CALFIRE-2006-00181,20060724,17,1,13.89,5.62,2.0,,,0,0,0,0,0,,0,0
182,SOMES,CALFIRE-2006-00182,20060724,12,1,15506.2,6275.14,86.0,,,0,0,0,0,0,,0,0
183,BLUE 2,CALFIRE-2006-00183,20060725,25,1,25.37,10.27,10.0,,,0,0,0,0,0,,0,0
184,KINGSLEY,CALFIRE-2006-00184,20060725,17,1,557.92,225.78,15.0,,,0,0,0,0,0,,0,0
185,MINNIE,CALFIRE-2006-00185,20060725,17,1,4.8,1.94,2.0,,,0,0,0,0,0,,0,0
186,PARKS2,CALFIRE-2006-00186,20060725,45,1,10.78,4.36,2.0,,,0,0,0,0,0,,0,0
187,SHASTA,CALFIRE-2006-00187,20060725,45,14,145.77,58.99,5.0,40.68583,-122.37472,0,0,0,0,0,,0,0
188,BRODER/BECK WFU,CALFIRE-2006-00188,20060726,15,1,3492.24,1413.26,65.0,,,0,0,0,0,0,,0,0
189,HOY,CALFIRE-2006-00189,20060726,47,14,1282.88,519.16,6.0,41.47306,-122.39111,1,1,0,0,0,,0,0
190,MURPHY,CALFIRE-2006-00190,20060726,17,10,125.3,50.71,0.0,38.87028,-122.62167,0,0,0,0,0,,0,0
191,RAYMOND,CALFIRE-2006-00191,20060726,22,3,475.08,192.26,0.0,,,0,0,0,0,0,,0,0
192,BENEDICT CYN,CALFIRE-2006-00192,20060727,59,14,7.99,3.24,0.0,,,0,0,0,0,0,,0,0
193,ORANGE,CALFIRE-2006-00193,20060727,5,2,199.88,80.89,0.0,,,0,0,0,0,0,,0,0
194,SAGE,CALFIRE-2006-00194,20060727,17,14,2.58,1.04,0.0,34.09444,-116.42278,0,0,0,0,0,,0,0
195,SQUIRREL,CALFIRE-2006-00195,20060727,17,11,59.12,23.93,0.0,,,0,0,0,0,0,,0,0
196,49,CALFIRE-2006-00196,20060728,15,5,168.78,68.3,0.0,37.71028,-120.19694,0,0,0,0,0,,0,0
197,HWY 49,CALFIRE-2006-00197,20060728,22,14,132.55,53.64,0.0,,,0,0,0,0,0,,0,0
198,ESPINOSA,CALFIRE-2006-00198,20060729,27,2,246.98,99.95,0.0,,,0,0,0,0,0,,0,0
199,JUNCTION,CALFIRE-2006-00199,20060729,53,14,3129.75,1266.56,2.0,37.38472,-121.48444,1,0,0,0,0,,0,0
200,RUMSEY,CALFIRE-2006-00200,20060730,17,7,80.95,32.76,0.0,,,0,0,0,0,0,,0,0
201,HIGHLAND,CALFIRE-2006-00201,20060731,17,14,198.0,80.13,1.0,38.94778,-122.90417,0,0,0,0,0,,0,0
202,SAN JUAN,CALFIRE-2006-00202,20060801,27,11,11.35,4.59,0.0,,,0,0,0,0,0,,0,0
203,BIEDERMAN,CALFIRE-2006-00203,20060802,5,2,86.89,35.16,0.0,,,0,0,0,0,0,,0,0
204,ANNETTE,CALFIRE-2006-00204,20060803,15,10,1432.38,579.66,0.0,,,0,0,0,0,0,,0,0
205,RANCHO 2,CALFIRE-2006-00205,20060803,42,2,183.24,74.16,0.0,,,0,0,0,0,0,,0,0
206,46,CALFIRE-2006-00206,20060804,15,2,396.39,160.41,0.0,,,0,0,0,0,0,,0,0
207,CRACK WFU,CALFIRE-2006-00207,20060805,59,1,27.36,11.07,20.0,,,0,0,0,0,0,,0,0
208,YOUNG 1,CALFIRE-2006-00208,20060805,25,1,14.02,5.67,5.0,,,0,0,0,0,0,,0,0
209,PROCTOR,CALFIRE-2006-00209,20060806,37,14,9.09,3.68,1.0,,,0,0,0,0,0,,0,0
210,RIDGE,CALFIRE-2006-00210,20060806,47,1,109.16,44.18,0.0,39.60833,-121.43278,0,0,0,0,0,,0,0
211,SAGE,CALFIRE-2006-00211,20060806,59,1,239.82,97.05,1.0,34.09444,-116.42278,0,0,0,0,0,,0,0
212,STEELE,CALFIRE-2006-00212,20060806,25,1,34.93,14.13,17.0,,,0,0,0,0,0,,0,0
213,WILDLIFE,CALFIRE-2006-00213,20060806,59,1,158.08,63.97,3.0,41.89944,-121.05722,0,0,0,0,0,,0,0
214,BASS,CALFIRE-2006-00214,20060807,45,1,26.02,10.53,6.0,,,0,0,0,0,0,,0,0
215,CLEAR,CALFIRE-2006-00215,20060807,47,1,23.15,9.37,8.0,,,0,0,0,0,0,,0,0
216,CLEAR LAKE,CALFIRE-2006-00216,20060807,25,1,554.28,224.31,10.0,,,0,0,0,0,0,,0,0
217,COTTONWOOD,CALFIRE-2006-00217,20060807,15,9,2344.13,948.64,3.0,35.40333,-118.24889,0,1,0,1,0,,0,0
218,RIDGE,CALFIRE-2006-00218,20060807,59,1,139.09,56.29,144.0,39.60833,-121.43278,0,0,0,0,0,,0,0
219,SAGEBRUSH,CALFIRE-2006-00219,20060807,25,1,52.08,21.08,2.0,,,0,0,0,0,0,,0,0
220,GOLF,CALFIRE-2006-00220,20060808,15,7,774.5,313.43,3.0,33.79667,-116.92722,0,0,0,0,0,,0,0
221,MOUNTAIN,CALFIRE-2006-00221,20060808,33,2,125.51,50.79,0.0,33.96528,-116.94417,0,0,0,0,0,,0,0
222,CLYDE,CALFIRE-2006-00222,20060809,59,1,21.48,8.69,117.0,,,0,0,0,0,0,,0,0
223,GRADE,CALFIRE-2006-00223,20060810,17,14,105.01,42.49,0.0,,,0,0,0,0,0,,0,0
224,67,CALFIRE-2006-00224,20060811,37,10,43.39,17.56,0.0,,,0,0,0,0,0,,0,0
225,LUMSDEN,CALFIRE-2006-00225,20060811,59,3,11.64,4.71,1.0,,,0,0,0,0,0,,0,0
226,BODFISH,CALFIRE-2006-00226,20060813,15,14,49.07,19.86,0.0,,,0,0,0,0,0,,0,0
227,FITCH,CALFIRE-2006-00227,20060813,32,1,27.44,11.1,2.0,,,0,0,0,0,0,,0,0
228,QUAIL,CALFIRE-2006-00228,20060813,19,14,4769.78,1930.26,4.0,34.76222,-118.79611,2,1,0,0,0,,0,0
229,MARYSVILLE,CALFIRE-2006-00229,20060816,58,9,388.37,157.17,1.0,39.37972,-121.21333,1,0,0,0,0,,0,0
230,OLSON,CALFIRE-2006-00230,20060816,12,2,40.9,16.55,0.0,,,0,0,0,0,0,,0,0
231,BROKE,CALFIRE-2006-00231,20060817,15,9,15.33,6.2,0.0,,,0,0,0,0,0,,0,0
232,CASTERLIN,CALFIRE-2006-00232,20060818,12,11,33.94,13.74,2.0,,,0,0,0,0,0,,0,0
233,FRIEND,CALFIRE-2006-00233,20060818,45,9,29.97,12.13,6.0,,,0,0,0,0,0,,0,0
234,ROLLINS,CALFIRE-2006-00234,20060819,58,8,42.55,17.22,1.0,,,0,0,0,0,0,,0,0
235,FOREST,CALFIRE-2006-00235,20060820,15,5,11.92,4.82,0.0,,,0,0,0,0,0,,0,0
236,FORESTHILL,CALFIRE-2006-00236,20060820,58,14,40.03,16.2,0.0,,,0,0,0,0,0,,0,0
237,BOUNDARY,CALFIRE-2006-00237,20060821,59,4,459.9,186.12,9.0,37.74667,-119.64944,0,0,0,0,0,,0,0
238,FENDER,CALFIRE-2006-00238,20060821,45,2,19.67,7.96,1.0,,,0,0,0,0,0,,0,0
239,PARKS,CALFIRE-2006-00239,20060822,47,10,122.39,49.53,0.0,,,0,0,0,0,0,,0,0
240,MATHEWS,CALFIRE-2006-00240,20060823,47,1,67.02,27.12,7.0,,,0,0,0,0,0,,0,0
241,HONEY,CALFIRE-2006-00241,20060824,18,10,209.45,84.76,0.0,40.25611,-120.46389,16,5,0,0,0,,0,0
242,MIDDLE T SUPPRESSION,CALFIRE-2006-00242,20060824,59,1,344.67,139.48,4.0,,,0,0,0,0,0,,0,0
243,FIGUEROA,CALFIRE-2006-00243,20060825,42,14,39.63,16.04,0.0,,,0,0,0,0,0,,0,0
244,POPPY,CALFIRE-2006-00244,20060825,19,14,372.12,150.59,0.0,,,0,0,0,0,0,,0,0
245,ENCINO,CALFIRE-2006-00245,20060826,59,14,63.55,25.72,1.0,,,0,0,0,0,0,,0,0
246,PALA,CALFIRE-2006-00246,20060826,37,14,8.22,3.33,0.0,,,0,0,0,0,0,,0,0
247,BUTTE,CALFIRE-2006-00247,20060827,47,11,20.19,8.17,0.0,,,0,0,0,0,0,,0,0
248,CROSS,CALFIRE-2006-00248,20060828,19,14,664.74,269.01,3.0,34.38333,-118.41667,0,2,0,0,0,,0,0
249,EMERALD,CALFIRE-2006-00249,20060829,36,9,2131.01,862.39,6.0,34.08139,-117.09472,4,0,0,0,0,,0,0
250,HORSESHOE,CALFIRE-2006-00250,20060829,5,2,53.16,21.51,0.0,,,0,0,0,0,0,,0,0
251,PHILBROOK,CALFIRE-2006-00251,20060829,45,4,24.15,9.77,1.0,,,0,0,0,0,0,,0,0
252,DONNELL,CALFIRE-2006-00252,20060830,59,2,22.74,9.2,5.0,,,0,0,0,0,0,,0,0
253,51,CALFIRE-2006-00253,20060902,9,2,43.79,17.72,1.0,38.7225,-120.43472,0,0,0,0,0,,0,0
254,HUNTER,CALFIRE-2006-00254,20060902,15,9,14.34,5.8,0.0,39.66056,-122.86167,0,0,0,0,0,,0,0
255,MARSHES,CALFIRE-2006-00255,20060902,59,5,14.92,6.04,,,,0,0,0,0,0,,0,0
256,PIGEON,CALFIRE-2006-00256,20060902,53,9,35093.77,14201.96,38.0,40.75056,-123.16778,0,10,0,0,0,,0,0
257,SAND FLAT,CALFIRE-2006-00257,20060903,59,8,177.78,71.94,4.0,38.40417,-119.77972,0,0,0,0,0,,0,0
258,CATHEDRAL,CALFIRE-2006-00258,20060904,9,7,22.7,9.19,2.0,,,0,0,0,0,0,,0,0
259,DAY,CALFIRE-2006-00259,20060904,56,5,161815.7,65484.55,56.0,34.60278,-118.79528,11,4,0,0,0,,0,0
260,BLUECUT,CALFIRE-2006-00260,20060905,36,2,114.44,46.31,2.0,34.23028,-117.40833,0,0,0,1,0,,0,0
261,RALSTON,CALFIRE-2006-00261,20060905,31,9,8421.04,3407.88,12.0,39.01667,-120.7025,2,0,0,0,0,,0,0
262,BROWN,CALFIRE-2006-00262,20060906,54,7,0.79,0.32,0.0,36.20583,-118.69417,0,0,0,0,0,,0,0
263,MESQUITE 3,CALFIRE-2006-00263,20060906,15,1,584.89,236.7,2.0,35.63778,-115.66639,0,0,0,0,0,,0,0
264,PURDON,CALFIRE-2006-00264,20060907,58,14,7.19,2.91,0.0,39.31667,-121.01667,0,0,0,0,0,,0,0
265,HIGHWAY,CALFIRE-2006-00265,20060909,42,14,151.86,61.46,0.0,33.80389,-114.52889,0,0,0,0,0,,0,0
266,WOODLEAF,CALFIRE-2006-00266,20060910,32,16,63.25,25.6,5.0,39.56694,-121.18306,0,0,0,0,0,,0,0
267,SAWMILL,CALFIRE-2006-00267,20060914,26,5,7437.11,3009.69,9.0,37.83056,-118.71056,2,0,0,0,0,,0,0
268,KESWICK,CALFIRE-2006-00268,20060917,18,9,33.98,13.75,9.0,,,0,0,0,0,0,,0,0
269,BASSETTS,CALFIRE-2006-00269,20060919,31,9,2097.26,848.73,17.0,39.61694,-120.60167,0,0,0,0,0,,0,0
270,BOCA RESERVOIR,CALFIRE-2006-00270,20060919,31,9,33.74,13.65,4.0,,,0,0,0,0,0,,0,0
271,MULE,CALFIRE-2006-00271,20060919,9,14,78.43,31.74,0.0,38.77556,-120.80889,0,0,0,0,0,,0,0
272,MULE,CALFIRE-2006-00272,20060919,15,6,26.8,10.85,1.0,38.77556,-120.80889,0,0,0,0,0,,0,0
273,PINES,CALFIRE-2006-00273,20060919,19,4,114.44,46.31,6.0,34.2725,-118.16444,0,0,0,0,0,,0,0
274,PINNACLES,CALFIRE-2006-00274,20060919,36,7,2505.52,1013.95,6.0,34.30222,-117.23306,0,0,0,0,0,,0,0
275,YOLO,CALFIRE-2006-00275,20060921,17,7,725.17,293.46,1.0,,,0,0,0,0,0,,0,0
276,HAYFORK,CALFIRE-2006-00276,20060922,45,7,22.65,9.17,0.0,,,0,0,0,0,0,,0,0
277,NAPA,CALFIRE-2006-00277,20060922,17,11,377.33,152.7,2.0,38.40333,-122.39361,0,0,0,0,0,,0,0
278,ZAM ASSIST,CALFIRE-2006-00278,20060922,17,14,13968.88,5653.01,0.0,,,0,0,0,0,0,,0,0
279,CAMP 2,CALFIRE-2006-00279,20060923,15,7,41.67,16.86,2.0,,,0,0,0,0,0,,0,0
280,SAND,CALFIRE-2006-00280,20060923,36,2,48.89,19.79,0.0,,,0,0,0,0,0,,0,0
281,WALKER,CALFIRE-2006-00281,20060923,19,7,209.22,84.67,2.0,34.36778,-118.43417,0,0,0,0,0,,0,0
282,JACK,CALFIRE-2006-00282,20060924,15,9,22.41,9.07,0.0,,,0,0,0,0,0,,0,0
283,NOBLE,CALFIRE-2006-00283,20060924,23,14,1017.92,411.94,6.0,39.95222,-123.71694,0,0,0,0,0,,0,0
284,STONE,CALFIRE-2006-00284,20060924,59,7,25.01,10.12,1.0,,,0,0,0,0,0,,0,0
285,WHITEROCK,CALFIRE-2006-00285,20061007,22,14,394.47,159.63,0.0,,,0,0,0,0,0,,0,0
286,RUBE,CALFIRE-2006-00286,20061010,59,1,233.02,94.3,62.0,37.48472,-119.155,0,0,0,0,0,,0,0
287,CUYAMA,CALFIRE-2006-00287,20061011,15,9,925.71,374.62,0.0,35.04333,-119.89194,0,0,0,0,0,,0,0
288,RUNNING,CALFIRE-2006-00288,20061011,19,7,49.28,19.94,0.0,,,0,0,0,0,0,,0,0
289,POND WFU,CALFIRE-2006-00289,20061013,59,1,12.05,4.88,26.0,,,0,0,0,0,0,,0,0
290,SUNRISE #2,CALFIRE-2006-00290,20061013,33,9,500.01,202.35,1.0,,,0,0,0,0,0,,0,0
291,WILLOW,CALFIRE-2006-00291,20061014,25,4,34.58,14.0,2.0,36.91028,-119.72861,0,0,0,0,0,,0,0
292,ELK,CALFIRE-2006-00292,20061021,59,7,72.61,29.38,2.0,41.225,-123.96694,0,0,0,0,0,,0,0
293,SKUNK,CALFIRE-2006-00293,20061024,9,10,51.29,20.76,0.0,,,0,0,0,0,0,,0,0
294,ATLAS,CALFIRE-2006-00294,20061025,17,2,71.23,28.83,1.0,38.37056,-122.24972,0,0,0,0,0,,0,0
295,ESPERANZA,CALFIRE-2006-00295,20061026,33,7,40176.8,16258.99,4.0,33.90583,-116.75444,54,0,5,0,0,,0,0
296,NOCE,CALFIRE-2006-00296,20061026,17,4,10.43,4.22,0.0,38.71833,-123.38583,0,0,0,0,0,,0,0
297,DELUZ,CALFIRE-2006-00297,20061106,37,14,11.08,4.49,1.0,33.77722,-117.535,0,1,0,0,0,,0,0
298,CRUZ,CALFIRE-2006-00298,20061110,59,10,10.47,4.24,0.0,,,0,0,0,0,0,,0,0
299,LOOKOUT 2,CALFIRE-2006-00299,20061112,33,9,220.23,89.12,1.0,,,0,0,0,0,0,,0,0
300,STINSON,CALFIRE-2006-00300,20061116,5,5,51.53,20.85,1.0,,,0,0,0,0,0,,0,0
301,NOWHERE,CALFIRE-2006-00301,20061118,19,4,213.45,86.38,0.0,34.28167,-117.75,0,0,0,0,0,,0,0
302,JEFFERSON,CALFIRE-2006-00302,20061121,36,9,81.04,32.8,,34.07528,-117.01556,0,0,0,0,0,,0,0
303,OPEN,CALFIRE-2006-00303,20061130,37,11,308.89,125.0,1.0,33.10222,-116.67556,0,0,0,0,0,,0,0
304,CAMPO,CALFIRE-2006-00304,20061202,37,14,11.34,4.59,0.0,,,0,0,0,0,0,,0,0
305,ROUND MTN,CALFIRE-2006-00305,20061203,56,14,128.58,52.03,0.0,,,0,0,0,0,0,,0,0
306,SHEKELL,CALFIRE-2006-00306,20061203,56,14,13618.09,5511.05,6.0,34.32278,-118.87972,13,11,0,0,0,,0,0
307,BORDER 30,CALFIRE-2006-00307,20061205,37,14,63.24,25.59,1.0,,,0,0,0,0,0,,0,0
308,WESTSIDE,CALFIRE-2006-00308,20061207,15,10,4025.01,1628.87,2.0,,,0,0,0,0,0,,0,0
309,MCKITTRICK,CALFIRE-2006-00309,20061208,15,11,301.51,122.02,1.0,,,0,0,0,0,0,,0,0
310,SEQUOIA,CALFIRE-2006-00310,20061208,56,14,345.32,139.74,0.0,34.25333,-118.73222,0,0,0,0,0,,0,0
311,CLEAR CREEK,CALFIRE-2006-00311,20061230,27,5,13.18,5.33,0.0,,,0,0,0,0,0,,0,0
312,RED STAR,CALFIRE-2007-00001,20070107,36,14,208.71,84.46,0.0,33.94583,-117.61083,0,0,0,0,0,,0,0
313,UNNAMED,CALFIRE-2007-00002,20070107,30,8,14.8,5.99,0.0,,,0,0,0,0,0,,0,0
314,MALIBU,CALFIRE-2007-00003,20070108,19,3,37.16,15.04,0.0,34.05583,-118.71667,5,4,0,0,0,,0,0
315,RYAN,CALFIRE-2007-00004,20070115,40,5,15.01,6.08,0.0,,,0,0,0,0,0,,0,0
316,DIABLO,CALFIRE-2007-00005,20070116,40,15,332.36,134.5,0.0,35.28917,-120.87611,1,0,0,0,0,,0,0
317,ROCKY OAKS,CALFIRE-2007-00006,20070116,59,9,0.31,0.13,0.0,,,0,0,0,0,0,,0,0
318,FOOTHILL,CALFIRE-2007-00007,20070122,59,14,55.62,22.51,0.0,34.16222,-118.83833,0,0,0,0,0,,0,0
319,SCHOTT,CALFIRE-2007-00008,20070124,18,14,60.57,24.51,0.0,,,0,0,0,0,0,,0,0
320,BRAZIE,CALFIRE-2007-00009,20070125,47,5,5.75,2.33,0.0,,,0,0,0,0,0,,0,0
321,BULL,CALFIRE-2007-00010,20070217,18,1,168.82,68.32,1.0,,,0,0,0,0,0,,0,0
322,ALESSANDRO,CALFIRE-2007-00011,20070304,33,14,860.09,348.07,0.0,33.92222,-117.10806,0,0,0,0,0,,0,0
323,TIONESTA,CALFIRE-2007-00012,20070307,25,4,19.63,7.94,6.0,,,0,0,0,0,0,,0,0
324,LAGUNA CANYON,CALFIRE-2007-00013,20070308,30,3,2.84,1.15,0.0,,,0,0,0,0,0,,0,0
325,241,CALFIRE-2007-00014,20070311,30,7,1618.08,654.81,2.0,,,4,1,0,0,0,,0,0
326,SIERRA,CALFIRE-2007-00015,20070311,33,14,777.51,314.65,1.0,33.82917,-117.46028,0,0,0,0,0,,0,0
327,LITTLE,CALFIRE-2007-00016,20070322,15,9,66.9,27.07,,,,0,0,0,0,0,,0,0
328,PANOCHE,CALFIRE-2007-00017,20070322,10,11,73.79,29.86,1.0,,,0,0,0,0,0,,0,0
329,SOLEDAD,CALFIRE-2007-00018,20070329,27,5,37.54,15.19,0.0,,,0,0,0,0,0,,0,0
330,BARHAM,CALFIRE-2007-00019,20070330,19,8,224.33,90.78,1.0,,,0,0,0,0,0,,0,0
331,LOS FLORES,CALFIRE-2007-00020,20070331,36,1,4099.97,1659.2,,,,0,0,0,0,0,,0,0
332,DEER RIDGE,CALFIRE-2007-00021,20070401,56,9,0.31,0.13,0.0,,,0,0,0,0,0,,0,0
333,MONO,CALFIRE-2007-00022,20070405,59,1,98.08,39.69,50.0,,,0,0,0,0,0,,0,0
334,RIDGE,CALFIRE-2007-00023,20070406,19,1,44.91,18.17,0.0,,,0,0,0,0,0,,0,0
335,WILSON,CALFIRE-2007-00024,20070409,58,5,24.32,9.84,0.0,,,0,0,0,0,0,,0,0
336,BERNASCONI,CALFIRE-2007-00025,20070412,14,4,50.23,20.33,0.0,,,0,0,0,0,0,,0,0
337,FRANKLIN,CALFIRE-2007-00026,20070412,59,2,9.36,3.79,0.0,,,0,0,0,0,0,,0,0
338,PEARBLOSSOM,CALFIRE-2007-00027,20070412,19,14,158.84,64.28,124.0,34.525,-118.1,0,0,0,0,0,,0,0
339,ROSE,CALFIRE-2007-00028,20070412,30,11,8.34,3.37,0.0,,,0,0,0,0,0,,0,0
340,GOLDEN,CALFIRE-2007-00029,20070414,59,14,1989.91,805.29,1.0,36.0175,-116.6175,0,0,0,0,0,,0,0
341,HOWARDS GULCH,CALFIRE-2007-00030,20070416,25,6,22.0,8.9,1.0,,,0,0,0,0,0,,0,0
342,LATIGO CANYON,CALFIRE-2007-00031,20070426,19,9,0.09,0.04,0.0,,,0,0,0,0,0,,0,0
343,RIVER,CALFIRE-2007-00032,20070428,33,14,158.04,63.96,0.0,33.96806,-117.52306,0,0,0,0,0,,0,0
344,JAMES,CALFIRE-2007-00033,20070429,15,9,1348.93,545.89,95.0,35.76333,-118.41944,0,0,0,0,0,,0,0
345,ROADSIDE,CALFIRE-2007-00034,20070430,56,9,0.32,0.13,0.0,,,0,0,0,0,0,,0,0
346,YOLLA,CALFIRE-2007-00035,20070430,45,14,56.66,22.93,0.0,,,0,0,0,0,0,,0,0
347,BOLLI,CALFIRE-2007-00036,20070501,45,5,728.84,294.95,26.0,40.01361,-122.16111,0,0,0,0,0,,0,0
348,ODONOVAN,CALFIRE-2007-00037,20070507,40,2,45.86,18.56,0.0,,,0,0,0,0,0,,0,0
349,DAWSON,CALFIRE-2007-00038,20070508,15,9,960.73,388.79,0.0,33.78,-117.47139,0,0,0,0,0,,0,0
350,GRIFFITH PARK,CALFIRE-2007-00039,20070508,19,3,752.86,304.67,98.0,34.12889,-118.28944,0,1,0,0,0,,0,0
351,TRIUNFO,CALFIRE-2007-00040,20070509,19,9,0.31,0.13,0.0,,,0,0,0,0,0,,0,0
352,WOFFORD,CALFIRE-2007-00041,20070509,15,9,567.46,229.64,4.0,35.72028,-118.40444,2,0,0,0,0,,0,0
353,CLIFTON,CALFIRE-2007-00042,20070510,32,5,77.27,31.27,1.0,,,0,0,0,0,0,,0,0
354,CUESTA,CALFIRE-2007-00043,20070510,40,2,44.71,18.09,0.0,35.37056,-120.64111,0,0,0,0,0,,0,0
355,ISLAND,CALFIRE-2007-00044,20070510,19,14,4722.97,1911.32,7.0,33.36028,-118.37056,6,4,0,0,0,,0,0
356,POLK,CALFIRE-2007-00045,20070510,33,14,84.79,34.31,0.0,33.59833,-116.14639,0,0,0,0,0,,0,0
357,BRYSON,CALFIRE-2007-00046,20070512,27,2,24.73,10.01,0.0,,,0,0,0,0,0,,0,0
358,BRAYE,CALFIRE-2007-00047,20070518,17,14,636.53,257.59,4.0,38.51194,-122.10389,0,0,0,0,0,,0,0
359,GORMAN,CALFIRE-2007-00048,20070519,19,14,2373.84,960.66,3.0,34.80194,-118.87556,0,0,0,0,0,,0,0
360,SPRING,CALFIRE-2007-00049,20070519,18,14,49.26,19.93,0.0,,,0,0,0,0,0,,0,0
361,HIGHWAY 41/ RD 209 3,CALFIRE-2007-00050,20070520,22,14,329.08,133.17,,,,0,0,0,0,0,,0,0
362,BITTER,CALFIRE-2007-00051,20070522,40,14,26.08,10.55,0.0,,,0,0,0,0,0,,0,0
363,HONEY,CALFIRE-2007-00052,20070522,4,11,726.4,293.97,6.0,39.70167,-121.76778,0,0,0,0,0,,0,0
364,LATIGO,CALFIRE-2007-00053,20070523,19,2,0.2,0.08,0.0,,,0,0,0,0,0,,0,0
365,RAILROAD,CALFIRE-2007-00054,20070523,36,6,84.64,34.25,0.0,,,0,0,0,0,0,,0,0
366,RAILDOAD 2,CALFIRE-2007-00055,20070524,36,6,13.73,5.56,0.0,,,0,0,0,0,0,,0,0
367,MURRAY,CALFIRE-2007-00056,20070525,5,5,102.87,41.63,1.0,38.20083,-120.61556,0,0,0,0,0,,0,0
368,TRIMMER,CALFIRE-2007-00057,20070525,59,9,193.51,78.31,1.0,36.90111,-119.28472,0,0,0,0,0,,0,0
369,241 (HAYSTACK),CALFIRE-2007-00058,20070526,30,10,0.24,0.1,,,,0,0,0,0,0,,0,0
370,PIONEER,CALFIRE-2007-00059,20070526,30,8,0.34,0.14,,,,0,0,0,0,0,,0,0
371,SKINNER,CALFIRE-2007-00060,20070527,42,9,18.13,7.34,3.0,36.36583,-121.79528,0,0,0,0,0,,0,0
372,CROSBY,CALFIRE-2007-00061,20070528,31,1,20.31,8.22,0.0,38.9375,-121.24667,3,0,0,0,0,,0,0
373,HORSE,CALFIRE-2007-00062,20070528,54,7,434.79,175.95,2.0,36.40361,-118.98139,0,0,0,0,0,,0,0
374,HIGHWAY,CALFIRE-2007-00063,20070530,17,2,34.53,13.98,0.0,,,0,0,0,0,0,,0,0
375,CLEAR,CALFIRE-2007-00064,20070601,59,1,25.68,10.39,1.0,,,0,0,0,0,0,,0,0
376,FIDDYMENT,CALFIRE-2007-00065,20070601,58,8,62.63,25.35,0.0,,,0,0,0,0,0,,0,0
377,ISLAND,CALFIRE-2007-00066,20070601,18,1,517.56,209.45,3.0,33.36028,-118.37056,0,0,0,0,0,,0,0
378,LARSON,CALFIRE-2007-00067,20070601,15,1,1076.0,435.44,10.0,,,0,0,0,0,0,,0,0
379,GOLDLEDGE,CALFIRE-2007-00068,20070603,15,9,4196.02,1698.07,13.0,35.88444,-118.46278,0,0,0,0,0,,0,0
380,SHANNON,CALFIRE-2007-00069,20070603,54,2,2141.0,866.43,1.0,36.0,-118.875,0,0,0,0,0,,0,0
381,SHOOTING,CALFIRE-2007-00070,20070603,36,9,14.97,6.06,0.0,,,0,0,0,0,0,,0,0
382,DUNTON,CALFIRE-2007-00071,20070604,5,2,208.24,84.27,0.0,37.93722,-120.80639,0,0,0,0,0,,0,0
383,HAUSER,CALFIRE-2007-00072,20070605,37,4,17.12,6.93,0.0,,,0,0,0,0,0,,0,0
384,INKOPAH,CALFIRE-2007-00073,20070605,15,4,698.97,282.86,3.0,32.62139,-116.08833,0,0,0,0,0,,0,0
385,LOOKOUT,CALFIRE-2007-00074,20070607,25,1,73.04,29.56,0.0,,,0,0,0,0,0,,0,0
386,SMALL HIGHWAY,CALFIRE-2007-00075,20070608,56,10,0.13,0.05,0.0,,,0,0,0,0,0,,0,0
387,BODFISH,CALFIRE-2007-00076,20070610,15,14,213.12,86.25,1.0,35.585,-118.48389,0,0,0,0,0,,0,0
388,DYE,CALFIRE-2007-00077,20070613,52,4,386.45,156.39,0.0,39.99333,-122.035,0,0,0,0,0,,0,0
389,FALL,CALFIRE-2007-00078,20070613,47,5,14.38,5.82,0.0,,,0,0,0,0,0,,0,0
390,LIBERTY,CALFIRE-2007-00079,20070615,17,4,3.43,1.39,0.0,,,0,0,0,0,0,,0,0
391,RODGE,CALFIRE-2007-00080,20070616,12,7,9.26,3.75,1.0,,,0,0,0,0,0,,0,0
392,VUELTA,CALFIRE-2007-00081,20070616,37,14,214.81,86.93,2.0,33.31139,-117.21667,0,0,0,0,0,,0,0
393,SILVER,CALFIRE-2007-00082,20070617,45,2,110.62,44.77,0.0,,,0,0,0,0,0,,0,0
394,PLACERVILLE,CALFIRE-2007-00083,20070618,9,14,0.98,0.4,0.0,,,0,0,0,0,0,,0,0
395,ROUSE,CALFIRE-2007-00084,20070618,36,9,46.79,18.94,1.0,,,0,0,0,0,0,,0,0
396,TUNNEL,CALFIRE-2007-00085,20070618,59,9,0.25,0.1,0.0,,,0,0,0,0,0,,0,0
397,SLIDES,CALFIRE-2007-00086,20070619,17,9,11.94,4.83,0.0,,,0,0,0,0,0,,0,0
398,BROWN,CALFIRE-2007-00087,20070620,15,9,1430.32,578.83,3.0,,,0,0,0,0,0,,0,0
399,AGOURA,CALFIRE-2007-00088,20070621,19,9,0.81,0.33,0.0,,,0,0,0,0,0,,0,0
400,FREEMONT/IRVINE LAKE,CALFIRE-2007-00089,20070622,30,16,9.49,3.84,,,,0,0,0,0,0,,0,0
401,WALDO,CALFIRE-2007-00090,20070622,58,2,16.19,6.55,0.0,,,0,0,0,0,0,,0,0
402,ANGORA,CALFIRE-2007-00091,20070623,9,4,3069.8,1242.31,9.0,38.87333,-120.0375,309,35,0,0,0,,0,0
403,AUBURN,CALFIRE-2007-00092,20070623,58,7,20.99,8.49,0.0,,,0,0,0,0,0,,0,0
404,CALPINE,CALFIRE-2007-00093,20070623,31,5,45.81,18.54,5.0,,,0,0,0,0,0,,0,0
405,CANYON,CALFIRE-2007-00094,20070623,15,9,84.72,34.29,1.0,34.51639,-118.34389,0,0,0,0,0,,0,0
406,PINE,CALFIRE-2007-00095,20070623,18,5,481.78,194.97,36.0,32.825,-116.39972,0,0,0,0,0,,0,0
407,MOUNTAIN,CALFIRE-2007-00096,20070624,17,14,49.28,19.94,3.0,35.26056,-118.68333,0,0,0,0,0,,0,0
408,WHITE,CALFIRE-2007-00097,20070624,15,2,12432.16,5031.12,5.0,34.97944,-118.47667,31,1,0,0,0,,0,0
409,ANTONIO,CALFIRE-2007-00098,20070625,30,11,0.88,0.36,,33.57917,-117.625,0,0,0,0,0,,0,0
410,AVENIDA,CALFIRE-2007-00099,20070626,27,2,33.98,13.75,0.0,,,0,0,0,0,0,,0,0
411,ARMSTRONG,CALFIRE-2007-00100,20070627,17,7,24.25,9.81,0.0,,,0,0,0,0,0,,0,0
412,"CONNER, W",CALFIRE-2007-00101,20070628,52,2,456.8,184.86,0.0,,,0,0,0,0,0,,0,0
413,LAS VIRGENES,CALFIRE-2007-00102,20070628,59,11,0.2,0.08,0.0,,,0,0,0,0,0,,0,0
414,PRAIRIE,CALFIRE-2007-00103,20070628,58,7,72.23,29.23,0.0,,,0,0,0,0,0,,0,0
415,CLEAR,CALFIRE-2007-00104,20070629,45,7,176.67,71.5,0.0,,,0,0,0,0,0,,0,0
416,SMARTVILLE,CALFIRE-2007-00105,20070629,58,1,197.49,79.92,0.0,,,0,0,0,0,0,,0,0
417,CAL POLY,CALFIRE-2007-00106,20070630,40,8,45.72,18.5,0.0,,,0,0,0,0,0,,0,0
418,RANCH,CALFIRE-2007-00107,20070630,42,9,394.07,159.47,1.0,34.57306,-118.69528,0,0,0,0,0,,0,0
419,BANNER,CALFIRE-2007-00108,20070701,37,14,95.15,38.51,2.0,33.09861,-116.47056,0,0,0,0,0,,0,0
420,BAYNE,CALFIRE-2007-00109,20070701,9,7,125.96,50.97,0.0,,,0,0,0,0,0,,0,0
421,LAGO,CALFIRE-2007-00110,20070701,19,2,46.93,18.99,0.0,,,0,0,0,0,0,,0,0
422,PINEY,CALFIRE-2007-00111,20070701,27,7,49.42,20.0,0.0,36.27472,-121.45083,0,0,0,0,0,,0,0
423,SHELL,CALFIRE-2007-00112,20070702,5,14,101.42,41.04,1.0,,,0,0,0,0,0,,0,0
424,KANAN,CALFIRE-2007-00113,20070703,19,2,0.51,0.21,0.0,,,0,0,0,0,0,,0,0
425,ZACA,CALFIRE-2007-00114,20070704,42,2,240358.7,97269.8,60.0,,,0,0,0,38,0,,0,0
426,BABCOCK PEAK,CALFIRE-2007-00115,20070705,32,1,406.55,164.52,1.0,,,0,0,0,0,0,,0,0
427,DAVIS,CALFIRE-2007-00116,20070705,32,1,30.27,12.25,1.0,,,0,0,0,0,0,,0,0
428,MERIDIAN,CALFIRE-2007-00117,20070705,36,1,445.73,180.38,1.0,34.36778,-116.90833,0,0,0,0,0,,0,0
429,SENTINEL,CALFIRE-2007-00118,20070705,14,1,12.17,4.92,9.0,,,0,0,0,0,0,,0,0
430,WHEELER,CALFIRE-2007-00119,20070705,32,1,22331.92,9037.42,16.0,,,0,0,0,0,0,,0,0
431,BACK,CALFIRE-2007-00120,20070706,47,1,28.21,11.42,8.0,,,0,0,0,0,0,,0,0
432,BORDER #25,CALFIRE-2007-00121,20070706,37,4,136.21,55.12,1.0,32.64361,-116.78028,0,0,0,0,0,,0,0
433,MILLAR,CALFIRE-2007-00122,20070706,59,14,13.3,5.38,0.0,,,0,0,0,0,0,,0,0
434,OAK,CALFIRE-2007-00123,20070706,14,1,27062.87,10951.96,7.0,36.02639,-119.87056,0,0,0,0,0,,0,0
435,PETERSON,CALFIRE-2007-00124,20070706,58,7,14.48,5.86,0.0,,,0,0,0,0,0,,0,0
436,ROCK BSFMU A6,CALFIRE-2007-00125,20070706,25,1,267.28,108.16,19.0,,,0,0,0,0,0,,0,0
437,SAGE,CALFIRE-2007-00126,20070706,14,1,6462.62,2615.33,5.0,,,0,0,0,0,0,,0,0
438,SEVEN,CALFIRE-2007-00127,20070706,14,1,1643.77,665.21,7.0,,,0,0,0,0,0,,0,0
439,VALLEY,CALFIRE-2007-00128,20070706,58,7,69.98,28.32,0.0,36.03222,-118.86056,0,0,0,0,0,,0,0
440,WILLOW,CALFIRE-2007-00129,20070706,18,1,73.36,29.69,11.0,36.43056,-118.13472,0,0,0,0,0,,0,0
441,BORDER 26,CALFIRE-2007-00130,20070707,15,4,10.17,4.12,1.0,,,0,0,0,0,0,,0,0
442,CANYON,CALFIRE-2007-00131,20070707,19,14,743.48,300.88,,34.51639,-118.34389,8,14,0,0,0,,0,0
443,WEST,CALFIRE-2007-00132,20070707,19,14,245.23,99.24,1.0,,,0,0,0,0,0,,0,0
444,BROWN,CALFIRE-2007-00133,20070708,12,2,18.73,7.58,0.0,,,0,0,0,0,0,,0,0
445,78 #4,CALFIRE-2007-00134,20070709,37,10,99.97,40.46,1.0,,,0,0,0,0,0,,0,0
446,BACKSCATTER,CALFIRE-2007-00135,20070710,25,1,68.52,27.73,0.0,,,0,0,0,0,0,,0,0
447,BLACK,CALFIRE-2007-00136,20070710,25,1,74.38,30.1,0.0,41.32139,-121.09417,0,0,0,0,0,,0,0
448,CHINA,CALFIRE-2007-00137,20070710,47,1,2939.36,1189.52,39.0,,,0,0,0,0,0,,0,0
449,CLEAR,CALFIRE-2007-00138,20070710,47,1,37.96,15.36,25.0,,,0,0,0,0,0,,0,0
450,DOME,CALFIRE-2007-00139,20070710,25,1,65.5,26.51,5.0,,,0,0,0,0,0,,0,0
451,ELK,CALFIRE-2007-00140,20070710,47,1,1144.69,463.24,25.0,,,0,0,0,0,0,,0,0
452,FLETCHER,CALFIRE-2007-00141,20070710,25,1,8081.96,3270.65,25.0,41.91667,-120.61528,11,0,0,0,0,,0,0
453,GRANITE,CALFIRE-2007-00142,20070710,31,1,10.11,4.09,11.0,,,0,0,0,0,0,,0,0
454,GRANT,CALFIRE-2007-00143,20070710,59,1,13.35,5.4,72.0,33.74167,-116.87583,0,0,0,0,0,,0,0
455,HUMMINGBIRD,CALFIRE-2007-00144,20070710,47,1,80.3,32.5,149.0,,,0,0,0,0,0,,0,0
456,JUNE,CALFIRE-2007-00145,20070710,14,1,679.61,275.03,6.0,37.91694,-119.11361,0,0,0,0,0,,0,0
457,KING CREEK #2,CALFIRE-2007-00146,20070710,47,1,10477.38,4240.05,149.0,,,0,0,0,0,0,,0,0
458,LITTLE GRIDER,CALFIRE-2007-00147,20070710,47,1,2172.78,879.29,149.0,,,0,0,0,0,0,,0,0
459,PASS,CALFIRE-2007-00148,20070710,23,14,444.16,179.74,1.0,39.8325,-123.10361,0,0,0,0,0,,0,0
460,POWER,CALFIRE-2007-00149,20070710,45,14,919.2,371.99,2.0,41.00306,-121.51056,0,0,0,0,0,,0,0
461,RATTLESNAKE,CALFIRE-2007-00150,20070710,25,1,14.43,5.84,5.0,,,0,0,0,0,0,,0,0
462,SKY,CALFIRE-2007-00151,20070710,47,1,21.54,8.72,5.0,,,0,0,0,0,0,,0,0
463,TITUS,CALFIRE-2007-00152,20070710,47,1,2177.28,881.12,149.0,,,0,0,0,0,0,,0,0
464,TOM MARTIN,CALFIRE-2007-00153,20070710,47,1,31.29,12.66,149.0,,,0,0,0,0,0,,0,0
465,WINGATE,CALFIRE-2007-00154,20070710,47,1,931.99,377.16,5.0,,,0,0,0,0,0,,0,0
466,BABCOCK,CALFIRE-2007-00155,20070711,59,1,263.43,106.61,71.0,37.76528,-119.40278,0,0,0,0,0,,0,0
467,BEAR,CALFIRE-2007-00156,20070711,12,1,9.87,4.0,1.0,41.28333,-121.73333,0,0,0,0,0,,0,0
468,GRADE 2,CALFIRE-2007-00157,20070711,17,14,59.8,24.2,0.0,,,0,0,0,0,0,,0,0
469,JEDIDIAH,CALFIRE-2007-00158,20070711,12,1,85.59,34.64,3.0,,,0,0,0,0,0,,0,0
470,PEAK,CALFIRE-2007-00159,20070711,17,2,46.32,18.75,0.0,,,0,0,0,0,0,,0,0
471,PIONEER,CALFIRE-2007-00160,20070711,12,1,25.06,10.14,2.0,,,0,0,0,0,0,,0,0
472,POT HOLE,CALFIRE-2007-00161,20070711,18,1,13.79,5.58,1.0,,,0,0,0,0,0,,0,0
473,SECERT,CALFIRE-2007-00162,20070711,47,1,210.91,85.35,1.0,,,0,0,0,0,0,,0,0
474,HARVEY,CALFIRE-2007-00163,20070712,25,1,15.23,6.16,3.0,,,0,0,0,0,0,,0,0
475,OKLAHOMA,CALFIRE-2007-00164,20070712,47,1,30.41,12.31,0.0,,,0,0,0,0,0,,0,0
476,BLUECUT,CALFIRE-2007-00165,20070713,36,2,24.78,10.03,0.0,,,0,0,0,0,0,,0,0
477,CROWN VALLEY,CALFIRE-2007-00166,20070713,30,8,22.87,9.26,,33.57083,-117.64167,0,0,0,0,0,,0,0
478,VANN,CALFIRE-2007-00167,20070713,17,9,55.83,22.59,1.0,,,0,0,0,0,0,,0,0
479,CAPRA,CALFIRE-2007-00168,20070715,19,2,20.42,8.26,0.0,,,0,0,0,0,0,,0,0
480,CONWAY,CALFIRE-2007-00169,20070715,15,1,89.1,36.06,,,,0,0,0,0,0,,0,0
481,SPRUCE,CALFIRE-2007-00170,20070715,17,11,129.01,52.21,0.0,,,0,0,0,0,0,,0,0
482,YOKHOL,CALFIRE-2007-00171,20070715,15,14,77.2,31.24,,,,0,0,0,0,0,,0,0
483,PHILLIPS,CALFIRE-2007-00172,20070716,58,2,935.63,378.64,0.0,,,0,0,0,0,0,,0,0
484,MOUNTAIN,CALFIRE-2007-00173,20070719,15,14,840.56,340.16,0.0,35.26056,-118.68333,0,0,0,0,0,,0,0
485,WILLOW,CALFIRE-2007-00174,20070719,59,1,184.83,74.8,110.0,36.43056,-118.13472,0,0,0,0,0,,0,0
486,GASSNER,CALFIRE-2007-00175,20070721,5,14,228.98,92.67,0.0,,,0,0,0,0,0,,0,0
487,SANDSTONE,CALFIRE-2007-00176,20070722,59,10,0.14,0.06,0.0,,,0,0,0,0,0,,0,0
488,WEST,CALFIRE-2007-00177,20070722,17,10,36.99,14.97,0.0,,,0,0,0,0,0,,0,0
489,SIXTY-FIVE,CALFIRE-2007-00178,20070723,58,14,29.61,11.98,0.0,,,0,0,0,0,0,,0,0
490,BUMMER,CALFIRE-2007-00179,20070724,59,1,60.41,24.45,1.0,,,0,0,0,0,0,,0,0
491,TURN,CALFIRE-2007-00180,20070725,45,2,8.83,3.57,0.0,,,0,0,0,0,0,,0,0
492,261,CALFIRE-2007-00181,20070727,30,10,89.77,36.33,,,,0,0,0,0,0,,0,0
493,CHAMBERS,CALFIRE-2007-00182,20070727,12,7,54.7,22.13,2.0,,,0,0,0,0,0,,0,0
494,REYNOLDS,CALFIRE-2007-00183,20070727,47,2,16.67,6.75,0.0,,,0,0,0,0,0,,0,0
495,WEST BUTTE,CALFIRE-2007-00184,20070727,58,14,83.31,33.72,0.0,,,0,0,0,0,0,,0,0
496,CLARK,CALFIRE-2007-00185,20070728,23,10,46.99,19.02,0.0,39.71444,-121.61139,0,0,0,0,0,,0,0
497,ROBINSON,CALFIRE-2007-00186,20070728,17,7,121.55,49.19,2.0,39.13306,-122.87333,0,0,0,0,0,,0,0
498,DAILY,CALFIRE-2007-00187,20070729,33,14,224.32,90.78,0.0,33.64139,-117.19083,0,2,0,0,0,,0,0
499,NADER,CALFIRE-2007-00188,20070729,58,14,16.27,6.58,0.0,,,0,0,0,0,0,,0,0
500,ADELADIA,CALFIRE-2007-00189,20070801,40,2,16.18,6.55,0.0,,,0,0,0,0,0,,0,0
501,CREEK,CALFIRE-2007-00190,20070801,59,9,1.0,0.41,0.0,40.8375,-122.755,0,0,0,0,0,,0,0
502,JOHNSON,CALFIRE-2007-00191,20070801,40,11,13.13,5.31,0.0,,,0,0,0,0,0,,0,0
503,RIVER,CALFIRE-2007-00192,20070801,15,2,149.89,60.66,0.0,33.96806,-117.52306,0,0,0,0,0,,0,0
504,ATHENS,CALFIRE-2007-00193,20070802,58,10,15.19,6.15,0.0,,,0,0,0,0,0,,0,0
505,SAND,CALFIRE-2007-00194,20070802,36,5,108.18,43.78,3.0,,,0,0,0,0,0,,0,0
506,HWY 32,CALFIRE-2007-00195,20070803,4,10,247.55,100.18,0.0,,,0,0,0,0,0,,0,0
507,VEHICLE,CALFIRE-2007-00196,20070803,19,2,24.9,10.08,0.0,,,0,0,0,0,0,,0,0
508,DEVORE,CALFIRE-2007-00197,20070804,36,2,14.0,5.67,0.0,34.23667,-117.425,2,1,0,0,0,,0,0
509,FLORES,CALFIRE-2007-00198,20070805,19,10,0.09,0.04,0.0,,,0,0,0,0,0,,0,0
510,WEED,CALFIRE-2007-00199,20070806,47,4,53.97,21.84,0.0,41.41306,-122.35417,0,0,0,0,0,,0,0
511,BANGOR,CALFIRE-2007-00200,20070807,4,7,1057.2,427.83,0.0,39.335,-121.43556,0,0,0,0,0,,0,0
512,LOMA RICA / LA PORTE,CALFIRE-2007-00201,20070807,58,7,10.33,4.18,0.0,,,0,0,0,0,0,,0,0
513,DEVIL,CALFIRE-2007-00202,20070809,59,4,12.17,4.92,1.0,,,0,0,0,0,0,,0,0
514,NIAGARA,CALFIRE-2007-00203,20070809,59,4,161.39,65.31,0.0,,,0,0,0,0,0,,0,0
515,COLBY,CALFIRE-2007-00204,20070810,45,7,253.65,102.65,9.0,40.16667,-121.56667,0,0,0,0,0,,0,0
516,DOME2,CALFIRE-2007-00205,20070810,59,2,137.63,55.7,0.0,,,0,0,0,0,0,,0,0
517,TAR,CALFIRE-2007-00206,20070810,10,14,5671.03,2294.99,9.0,35.94194,-120.26639,0,0,0,0,0,,0,0
518,CEDAR,CALFIRE-2007-00207,20070812,36,9,29.61,11.98,0.0,,,0,0,0,0,0,,0,0
519,BEAR,CALFIRE-2007-00208,20070813,47,2,840.84,340.28,5.0,41.28333,-121.73333,0,0,0,0,0,,0,0
520,HATCHET,CALFIRE-2007-00209,20070813,45,2,11.33,4.58,1.0,,,0,0,0,0,0,,0,0
521,HWY 128,CALFIRE-2007-00210,20070814,57,14,508.35,205.72,1.0,38.48528,-122.01861,1,0,0,0,0,,0,0
522,SPENCEVILLE,CALFIRE-2007-00211,20070815,58,14,31.35,12.69,0.0,,,0,0,0,0,0,,0,0
523,GOLDEN,CALFIRE-2007-00212,20070816,5,10,65.63,26.56,1.0,36.0175,-116.6175,1,0,0,0,0,,0,0
524,ORVIS,CALFIRE-2007-00213,20070816,5,10,534.98,216.5,0.0,,,0,0,0,0,0,,0,0
525,POWER HOUSE,CALFIRE-2007-00214,20070818,10,10,45.8,18.53,1.0,,,0,0,0,0,0,,0,0
526,SAN BENITO,CALFIRE-2007-00215,20070818,15,14,16.04,6.49,1.0,,,0,0,0,0,0,,0,0
527,WASHOE,CALFIRE-2007-00216,20070818,31,9,19.81,8.02,0.0,39.14444,-120.15722,6,0,0,0,0,,0,0
528,CUESTA 2,CALFIRE-2007-00217,20070819,40,2,16.55,6.7,0.0,,,0,0,0,0,0,,0,0
529,PAST,CALFIRE-2007-00218,20070819,32,9,84.96,34.38,0.0,,,0,0,0,0,0,,0,0
530,CEMETERY,CALFIRE-2007-00219,20070820,42,8,501.58,202.98,3.0,,,0,0,0,0,0,,0,0
531,SNOW,CALFIRE-2007-00220,20070820,33,1,100.16,40.53,1.0,33.795,-116.74333,6,0,0,0,0,,0,0
532,SKYLINE,CALFIRE-2007-00221,20070821,19,14,95.42,38.61,2.0,33.995,-118.00139,0,0,0,0,0,,0,0
533,EIGHTY,CALFIRE-2007-00222,20070822,58,2,78.04,31.58,0.0,,,0,0,0,0,0,,0,0
534,ITALIAN,CALFIRE-2007-00223,20070822,5,14,102.28,41.39,6.0,38.0575,-120.36417,0,0,0,0,0,,0,0
535,VISTA,CALFIRE-2007-00224,20070822,15,4,420.32,170.1,2.0,36.00556,-118.32111,0,0,0,0,0,,0,0
536,MOONEY,CALFIRE-2007-00225,20070823,58,14,49.38,19.98,0.0,,,0,0,0,0,0,,0,0
537,RANCH,CALFIRE-2007-00226,20070823,40,14,12.78,5.17,0.0,34.57306,-118.69528,0,0,0,0,0,,0,0
538,OAK,CALFIRE-2007-00227,20070824,27,2,18.52,7.5,0.0,36.02639,-119.87056,0,0,0,0,0,,0,0
539,KINGSTON#1,CALFIRE-2007-00228,20070826,15,1,186.81,75.6,5.0,,,0,0,0,0,0,,0,0
540,LOWE,CALFIRE-2007-00229,20070826,19,9,14.33,5.8,0.0,,,0,0,0,0,0,,0,0
541,ROCK,CALFIRE-2007-00230,20070826,59,1,85.73,34.69,6.0,41.97167,-121.09556,0,0,0,0,0,,0,0
542,SOURCE,CALFIRE-2007-00231,20070826,59,1,12.57,5.09,2.0,,,0,0,0,0,0,,0,0
543,GROUSE,CALFIRE-2007-00232,20070827,15,1,1004.11,406.35,113.0,36.2775,-118.42056,0,0,0,0,0,,0,0
544,AUBERRY,CALFIRE-2007-00233,20070828,10,10,150.94,61.08,6.0,37.07333,-119.44278,0,0,0,0,0,,0,0
545,CLOVER 2,CALFIRE-2007-00234,20070828,59,1,20.16,8.16,29.0,,,0,0,0,0,0,,0,0
546,CHERRY,CALFIRE-2007-00235,20070829,47,1,101.0,40.87,10.0,41.35611,-123.18944,0,0,0,0,0,,0,0
547,CHICK,CALFIRE-2007-00236,20070829,18,14,8.78,3.55,0.0,,,0,0,0,0,0,,0,0
548,DOGWOOD,CALFIRE-2007-00237,20070829,47,1,12.93,5.23,6.0,,,0,0,0,0,0,,0,0
549,LAZY,CALFIRE-2007-00238,20070829,45,1,597.48,241.79,11.0,40.06833,-122.96833,0,0,0,0,0,,0,0
550,MINE,CALFIRE-2007-00239,20070829,42,1,40.2,16.27,1.0,,,0,0,0,0,0,,0,0
551,SUGARLAOF,CALFIRE-2007-00240,20070829,17,1,102.35,41.42,13.0,,,0,0,0,0,0,,0,0
552,WALLOW,CALFIRE-2007-00241,20070829,45,2,1438.39,582.09,10.0,40.48306,-123.37139,0,0,0,0,0,,0,0
553,BALD WFU,CALFIRE-2007-00242,20070830,59,1,331.62,134.2,6.0,,,0,0,0,0,0,,0,0
554,CHIPMUNK,CALFIRE-2007-00243,20070830,45,1,8.34,3.37,3.0,,,0,0,0,0,0,,0,0
555,COYOTE,CALFIRE-2007-00244,20070830,25,1,18.43,7.46,1.0,,,0,0,0,0,0,,0,0
556,DANHAUSER,CALFIRE-2007-00245,20070830,18,14,145.14,58.74,1.0,,,0,0,0,0,0,,0,0
557,POZO,CALFIRE-2007-00246,20070830,40,1,19.97,8.08,0.0,,,0,0,0,0,0,,0,0
558,QUIEN,CALFIRE-2007-00247,20070830,27,1,422.33,170.91,3.0,36.50694,-121.10833,0,0,0,0,0,,0,0
559,ROSA,CALFIRE-2007-00248,20070830,27,1,19.03,7.7,0.0,33.49444,-117.17833,0,0,0,0,0,,0,0
560,STEVENS,CALFIRE-2007-00249,20070830,43,11,166.16,67.24,10.0,37.29472,-122.09028,0,0,0,0,0,,0,0
561,SONOMA,CALFIRE-2007-00250,20070831,17,2,13.87,5.61,0.0,,,0,0,0,0,0,,0,0
562,TWIN,CALFIRE-2007-00251,20070831,18,1,30.31,12.27,0.0,,,0,0,0,0,0,,0,0
563,BUTLER,CALFIRE-2007-00252,20070901,36,1,87.5,35.41,4.0,34.255,-116.99972,0,0,0,4,0,,0,0
564,ELLIOT,CALFIRE-2007-00253,20070901,36,1,18.19,7.36,2.0,,,0,0,0,0,0,,0,0
565,FAIRMONT,CALFIRE-2007-00254,20070901,19,14,211.62,85.64,7.0,34.71667,-118.41278,0,0,0,0,0,,0,0
566,GATOS,CALFIRE-2007-00255,20070902,10,1,83.05,33.61,3.0,36.26278,-120.6225,0,0,0,0,0,,0,0
567,NORTH,CALFIRE-2007-00256,20070902,19,1,2122.34,858.88,0.0,34.38472,-118.25167,0,0,0,0,0,,0,0
568,LAKE,CALFIRE-2007-00257,20070903,18,9,12.56,5.08,,,,0,0,0,0,0,,0,0
569,LICK,CALFIRE-2007-00258,20070903,43,5,47748.27,19323.06,12.0,37.24861,-121.55778,24,0,0,0,0,,0,0
570,MARIPOSA,CALFIRE-2007-00259,20070903,42,11,188.25,76.18,1.0,34.47444,-120.21278,0,0,0,0,0,,0,0
571,MOONLIGHT,CALFIRE-2007-00260,20070903,32,2,64959.96,26288.39,22.0,40.21528,-120.85194,21,1,0,0,0,,0,0
572,BALD WF,CALFIRE-2007-00261,20070905,59,1,78.59,31.8,10.0,,,0,0,0,0,0,,0,0
573,CABLE,CALFIRE-2007-00262,20070905,45,1,12.58,5.09,2.0,,,0,0,0,0,0,,0,0
574,CAPPEL,CALFIRE-2007-00263,20070905,12,14,12.89,5.22,6.0,,,0,0,0,0,0,,0,0
575,DEER CREEK,CALFIRE-2007-00264,20070907,59,10,0.07,0.03,0.0,,,0,0,0,0,0,,0,0
576,WALDO 2,CALFIRE-2007-00265,20070907,58,7,38.75,15.68,0.0,,,0,0,0,0,0,,0,0
577,WILLIAMS,CALFIRE-2007-00266,20070907,59,7,10.0,4.05,2.0,,,0,0,0,0,0,,0,0
578,LINDSEY,CALFIRE-2007-00267,20070909,31,4,23.71,9.6,3.0,,,0,0,0,0,0,,0,0
579,COLINA,CALFIRE-2007-00268,20070910,33,14,374.45,151.53,0.0,33.49167,-117.29417,0,0,0,4,0,,0,0
580,POLY / A-4 7,CALFIRE-2007-00269,20070910,40,14,55.69,22.54,2.0,,,0,0,0,0,0,,0,0
581,SCHOOL,CALFIRE-2007-00270,20070910,59,7,1.0,0.4,1.0,,,0,0,0,0,0,,0,0
582,BARTLETT 2,CALFIRE-2007-00271,20070911,17,9,36.44,14.75,0.0,,,0,0,0,0,0,,0,0
583,EMMA,CALFIRE-2007-00272,20070911,19,14,172.22,69.69,0.0,,,0,0,0,0,0,,0,0
584,BORDER #34,CALFIRE-2007-00273,20070912,37,14,109.22,44.2,4.0,32.58556,-116.56222,0,0,0,0,0,,0,0
585,LAGUNA,CALFIRE-2007-00274,20070912,33,14,12.44,5.03,0.0,,,0,0,0,0,0,,0,0
586,MORRO,CALFIRE-2007-00275,20070912,40,11,12.74,5.15,0.0,,,0,0,0,0,0,,0,0
587,PINE,CALFIRE-2007-00276,20070912,37,4,2111.77,854.6,20.0,32.825,-116.39972,0,0,0,0,0,,0,0
588,PONDEROSA,CALFIRE-2007-00277,20070912,18,11,14.64,5.92,7.0,,,0,0,0,0,0,,0,0
589,ALTA MESA,CALFIRE-2007-00278,20070914,15,9,70.18,28.4,,33.92417,-116.64167,0,0,0,0,0,,0,0
590,BUTLER #2,CALFIRE-2007-00279,20070914,36,9,13736.27,5558.88,108.0,,,0,0,0,0,0,,0,0
591,SIXTY-FIVE 2,CALFIRE-2007-00280,20070914,58,14,30.93,12.52,0.0,,,0,0,0,0,0,,0,0
592,ANGEL 3,CALFIRE-2007-00281,20070915,37,4,832.13,336.75,10.0,,,0,0,0,0,0,,0,0
593,SHELLEY,CALFIRE-2007-00282,20070915,5,2,103.75,41.99,0.0,,,0,0,0,0,0,,0,0
594,FREEWAY,CALFIRE-2007-00283,20070918,30,8,2.45,0.99,,,,0,0,0,0,0,,0,0
595,PEACE VALLEY,CALFIRE-2007-00284,20070921,58,1,282.39,114.28,1.0,,,0,0,0,0,0,,0,0
596,BARRETT,CALFIRE-2007-00285,20070924,15,11,21.03,8.51,0.0,,,0,0,0,0,0,,0,0
597,BASELINE,CALFIRE-2007-00286,20070924,58,14,13.98,5.66,0.0,,,0,0,0,0,0,,0,0
598,JASPER,CALFIRE-2007-00287,20071002,58,2,85.66,34.66,0.0,,,0,0,0,0,0,,0,0
599,LOOKOUT,CALFIRE-2007-00288,20071002,18,5,64.51,26.11,1.0,,,0,0,0,0,0,,0,0
600,MOCKINGBIRD,CALFIRE-2007-00289,20071005,33,14,737.27,298.36,0.0,33.84583,-117.37556,0,0,0,0,0,,0,0
601,WRIGHT,CALFIRE-2007-00290,20071006,15,9,31.31,12.67,0.0,,,0,0,0,0,0,,0,0
602,AGOURA 2,CALFIRE-2007-00291,20071007,19,7,2.01,0.82,0.0,,,0,0,0,0,0,,0,0
603,GARDEN,CALFIRE-2007-00292,20071007,58,2,146.03,59.1,0.0,,,0,0,0,0,0,,0,0
604,RICE,CALFIRE-2007-00293,20071007,37,9,9471.85,3833.13,29.0,33.39694,-117.14806,248,30,0,5,0,,0,0
605,COLORADO,CALFIRE-2007-00294,20071008,27,15,24.84,10.05,0.0,,,0,0,0,0,0,,0,0
606,WHITMORE 3,CALFIRE-2007-00295,20071009,45,2,43.38,17.55,0.0,,,0,0,0,0,0,,0,0
607,MARBLE,CALFIRE-2007-00296,20071018,31,5,26.61,10.77,2.0,,,0,0,0,0,0,,0,0
608,RANCH,CALFIRE-2007-00297,20071020,19,2,58410.34,23637.85,26.0,34.57306,-118.69528,10,2,0,0,0,,0,0
609,BUCKWEED,CALFIRE-2007-00298,20071021,19,8,38347.47,15518.68,0.0,34.52833,-118.34389,63,30,0,0,0,,0,0
610,CANYON,CALFIRE-2007-00299,20071021,59,11,3838.89,1553.55,,34.51639,-118.34389,0,0,0,0,0,,0,0
611,DEVORE 2,CALFIRE-2007-00300,20071021,36,14,86.78,35.12,1.0,,,0,0,0,0,0,,0,0
612,GLEN HELEN 2,CALFIRE-2007-00301,20071021,36,2,163.58,66.2,1.0,,,0,0,0,0,0,,0,0
613,HARRIS 2,CALFIRE-2007-00302,20071021,37,14,90728.33,36716.48,12.0,,,0,0,0,0,0,,0,0
614,INGALLS,CALFIRE-2007-00303,20071021,59,5,18.25,7.38,2.0,,,0,0,0,0,0,,0,0
615,MCCOY,CALFIRE-2007-00304,20071021,37,9,353.14,142.91,3.0,33.04222,-116.6425,3,0,0,0,0,,0,0
616,OCTOBER,CALFIRE-2007-00305,20071021,19,14,25.74,10.42,2.0,34.3875,-118.49222,0,0,0,0,0,,0,0
617,RABBIT HILL,CALFIRE-2007-00306,20071021,56,14,16.84,6.82,0.0,,,0,0,0,0,0,,0,0
618,ROCA,CALFIRE-2007-00307,20071021,33,11,270.03,109.28,0.0,33.45583,-116.85944,2,0,0,0,0,,0,0
619,SANTIAGO,CALFIRE-2007-00308,20071021,30,9,28429.98,11505.21,18.0,33.74583,-117.66667,24,20,0,16,0,,0,0
620,SEDGWICK,CALFIRE-2007-00309,20071021,42,11,808.83,327.32,2.0,,,0,0,0,0,0,,0,0
621,SESNON,CALFIRE-2007-00310,20071021,19,14,30.3,12.26,0.0,,,0,0,0,0,0,,0,0
622,WITCH,CALFIRE-2007-00311,20071021,37,9,162070.5,65587.66,10.0,33.11806,-117.21639,1680,95,0,0,0,,0,0
623,CAJON,CALFIRE-2007-00312,20071022,36,9,256.54,103.82,1.0,34.23639,-117.425,0,0,0,0,0,,0,0
624,CORONADO HILLS,CALFIRE-2007-00313,20071022,37,14,58.79,23.79,,33.11222,-117.15472,2,0,0,0,0,,0,0
625,GRASS VALLEY,CALFIRE-2007-00314,20071022,36,9,1242.37,502.77,70.0,34.27333,-117.21528,180,22,0,1,0,,0,0
626,MAGIC,CALFIRE-2007-00315,20071022,19,14,2824.88,1143.19,3.0,34.42222,-118.58333,0,0,0,0,0,,0,0
627,ROSA,CALFIRE-2007-00316,20071022,33,14,409.63,165.77,0.0,33.49444,-117.17833,2,0,0,0,0,,0,0
628,SLIDE,CALFIRE-2007-00317,20071022,36,9,12769.25,5167.54,23.0,34.2825,-117.21611,274,43,0,9,0,,0,0
629,SOLEDAD,CALFIRE-2007-00318,20071022,19,14,44.17,17.87,1.0,,,0,0,0,0,0,,0,0
630,AMMO,CALFIRE-2007-00319,20071023,59,14,21493.91,8698.28,9.0,,,0,0,0,6,0,,0,0
631,GIRARD,CALFIRE-2007-00320,20071023,47,5,13.9,5.62,0.0,,,0,0,0,0,0,,0,0
632,MARTIN RANCH,CALFIRE-2007-00321,20071023,36,11,602.23,243.72,1.0,,,0,0,0,0,0,,0,0
633,MEADOW RIDGE,CALFIRE-2007-00322,20071023,19,14,39.11,15.83,2.0,,,0,0,0,0,0,,0,0
634,POOMACHA,CALFIRE-2007-00323,20071023,37,9,49410.97,19995.93,39.0,33.2775,-116.86806,217,12,0,15,0,,0,0
635,RICHBAR,CALFIRE-2007-00324,20071023,15,9,13.43,5.44,0.0,,,0,0,0,0,0,,0,0
636,SOUTH BEALE,CALFIRE-2007-00325,20071023,58,6,194.89,78.87,0.0,,,0,0,0,0,0,,0,0
637,Y,CALFIRE-2007-00326,20071023,19,14,22.49,9.1,,,,0,0,0,0,0,,0,0
638,DRIFTWOOD,CALFIRE-2007-00327,20071025,12,14,52.97,21.44,11.0,,,0,0,0,0,0,,0,0
639,JUPITER,CALFIRE-2007-00328,20071028,59,5,13.4,5.42,5.0,,,0,0,0,0,0,,0,0
640,DEVIL,CALFIRE-2007-00329,20071029,59,1,239.26,96.83,40.0,,,0,0,0,0,0,,0,0
641,JACK WFU,CALFIRE-2007-00330,20071029,59,1,23.63,9.56,9.0,,,0,0,0,0,0,,0,0
642,OHAREL,CALFIRE-2007-00331,20071029,14,1,596.92,241.56,50.0,,,0,0,0,0,0,,0,0
643,BOURLAND,CALFIRE-2007-00332,20071030,59,1,29.36,11.88,,,,0,0,0,0,0,,0,0
644,BALDY RIDGE,CALFIRE-2007-00333,20071101,59,1,19.69,7.97,30.0,,,0,0,0,0,0,,0,0
645,VIRGENES,CALFIRE-2007-00334,20071103,19,9,0.02,0.01,0.0,,,0,0,0,0,0,,0,0
646,LYMAN,CALFIRE-2007-00335,20071107,52,14,18.76,7.59,0.0,,,0,0,0,0,0,,0,0
647,JACK WF,CALFIRE-2007-00336,20071108,59,1,1106.25,447.68,30.0,,,0,0,0,0,0,,0,0
648,TORRI,CALFIRE-2007-00337,20071108,27,9,19.52,7.9,2.0,36.19194,-121.70917,1,0,0,0,0,,0,0
649,CORRAL,CALFIRE-2007-00338,20071124,19,14,4708.0,1905.26,3.0,34.07861,-118.75528,86,46,0,0,0,,0,0
650,RIVER,CALFIRE-2007-00339,20071129,42,9,11.64,4.71,0.0,33.96806,-117.52306,0,0,0,0,0,,0,0
651,GRADE,CALFIRE-2007-00340,20071203,40,2,97.13,39.31,0.0,35.30278,-120.62639,0,0,0,0,0,,0,0
652,STRAW,CALFIRE-2007-00341,20071203,33,14,42.58,17.23,0.0,,,0,0,0,0,0,,0,0
653,STERLING,CALFIRE-2007-00342,20071208,59,1,0.01,0.0,0.0,,,0,0,0,0,0,,0,0
654,BAILEY,CALFIRE-2007-00343,20070701,15,14,53.45,21.63,,,,0,0,0,0,0,,0,0
655,FREMONT,CALFIRE-2007-00344,20070701,15,9,31.8,12.87,,,,0,0,0,0,0,,0,0
656,WALKER,CALFIRE-2007-00345,20070701,15,1,794.12,321.37,,35.64333,-117.98639,0,0,0,0,0,,0,0
657,MULHOLLAND,CALFIRE-2008-00001,20080117,19,14,0.09,0.04,0.0,,,0,0,0,0,0,,0,0
658,SPRINGS,CALFIRE-2008-00002,20080302,36,14,87.28,35.32,3.0,37.32556,-118.3075,0,0,0,0,0,,0,0
659,PRUSSIAN 2,CALFIRE-2008-00003,20080305,5,5,36.34,14.7,0.0,,,0,0,0,0,0,,0,0
660,BLUFF,CALFIRE-2008-00004,20080316,36,4,766.73,310.29,4.0,37.38944,-118.50083,0,0,0,0,0,,0,0
661,LOPEZ,CALFIRE-2008-00005,20080321,42,5,16.19,6.55,3.0,,,0,0,0,0,0,,0,0
662,INDIAN,CALFIRE-2008-00006,20080403,17,7,27.15,10.99,0.0,,,0,0,0,0,0,,0,0
663,MONTGOMERY,CALFIRE-2008-00007,20080407,15,4,289.94,117.33,0.0,,,0,0,0,0,0,,0,0
664,DOS PALMAS,CALFIRE-2008-00008,20080413,33,5,456.41,184.7,2.0,33.5075,-115.81861,0,0,0,0,0,,0,0
665,COLDSPRINGS,CALFIRE-2008-00009,20080416,59,5,19.14,7.75,4.0,,,0,0,0,0,0,,0,0
666,SPILLWAY,CALFIRE-2008-00010,20080417,15,5,8.92,3.61,0.0,,,0,0,0,0,0,,0,0
667,LAKEVIEW,CALFIRE-2008-00011,20080418,9,5,9.86,3.99,0.0,,,0,0,0,0,0,,0,0
668,TULE,CALFIRE-2008-00012,20080421,15,7,14.76,5.97,0.0,,,0,0,0,0,0,,0,0
669,SANTA ANITA,CALFIRE-2008-00013,20080426,19,14,556.68,225.28,27.0,,,1,0,0,0,0,,0,0
670,ROCK,CALFIRE-2008-00014,20080428,42,2,64.23,25.99,0.0,,,0,0,0,0,0,,0,0
671,APACHE,CALFIRE-2008-00015,20080429,36,3,770.04,311.63,8.0,33.72444,-116.62389,0,0,0,0,0,,0,0
672,WESTLAKE,CALFIRE-2008-00016,20080501,19,14,0.31,0.13,0.0,,,0,0,0,0,0,,0,0
673,COLYEAR,CALFIRE-2008-00017,20080506,52,18,1400.64,566.82,4.0,40.06639,-122.74472,0,0,0,0,0,,0,0
674,HONEY BEE,CALFIRE-2008-00018,20080506,14,1,1390.24,562.61,20.0,36.16972,-118.06389,0,0,0,0,0,,0,0
675,PHYLLIP,CALFIRE-2008-00019,20080508,58,14,52.36,21.19,0.0,,,0,0,0,0,0,,0,0
676,RIFLE,CALFIRE-2008-00020,20080511,58,9,18.57,7.52,0.0,,,0,0,0,0,0,,0,0
677,BIGHORN,CALFIRE-2008-00021,20080513,19,14,500.3,202.47,5.0,34.24444,-117.65278,0,0,0,0,0,,0,0
678,FEATHER FALLS,CALFIRE-2008-00022,20080514,4,7,74.67,30.22,2.0,,,0,0,0,0,0,,0,0
679,ATHENS,CALFIRE-2008-00023,20080515,58,14,69.04,27.94,0.0,,,0,0,0,0,0,,0,0
680,GEYSERS,CALFIRE-2008-00024,20080515,17,5,289.55,117.18,2.0,38.71167,-122.83972,0,0,0,0,0,,0,0
681,SIERRA,CALFIRE-2008-00025,20080515,9,11,53.72,21.74,0.0,38.71444,-120.615,0,0,0,0,0,,0,0
682,TAR,CALFIRE-2008-00026,20080515,17,11,56.56,22.89,1.0,38.52361,-122.60778,0,0,0,0,0,,0,0
683,WILDLIFE,CALFIRE-2008-00027,20080515,59,9,69.29,28.04,2.0,,,0,0,0,0,0,,0,0
684,WILDLIFE,CALFIRE-2008-00028,20080515,42,9,79.97,32.36,2.0,,,0,0,0,0,0,,0,0
685,STORRS,CALFIRE-2008-00029,20080516,19,14,81.8,33.1,,,,0,0,0,0,0,,0,0
686,330,CALFIRE-2008-00030,20080518,36,9,12.94,5.24,0.0,,,0,0,0,0,0,,0,0
687,GUYS,CALFIRE-2008-00031,20080520,47,5,2.05,0.83,0.0,,,0,0,0,0,0,,0,0
688,MOTT,CALFIRE-2008-00032,20080520,47,14,7.7,3.12,0.0,,,0,0,0,0,0,,0,0
689,DEL,CALFIRE-2008-00033,20080521,58,11,14.38,5.82,0.0,,,0,0,0,0,0,,0,0
690,POLE,CALFIRE-2008-00034,20080521,19,2,13.6,5.5,2.0,,,0,0,0,0,0,,0,0
691,SUMMIT,CALFIRE-2008-00035,20080521,43,5,4174.51,1689.36,6.0,37.08833,-121.82917,132,6,0,0,0,,0,0
692,COOL,CALFIRE-2008-00036,20080522,9,11,95.91,38.81,0.0,38.90833,-121.02278,0,0,0,0,0,,0,0
693,SODA,CALFIRE-2008-00037,20080522,47,14,28.83,11.67,0.0,,,0,0,0,0,0,,0,0
694,CLOVER,CALFIRE-2008-00038,20080531,15,1,15788.59,6389.42,7.0,36.11194,-118.13056,0,0,0,0,0,,0,0
695,CLOVERDALE,CALFIRE-2008-00039,20080531,17,5,17.31,7.0,1.0,,,0,0,0,0,0,,0,0
696,ANGEL 2,CALFIRE-2008-00040,20080601,36,4,17.23,6.97,0.0,,,0,0,0,0,0,,0,0
697,FOUNTAIN,CALFIRE-2008-00041,20080601,54,9,292.48,118.36,0.0,,,0,0,0,0,0,,0,0
698,LAKE,CALFIRE-2008-00042,20080603,15,14,146.25,59.18,0.0,33.74389,-117.43889,0,0,0,0,0,,0,0
699,TRIUNFO,CALFIRE-2008-00043,20080604,19,14,0.49,0.2,0.0,,,0,0,0,0,0,,0,0
700,85,CALFIRE-2008-00044,20080605,17,2,319.56,129.32,0.0,,,0,0,0,0,0,,0,0
701,GRAPEVINE-08,CALFIRE-2008-00045,20080606,15,1,527.18,213.34,1.0,,,0,0,0,0,0,,0,0
702,IOWA,CALFIRE-2008-00046,20080606,58,2,57.84,23.41,0.0,,,0,0,0,0,0,,0,0
703,ACOMA,CALFIRE-2008-00047,20080607,36,9,356.72,144.36,0.0,34.09278,-116.44028,0,1,0,0,0,,0,0
704,CATHEDRAL,CALFIRE-2008-00048,20080607,36,4,12.2,4.94,0.0,,,0,0,0,0,0,,0,0
705,HARBISON,CALFIRE-2008-00049,20080607,37,14,84.89,34.36,0.0,,,0,0,0,0,0,,0,0
706,GILARDI,CALFIRE-2008-00050,20080608,58,14,12.41,5.02,1.0,,,0,0,0,0,0,,0,0
707,INDIANS,CALFIRE-2008-00051,20080608,42,4,76459.78,30942.2,32.0,,,0,0,0,0,0,,0,0
708,RICHBAR,CALFIRE-2008-00052,20080609,15,7,390.59,158.06,0.0,35.46861,-118.73389,0,0,0,0,0,,0,0
709,41,CALFIRE-2008-00053,20080610,22,10,2592.28,1049.06,1.0,37.01028,-119.79389,0,0,0,0,0,,0,0
710,LAGRANGE,CALFIRE-2008-00054,20080610,55,7,1334.33,539.99,2.0,37.71528,-120.44611,2,0,0,0,0,,0,0
711,OPHIR,CALFIRE-2008-00055,20080610,4,2,958.5,387.89,2.0,39.46472,-121.57333,49,0,0,0,0,,0,0
712,PINE,CALFIRE-2008-00056,20080610,17,14,815.34,329.96,1.0,38.81611,-122.9725,0,0,0,0,0,,0,0
713,HUMBOLDT,CALFIRE-2008-00057,20080611,4,7,23344.33,9447.12,5.0,39.73583,-121.73667,254,7,0,0,0,,0,0
714,MARTIN,CALFIRE-2008-00058,20080611,44,4,482.79,195.38,5.0,37.05611,-122.14194,11,3,0,0,0,,0,0
715,NICOLAUS,CALFIRE-2008-00059,20080611,58,7,48.19,19.5,1.0,,,0,0,0,0,0,,0,0
716,ROCKY,CALFIRE-2008-00060,20080611,15,9,15.21,6.15,0.0,36.29722,-119.06583,0,0,0,0,0,,0,0
717,WISE,CALFIRE-2008-00061,20080611,58,14,92.32,37.36,0.0,,,0,0,0,0,0,,0,0
718,LOUIE,CALFIRE-2008-00062,20080612,47,7,31.91,12.91,0.0,,,0,0,0,0,0,,0,0
719,WHISKEY,CALFIRE-2008-00063,20080612,17,9,7783.41,3149.84,137.0,39.89389,-122.7075,0,0,0,0,0,,0,0
720,BITTERWATER,CALFIRE-2008-00064,20080613,40,2,36.21,14.66,0.0,,,0,0,0,0,0,,0,0
721,ELECTRA,CALFIRE-2008-00065,20080613,9,11,250.53,101.38,1.0,38.33194,-120.67028,0,0,0,0,0,,0,0
722,BASELINE,CALFIRE-2008-00066,20080615,58,7,12.64,5.11,0.0,,,0,0,0,0,0,,0,0
723,NIESTRATH,CALFIRE-2008-00067,20080617,17,11,3.16,1.28,0.0,,,0,0,0,0,0,,0,0
724,20,CALFIRE-2008-00068,20080618,17,10,47.91,19.39,1.0,,,0,0,0,0,0,,0,0
725,MILLERTON,CALFIRE-2008-00069,20080618,22,14,175.12,70.87,1.0,,,0,0,0,0,0,,0,0
726,THOMPSON_CYN,CALFIRE-2008-00070,20080618,27,14,101.78,41.19,0.0,,,0,0,0,0,0,,0,0
727,ANTHONY MILNE,CALFIRE-2008-00071,20080619,47,1,1777.43,719.3,180.0,,,0,0,0,0,0,,0,0
728,CARRIZO,CALFIRE-2008-00072,20080619,15,10,46.81,18.94,0.0,,,0,0,0,0,0,,0,0
729,HEADWATER,CALFIRE-2008-00073,20080619,47,1,358.44,145.06,115.0,,,0,0,0,0,0,,0,0
730,JACKASS,CALFIRE-2008-00074,20080619,47,1,247.93,100.33,116.0,,,0,0,0,0,0,,0,0
731,KELLY,CALFIRE-2008-00075,20080619,17,14,32.62,13.2,0.0,,,0,0,0,0,0,,0,0
732,4 MILE,CALFIRE-2008-00076,20080620,23,1,6.26,2.53,29.0,,,0,0,0,0,0,,0,0
733,ALBION RIVER,CALFIRE-2008-00077,20080620,23,1,2.1,0.85,1.0,,,0,0,0,0,0,,0,0
734,ARCHER,CALFIRE-2008-00078,20080620,23,1,7.74,3.13,19.0,,,0,0,0,0,0,,0,0
735,BEAR WALLOW,CALFIRE-2008-00079,20080620,45,1,38.75,15.68,23.0,,,0,0,0,0,0,,0,0
736,BOTTOM,CALFIRE-2008-00080,20080620,45,1,20.02,8.1,1.0,,,0,0,0,0,0,,0,0
737,BURNS FLAT,CALFIRE-2008-00081,20080620,23,1,28.97,11.72,10.0,,,0,0,0,0,0,,0,0
738,DEADSHOT,CALFIRE-2008-00082,20080620,45,1,1044.59,422.73,,,,0,0,0,0,0,,0,0
739,DECK,CALFIRE-2008-00083,20080620,45,1,263.15,106.49,,,,0,0,0,0,0,,0,0
740,DEEP #1,CALFIRE-2008-00084,20080620,45,1,29.85,12.08,15.0,,,0,0,0,0,0,,0,0
741,DEERLICK,CALFIRE-2008-00085,20080620,45,1,12976.93,5251.58,,,,0,0,0,0,0,,0,0
742,GRASSY CREEK,CALFIRE-2008-00086,20080620,45,1,17.98,7.27,4.0,,,0,0,0,0,0,,0,0
743,HELL'S HALF,CALFIRE-2008-00087,20080620,12,1,15130.15,6122.96,66.0,40.75111,-123.59556,1,0,0,0,0,,0,0
744,HIGH,CALFIRE-2008-00088,20080620,12,1,28.82,11.67,2.0,,,0,0,0,0,0,,0,0
745,HITCHCOCK,CALFIRE-2008-00089,20080620,45,1,52.65,21.31,54.0,,,0,0,0,0,0,,0,0
746,INDIAN VALLEY,CALFIRE-2008-00090,20080620,45,1,181.77,73.56,13.0,,,0,0,0,0,0,,0,0
747,IRONSIDE,CALFIRE-2008-00091,20080620,45,1,12834.12,5193.79,41.0,,,0,0,0,0,0,,0,0
748,JACKS,CALFIRE-2008-00092,20080620,23,1,729.34,295.15,22.0,,,0,0,0,0,0,,0,0
749,KIRKMAN,CALFIRE-2008-00093,20080620,45,1,2053.58,831.06,,,,0,0,0,0,0,,0,0
750,LARABEE 3,CALFIRE-2008-00094,20080620,12,1,28.75,11.64,1.0,,,0,0,0,0,0,,0,0
751,LIME,CALFIRE-2008-00095,20080620,45,1,24884.74,10070.51,54.0,,,0,0,0,0,0,,0,0
752,LINCOLN,CALFIRE-2008-00096,20080620,23,1,20.35,8.24,2.0,,,0,0,0,0,0,,0,0
753,LOWER,CALFIRE-2008-00097,20080620,45,1,1309.89,530.09,,,,0,0,0,0,0,,0,0
754,MADDOX LAKE #3,CALFIRE-2008-00098,20080620,45,1,22.71,9.19,54.0,,,0,0,0,0,0,,0,0
755,MILL,CALFIRE-2008-00099,20080620,12,1,65882.04,26661.54,105.0,40.15028,-121.8475,0,0,0,0,0,,0,0
756,MOON,CALFIRE-2008-00100,20080620,45,1,35312.22,14290.36,,,,0,0,0,0,0,,0,0
757,MOTION,CALFIRE-2008-00101,20080620,45,1,28329.74,11464.65,,,,0,0,0,0,0,,0,0
758,PINE 1,CALFIRE-2008-00102,20080620,45,1,564.09,228.28,,,,0,0,0,0,0,,0,0
759,PINE 2,CALFIRE-2008-00103,20080620,45,1,1193.19,482.87,,,,0,0,0,0,0,,0,0
760,RED HILL,CALFIRE-2008-00104,20080620,23,1,42.38,17.15,25.0,,,0,0,0,0,0,,0,0
761,REDCREST 2,CALFIRE-2008-00105,20080620,12,1,30.05,12.16,1.0,,,0,0,0,0,0,,0,0
762,RIVER 2,CALFIRE-2008-00106,20080620,23,1,6.01,2.43,16.0,,,0,0,0,0,0,,0,0
763,ROUND,CALFIRE-2008-00107,20080620,45,1,30.08,12.17,,,,0,0,0,0,0,,0,0
764,RUNNING SPRINGS,CALFIRE-2008-00108,20080620,23,1,11.79,4.77,1.0,,,0,0,0,0,0,,0,0
765,SAN_JUAN_GRADE,CALFIRE-2008-00109,20080620,27,1,21.62,8.75,0.0,,,0,0,0,0,0,,0,0
766,SHAMROCK,CALFIRE-2008-00110,20080620,23,1,51.64,20.9,5.0,,,0,0,0,0,0,,0,0
767,SHINGLETOWN,CALFIRE-2008-00111,20080620,45,1,388.03,157.03,,,,0,0,0,0,0,,0,0
768,STEIN,CALFIRE-2008-00112,20080620,45,1,1147.85,464.52,,,,0,0,0,0,0,,0,0
769,TABLE MTN,CALFIRE-2008-00113,20080620,23,1,145.88,59.03,6.0,,,0,0,0,0,0,,0,0
770,TELEPHONE,CALFIRE-2008-00114,20080620,45,1,6910.94,2796.76,54.0,,,0,0,0,0,0,,0,0
771,THREE,CALFIRE-2008-00115,20080620,47,1,4922.91,1992.23,33.0,,,0,0,0,0,0,,0,0
772,TRABING,CALFIRE-2008-00116,20080620,44,10,594.26,240.49,2.0,36.93194,-121.80889,20,0,0,0,0,,0,0
773,TWO ROCK,CALFIRE-2008-00117,20080620,23,1,4.11,1.66,1.0,,,0,0,0,0,0,,0,0
774,VENTURE,CALFIRE-2008-00118,20080620,45,1,1911.35,773.5,,,,0,0,0,0,0,,0,0
775,WITHROW,CALFIRE-2008-00119,20080620,45,1,249.3,100.89,,,,0,0,0,0,0,,0,0
776,25TH,CALFIRE-2008-00120,20080621,31,1,168.37,68.14,5.0,,,0,0,0,0,0,,0,0
777,5-10 CAVANAUGH LIGHTNING,CALFIRE-2008-00121,20080621,23,1,23.63,9.56,18.0,,,0,0,0,0,0,,0,0
778,5-12 WHIPPLE LIGHTNING,CALFIRE-2008-00122,20080621,23,1,11.75,4.76,9.0,,,0,0,0,0,0,,0,0
779,ANTELOPE,CALFIRE-2008-00123,20080621,52,1,3416.72,1382.7,8.0,40.25194,-121.86639,0,0,0,0,0,,0,0
780,BACK,CALFIRE-2008-00124,20080621,17,1,1566.22,633.83,8.0,,,0,0,0,0,0,,0,0
781,BENNETT,CALFIRE-2008-00125,20080621,45,1,30.96,12.53,1.0,,,0,0,0,0,0,,0,0
782,BIERCE,CALFIRE-2008-00126,20080621,45,1,17.59,7.12,1.0,,,0,0,0,0,0,,0,0
783,BIG,CALFIRE-2008-00127,20080621,17,1,2192.96,887.46,14.0,,,0,0,0,0,0,,0,0
784,BIG,CALFIRE-2008-00128,20080621,32,1,73.73,29.84,13.0,,,0,0,0,0,0,,0,0
785,BLUE 2,CALFIRE-2008-00129,20080621,12,1,17552.39,7103.21,104.0,,,0,0,0,0,0,,0,0
786,BONANZA,CALFIRE-2008-00130,20080621,12,1,1370.59,554.66,14.0,,,0,0,0,0,0,,0,0
787,BOTTLE,CALFIRE-2008-00131,20080621,59,1,19.03,7.7,1.0,,,0,0,0,0,0,,0,0
788,BOULDER,CALFIRE-2008-00132,20080621,45,1,32.6,13.19,1.0,,,0,0,0,0,0,,0,0
789,BROWN,CALFIRE-2008-00133,20080621,32,1,28.86,11.68,71.0,36.76222,-121.175,0,0,0,0,0,,0,0
790,BRUSHY 1,CALFIRE-2008-00134,20080621,23,1,391.32,158.36,5.0,,,0,0,0,0,0,,0,0
791,BRUSHY 3,CALFIRE-2008-00135,20080621,23,1,327.02,132.34,21.0,,,0,0,0,0,0,,0,0
792,BRUSHY 5,CALFIRE-2008-00136,20080621,23,1,91.51,37.03,4.0,,,0,0,0,0,0,,0,0
793,BRUSHY 6,CALFIRE-2008-00137,20080621,23,1,30.53,12.35,19.0,,,0,0,0,0,0,,0,0
794,BRUSHY 7,CALFIRE-2008-00138,20080621,23,1,141.44,57.24,4.0,,,0,0,0,0,0,,0,0
795,BRUSHY 8,CALFIRE-2008-00139,20080621,23,1,96.8,39.17,19.0,,,0,0,0,0,0,,0,0
796,BUCKHORN,CALFIRE-2008-00140,20080621,45,1,29814.31,12065.43,40.0,,,0,0,0,0,0,,0,0
797,BULL,CALFIRE-2008-00141,20080621,17,1,39.62,16.04,6.0,41.13028,-121.8675,0,0,0,0,0,,0,0
798,CAMP,CALFIRE-2008-00142,20080621,17,1,231.16,93.55,9.0,,,0,0,0,0,0,,0,0
799,CAPPS,CALFIRE-2008-00143,20080621,59,1,18.82,7.62,1.0,38.64528,-120.42028,0,0,0,0,0,,0,0
800,CAREY,CALFIRE-2008-00144,20080621,45,1,3714.32,1503.13,40.0,,,0,0,0,0,0,,0,0
801,CARIBOU,CALFIRE-2008-00145,20080621,47,1,13126.68,5312.18,178.0,,,0,0,0,0,0,,0,0
802,CARSON,CALFIRE-2008-00146,20080621,12,1,65.41,26.47,13.0,,,0,0,0,0,0,,0,0
803,CEDAR,CALFIRE-2008-00147,20080621,45,1,25391.73,10275.68,40.0,,,0,0,0,0,0,,0,0
804,CELINA,CALFIRE-2008-00148,20080621,31,1,309.18,125.12,11.0,,,0,0,0,0,0,,0,0
805,CHINA,CALFIRE-2008-00149,20080621,45,1,35.03,14.18,2.0,,,0,0,0,0,0,,0,0
806,CHIQUITO,CALFIRE-2008-00150,20080621,59,1,145.45,58.86,26.0,,,0,0,0,0,0,,0,0
807,COLD,CALFIRE-2008-00151,20080621,32,1,5599.3,2265.96,71.0,,,0,0,0,0,0,,0,0
808,CONEJO GRADE 1,CALFIRE-2008-00152,20080621,59,10,0.09,0.04,0.0,,,0,0,0,0,0,,0,0
809,COWSHED LIGHTNING,CALFIRE-2008-00153,20080621,23,1,4465.68,1807.2,24.0,,,0,0,0,0,0,,0,0
810,CRAPO,CALFIRE-2008-00154,20080621,47,1,15.08,6.1,40.0,,,0,0,0,0,0,,0,0
811,CREEK,CALFIRE-2008-00155,20080621,12,1,29.84,12.07,19.0,,,0,0,0,0,0,,0,0
812,CREST,CALFIRE-2008-00156,20080621,32,1,39.11,15.83,13.0,,,0,0,0,0,0,,0,0
813,CUB,CALFIRE-2008-00157,20080621,45,1,14728.5,5960.42,30.0,,,0,0,0,0,0,,0,0
814,DARK,CALFIRE-2008-00158,20080621,47,1,10389.64,4204.54,32.0,,,0,0,0,0,0,,0,0
815,DENNY,CALFIRE-2008-00159,20080621,45,1,43.46,17.59,4.0,,,0,0,0,0,0,,0,0
816,EAGLE,CALFIRE-2008-00160,20080621,45,1,32023.89,12959.62,105.0,,,0,0,0,0,0,,0,0
817,FALL,CALFIRE-2008-00161,20080621,31,1,2416.8,978.04,24.0,,,0,0,0,0,0,,0,0
818,FISHER,CALFIRE-2008-00162,20080621,45,1,34.71,14.05,14.0,,,0,0,0,0,0,,0,0
819,FOLSOM,CALFIRE-2008-00163,20080621,23,1,90.55,36.64,17.0,,,0,0,0,0,0,,0,0
820,FORBESTOWN,CALFIRE-2008-00164,20080621,32,1,26.37,10.67,3.0,,,0,0,0,0,0,,0,0
821,FORESTHILL,CALFIRE-2008-00165,20080621,58,1,54.55,22.08,4.0,,,0,0,0,0,0,,0,0
822,FOUR MILE,CALFIRE-2008-00166,20080621,32,1,788.79,319.21,,,,0,0,0,0,0,,0,0
823,FUELS,CALFIRE-2008-00167,20080621,12,1,8.92,3.61,0.0,,,0,0,0,0,0,,0,0
824,GALLERY,CALFIRE-2008-00168,20080621,42,1,163606.7,66209.34,36.0,,,0,0,0,0,0,,0,0
825,GILEAD,CALFIRE-2008-00169,20080621,17,1,30.5,12.34,5.0,,,0,0,0,0,0,,0,0
826,GOULD,CALFIRE-2008-00170,20080621,47,1,228.8,92.59,11.0,41.20028,-123.04639,0,0,0,0,0,,0,0
827,GOVERNMENT,CALFIRE-2008-00171,20080621,31,1,9219.73,3731.1,41.0,,,0,0,0,0,0,,0,0
828,GRANITE,CALFIRE-2008-00172,20080621,45,1,551.9,223.35,85.0,,,0,0,0,0,0,,0,0
829,GROUSE,CALFIRE-2008-00173,20080621,17,1,6323.5,2559.03,14.0,,,0,0,0,0,0,,0,0
830,HARDY CREEK LIGHTNING,CALFIRE-2008-00174,20080621,23,1,5354.22,2166.78,20.0,,,0,0,0,0,0,,0,0
831,HARTMAN,CALFIRE-2008-00175,20080621,32,1,330.65,133.81,71.0,,,0,0,0,0,0,,0,0
832,HAYPRESS,CALFIRE-2008-00176,20080621,12,1,13664.68,5529.9,104.0,,,0,0,0,0,0,,0,0
833,HUMMINGBIRD,CALFIRE-2008-00177,20080621,43,1,786.43,318.26,3.0,,,0,0,0,0,0,,0,0
834,HUNGARY,CALFIRE-2008-00178,20080621,32,1,20.48,8.29,71.0,,,0,0,0,0,0,,0,0
835,HWY 140,CALFIRE-2008-00179,20080621,22,1,1566.29,633.86,2.0,,,0,0,0,0,0,,0,0
836,INDIAN PEAK,CALFIRE-2008-00180,20080621,22,1,48.66,19.69,2.0,,,0,0,0,0,0,,0,0
837,IRON,CALFIRE-2008-00181,20080621,45,1,30660.02,12407.68,63.0,,,0,0,0,0,0,,0,0
838,JAKE,CALFIRE-2008-00182,20080621,12,1,38416.58,15546.65,104.0,,,0,0,0,0,0,,0,0
839,JOHNSON,CALFIRE-2008-00183,20080621,17,1,52.47,21.23,4.0,,,0,0,0,0,0,,0,0
840,KEDDIE,CALFIRE-2008-00184,20080621,32,19,78.05,31.59,4.0,,,0,0,0,0,0,,0,0
841,LASSIC,CALFIRE-2008-00185,20080621,12,1,22.83,9.24,0.0,,,0,0,0,0,0,,0,0
842,LOGWOOD,CALFIRE-2008-00186,20080621,42,1,20.3,8.22,36.0,,,0,0,0,0,0,,0,0
843,LONG,CALFIRE-2008-00187,20080621,12,1,10.54,4.27,5.0,,,0,0,0,0,0,,0,0
844,LOST CREEK,CALFIRE-2008-00188,20080621,12,1,30.83,12.48,9.0,,,0,0,0,0,0,,0,0
845,MERRILL,CALFIRE-2008-00189,20080621,12,1,8339.33,3374.81,104.0,,,0,0,0,0,0,,0,0
846,MILL,CALFIRE-2008-00190,20080621,17,1,3041.95,1231.04,35.0,40.15028,-121.8475,0,0,0,0,0,,0,0
847,MILL,CALFIRE-2008-00191,20080621,52,1,13511.76,5468.02,8.0,40.15028,-121.8475,0,0,0,0,0,,0,0
848,MINERS,CALFIRE-2008-00192,20080621,45,1,24876.34,10067.11,132.0,,,0,0,0,0,0,,0,0
849,MONKEY ROCK,CALFIRE-2008-00193,20080621,17,1,1885.69,763.11,23.0,,,0,0,0,0,0,,0,0
850,NAVARRO,CALFIRE-2008-00194,20080621,23,1,1852.74,749.78,5.0,,,0,0,0,0,0,,0,0
851,NIELSON,CALFIRE-2008-00195,20080621,12,1,86.42,34.97,23.0,,,0,0,0,0,0,,0,0
852,NOBLE,CALFIRE-2008-00196,20080621,45,1,12984.7,5254.73,17.0,,,0,0,0,0,0,,0,0
853,NORTH MTN,CALFIRE-2008-00197,20080621,59,1,2964.05,1199.51,28.0,,,0,0,0,0,0,,0,0
854,NORTHFORK CAMP,CALFIRE-2008-00198,20080621,23,1,8.51,3.44,15.0,,,0,0,0,0,0,,0,0
855,OLD TOLL,CALFIRE-2008-00199,20080621,22,1,78.37,31.71,2.0,,,0,0,0,0,0,,0,0
856,OLIVER,CALFIRE-2008-00200,20080621,59,1,2806.09,1135.58,23.0,37.45111,-119.75333,0,0,0,0,0,,0,0
857,ONION,CALFIRE-2008-00201,20080621,45,1,4904.74,1984.88,31.0,,,0,0,0,0,0,,0,0
858,OSO,CALFIRE-2008-00202,20080621,23,1,228.31,92.4,21.0,,,0,0,0,0,0,,0,0
859,PACKSADDLE,CALFIRE-2008-00203,20080621,12,1,35.45,14.35,3.0,,,0,0,0,0,0,,0,0
860,PAINTERS,CALFIRE-2008-00204,20080621,18,1,14.71,5.95,1.0,,,0,0,0,0,0,,0,0
861,PARADISE,CALFIRE-2008-00205,20080621,12,1,1071.65,433.68,41.0,,,0,0,0,0,0,,0,0
862,PEAVINE,CALFIRE-2008-00206,20080621,31,1,580.64,234.98,15.0,,,0,0,0,0,0,,0,0
863,PETERSON,CALFIRE-2008-00207,20080621,45,1,8021.85,3246.33,10.0,,,0,0,0,0,0,,0,0
864,RED MOUNTAIN LIGHTNING,CALFIRE-2008-00208,20080621,23,1,7513.31,3040.53,41.0,,,0,0,0,0,0,,0,0
865,RIDEOUT,CALFIRE-2008-00209,20080621,23,1,25.64,10.38,17.0,,,0,0,0,0,0,,0,0
866,ROAD 600,CALFIRE-2008-00210,20080621,22,1,2.02,0.82,1.0,,,0,0,0,0,0,,0,0
867,RODY,CALFIRE-2008-00211,20080621,32,1,18.78,7.6,71.0,,,0,0,0,0,0,,0,0
868,SARGEANTS,CALFIRE-2008-00212,20080621,27,1,19.56,7.92,0.0,,,0,0,0,0,0,,0,0
869,SCOTCH,CALFIRE-2008-00213,20080621,32,1,13008.35,5264.3,71.0,,,0,0,0,0,0,,0,0
870,SCOTCHMAN,CALFIRE-2008-00214,20080621,31,1,1165.43,471.63,12.0,,,0,0,0,0,0,,0,0
871,SHAMROCK EAST,CALFIRE-2008-00215,20080621,23,1,481.0,194.65,21.0,,,0,0,0,0,0,,0,0
872,SHAMROCK WEST,CALFIRE-2008-00216,20080621,23,1,45.77,18.52,21.0,,,0,0,0,0,0,,0,0
873,SILVER KNOB,CALFIRE-2008-00217,20080621,59,1,569.83,230.6,5.0,,,0,0,0,0,0,,0,0
874,SLATE,CALFIRE-2008-00218,20080621,32,1,10.27,4.16,44.0,,,0,0,0,0,0,,0,0
875,SLIDE,CALFIRE-2008-00219,20080621,45,1,1182.07,478.37,17.0,,,0,0,0,0,0,,0,0
876,SLIDES,CALFIRE-2008-00220,20080621,17,1,1640.78,664.0,6.0,,,0,0,0,0,0,,0,0
877,SOLDIER,CALFIRE-2008-00221,20080621,59,1,29.8,12.06,3.0,38.77861,-120.55083,0,0,0,0,0,,0,0
878,SOUTH FORK,CALFIRE-2008-00222,20080621,45,1,82.9,33.55,5.0,,,0,0,0,0,0,,0,0
879,SOUTH-FREY,CALFIRE-2008-00223,20080621,32,1,12401.95,5018.9,71.0,,,0,0,0,0,0,,0,0
880,SPRING,CALFIRE-2008-00224,20080621,12,1,9.91,4.01,19.0,,,0,0,0,0,0,,0,0
881,STAR,CALFIRE-2008-00225,20080621,59,1,267.61,108.3,23.0,,,0,0,0,0,0,,0,0
882,STUARTS,CALFIRE-2008-00226,20080621,45,1,223.57,90.47,9.0,,,0,0,0,0,0,,0,0
883,SUGARLOAF,CALFIRE-2008-00227,20080621,23,1,6927.82,2803.59,18.0,,,0,0,0,0,0,,0,0
884,SWIM,CALFIRE-2008-00228,20080621,12,1,184.78,74.78,9.0,,,0,0,0,0,0,,0,0
885,TRAVIS,CALFIRE-2008-00229,20080621,12,1,957.54,387.5,5.0,,,0,0,0,0,0,,0,0
886,TROUGH #1,CALFIRE-2008-00230,20080621,45,1,3688.72,1492.77,53.0,,,0,0,0,0,0,,0,0
887,TWENTY,CALFIRE-2008-00231,20080621,58,1,1355.44,548.53,4.0,,,0,0,0,0,0,,0,0
888,VAN HORN,CALFIRE-2008-00232,20080621,12,1,67.77,27.43,2.0,,,0,0,0,0,0,,0,0
889,WARNERVILLE,CALFIRE-2008-00233,20080621,5,9,58.62,23.72,0.0,,,0,0,0,0,0,,0,0
890,WATERSPOUT #1,CALFIRE-2008-00234,20080621,12,1,61.05,24.71,19.0,,,0,0,0,0,0,,0,0
891,WESTFALL,CALFIRE-2008-00235,20080621,59,1,101.93,41.25,23.0,,,0,0,0,0,0,,0,0
892,WESTVILLE,CALFIRE-2008-00236,20080621,31,1,11090.15,4488.03,41.0,,,0,0,0,0,0,,0,0
893,WHITE HURST,CALFIRE-2008-00237,20080621,43,1,256.02,103.61,2.0,,,0,0,0,0,0,,0,0
894,WILD,CALFIRE-2008-00238,20080621,28,14,4101.98,1660.01,6.0,38.3,-122.20444,2,1,0,0,0,,0,0
895,WILLIAMS,CALFIRE-2008-00239,20080621,23,1,444.71,179.97,6.0,,,0,0,0,0,0,,0,0
896,YELLOW,CALFIRE-2008-00240,20080621,17,1,31932.87,12922.79,152.0,,,0,0,0,0,0,,0,0
897,ZIEGLER,CALFIRE-2008-00241,20080621,45,1,2349.47,950.8,40.0,,,0,0,0,0,0,,0,0
898,BEACH,CALFIRE-2008-00242,20080622,21,11,6.71,2.72,0.0,,,0,0,0,0,0,,0,0
899,BROWN,CALFIRE-2008-00243,20080622,27,1,3786.91,1532.51,3.0,36.76222,-121.175,0,0,0,0,0,,0,0
900,CHINO,CALFIRE-2008-00244,20080622,32,1,158.78,64.26,70.0,,,0,0,0,0,0,,0,0
901,CLIFF RIDGE,CALFIRE-2008-00245,20080622,23,1,4657.56,1884.85,20.0,,,0,0,0,0,0,,0,0
902,FOX,CALFIRE-2008-00246,20080622,32,1,1869.61,756.61,70.0,,,0,0,0,0,0,,0,0
903,HARVEY,CALFIRE-2008-00247,20080622,17,1,948.72,383.93,9.0,,,0,0,0,0,0,,0,0
904,LITTLE,CALFIRE-2008-00248,20080622,32,1,1398.58,565.99,70.0,,,0,0,0,0,0,,0,0
905,QUARRY,CALFIRE-2008-00249,20080622,44,4,210.61,85.23,0.0,37.68472,-122.40333,0,0,0,0,0,,0,0
906,RAVINE,CALFIRE-2008-00250,20080622,58,2,23.07,9.34,1.0,,,0,0,0,0,0,,0,0
907,ROCK2,CALFIRE-2008-00251,20080622,32,1,24.41,9.88,70.0,,,0,0,0,0,0,,0,0
908,THOMES,CALFIRE-2008-00252,20080622,17,1,980.28,396.71,8.0,,,0,0,0,0,0,,0,0
909,VINEGAR,CALFIRE-2008-00253,20080622,17,1,14544.0,5885.75,3.0,,,0,0,0,0,0,,0,0
910,WALKER,CALFIRE-2008-00254,20080622,17,10,11173.0,4521.56,13.0,39.07139,-122.49472,0,0,0,0,0,,0,0
911,CAJON,CALFIRE-2008-00255,20080623,36,2,93.62,37.89,0.0,34.22806,-117.42278,0,0,0,0,0,,0,0
912,CORRAL,CALFIRE-2008-00256,20080623,18,1,12434.29,5031.98,28.0,40.86806,-120.8825,0,0,0,0,0,,0,0
913,MIDDLE,CALFIRE-2008-00257,20080623,23,1,2067.14,836.54,22.0,,,0,0,0,0,0,,0,0
914,MOUNTAIN,CALFIRE-2008-00258,20080623,15,1,52.84,21.38,0.0,,,0,0,0,0,0,,0,0
915,MURPHY,CALFIRE-2008-00259,20080623,45,1,51.28,20.75,7.0,36.91389,-121.67639,0,0,0,0,0,,0,0
916,RIVER,CALFIRE-2008-00260,20080624,59,9,573.12,231.93,1.0,,,0,0,0,0,0,,0,0
917,1-6 SKUNK 2 LIGHTNING,CALFIRE-2008-00261,20080625,23,1,1.91,0.77,9.0,,,0,0,0,0,0,,0,0
918,BOSWELL,CALFIRE-2008-00262,20080625,17,1,59.57,24.11,82.0,,,0,0,0,0,0,,0,0
919,CUTTHROAT,CALFIRE-2008-00263,20080625,45,9,84.4,34.16,0.0,,,0,0,0,0,0,,0,0
920,1-11 RAY SPRINGS LIGHTNING,CALFIRE-2008-00264,20080626,23,1,0.18,0.07,9.0,,,0,0,0,0,0,,0,0
921,INDIAN,CALFIRE-2008-00265,20080626,23,1,2095.89,848.18,16.0,,,0,0,0,0,0,,0,0
922,LEONARD LAKE,CALFIRE-2008-00266,20080627,23,1,0.15,0.06,7.0,,,0,0,0,0,0,,0,0
923,LITTLE JUAN CREEK (MRC),CALFIRE-2008-00267,20080627,23,1,326.7,132.21,18.0,,,0,0,0,0,0,,0,0
924,HORSE,CALFIRE-2008-00268,20080628,23,1,576.29,233.21,6.0,,,0,0,0,0,0,,0,0
925,NOMANS,CALFIRE-2008-00269,20080628,47,1,119.14,48.22,53.0,,,0,0,0,0,0,,0,0
926,PIUTE,CALFIRE-2008-00270,20080628,15,9,37346.25,15113.5,32.0,35.43083,-118.40111,51,0,0,0,0,,0,0
927,FULLER,CALFIRE-2008-00271,20080629,59,1,67.51,27.32,23.0,,,0,0,0,0,0,,0,0
928,OLD,CALFIRE-2008-00272,20080630,58,14,40.34,16.32,0.0,,,0,0,0,0,0,,0,0
929,GAP,CALFIRE-2008-00273,20080701,42,9,9544.73,3862.62,16.0,34.48694,-119.78278,4,0,0,0,0,,0,0
930,WIGGELL,CALFIRE-2008-00274,20080701,54,7,299.75,121.31,0.0,,,0,0,0,0,0,,0,0
931,BTU LIGHTNING,CALFIRE-2008-00275,20080702,4,1,53699.33,21731.37,22.0,,,117,2,0,0,0,,0,0
932,YANKEE,CALFIRE-2008-00276,20080702,37,9,176.94,71.61,0.0,33.46722,-117.46833,0,0,0,0,0,,0,0
933,RIDGE,CALFIRE-2008-00277,20080703,36,2,262.61,106.28,2.0,34.08722,-117.01139,0,0,0,0,0,,0,0
934,1-21 PORK LIGHTNING,CALFIRE-2008-00278,20080704,23,1,403.08,163.12,8.0,,,0,0,0,0,0,,0,0
935,BELL SPRINGS,CALFIRE-2008-00279,20080704,23,1,89.97,36.41,5.0,,,0,0,0,0,0,,0,0
936,BLUE NOSE,CALFIRE-2008-00280,20080704,23,1,50.62,20.49,0.0,,,0,0,0,0,0,,0,0
937,BLUE SLIDE 1,CALFIRE-2008-00281,20080704,23,1,186.13,75.32,10.0,,,0,0,0,0,0,,0,0
938,BRUSHY 2,CALFIRE-2008-00282,20080704,23,1,10.0,4.05,4.0,,,0,0,0,0,0,,0,0
939,BRUSHY 4,CALFIRE-2008-00283,20080704,23,1,181.15,73.31,8.0,,,0,0,0,0,0,,0,0
940,BURGER CREEK,CALFIRE-2008-00284,20080704,23,1,451.64,182.77,8.0,,,0,0,0,0,0,,0,0
941,BUTCH,CALFIRE-2008-00285,20080704,23,1,2367.24,957.99,0.0,,,0,0,0,0,0,,0,0
942,CASOOSE CREEK,CALFIRE-2008-00286,20080704,23,1,370.97,150.13,0.0,,,0,0,0,0,0,,0,0
943,JACK SMITH,CALFIRE-2008-00287,20080704,23,1,1537.73,622.3,8.0,,,0,0,0,0,0,,0,0
944,JAMESON,CALFIRE-2008-00288,20080704,23,1,879.78,356.04,8.0,,,0,0,0,0,0,,0,0
945,LOST PIPE,CALFIRE-2008-00289,20080704,23,1,1187.17,480.43,6.0,,,0,0,0,0,0,,0,0
946,LOW GAP,CALFIRE-2008-00290,20080704,23,1,1347.43,545.29,11.0,,,0,0,0,0,0,,0,0
947,MALIBU,CALFIRE-2008-00291,20080704,59,15,50.82,20.57,0.0,34.09556,-118.71083,0,0,0,0,0,,0,0
948,MIDDLE OUTLET LIGHTNING,CALFIRE-2008-00292,20080704,23,1,134.86,54.57,11.0,,,0,0,0,0,0,,0,0
949,MURPHY RIDGE,CALFIRE-2008-00293,20080704,23,1,271.56,109.9,0.0,,,0,0,0,0,0,,0,0
950,ORR SERIES,CALFIRE-2008-00294,20080704,23,1,3416.34,1382.54,8.0,,,0,0,0,0,0,,0,0
951,PANTHER BASIN,CALFIRE-2008-00295,20080704,23,1,68.32,27.65,6.0,,,0,0,0,0,0,,0,0
952,RIVER 1,CALFIRE-2008-00296,20080704,23,1,0.83,0.34,2.0,,,0,0,0,0,0,,0,0
953,SKUNK 1,CALFIRE-2008-00297,20080704,23,1,8.07,3.27,4.0,,,0,0,0,0,0,,0,0
954,TRAVIS 3,CALFIRE-2008-00298,20080704,23,1,24.54,9.93,0.0,,,0,0,0,0,0,,0,0
955,TRAVIS 1,CALFIRE-2008-00299,20080705,23,1,1171.23,473.98,0.0,,,0,0,0,0,0,,0,0
956,EVANS,CALFIRE-2008-00300,20080706,5,6,103.97,42.07,0.0,,,0,0,0,0,0,,0,0
957,WILMS,CALFIRE-2008-00301,20080706,5,7,56.55,22.88,0.0,,,0,0,0,0,0,,0,0
958,CLAVEY,CALFIRE-2008-00302,20080708,59,1,11.06,4.48,3.0,,,0,0,0,0,0,,0,0
959,FRIEND-DARNELL,CALFIRE-2008-00303,20080708,32,1,4111.99,1664.07,13.0,,,0,0,0,0,0,,0,0
960,WHITE,CALFIRE-2008-00304,20080709,40,2,154.3,62.44,0.0,,,0,0,0,0,0,,0,0
961,COTTONWOOD,CALFIRE-2008-00305,20080710,22,10,796.57,322.36,1.0,,,0,0,0,0,0,,0,0
962,HILL,CALFIRE-2008-00306,20080710,59,1,12.42,5.03,4.0,,,0,0,0,0,0,,0,0
963,SODA,CALFIRE-2008-00307,20080710,17,3,46.29,18.73,0.0,,,4,0,0,0,0,,0,0
964,SIGNAL,CALFIRE-2008-00308,20080711,12,9,34.8,14.08,2.0,41.81139,-124.04556,0,0,0,0,0,,0,0
965,IAQUA,CALFIRE-2008-00309,20080712,12,1,41.51,16.8,2.0,,,0,0,0,0,0,,0,0
966,GROUNDHOG,CALFIRE-2008-00310,20080713,59,1,36.5,14.77,9.0,,,0,0,0,0,0,,0,0
967,CASTLE,CALFIRE-2008-00311,20080714,44,14,19.17,7.76,7.0,37.22,-122.11222,0,0,0,0,0,,0,0
968,COTTON,CALFIRE-2008-00312,20080715,59,1,28.5,11.54,1.0,,,0,0,0,0,0,,0,0
969,BLUFF,CALFIRE-2008-00313,20080716,59,16,0.3,0.12,0.0,37.38944,-118.50083,0,0,0,0,0,,0,0
970,RIOSA,CALFIRE-2008-00314,20080718,58,14,80.08,32.41,0.0,,,0,0,0,0,0,,0,0
971,TEHIPITE,CALFIRE-2008-00315,20080719,59,1,11648.09,4713.82,135.0,36.90472,-118.79861,0,0,0,0,0,,0,0
972,ROMERO,CALFIRE-2008-00316,20080721,22,10,766.04,310.01,1.0,,,0,0,0,0,0,,0,0
973,CANYON,CALFIRE-2008-00317,20080722,40,2,17.06,6.9,0.0,33.90889,-116.98222,0,0,0,2,0,,0,0
974,FRENCH,CALFIRE-2008-00318,20080722,55,14,101.07,40.9,,37.97667,-120.48083,0,1,0,0,0,,0,0
975,PANTHER,CALFIRE-2008-00319,20080722,47,1,44497.18,18007.39,84.0,,,0,0,0,0,0,,0,0
976,MESA WATERTANK,CALFIRE-2008-00320,20080724,59,1,1.88,0.76,0.0,,,0,0,0,0,0,,0,0
977,SAND FLAT,CALFIRE-2008-00321,20080724,45,1,31.18,12.62,0.0,41.26167,-121.62917,0,0,0,0,0,,0,0
978,SONORA,CALFIRE-2008-00322,20080725,5,7,68.54,27.74,0.0,,,0,0,0,0,0,,0,0
979,STAIRS,CALFIRE-2008-00323,20080725,15,9,9.79,3.96,1.0,,,0,0,0,0,0,,0,0
980,TELEGRAPH,CALFIRE-2008-00324,20080725,22,9,34083.8,13793.24,7.0,37.5675,-119.99694,130,0,0,0,0,,0,0
981,SERPENTINE,CALFIRE-2008-00325,20080726,5,1,176.76,71.53,3.0,37.80889,-120.30139,0,0,0,0,0,,0,0
982,MCRAE,CALFIRE-2008-00326,20080727,32,9,17.97,7.27,1.0,,,0,0,0,0,0,,0,0
983,BOLIANS COAST GUARD,CALFIRE-2008-00327,20080728,59,14,4.65,1.88,,,,0,0,0,0,0,,0,0
984,LOOKOUT,CALFIRE-2008-00328,20080728,18,14,14.4,5.83,1.0,,,0,0,0,0,0,,0,0
985,POOL 2 - MAIN,CALFIRE-2008-00329,20080729,5,10,73.44,29.72,0.0,,,0,0,0,0,0,,0,0
986,RICH,CALFIRE-2008-00330,20080729,32,6,6110.65,2472.89,35.0,40.01139,-121.18361,9,0,0,0,0,,0,0
987,BERRY,CALFIRE-2008-00331,20080730,9,2,0.7,0.28,0.0,,,0,0,0,0,0,,0,0
988,BULLHEAD,CALFIRE-2008-00332,20080730,43,1,59.55,24.1,1.0,,,0,0,0,0,0,,0,0
989,SILVER QUEEN,CALFIRE-2008-00333,20080731,15,14,42.95,17.38,0.0,,,0,0,0,0,0,,0,0
990,MONTE,CALFIRE-2008-00334,20080801,37,2,217.44,88.0,1.0,,,0,0,0,0,0,,0,0
991,BORDER #14,CALFIRE-2008-00335,20080802,37,14,124.75,50.48,1.0,,,0,0,0,0,0,,0,0
992,SHERWIN,CALFIRE-2008-00336,20080803,14,1,354.94,143.64,72.0,37.61056,-118.94028,0,0,0,0,0,,0,0
993,CARRIZO,CALFIRE-2008-00337,20080804,37,14,12.41,5.02,0.0,,,0,0,0,0,0,,0,0
994,CRAIG,CALFIRE-2008-00338,20080804,4,5,2019.07,817.09,3.0,39.56667,-121.36694,2,0,0,0,0,,0,0
995,BIG TREES,CALFIRE-2008-00339,20080805,14,1,124.82,50.51,4.0,,,0,0,0,0,0,,0,0
996,BORDER 15,CALFIRE-2008-00340,20080806,15,19,20.18,8.17,0.0,,,0,0,0,0,0,,0,0
997,BULLARDS,CALFIRE-2008-00341,20080806,32,1,15.98,6.47,3.0,,,0,0,0,0,0,,0,0
998,GARDEN,CALFIRE-2008-00342,20080806,32,1,18.42,7.45,3.0,,,0,0,0,0,0,,0,0
999,LAVA,CALFIRE-2008-00343,20080806,25,1,11.94,4.83,0.0,,,0,0,0,0,0,,0,0
1000,COTTONWOOD,CALFIRE-2008-00344,20080807,27,2,402.4,162.84,0.0,,,0,0,0,0,0,,0,0
1001,SHOOTING,CALFIRE-2008-00345,20080811,58,9,20.24,8.19,1.0,,,0,0,0,0,0,,0,0
1002,AETNA,CALFIRE-2008-00346,20080814,17,11,76.7,31.04,0.0,,,0,0,0,0,0,,0,0
1003,ELK,CALFIRE-2008-00347,20080814,54,7,588.97,238.35,0.0,,,0,0,0,0,0,,0,0
1004,RODEO,CALFIRE-2008-00348,20080814,54,7,463.08,187.4,0.0,,,0,0,0,0,0,,0,0
1005,BUCKHORN,CALFIRE-2008-00349,20080815,42,1,199.69,80.81,4.0,,,0,0,0,0,0,,0,0
1006,CAPELL,CALFIRE-2008-00350,20080815,17,14,110.4,44.68,0.0,,,0,0,0,0,0,,0,0
1007,MANZANITA,CALFIRE-2008-00351,20080815,42,1,53.16,21.51,0.0,,,0,0,0,0,0,,0,0
1008,ORCUTT,CALFIRE-2008-00352,20080815,40,1,40.25,16.29,0.0,,,0,0,0,0,0,,0,0
1009,OWL,CALFIRE-2008-00353,20080815,42,1,17.97,7.27,1.0,,,0,0,0,0,0,,0,0
1010,STEWART,CALFIRE-2008-00354,20080815,12,11,169.04,68.41,1.0,,,0,0,0,0,0,,0,0
1011,KERN,CALFIRE-2008-00355,20080816,15,1,48.35,19.57,79.0,,,0,0,0,0,0,,0,0
1012,MILLER,CALFIRE-2008-00356,20080816,45,1,62.69,25.37,1.0,,,0,0,0,0,0,,0,0
1013,TIOGA,CALFIRE-2008-00357,20080816,14,9,22.19,8.98,4.0,37.98667,-119.16361,0,0,0,0,0,,0,0
1014,JACK,CALFIRE-2008-00358,20080817,59,1,6067.5,2455.43,14.0,41.82667,-121.55944,0,0,0,0,0,,0,0
1015,SLINKARD,CALFIRE-2008-00359,20080817,47,1,379.51,153.58,58.0,,,0,0,0,0,0,,0,0
1016,SOUTH,CALFIRE-2008-00360,20080817,19,9,133.48,54.02,9.0,34.61028,-118.43917,0,0,0,0,0,,0,0
1017,LEVEE,CALFIRE-2008-00361,20080818,58,14,41.1,16.63,0.0,,,0,0,0,0,0,,0,0
1018,RED,CALFIRE-2008-00362,20080818,17,11,161.05,65.17,1.0,38.93667,-122.75556,0,0,0,0,0,,0,0
1019,VAIL,CALFIRE-2008-00363,20080818,37,10,134.97,54.62,0.0,33.46333,-116.95389,0,0,0,0,0,,0,0
1020,ISLAND,CALFIRE-2008-00364,20080822,17,7,45.72,18.5,1.0,,,0,0,0,0,0,,0,0
1021,BLUE,CALFIRE-2008-00365,20080825,36,9,41.92,16.96,0.0,41.56639,-123.82167,0,0,0,0,0,,0,0
1022,LOST,CALFIRE-2008-00366,20080826,19,8,167.12,67.63,0.0,,,0,0,0,0,0,,0,0
1023,TOPANGA,CALFIRE-2008-00367,20080826,19,10,1.01,0.41,0.0,,,0,0,0,0,0,,0,0
1024,OLINDA,CALFIRE-2008-00368,20080827,45,14,187.04,75.69,0.0,40.41222,-122.345,0,0,0,0,0,,0,0
1025,FINLEY,CALFIRE-2008-00369,20080830,58,7,102.85,41.62,11.0,39.41222,-121.31528,1,0,0,0,0,,0,0
1026,COPUS,CALFIRE-2008-00370,20080901,15,14,31.73,12.84,0.0,,,0,0,0,0,0,,0,0
1027,GLADDING,CALFIRE-2008-00371,20080901,31,7,1089.86,441.05,4.0,38.94611,-121.29306,16,0,0,0,0,,0,0
1028,MYRNA,CALFIRE-2008-00372,20080901,58,14,455.48,184.33,0.0,39.1025,-121.58778,5,0,0,0,0,,0,0
1029,PLANTZ,CALFIRE-2008-00373,20080901,58,14,10.03,4.06,0.0,,,0,0,0,0,0,,0,0
1030,SMITTY,CALFIRE-2008-00374,20080901,5,1,20.48,8.29,2.0,38.40667,-120.5175,5,0,0,0,0,,0,0
1031,SUNNY,CALFIRE-2008-00375,20080902,59,10,12.72,5.15,0.0,,,0,0,0,0,0,,0,0
1032,BURRO,CALFIRE-2008-00376,20080906,19,14,29.96,12.13,4.0,,,0,0,0,0,0,,0,0
1033,D,CALFIRE-2008-00377,20080906,19,14,64.28,26.01,,,,0,0,0,0,0,,0,0
1034,GARNET,CALFIRE-2008-00378,20080906,36,2,119.1,48.2,1.0,34.08083,-117.09917,0,0,0,0,0,,0,0
1035,PAINT,CALFIRE-2008-00379,20080906,19,2,32.22,13.04,0.0,,,0,0,0,0,0,,0,0
1036,COLONY,CALFIRE-2008-00380,20080907,12,7,154.66,62.59,1.0,40.27556,-123.73444,0,0,0,0,0,,0,0
1037,ELMORE,CALFIRE-2008-00381,20080907,45,7,343.27,138.92,7.0,40.845,-122.36333,0,0,0,0,0,,0,0
1038,GULCH,CALFIRE-2008-00382,20080907,45,2,2878.07,1164.71,4.0,40.36667,-122.935,0,0,0,0,0,,0,0
1039,RANCHERIA,CALFIRE-2008-00383,20080908,15,1,24.81,10.04,1.0,,,0,0,0,0,0,,0,0
1040,ISLAND,CALFIRE-2008-00384,20080909,25,1,60.37,24.43,0.0,,,0,0,0,0,0,,0,0
1041,HIDDEN,CALFIRE-2008-00385,20080910,59,1,3685.98,1491.66,28.0,36.60444,-118.85833,0,0,0,0,0,,0,0
1042,CASCADEL,CALFIRE-2008-00386,20080911,59,9,277.27,112.21,6.0,37.24722,-119.47333,0,0,0,0,0,,0,0
1043,OVERLOOK,CALFIRE-2008-00387,20080911,59,9,2.0,0.81,0.0,,,0,0,0,0,0,,0,0
1044,EMERALD,CALFIRE-2008-00388,20080912,36,6,61.34,24.82,0.0,34.40028,-116.92833,0,0,0,0,0,,0,0
1045,RIEGO,CALFIRE-2008-00389,20080912,58,14,26.46,10.71,0.0,,,0,0,0,0,0,,0,0
1046,OLIVER,CALFIRE-2008-00390,20080913,45,9,40.33,16.32,1.0,37.45111,-119.75333,0,0,0,0,0,,0,0
1047,EMPIRE,CALFIRE-2008-00391,20080916,47,9,44.86,18.15,4.0,,,0,0,0,0,0,,0,0
1048,MEADOWS,CALFIRE-2008-00392,20080916,45,1,17.12,6.93,0.0,,,0,0,0,0,0,,0,0
1049,RIDGE,CALFIRE-2008-00393,20080916,47,1,19.45,7.87,0.0,34.08722,-117.01139,0,0,0,0,0,,0,0
1050,ROCKY,CALFIRE-2008-00394,20080916,47,1,10.13,4.1,0.0,36.29722,-119.06583,0,0,0,0,0,,0,0
1051,WILLOW,CALFIRE-2008-00395,20080917,25,1,14.41,5.83,1.0,,,0,0,0,0,0,,0,0
1052,SPENCEVILLE,CALFIRE-2008-00396,20080921,58,9,14.1,5.71,0.0,,,0,0,0,0,0,,0,0
1053,CHALK,CALFIRE-2008-00397,20080927,42,9,16265.77,6582.53,33.0,35.99028,-121.43,0,0,0,0,0,,0,0
1054,KANAN,CALFIRE-2008-00398,20080927,19,14,2.02,0.82,0.0,,,0,0,0,0,0,,0,0
1055,REQUA,CALFIRE-2008-00399,20080927,59,4,60.01,24.29,6.0,,,0,0,0,0,0,,0,0
1056,DOME ROCK,CALFIRE-2008-00400,20080928,59,1,917.97,371.49,3.0,38.33722,-119.98694,0,0,0,0,0,,0,0
1057,CROSSOVER,CALFIRE-2008-00401,20081001,19,10,42.46,17.18,4.0,,,0,0,0,0,0,,0,0
1058,HALF,CALFIRE-2008-00402,20081001,45,7,59.08,23.91,2.0,,,0,0,0,0,0,,0,0
1059,BIG,CALFIRE-2008-00403,20081007,59,9,7.42,3.0,0.0,,,0,0,0,0,0,,0,0
1060,FRASIER,CALFIRE-2008-00404,20081007,40,10,16.85,6.82,0.0,,,0,0,0,0,0,,0,0
1061,BAY,CALFIRE-2008-00405,20081009,12,9,56.65,22.92,0.0,,,0,0,0,0,0,,0,0
1062,DEER,CALFIRE-2008-00406,20081010,28,10,233.1,94.33,2.0,38.52722,-122.47722,3,0,0,0,0,,0,0
1063,SUNSET,CALFIRE-2008-00407,20081011,58,10,49.58,20.06,0.0,,,0,0,0,0,0,,0,0
1064,MAREK,CALFIRE-2008-00408,20081012,19,14,4573.8,1850.95,8.0,34.29472,-118.36111,65,9,0,0,0,,0,0
1065,ANGEL ISLAND,CALFIRE-2008-00409,20081013,21,8,302.99,122.62,1.0,,,0,0,0,0,0,,0,0
1066,SESNON,CALFIRE-2008-00410,20081013,19,14,14701.31,5949.41,,34.30972,-118.60889,78,15,0,0,0,,0,0
1067,SHOCKEY,CALFIRE-2008-00411,20081014,37,14,131.36,53.16,0.0,32.63111,-116.43639,0,1,0,0,0,,0,0
1068,LA JOLLA,CALFIRE-2008-00412,20081015,56,14,22.35,9.04,0.0,34.07056,-119.01194,0,0,0,0,0,,0,0
1069,MOSES,CALFIRE-2008-00413,20081015,15,1,231.57,93.71,16.0,,,0,0,0,0,0,,0,0
1070,HIGHWAY_198,CALFIRE-2008-00414,20081017,27,10,102.6,41.52,0.0,,,0,0,0,0,0,,0,0
1071,LEDEIT,CALFIRE-2008-00415,20081020,43,18,312.48,126.46,1.0,,,0,0,0,0,0,,0,0
1072,FOXBOROUGH,CALFIRE-2008-00416,20081022,36,8,324.43,131.29,0.0,34.17,-117.48333,0,0,0,0,0,,0,0
1073,SAN ANTONIO,CALFIRE-2008-00417,20081023,36,2,210.61,85.23,0.0,34.15028,-117.66111,0,0,0,0,0,,0,0
1074,SEPULVEDA,CALFIRE-2008-00418,20081023,59,14,64.82,26.23,0.0,,,0,0,0,0,0,,0,0
1075,JOHNSON,CALFIRE-2008-00419,20081027,59,4,23.83,9.64,1.0,,,0,0,0,0,0,,0,0
1076,GREENTHIN,CALFIRE-2008-00420,20081029,47,9,22.27,9.01,2.0,,,0,0,0,0,0,,0,0
1077,NORTH,CALFIRE-2008-00421,20081112,59,5,43.5,17.6,4.0,38.68944,-120.4125,0,0,0,0,0,,0,0
1078,TEA,CALFIRE-2008-00422,20081113,42,4,1946.34,787.66,5.0,,,210,9,0,0,0,,0,0
1079,CERRITO,CALFIRE-2008-00423,20081114,40,11,58.61,23.72,0.0,,,0,0,0,0,0,,0,0
1080,SAYRE,CALFIRE-2008-00424,20081114,19,14,11260.19,4556.84,21.0,34.31583,-118.41667,212,117,0,0,0,,0,0
1081,FREEWAY,CALFIRE-2008-00425,20081115,30,10,30305.23,12264.1,3.0,,,200,158,0,0,0,,0,0
1082,HIGHWAY,CALFIRE-2008-00426,20081120,40,11,23.75,9.61,0.0,,,0,0,0,0,0,,0,0
1083,YELLOW HILL,CALFIRE-2008-00427,20081121,59,14,1.78,0.72,0.0,,,0,0,0,0,0,,0,0
1084,POTRERO,CALFIRE-2008-00428,20081208,56,14,0.49,0.2,0.0,,,0,0,0,0,0,,0,0
1085,GRANDE,CALFIRE-2008-00429,20081209,59,14,15.27,6.18,0.0,,,0,0,0,0,0,,0,0
1086,AUBERRY,CALFIRE-2008-00430,20080701,10,2,9.36,3.79,,,,0,0,0,0,0,,0,0
1087,AVENAL,CALFIRE-2008-00431,20080701,10,7,945.33,382.56,,35.96389,-120.10778,0,0,0,0,0,,0,0
1088,AVOCADO,CALFIRE-2008-00432,20080701,10,11,1175.2,475.59,,36.7825,-119.36444,0,0,0,0,0,,0,0
1089,COLEMAN 1,CALFIRE-2008-00433,20080701,45,14,155.26,62.83,,,,0,0,0,0,0,,0,0
1090,DEDRICK,CALFIRE-2008-00434,20080701,45,1,38.87,15.73,,,,0,0,0,0,0,,0,0
1091,EAST,CALFIRE-2008-00435,20080701,45,1,39.8,16.1,,,,0,0,0,0,0,,0,0
1092,GATOS,CALFIRE-2008-00436,20080701,10,7,330.68,133.82,,36.20889,-120.39111,0,0,0,0,0,,0,0
1093,H. RANCH,CALFIRE-2008-00437,20080701,23,1,100.44,40.65,,,,0,0,0,0,0,,0,0
1094,MADSEN,CALFIRE-2008-00438,20080701,10,2,27.6,11.17,,,,0,0,0,0,0,,0,0
1095,RUSTY,CALFIRE-2008-00439,20080701,10,7,100.44,40.65,,,,0,0,0,0,0,,0,0
1096,EAST FORK,CALFIRE-2009-00001,20090107,45,14,7.52,3.04,,,,0,0,0,0,0,,0,0
1097,JERUSALEM,CALFIRE-2009-00002,20090107,45,14,29.67,12.01,,,,0,0,0,0,0,,0,0
1098,LITTLE,CALFIRE-2009-00003,20090113,12,18,28.93,11.71,0.0,,,0,0,0,0,0,,0,0
1099,RIVER,CALFIRE-2009-00004,20090114,12,5,33.32,13.48,0.0,,,0,0,0,0,0,,0,0
1100,RANCH,CALFIRE-2009-00005,20090115,12,18,124.54,50.4,1.0,,,0,0,0,0,0,,0,0
1101,VALLEY,CALFIRE-2009-00006,20090116,12,5,24.98,10.11,0.0,,,0,0,0,0,0,,0,0
1102,FORT,CALFIRE-2009-00007,20090205,36,18,943.45,381.8,2.0,35.89111,-118.19056,0,0,0,0,0,,0,0
1103,GRANDE IC,CALFIRE-2009-00008,20090302,33,5,67.67,27.38,1.0,,,0,0,0,0,0,,0,0
1104,BUCKLEY,CALFIRE-2009-00009,20090321,36,7,45.45,18.39,1.0,,,0,0,0,0,0,,0,0
1105,PERCH,CALFIRE-2009-00010,20090323,47,5,59.49,24.08,1.0,,,0,0,0,0,0,,0,0
1106,RIVERBOTTOM,CALFIRE-2009-00011,20090329,58,14,83.01,33.59,2.0,,,0,0,0,0,0,,0,0
1107,TRAM,CALFIRE-2009-00012,20090403,33,9,49.94,20.21,0.0,,,0,0,0,0,0,,0,0
1108,LOCKWOOD,CALFIRE-2009-00013,20090408,42,9,33.8,13.68,14.0,34.79861,-119.02667,0,0,0,0,0,,0,0
1109,MIDWAY,CALFIRE-2009-00014,20090417,15,2,111.61,45.17,,,,0,0,0,0,0,,0,0
1110,HOPEFUL,CALFIRE-2009-00015,20090418,45,5,10.65,4.31,0.0,,,0,0,0,0,0,,0,0
1111,HILL,CALFIRE-2009-00016,20090420,31,9,25.31,10.24,4.0,,,0,0,0,0,0,,0,0
1112,MILFORD GRADE,CALFIRE-2009-00017,20090422,32,1,284.45,115.11,0.0,,,0,0,0,0,0,,0,0
1113,BRECKENRIDGE,CALFIRE-2009-00018,20090424,15,14,14.44,5.84,0.0,,,0,0,0,0,0,,0,0
1114,CLARK,CALFIRE-2009-00019,20090428,40,2,23.42,9.48,0.0,,,0,0,0,0,0,,0,0
1115,JESUSITA,CALFIRE-2009-00020,20090505,42,2,8734.0,3534.53,12.0,34.46556,-119.72333,160,17,0,30,0,,0,0
1116,PARK 2,CALFIRE-2009-00021,20090507,36,14,72.87,29.49,1.0,,,0,0,0,0,0,,0,0
1117,EE RANCH,CALFIRE-2009-00022,20090509,19,2,6.03,2.44,0.0,,,0,0,0,0,0,,0,0
1118,ROUND,CALFIRE-2009-00023,20090509,15,10,367.25,148.62,46.0,,,0,0,0,0,0,,0,0
1119,STEEP,CALFIRE-2009-00024,20090510,19,2,29.46,11.92,0.0,,,0,0,0,0,0,,0,0
1120,MUSTANG,CALFIRE-2009-00025,20090513,43,5,764.47,309.37,3.0,37.22389,-121.335,0,0,0,0,0,,0,0
1121,OAK,CALFIRE-2009-00026,20090513,15,11,30.85,12.49,0.0,,,0,0,0,0,0,,0,0
1122,PIEDRA,CALFIRE-2009-00027,20090514,10,11,8.23,3.33,0.0,,,0,0,0,0,0,,0,0
1123,CLARIBEL,CALFIRE-2009-00028,20090515,5,7,74.9,30.31,1.0,,,0,0,0,0,0,,0,0
1124,KECKS,CALFIRE-2009-00029,20090517,15,14,29.51,11.94,0.0,,,0,0,0,0,0,,0,0
1125,BELOTTA,CALFIRE-2009-00030,20090518,5,14,57.74,23.37,0.0,,,0,0,0,0,0,,0,0
1126,COTTONWOOD,CALFIRE-2009-00031,20090518,59,1,93.85,37.98,7.0,34.18361,-117.53556,0,0,0,0,0,,0,0
1127,VALENTE,CALFIRE-2009-00032,20090518,5,7,75.87,30.7,0.0,,,0,0,0,0,0,,0,0
1128,VALLEY,CALFIRE-2009-00033,20090518,19,3,130.8,52.93,0.0,,,0,0,0,0,0,,0,0
1129,WILLOW 3,CALFIRE-2009-00034,20090522,37,14,54.52,22.07,1.0,,,0,0,0,0,0,,0,0
1130,ALISO,CALFIRE-2009-00035,20090524,42,5,423.25,171.28,1.0,,,0,0,0,0,0,,0,0
1131,LOST HORSE,CALFIRE-2009-00036,20090524,36,14,450.76,182.41,9.0,33.94083,-116.13306,0,0,0,0,0,,0,0
1132,PALA 4,CALFIRE-2009-00037,20090524,37,14,106.12,42.94,1.0,,,0,0,0,0,0,,0,0
1133,WEST WISE,CALFIRE-2009-00038,20090525,58,14,15.64,6.33,0.0,,,0,0,0,0,0,,0,0
1134,FRANK,CALFIRE-2009-00039,20090526,15,2,168.59,68.23,0.0,,,0,0,0,0,0,,0,0
1135,GRAVE,CALFIRE-2009-00040,20090528,19,14,262.09,106.06,0.0,,,0,0,0,0,0,,0,0
1136,KONDA 2,CALFIRE-2009-00041,20090528,54,1,0.73,0.3,1.0,,,0,0,0,0,0,,0,0
1137,KONDA 3,CALFIRE-2009-00042,20090528,54,1,65.09,26.34,1.0,,,0,0,0,0,0,,0,0
1138,LIGHTNING 1,CALFIRE-2009-00043,20090528,54,1,294.6,119.22,1.0,,,0,0,0,0,0,,0,0
1139,QEUDOW,CALFIRE-2009-00044,20090528,54,1,39.91,16.15,1.0,,,0,0,0,0,0,,0,0
1140,KONDA 4,CALFIRE-2009-00045,20090529,54,1,3.18,1.29,1.0,,,0,0,0,0,0,,0,0
1141,POTHOLES,CALFIRE-2009-00046,20090529,54,1,2.8,1.13,1.0,,,0,0,0,0,0,,0,0
1142,GROUSE,CALFIRE-2009-00047,20090530,59,1,3039.93,1230.22,42.0,37.69083,-119.68361,0,0,0,0,0,,0,0
1143,WHITE RIVER,CALFIRE-2009-00048,20090530,54,1,4.92,1.99,1.0,,,0,0,0,0,0,,0,0
1144,BITTER,CALFIRE-2009-00049,20090531,15,10,353.0,142.86,0.0,,,0,0,0,0,0,,0,0
1145,AUBERY,CALFIRE-2009-00050,20090602,10,3,31.32,12.67,0.0,,,0,0,0,0,0,,0,0
1146,BALD,CALFIRE-2009-00051,20090602,54,1,1.92,0.78,1.0,,,0,0,0,0,0,,0,0
1147,GIBBON,CALFIRE-2009-00052,20090602,54,1,25.16,10.18,0.0,,,0,0,0,0,0,,0,0
1148,LIGHTNING 2,CALFIRE-2009-00053,20090602,54,1,22.27,9.01,0.0,,,0,0,0,0,0,,0,0
1149,LIGHTNING 3,CALFIRE-2009-00054,20090602,54,1,0.64,0.26,0.0,,,0,0,0,0,0,,0,0
1150,ROUND VALLEY 1,CALFIRE-2009-00055,20090602,54,1,2.94,1.19,0.0,,,0,0,0,0,0,,0,0
1151,ROUND VALLEY 2,CALFIRE-2009-00056,20090602,54,1,1.69,0.68,0.0,,,0,0,0,0,0,,0,0
1152,TRUBLOOD 1,CALFIRE-2009-00057,20090602,54,1,0.34,0.14,0.0,,,0,0,0,0,0,,0,0
1153,TRUBLOOD 2,CALFIRE-2009-00058,20090602,54,1,19.27,7.8,0.0,,,0,0,0,0,0,,0,0
1154,CHINA,CALFIRE-2009-00059,20090603,15,1,94.07,38.07,0.0,,,0,0,0,0,0,,0,0
1155,MCKINLEY,CALFIRE-2009-00060,20090603,36,1,166.4,67.34,0.0,,,0,0,0,0,0,,0,0
1156,TERREBONNE,CALFIRE-2009-00061,20090603,19,1,19.09,7.72,1.0,,,0,0,0,0,0,,0,0
1157,G,CALFIRE-2009-00062,20090604,19,14,215.08,87.04,0.0,,,0,0,0,0,0,,0,0
1158,INTERLAKE,CALFIRE-2009-00063,20090604,27,11,30.36,12.29,0.0,,,0,0,0,0,0,,0,0
1159,BASELINE,CALFIRE-2009-00064,20090607,36,8,43.9,17.76,0.0,,,0,0,0,0,0,,0,0
1160,BASELINE,CALFIRE-2009-00065,20090607,58,14,47.66,19.29,0.0,,,0,0,0,0,0,,0,0
1161,HARDEN,CALFIRE-2009-00066,20090608,59,1,1653.49,669.14,33.0,37.89361,-119.70361,0,0,0,0,0,,0,0
1162,CHALONE,CALFIRE-2009-00067,20090609,27,10,65.14,26.36,2.0,,,0,0,0,0,0,,0,0
1163,VALLEY,CALFIRE-2009-00068,20090611,10,7,43.96,17.79,0.0,,,0,0,0,0,0,,0,0
1164,SARGENTS 2,CALFIRE-2009-00069,20090613,27,11,33.99,13.76,0.0,,,0,0,0,0,0,,0,0
1165,SHOTGUN,CALFIRE-2009-00070,20090617,15,1,1333.44,539.62,117.0,36.33639,-118.53556,0,0,0,0,0,,0,0
1166,SLUMP,CALFIRE-2009-00071,20090618,15,14,50.11,20.28,0.0,,,0,0,0,0,0,,0,0
1167,132,CALFIRE-2009-00072,20090619,5,9,49.92,20.2,0.0,,,0,0,0,0,0,,0,0
1168,EXPLOSIVES,CALFIRE-2009-00073,20090619,43,11,1988.68,804.79,0.0,,,0,0,0,0,0,,0,0
1169,COFFEE,CALFIRE-2009-00074,20090621,15,9,45.03,18.22,3.0,36.14917,-118.74722,0,0,0,0,0,,0,0
1170,PARKWAY,CALFIRE-2009-00075,20090622,15,11,689.9,279.19,0.0,34.97528,-118.94806,0,0,0,0,0,,0,0
1171,SIMS,CALFIRE-2009-00076,20090623,47,9,169.82,68.72,0.0,41.87444,-123.28944,0,0,0,0,0,,0,0
1172,BOULDER2,CALFIRE-2009-00077,20090624,15,9,11.5,4.65,0.0,,,0,0,0,0,0,,0,0
1173,ROCKY,CALFIRE-2009-00078,20090624,15,15,188.39,76.24,0.0,35.1,-118.04444,1,1,0,0,0,,0,0
1174,NELSON,CALFIRE-2009-00079,20090625,58,7,71.27,28.84,0.0,,,0,0,0,0,0,,0,0
1175,ROCK,CALFIRE-2009-00080,20090626,5,9,409.0,165.52,2.0,,,0,0,0,0,0,,0,0
1176,WAVERLEY,CALFIRE-2009-00081,20090626,5,9,93.84,37.98,1.0,,,0,0,0,0,0,,0,0
1177,SARGENTS,CALFIRE-2009-00082,20090627,27,2,23.96,9.7,0.0,,,0,0,0,0,0,,0,0
1178,BLUE,CALFIRE-2009-00083,20090628,15,10,17.2,6.96,1.0,34.95917,-118.63472,0,0,0,0,0,,0,0
1179,FAIRVEW,CALFIRE-2009-00084,20090628,15,9,114.96,46.52,0.0,,,0,0,0,0,0,,0,0
1180,STATE PARK,CALFIRE-2009-00085,20090628,19,14,141.55,57.28,1.0,,,0,0,0,0,0,,0,0
1181,LION,CALFIRE-2009-00086,20090629,15,1,2577.45,1043.06,109.0,,,0,0,0,0,0,,0,0
1182,RUMSEY,CALFIRE-2009-00087,20090629,57,2,677.44,274.15,3.0,38.91694,-122.31444,3,0,0,0,0,,0,0
1183,ISLAND,CALFIRE-2009-00088,20090701,19,2,61.48,24.88,0.0,34.49972,-118.625,0,0,0,0,0,,0,0
1184,LT-17(BACKBONE),CALFIRE-2009-00089,20090701,12,1,5193.64,2101.79,64.0,,,0,0,0,0,0,,0,0
1185,REDSPOT,CALFIRE-2009-00090,20090701,45,1,1129.54,457.11,25.0,,,0,0,0,0,0,,0,0
1186,TRINITY,CALFIRE-2009-00091,20090701,45,1,391.45,158.41,25.0,41.04583,-123.41639,0,0,0,0,0,,0,0
1187,DE LUZ,CALFIRE-2009-00092,20090702,33,14,93.48,37.83,1.0,,,0,0,0,0,0,,0,0
1188,QUAIL,CALFIRE-2009-00093,20090702,15,14,38.69,15.66,0.0,,,0,0,0,0,0,,0,0
1189,AGER,CALFIRE-2009-00094,20090705,47,9,3.35,1.36,0.0,,,0,0,0,0,0,,0,0
1190,FIDDYMENT,CALFIRE-2009-00095,20090705,58,14,70.49,28.53,0.0,,,0,0,0,0,0,,0,0
1191,MANZANITA,CALFIRE-2009-00096,20090705,58,14,10.36,4.19,20.0,,,0,0,0,0,0,,0,0
1192,TUJUNGA,CALFIRE-2009-00097,20090705,19,1,210.56,85.21,4.0,,,0,0,0,0,0,,0,0
1193,CAMERON,CALFIRE-2009-00098,20090706,15,14,208.32,84.3,0.0,35.05333,-118.36333,0,0,0,0,0,,0,0
1194,DEER,CALFIRE-2009-00099,20090706,59,14,330.16,133.61,15.0,,,0,0,0,0,0,,0,0
1195,CHOLAME,CALFIRE-2009-00100,20090707,40,10,0.83,0.34,0.0,,,0,0,0,0,0,,0,0
1196,ELM,CALFIRE-2009-00101,20090707,36,9,348.36,140.98,0.0,33.89806,-116.75444,0,0,0,0,0,,0,0
1197,MT ST MARYS,CALFIRE-2009-00102,20090708,19,2,35.07,14.19,0.0,,,0,0,0,0,0,,0,0
1198,RABBIT,CALFIRE-2009-00103,20090708,33,9,59.53,24.09,0.0,33.93528,-117.03694,0,0,0,0,0,,0,0
1199,OMEGA,CALFIRE-2009-00104,20090709,47,2,40.12,16.24,0.0,,,0,0,0,0,0,,0,0
1200,PERRY,CALFIRE-2009-00105,20090710,15,7,25.42,10.29,0.0,,,0,0,0,0,0,,0,0
1201,SAND,CALFIRE-2009-00106,20090710,10,2,17.28,6.99,0.0,,,0,0,0,0,0,,0,0
1202,GOLF,CALFIRE-2009-00107,20090711,19,14,88.33,35.75,0.0,,,0,0,0,0,0,,0,0
1203,LAMB,CALFIRE-2009-00108,20090711,15,10,288.14,116.6,0.0,,,0,0,0,0,0,,0,0
1204,SULPHUR,CALFIRE-2009-00109,20090711,42,9,468.48,189.59,9.0,34.695,-119.28556,0,0,0,0,0,,0,0
1205,MARSHALL,CALFIRE-2009-00110,20090712,19,14,14.13,5.72,0.0,,,0,0,0,0,0,,0,0
1206,MORGAN,CALFIRE-2009-00111,20090713,10,7,29.26,11.84,0.0,,,0,0,0,0,0,,0,0
1207,OSITO,CALFIRE-2009-00112,20090713,19,2,332.04,134.37,0.0,34.62194,-118.71722,0,0,0,0,0,,0,0
1208,PARK,CALFIRE-2009-00113,20090714,19,8,1.5,0.61,0.0,,,0,0,0,0,0,,0,0
1209,HOWLAND,CALFIRE-2009-00114,20090715,32,4,154.49,62.52,5.0,39.69444,-120.93889,0,0,0,0,0,,0,0
1210,JORDAN,CALFIRE-2009-00115,20090715,4,5,24.43,9.89,1.0,39.82417,-121.55556,0,0,0,0,0,,0,0
1211,MAMMOTH,CALFIRE-2009-00116,20090715,58,9,642.65,260.07,1.0,38.92222,-121.00417,0,0,0,0,0,,0,0
1212,PANTHER,CALFIRE-2009-00117,20090717,12,14,5.3,2.14,0.0,40.32917,-124.05444,0,0,0,0,0,,0,0
1213,PARADISE,CALFIRE-2009-00118,20090717,19,10,11.78,4.77,0.0,,,0,0,0,0,0,,0,0
1214,SLOAN,CALFIRE-2009-00119,20090717,19,10,81.81,33.11,0.0,,,0,0,0,0,0,,0,0
1215,WRANGLER,CALFIRE-2009-00120,20090717,15,14,17.05,6.9,2.0,,,0,0,0,0,0,,0,0
1216,BLACKJACK,CALFIRE-2009-00121,20090718,14,1,270.9,109.63,38.0,,,0,0,0,0,0,,0,0
1217,FORKS,CALFIRE-2009-00122,20090718,14,1,2811.13,1137.63,6.0,37.27444,-118.58583,0,0,0,0,0,,0,0
1218,N. GLASS,CALFIRE-2009-00123,20090718,14,1,90.76,36.73,1.0,,,0,0,0,0,0,,0,0
1219,SPOOK,CALFIRE-2009-00124,20090718,14,1,13.53,5.48,2.0,,,0,0,0,0,0,,0,0
1220,CANYON,CALFIRE-2009-00125,20090719,19,2,38.45,15.56,0.0,,,0,0,0,0,0,,0,0
1221,HORSE,CALFIRE-2009-00126,20090719,59,1,664.12,268.76,85.0,36.38694,-118.64389,0,0,0,0,0,,0,0
1222,LAKE,CALFIRE-2009-00127,20090719,40,11,123.06,49.8,1.0,,,0,0,0,0,0,,0,0
1223,TENNANT,CALFIRE-2009-00128,20090719,47,2,3183.84,1288.45,5.0,41.67806,-122.06889,3,0,0,0,0,,0,0
1224,DYER,CALFIRE-2009-00129,20090720,58,14,262.28,106.14,0.0,38.73778,-121.39861,0,0,0,0,0,,0,0
1225,GRANITE,CALFIRE-2009-00130,20090720,15,1,1397.01,565.35,105.0,,,0,0,0,0,0,,0,0
1226,SPRING,CALFIRE-2009-00131,20090720,58,14,17.0,6.88,0.0,,,0,0,0,0,0,,0,0
1227,LAKE,CALFIRE-2009-00132,20090722,15,9,70.66,28.6,0.0,,,0,0,0,0,0,,0,0
1228,NACIMIENTO,CALFIRE-2009-00133,20090723,40,14,42.8,17.32,0.0,,,0,0,0,0,0,,0,0
1229,49,CALFIRE-2009-00134,20090726,22,14,51.82,20.97,1.0,37.69833,-120.18528,0,0,0,0,0,,0,0
1230,KNIGHT,CALFIRE-2009-00135,20090726,59,9,6129.38,2480.47,26.0,38.18,-120.25389,0,0,0,0,0,,0,0
1231,JONES,CALFIRE-2009-00136,20090728,45,1,39.1,15.82,82.0,,,0,0,0,0,0,,0,0
1232,LOWER,CALFIRE-2009-00137,20090728,45,1,16.24,6.57,4.0,,,0,0,0,0,0,,0,0
1233,SPRINGS,CALFIRE-2009-00138,20090728,15,14,71.07,28.76,0.0,,,0,0,0,0,0,,0,0
1234,WILDCAT,CALFIRE-2009-00139,20090728,59,1,1292.37,523.01,77.0,37.93694,-119.49028,0,0,0,0,0,,0,0
1235,GRANITE,CALFIRE-2009-00140,20090729,59,1,2.08,0.84,1.0,,,0,0,0,0,0,,0,0
1236,FLAT,CALFIRE-2009-00141,20090730,25,1,62.11,25.14,4.0,,,0,0,0,0,0,,0,0
1237,ISLAND,CALFIRE-2009-00142,20090730,12,10,40.27,16.29,3.0,34.49972,-118.625,0,0,0,0,0,,0,0
1238,LODGE,CALFIRE-2009-00143,20090730,10,14,30.24,12.24,0.0,37.03556,-119.49222,0,0,0,0,0,,0,0
1239,ORTEGA 2,CALFIRE-2009-00144,20090730,59,2,11.62,4.7,1.0,,,0,0,0,0,0,,0,0
1240,SNOWSTORM,CALFIRE-2009-00145,20090730,18,1,17.63,7.14,3.0,,,0,0,0,0,0,,0,0
1241,UPPER,CALFIRE-2009-00146,20090731,25,1,34.91,14.13,5.0,,,0,0,0,0,0,,0,0
1242,BACKBONE,CALFIRE-2009-00147,20090801,45,1,149.13,60.35,4.0,41.04,-123.46361,0,0,0,0,0,,0,0
1243,BROWN,CALFIRE-2009-00148,20090801,45,1,1833.16,741.86,25.0,,,0,0,0,0,0,,0,0
1244,BUTTE,CALFIRE-2009-00149,20090801,45,1,89.1,36.06,25.0,,,0,0,0,0,0,,0,0
1245,CHALK,CALFIRE-2009-00150,20090801,45,1,6846.62,2770.73,31.0,,,0,0,0,0,0,,0,0
1246,DODGE,CALFIRE-2009-00151,20090801,18,1,81.57,33.01,0.0,,,0,0,0,0,0,,0,0
1247,GOOSE,CALFIRE-2009-00152,20090801,45,1,3948.91,1598.07,80.0,,,0,0,0,0,0,,0,0
1248,GROUSE,CALFIRE-2009-00153,20090801,25,1,19.44,7.87,1.0,37.69083,-119.68361,0,0,0,0,0,,0,0
1249,MCCLOUD,CALFIRE-2009-00154,20090801,45,1,0.76,0.31,16.0,,,0,0,0,0,0,,0,0
1250,MENDIBOUREAU,CALFIRE-2009-00155,20090801,18,1,1426.45,577.26,0.0,,,0,0,0,0,0,,0,0
1251,PONDEROSA,CALFIRE-2009-00156,20090801,42,9,351.24,142.14,12.0,35.995,-121.39722,0,0,0,0,0,,0,0
1252,PRISON,CALFIRE-2009-00157,20090801,45,1,175.01,70.82,1.0,,,0,0,0,0,0,,0,0
1253,RAIL,CALFIRE-2009-00158,20090801,25,1,68.26,27.63,0.0,,,0,0,0,0,0,,0,0
1254,SUGARLOAF,CALFIRE-2009-00159,20090801,45,1,9354.17,3785.5,11.0,,,0,0,0,0,0,,0,0
1255,WHALEBACK,CALFIRE-2009-00160,20090801,45,1,35.62,14.42,8.0,,,0,0,0,0,0,,0,0
1256,1-34,CALFIRE-2009-00161,20090802,45,1,19.3,7.81,15.0,,,0,0,0,0,0,,0,0
1257,CASSEL,CALFIRE-2009-00162,20090802,45,1,6098.19,2467.85,15.0,,,0,0,0,0,0,,0,0
1258,CAVE,CALFIRE-2009-00163,20090802,45,1,23.71,9.59,15.0,,,0,0,0,0,0,,0,0
1259,CLARK,CALFIRE-2009-00164,20090802,45,1,3.64,1.47,15.0,,,0,0,0,0,0,,0,0
1260,GOMEZ,CALFIRE-2009-00165,20090802,45,1,424.79,171.91,15.0,,,0,0,0,0,0,,0,0
1261,HARRINGTON,CALFIRE-2009-00166,20090802,47,1,141.9,57.42,38.0,41.68111,-123.68472,0,0,0,0,0,,0,0
1262,SADDLE,CALFIRE-2009-00167,20090802,32,9,37.51,15.18,1.0,,,0,0,0,0,0,,0,0
1263,VENTURE,CALFIRE-2009-00168,20090802,45,1,1.29,0.52,15.0,,,0,0,0,0,0,,0,0
1264,FAIRFIELD,CALFIRE-2009-00169,20090803,59,1,1662.09,672.63,58.0,40.52194,-121.35028,0,0,0,0,0,,0,0
1265,PECWAN,CALFIRE-2009-00170,20090805,12,14,9.85,3.98,1.0,,,0,0,0,0,0,,0,0
1266,CORRAL,CALFIRE-2009-00171,20090807,15,9,136.0,55.04,1.0,37.63194,-121.5375,0,0,0,0,0,,0,0
1267,LA BREA,CALFIRE-2009-00172,20090808,42,9,97815.31,39584.49,14.0,34.95,-119.9775,2,0,0,0,0,,0,0
1268,RIDGE,CALFIRE-2009-00173,20090810,15,10,10.2,4.13,0.0,33.41639,-117.4025,0,0,0,0,0,,0,0
1269,COFFIN,CALFIRE-2009-00174,20090812,45,7,1098.52,444.56,2.0,40.68694,-122.85889,0,0,0,0,0,,0,0
1270,LOCKHEED,CALFIRE-2009-00175,20090812,44,14,7783.06,3149.7,11.0,37.14194,-122.18722,13,1,0,0,0,,0,0
1271,SUMMIT,CALFIRE-2009-00176,20090812,17,4,287.07,116.17,13.0,39.34583,-122.75139,0,0,0,0,0,,0,0
1272,CORRAL,CALFIRE-2009-00177,20090813,43,9,12242.76,4954.47,7.0,37.63194,-121.5375,0,0,0,0,0,,0,0
1273,PALMER,CALFIRE-2009-00178,20090813,42,2,139.98,56.65,0.0,,,0,0,0,0,0,,0,0
1274,SAN JUAN,CALFIRE-2009-00179,20090813,30,9,7.67,3.1,0.0,,,0,0,0,0,0,,0,0
1275,VINTAGE,CALFIRE-2009-00180,20090814,56,9,112.47,45.51,0.0,34.32333,-119.34778,0,0,0,0,0,,0,0
1276,WILLOW,CALFIRE-2009-00181,20090815,15,14,82.14,33.24,0.0,35.06056,-118.36861,0,0,0,0,0,,0,0
1277,YUBA,CALFIRE-2009-00182,20090815,58,11,3828.63,1549.39,5.0,39.32167,-121.22361,2,0,0,0,0,,0,0
1278,ELEPHANT,CALFIRE-2009-00183,20090816,32,9,274.02,110.89,15.0,39.87639,-121.37222,0,0,0,0,0,,0,0
1279,MEHRTEN,CALFIRE-2009-00184,20090821,59,1,1.5,0.61,9.0,,,0,0,0,0,0,,0,0
1280,REDROCK,CALFIRE-2009-00185,20090821,47,9,1736.92,702.91,14.0,,,0,0,0,0,0,,0,0
1281,WILD,CALFIRE-2009-00186,20090821,45,7,26.82,10.85,5.0,,,0,0,0,0,0,,0,0
1282,ROMDELL,CALFIRE-2009-00187,20090822,19,14,5.43,2.2,0.0,,,0,0,0,0,0,,0,0
1283,SCHOOL,CALFIRE-2009-00188,20090824,15,10,66.59,26.95,0.0,,,0,0,0,0,0,,0,0
1284,GOODMAN,CALFIRE-2009-00189,20090825,12,2,12.51,5.06,0.0,,,0,0,0,0,0,,0,0
1285,MORRIS,CALFIRE-2009-00190,20090825,19,7,2236.5,905.08,97.0,34.18861,-117.87111,0,0,0,0,0,,0,0
1286,BIG MEADOW,CALFIRE-2009-00191,20090826,59,18,7553.22,3056.68,9.0,37.70472,-119.74917,0,0,0,0,0,,0,0
1287,BRYSON,CALFIRE-2009-00192,20090826,27,15,2256.83,913.31,2.0,35.84056,-121.04111,5,0,0,0,0,,0,0
1288,STATION,CALFIRE-2009-00193,20090826,19,7,160833.1,65086.9,27.0,34.25111,-118.19472,209,57,0,0,0,,0,0
1289,COTTONWOOD,CALFIRE-2009-00194,20090827,36,9,2410.62,975.54,4.0,34.18361,-117.53556,0,0,0,0,0,,0,0
1290,DAY,CALFIRE-2009-00195,20090827,18,2,852.8,345.12,3.0,41.09639,-121.26472,0,0,0,0,0,,0,0
1291,PV,CALFIRE-2009-00196,20090827,19,11,234.28,94.81,1.0,33.72944,-118.34278,2,3,0,0,0,,0,0
1292,BEALE,CALFIRE-2009-00197,20090828,58,14,281.34,113.86,0.0,,,0,0,0,0,0,,0,0
1293,FORESTHILL,CALFIRE-2009-00198,20090828,58,14,9.69,3.92,0.0,,,0,0,0,0,0,,0,0
1294,GLORIA,CALFIRE-2009-00199,20090828,27,9,6435.95,2604.54,11.0,36.52528,-121.37333,2,0,0,0,0,,0,0
1295,FOREST,CALFIRE-2009-00200,20090829,15,14,10.83,4.38,0.0,,,0,0,0,0,0,,0,0
1296,PACHECO,CALFIRE-2009-00201,20090829,43,10,1688.59,683.35,16.0,37.02194,-121.31833,0,0,0,0,0,,0,0
1297,FORTY NINE,CALFIRE-2009-00202,20090830,31,7,343.34,138.94,1.0,38.96583,-121.08111,77,37,0,0,0,,0,0
1298,OAK GLEN 3,CALFIRE-2009-00203,20090830,36,7,983.24,397.9,11.0,34.05194,-116.98667,2,1,0,0,0,,0,0
1299,PENDLETON,CALFIRE-2009-00204,20090831,36,7,838.7,339.41,3.0,34.03806,-117.02167,1,1,0,1,0,,0,0
1300,WOFFORD,CALFIRE-2009-00205,20090831,15,10,25.52,10.33,0.0,,,0,0,0,0,0,,0,0
1301,BLACK,CALFIRE-2009-00206,20090902,47,7,103.37,41.83,4.0,41.87472,-122.49611,0,0,0,0,0,,0,0
1302,CHECKPOINT,CALFIRE-2009-00207,20090904,37,9,43.86,17.75,0.0,,,0,0,0,0,0,,0,0
1303,ORTEGA 3,CALFIRE-2009-00208,20090904,37,9,16.49,6.67,0.0,,,0,0,0,0,0,,0,0
1304,CASITAS,CALFIRE-2009-00209,20090906,56,2,16.74,6.77,2.0,34.38528,-119.39056,0,0,0,0,0,,0,0
1305,OASIS,CALFIRE-2009-00210,20090907,17,4,1574.98,637.37,6.0,38.94833,-122.40917,0,0,0,0,0,,0,0
1306,BLUFF2,CALFIRE-2009-00211,20090910,33,9,140.04,56.67,1.0,,,0,0,0,0,0,,0,0
1307,BEAR,CALFIRE-2009-00212,20090911,10,7,35.13,14.22,1.0,36.72583,-119.37611,0,0,0,0,0,,0,0
1308,PRATT,CALFIRE-2009-00213,20090911,12,2,141.97,57.45,0.0,,,0,0,0,0,0,,0,0
1309,MAGNOLIA,CALFIRE-2009-00214,20090912,58,11,21.29,8.61,0.0,39.04972,-121.03528,0,0,0,0,0,,0,0
1310,MURPHYS,CALFIRE-2009-00215,20090912,59,1,13.77,5.57,6.0,,,0,0,0,0,0,,0,0
1311,PEAK,CALFIRE-2009-00216,20090912,15,4,50.49,20.43,4.0,36.01889,-118.55333,0,0,0,0,0,,0,0
1312,TELEGRAPH,CALFIRE-2009-00217,20090912,5,1,161.68,65.43,2.0,,,0,0,0,0,0,,0,0
1313,HAWK,CALFIRE-2009-00218,20090918,59,4,0.37,0.15,0.0,,,0,0,0,0,0,,0,0
1314,SILVER,CALFIRE-2009-00219,20090919,32,9,310.57,125.68,8.0,39.34583,-121.75139,0,0,0,0,0,,0,0
1315,VAIL,CALFIRE-2009-00220,20090919,33,10,398.35,161.21,1.0,33.47,-116.95333,15,0,0,0,0,,0,0
1316,PINE,CALFIRE-2009-00221,20090921,17,14,199.69,80.81,4.0,38.76528,-122.7575,0,0,0,0,0,,0,0
1317,GUIBERSON,CALFIRE-2009-00222,20090922,56,14,17526.69,7092.81,2.0,34.37222,-118.865,4,0,0,0,0,,0,0
1318,CRAFTON,CALFIRE-2009-00223,20090923,36,14,348.14,140.89,4.0,34.03417,-117.08583,0,0,0,0,0,,0,0
1319,HILLSIDE,CALFIRE-2009-00224,20090925,19,14,96.75,39.15,1.0,,,0,0,0,0,0,,0,0
1320,SWIFT,CALFIRE-2009-00225,20090926,45,9,15.42,6.24,3.0,,,0,0,0,0,0,,0,0
1321,LOST GROVE,CALFIRE-2009-00226,20090927,59,4,6.14,2.48,0.0,,,0,0,0,0,0,,0,0
1322,POWER,CALFIRE-2009-00227,20090927,15,9,289.25,117.05,2.0,36.15806,-118.71139,0,0,0,0,0,,0,0
1323,AHPAH,CALFIRE-2009-00228,20090928,12,14,5.25,2.13,4.0,,,0,0,0,0,0,,0,0
1324,HIGHWAY 178,CALFIRE-2009-00229,20090929,15,14,15.6,6.31,0.0,,,0,0,0,0,0,,0,0
1325,MCCOURTNEY,CALFIRE-2009-00230,20090929,58,14,9.33,3.77,0.0,,,0,0,0,0,0,,0,0
1326,GILLETTE,CALFIRE-2009-00231,20090930,59,2,1.01,0.41,0.0,,,0,0,0,0,0,,0,0
1327,HIGHWAY,CALFIRE-2009-00232,20090930,59,11,562.13,227.49,3.0,35.99139,-121.49417,0,0,0,0,0,,0,0
1328,SUNSET,CALFIRE-2009-00233,20090930,58,10,93.79,37.96,0.0,,,0,0,0,0,0,,0,0
1329,FRENCH,CALFIRE-2009-00234,20091001,12,14,27.42,11.1,1.0,,,0,0,0,0,0,,0,0
1330,BANNING,CALFIRE-2009-00235,20091003,33,9,22.36,9.05,0.0,,,0,0,0,0,0,,0,0
1331,IAGUA,CALFIRE-2009-00236,20091003,12,2,148.01,59.9,3.0,,,0,0,0,0,0,,0,0
1332,SHEEP,CALFIRE-2009-00237,20091003,36,9,7237.87,2929.07,21.0,34.31694,-117.50333,5,0,0,8,0,,0,0
1333,RANCHO,CALFIRE-2009-00238,20091004,56,9,56.45,22.85,0.0,34.17333,-118.85917,0,0,0,0,0,,0,0
1334,RANCHO,CALFIRE-2009-00239,20091005,15,14,11.53,4.66,0.0,34.17333,-118.85917,0,0,0,0,0,,0,0
1335,MILL CREEK 4,CALFIRE-2009-00240,20091007,59,9,2831.12,1145.72,42.0,,,0,0,0,0,0,,0,0
1336,KNEELAND,CALFIRE-2009-00241,20091008,12,1,25.68,10.39,1.0,,,0,0,0,0,0,,0,0
1337,COVE,CALFIRE-2009-00242,20091009,47,5,6.2,2.51,0.0,,,0,0,0,0,0,,0,0
1338,WILSON BRANCH 1,CALFIRE-2009-00243,20091009,12,14,34.73,14.06,5.0,,,0,0,0,0,0,,0,0
1339,WILSON BRANCH 2,CALFIRE-2009-00244,20091009,12,14,289.6,117.2,5.0,,,0,0,0,0,0,,0,0
1340,SMOKEY,CALFIRE-2009-00245,20091010,19,2,18.62,7.54,0.0,,,0,0,0,0,0,,0,0
1341,TALL,CALFIRE-2009-00246,20091010,59,14,4.99,2.02,2.0,,,0,0,0,0,0,,0,0
1342,LOMA,CALFIRE-2009-00247,20091025,44,14,669.4,270.9,2.0,37.09694,-121.84639,3,0,0,0,0,,0,0
1343,BEAR,CALFIRE-2009-00248,20091029,15,14,236.96,95.89,0.0,36.72583,-119.37611,0,0,0,0,0,,0,0
1344,DIAMOND,CALFIRE-2009-00249,20091103,19,10,155.28,62.84,1.0,,,0,0,0,0,0,,0,0
1345,HIGHWAY,CALFIRE-2009-00250,20091108,40,11,83.74,33.89,0.0,35.99139,-121.49417,0,0,0,0,0,,0,0
1346,YELLOWJACKET,CALFIRE-2009-00251,20091115,42,2,14.72,5.96,3.0,,,0,0,0,0,0,,0,0
1347,ORTEGA,CALFIRE-2009-00252,20091116,30,2,141.98,57.46,1.0,33.595,-117.48333,0,0,0,0,0,,0,0
1348,TENAJA,CALFIRE-2010-00001,20100114,37,5,109.52,44.32,0.0,33.61861,-117.42389,0,0,0,0,0,,0,0
1349,BRAMLETTE,CALFIRE-2010-00002,20100324,15,1,98.15,39.72,3.0,,,0,0,0,0,0,,0,0
1350,COALINGA,CALFIRE-2010-00003,20100328,27,5,22.46,9.09,0.0,36.29111,-120.69111,0,0,0,0,0,,0,0
1351,RY,CALFIRE-2010-00004,20100331,47,11,7.2,2.91,0.0,,,0,0,0,0,0,,0,0
1352,WILDLIFE,CALFIRE-2010-00005,20100501,59,7,8.68,3.51,0.0,,,0,0,0,0,0,,0,0
1353,CORTEZ,CALFIRE-2010-00006,20100503,15,1,5.56,2.25,1.0,,,0,0,0,0,0,,0,0
1354,FAY,CALFIRE-2010-00007,20100505,15,2,102.23,41.37,1.0,35.76417,-118.29306,1,0,0,0,0,,0,0
1355,BALLOON,CALFIRE-2010-00008,20100508,59,7,223.43,90.42,0.0,,,0,0,0,0,0,,0,0
1356,ISABELLA,CALFIRE-2010-00009,20100508,15,8,7.98,3.23,2.0,,,0,0,0,0,0,,0,0
1357,PACIFIC,CALFIRE-2010-00010,20100508,36,7,46.97,19.01,0.0,,,0,0,0,0,0,,0,0
1358,PEDLEY,CALFIRE-2010-00011,20100512,33,2,717.22,290.25,1.0,34.01944,-117.48556,0,0,0,0,0,,0,0
1359,COTTON,CALFIRE-2010-00012,20100515,15,2,2037.97,824.74,5.0,35.05167,-119.57611,0,0,0,0,0,,0,0
1360,METSON,CALFIRE-2010-00013,20100515,15,9,330.07,133.57,0.0,,,0,0,0,0,0,,0,0
1361,WASH,CALFIRE-2010-00014,20100515,15,2,947.43,383.41,0.0,,,0,0,0,0,0,,0,0
1362,MCKINLEY,CALFIRE-2010-00015,20100520,33,2,1028.21,416.1,2.0,33.87528,-117.50583,0,0,0,0,0,,0,0
1363,SLAUGHTERHOUSE,CALFIRE-2010-00016,20100525,37,14,55.16,22.32,0.0,,,0,0,0,0,0,,0,0
1364,FAIRVIEW,CALFIRE-2010-00017,20100526,33,2,63.68,25.77,1.0,33.71667,-116.89306,0,0,0,0,0,,0,0
1365,ALLENSWORTH,CALFIRE-2010-00018,20100528,15,14,25.83,10.45,0.0,,,0,0,0,0,0,,0,0
1366,DEER CREEK,CALFIRE-2010-00019,20100529,59,11,3.63,1.47,0.0,,,0,0,0,0,0,,0,0
1367,GILMER,CALFIRE-2010-00020,20100531,33,14,31.6,12.79,0.0,,,0,0,0,0,0,,0,0
1368,SCOTT,CALFIRE-2010-00021,20100531,33,14,44.05,17.83,0.0,34.83472,-119.00167,0,0,0,0,0,,0,0
1369,BALES,CALFIRE-2010-00022,20100604,54,2,913.16,369.54,0.0,,,0,0,0,0,0,,0,0
1370,ESCORT,CALFIRE-2010-00023,20100605,19,9,9.46,3.83,30.0,,,0,0,0,0,0,,0,0
1371,LEGRAND,CALFIRE-2010-00024,20100605,22,10,462.43,187.14,0.0,,,0,0,0,0,0,,0,0
1372,198,CALFIRE-2010-00025,20100606,27,10,58.35,23.61,0.0,,,0,0,0,0,0,,0,0
1373,CACTUS,CALFIRE-2010-00026,20100606,36,11,40.11,16.23,0.0,,,0,0,0,0,0,,0,0
1374,TENAJA2,CALFIRE-2010-00027,20100607,37,9,10.65,4.31,0.0,,,0,0,0,0,0,,0,0
1375,DYER,CALFIRE-2010-00028,20100608,58,14,55.88,22.62,0.0,,,0,0,0,0,0,,0,0
1376,SOUTH FORK,CALFIRE-2010-00029,20100608,15,14,24.59,9.95,0.0,,,0,0,0,0,0,,0,0
1377,STUHR,CALFIRE-2010-00030,20100608,43,11,604.53,244.64,1.0,37.32528,-121.11,0,0,0,0,0,,0,0
1378,WHITEWATER,CALFIRE-2010-00031,20100610,33,2,52.06,21.07,1.0,33.93333,-116.6875,0,0,0,0,0,,0,0
1379,RANGE,CALFIRE-2010-00032,20100611,19,9,10.16,4.11,0.0,,,0,0,0,0,0,,0,0
1380,ROBINSON,CALFIRE-2010-00033,20100611,22,11,1600.08,647.53,0.0,37.50278,-120.40972,0,0,0,0,0,,0,0
1381,ROCKLIN_CLOVER,CALFIRE-2010-00034,20100614,58,14,49.32,19.96,0.0,,,0,0,0,0,0,,0,0
1382,NARROWS,CALFIRE-2010-00035,20100616,37,14,49.86,20.18,1.0,33.09667,-116.47528,0,0,0,0,0,,0,0
1383,RIOSA,CALFIRE-2010-00036,20100616,58,14,16.83,6.81,0.0,,,0,0,0,0,0,,0,0
1384,RIVER,CALFIRE-2010-00037,20100616,33,2,46.59,18.85,0.0,34.54361,-117.29889,0,0,0,0,0,,0,0
1385,MENDENHALL,CALFIRE-2010-00038,20100617,19,9,7.24,2.93,30.0,,,0,0,0,0,0,,0,0
1386,DIABLO,CALFIRE-2010-00039,20100618,1,14,458.78,185.66,27.0,37.79472,-121.61056,1,0,0,0,0,,0,0
1387,MEADOWLARK,CALFIRE-2010-00040,20100618,58,8,59.78,24.19,0.0,,,0,0,0,0,0,,0,0
1388,COW,CALFIRE-2010-00041,20100619,15,4,20.36,8.24,1.0,39.15444,-123.0825,0,0,0,0,0,,0,0
1389,PLASKETT,CALFIRE-2010-00042,20100619,42,9,9.45,3.83,3.0,35.91722,-121.46639,0,0,0,0,0,,0,0
1390,QUAIL,CALFIRE-2010-00043,20100619,19,2,8.29,3.35,0.0,,,0,0,0,0,0,,0,0
1391,RIVER,CALFIRE-2010-00044,20100619,19,2,2.55,1.03,0.0,34.54361,-117.29889,0,0,0,0,0,,0,0
1392,FINE,CALFIRE-2010-00045,20100622,10,14,236.68,95.78,1.0,37.04028,-119.63861,0,0,0,0,0,,0,0
1393,RANCH,CALFIRE-2010-00046,20100622,33,8,126.67,51.26,1.0,33.65,-116.93333,0,0,0,0,0,,0,0
1394,76-2,CALFIRE-2010-00047,20100623,37,14,11.91,4.82,0.0,,,0,0,0,0,0,,0,0
1395,PALA 5,CALFIRE-2010-00048,20100623,37,14,100.93,40.84,1.0,,,0,0,0,0,0,,0,0
1396,RIOSA2,CALFIRE-2010-00049,20100623,58,14,25.41,10.28,0.0,,,0,0,0,0,0,,0,0
1397,WHISKEY,CALFIRE-2010-00050,20100623,47,2,0.23,0.09,0.0,,,0,0,0,0,0,,0,0
1398,WRIGHT,CALFIRE-2010-00051,20100624,19,9,11.24,4.55,30.0,,,0,0,0,0,0,,0,0
1399,CALGROVE,CALFIRE-2010-00052,20100625,19,14,7.46,3.02,0.0,,,0,0,0,0,0,,0,0
1400,CREEK,CALFIRE-2010-00053,20100626,40,14,10.19,4.12,0.0,35.04389,-118.35583,0,0,0,0,0,,0,0
1401,LEON,CALFIRE-2010-00054,20100627,33,14,55.72,22.55,1.0,33.74444,-117.12167,0,0,0,0,0,,0,0
1402,OLIVE,CALFIRE-2010-00055,20100628,19,14,1.12,0.45,0.0,,,0,0,0,0,0,,0,0
1403,HAMLIN,CALFIRE-2010-00056,20100630,47,2,3.32,1.34,0.0,,,0,0,0,0,0,,0,0
1404,CALIENTE,CALFIRE-2010-00057,20100701,15,2,48.09,19.46,1.0,35.26361,-118.63222,1,0,0,0,0,,0,0
1405,ECHO LAKE,CALFIRE-2010-00058,20100701,19,16,24.08,9.75,9.0,,,0,0,0,0,0,,0,0
1406,EASY,CALFIRE-2010-00059,20100702,47,10,4.46,1.8,0.0,,,0,0,0,0,0,,0,0
1407,LOST,CALFIRE-2010-00060,20100702,19,2,19.19,7.76,0.0,,,0,0,0,0,0,,0,0
1408,BRADFORD,CALFIRE-2010-00061,20100703,43,14,511.54,207.01,0.0,,,0,0,0,0,0,,0,0
1409,DYER2,CALFIRE-2010-00062,20100704,58,7,24.2,9.8,0.0,,,0,0,0,0,0,,0,0
1410,PALERMO,CALFIRE-2010-00063,20100704,4,8,672.01,271.95,32.0,,,0,0,0,0,0,,0,0
1411,PATTERSON,CALFIRE-2010-00064,20100705,18,1,10.77,4.36,1.0,,,0,0,0,0,0,,0,0
1412,CHINA,CALFIRE-2010-00065,20100706,15,9,33.89,13.72,2.0,,,0,0,0,0,0,,0,0
1413,HWY198,CALFIRE-2010-00066,20100708,27,7,16.01,6.48,0.0,,,0,0,0,0,0,,0,0
1414,LOS BUEYOS,CALFIRE-2010-00067,20100708,59,18,43.76,17.71,2.0,,,0,0,0,0,0,,0,0
1415,UMTALI,CALFIRE-2010-00068,20100709,15,14,23.24,9.41,0.0,35.16111,-118.28472,0,0,0,0,0,,0,0
1416,NADER2,CALFIRE-2010-00069,20100711,58,2,33.51,13.56,0.0,,,0,0,0,0,0,,0,0
1417,166,CALFIRE-2010-00070,20100712,42,14,356.94,144.45,1.0,34.96583,-119.84306,1,0,0,0,0,,0,0
1418,BEAVER,CALFIRE-2010-00071,20100712,45,1,183.31,74.18,7.0,,,0,0,0,0,0,,0,0
1419,CHAMBERLIN,CALFIRE-2010-00072,20100713,58,14,22.29,9.02,0.0,,,0,0,0,0,0,,0,0
1420,LOMA,CALFIRE-2010-00073,20100713,56,19,77.97,31.55,1.0,34.25083,-119.03222,0,0,0,0,0,,0,0
1421,BODFISH,CALFIRE-2010-00074,20100715,15,1,551.72,223.27,3.0,35.55,-118.50806,0,0,0,0,0,,0,0
1422,CACTUS,CALFIRE-2010-00075,20100715,33,1,705.67,285.58,4.0,,,0,0,0,0,0,,0,0
1423,CREEK,CALFIRE-2010-00076,20100715,15,1,95.89,38.8,1.0,35.04389,-118.35583,0,0,0,0,0,,0,0
1424,FELIPE,CALFIRE-2010-00077,20100715,37,1,177.3,71.75,0.0,,,0,0,0,0,0,,0,0
1425,GROUSE,CALFIRE-2010-00078,20100715,15,1,22.43,9.08,0.0,,,0,0,0,0,0,,0,0
1426,MARVIN,CALFIRE-2010-00079,20100715,15,1,24.69,9.99,0.0,,,0,0,0,0,0,,0,0
1427,SADDLE,CALFIRE-2010-00080,20100715,33,1,79.42,32.14,0.0,,,0,0,0,0,0,,0,0
1428,SKINNER,CALFIRE-2010-00081,20100715,33,1,522.22,211.33,3.0,,,0,0,0,0,0,,0,0
1429,DESAVADO,CALFIRE-2010-00082,20100716,47,9,11.29,4.57,0.0,,,0,0,0,0,0,,0,0
1430,OREGON,CALFIRE-2010-00083,20100716,45,10,8.44,3.41,0.0,,,0,0,0,0,0,,0,0
1431,SAND 2,CALFIRE-2010-00084,20100716,15,1,910.12,368.31,4.0,35.78139,-117.76917,0,0,0,0,0,,0,0
1432,MAGGIE,CALFIRE-2010-00085,20100717,15,1,45.43,18.38,0.0,,,0,0,0,0,0,,0,0
1433,MAYWOOD,CALFIRE-2010-00086,20100717,33,9,13.67,5.53,0.0,,,0,0,0,1,0,,0,0
1434,NEENACH,CALFIRE-2010-00087,20100717,19,14,171.45,69.38,0.0,,,0,0,0,0,0,,0,0
1435,SHEEP,CALFIRE-2010-00088,20100717,59,1,9021.52,3650.88,100.0,36.75861,-118.69028,0,0,0,0,0,,0,0
1436,WEST,CALFIRE-2010-00089,20100717,42,2,11.33,4.58,4.0,35.05806,-118.42583,0,0,0,0,0,,0,0
1437,WILDCAT2,CALFIRE-2010-00090,20100717,59,1,15.81,6.4,14.0,,,0,0,0,0,0,,0,0
1438,INDIAN,CALFIRE-2010-00091,20100718,15,1,1502.19,607.92,7.0,35.69639,-117.96639,0,0,0,0,0,,0,0
1439,CURVE,CALFIRE-2010-00092,20100721,54,14,107.39,43.46,1.0,36.03361,-118.86639,3,0,0,0,0,,0,0
1440,JOLON,CALFIRE-2010-00093,20100722,27,2,42.72,17.29,0.0,,,0,0,0,0,0,,0,0
1441,CAHOON,CALFIRE-2010-00094,20100723,59,1,4.51,1.83,130.0,,,0,0,0,0,0,,0,0
1442,NEWHALL,CALFIRE-2010-00095,20100723,19,14,33.82,13.69,0.0,,,0,0,0,0,0,,0,0
1443,CONSTANTIA,CALFIRE-2010-00096,20100724,18,1,1452.93,587.98,19.0,,,0,0,0,0,0,,0,0
1444,MEADOW VIEW,CALFIRE-2010-00097,20100724,32,1,15.15,6.13,0.0,,,0,0,0,0,0,,0,0
1445,POTATO,CALFIRE-2010-00098,20100724,15,1,631.72,255.65,4.0,38.22444,-119.11833,0,0,0,0,0,,0,0
1446,ADOBE,CALFIRE-2010-00099,20100725,15,2,285.91,115.7,0.0,,,0,0,0,0,0,,0,0
1447,BULL,CALFIRE-2010-00100,20100725,15,9,16448.22,6656.36,6.0,35.87444,-118.4525,14,5,0,0,0,,0,0
1448,GULCH,CALFIRE-2010-00101,20100725,32,1,103.3,41.8,0.0,,,0,0,0,0,0,,0,0
1449,HAGER,CALFIRE-2010-00102,20100725,25,1,22.0,8.9,2.0,,,0,0,0,0,0,,0,0
1450,PEAK,CALFIRE-2010-00103,20100725,25,1,30.79,12.46,4.0,,,0,0,0,0,0,,0,0
1451,POINT,CALFIRE-2010-00104,20100725,25,1,51.65,20.9,0.0,,,0,0,0,0,0,,0,0
1452,RUSSELL (3-9),CALFIRE-2010-00105,20100725,18,1,86.32,34.93,5.0,,,0,0,0,0,0,,0,0
1453,SLOPE,CALFIRE-2010-00106,20100725,59,1,1710.69,692.29,102.0,37.90972,-119.68306,0,0,0,0,0,,0,0
1454,WILLOW,CALFIRE-2010-00107,20100725,45,1,14.33,5.8,1.0,,,0,0,0,0,0,,0,0
1455,CRAGGY,CALFIRE-2010-00108,20100726,47,1,23.69,9.59,3.0,,,0,0,0,0,0,,0,0
1456,DALTON,CALFIRE-2010-00109,20100726,25,1,17.09,6.92,4.0,,,0,0,0,0,0,,0,0
1457,EMPIRE,CALFIRE-2010-00110,20100726,47,1,0.93,0.38,0.0,,,0,0,0,0,0,,0,0
1458,HOLLOW,CALFIRE-2010-00111,20100726,47,1,1.37,0.55,0.0,,,0,0,0,0,0,,0,0
1459,MCDONALD,CALFIRE-2010-00112,20100726,18,1,9406.03,3806.49,15.0,,,0,0,0,0,0,,0,0
1460,MONO,CALFIRE-2010-00113,20100726,14,1,1204.51,487.45,3.0,37.91667,-119.1,0,0,0,0,0,,0,0
1461,TAMARACK,CALFIRE-2010-00114,20100726,47,1,10.1,4.09,1.0,,,0,0,0,0,0,,0,0
1462,TWIN BRIDGES,CALFIRE-2010-00115,20100726,58,7,67.57,27.34,0.0,,,0,0,0,0,0,,0,0
1463,WITCHER,CALFIRE-2010-00116,20100726,18,1,78.61,31.81,0.0,,,0,0,0,0,0,,0,0
1464,EASTMAN,CALFIRE-2010-00117,20100727,47,1,2.38,0.96,0.0,,,0,0,0,0,0,,0,0
1465,TITUS,CALFIRE-2010-00118,20100727,47,1,17.83,7.22,1.0,,,0,0,0,0,0,,0,0
1466,WEST,CALFIRE-2010-00119,20100727,15,2,1637.73,662.77,10.0,35.05806,-118.42583,64,14,0,0,0,,0,0
1467,BIRTHDAY,CALFIRE-2010-00120,20100728,25,1,146.87,59.44,1.0,41.68472,-120.53556,0,0,0,0,0,,0,0
1468,WOODY,CALFIRE-2010-00121,20100728,32,7,17.85,7.22,16.0,,,0,0,0,0,0,,0,0
1469,BRIGGS,CALFIRE-2010-00122,20100729,19,9,692.8,280.37,3.0,34.43806,-118.28389,0,0,0,0,0,,0,0
1470,CROWN,CALFIRE-2010-00123,20100729,19,2,12582.28,5091.87,4.0,34.54528,-118.28139,10,6,0,0,0,,0,0
1471,HART,CALFIRE-2010-00124,20100729,47,2,3.32,1.34,0.0,,,0,0,0,0,0,,0,0
1472,IDRIA,CALFIRE-2010-00125,20100729,27,7,21.02,8.51,0.0,,,0,0,0,0,0,,0,0
1473,LANCASTER,CALFIRE-2010-00126,20100729,19,2,121.62,49.22,0.0,,,0,0,0,0,0,,0,0
1474,BAR,CALFIRE-2010-00127,20100731,32,7,1039.37,420.62,18.0,39.32694,-120.1875,0,0,0,0,0,,0,0
1475,CRAM,CALFIRE-2010-00128,20100731,47,2,11.01,4.46,0.0,,,0,0,0,0,0,,0,0
1476,DUTCH,CALFIRE-2010-00129,20100731,47,9,335.47,135.76,5.0,41.87417,-122.71806,0,0,0,0,0,,0,0
1477,GLENDORA,CALFIRE-2010-00130,20100731,19,9,17.05,6.9,0.0,,,0,0,0,0,0,,0,0
1478,COW,CALFIRE-2010-00131,20100801,15,9,26.22,10.61,5.0,39.15444,-123.0825,0,0,0,0,0,,0,0
1479,MUREAU,CALFIRE-2010-00132,20100801,19,14,22.96,9.29,0.0,,,0,0,0,0,0,,0,0
1480,ANNIE,CALFIRE-2010-00133,20100802,18,1,249.14,100.82,2.0,41.89972,-120.08306,0,0,0,0,0,,0,0
1481,ROCKY,CALFIRE-2010-00134,20100802,40,14,29.56,11.96,0.0,,,0,0,0,0,0,,0,0
1482,GREEN,CALFIRE-2010-00135,20100803,27,11,75.87,30.71,1.0,,,0,0,0,0,0,,0,0
1483,HIGHWAY 2,CALFIRE-2010-00136,20100804,36,9,16.26,6.58,0.0,,,0,0,0,0,0,,0,0
1484,HWY25,CALFIRE-2010-00137,20100804,27,10,33.35,13.5,0.0,,,0,0,0,0,0,,0,0
1485,BUCKHORN,CALFIRE-2010-00138,20100807,59,1,470.97,190.59,88.0,37.57278,-119.20028,0,0,0,0,0,,0,0
1486,CLARK,CALFIRE-2010-00139,20100808,59,4,11.03,4.46,3.0,,,0,0,0,0,0,,0,0
1487,HASKELL,CALFIRE-2010-00140,20100808,19,3,44.63,18.06,0.0,,,0,0,0,0,0,,0,0
1488,PINECREST,CALFIRE-2010-00141,20100808,59,1,906.68,366.92,1.0,38.22833,-119.91639,0,0,0,0,0,,0,0
1489,SUNNYSIDE,CALFIRE-2010-00142,20100808,18,1,231.07,93.51,0.0,40.33306,-120.54972,0,0,0,0,0,,0,0
1490,VERNON,CALFIRE-2010-00143,20100808,59,1,964.4,390.28,88.0,37.99694,-119.72694,0,0,0,0,0,,0,0
1491,TRAVERTINE,CALFIRE-2010-00144,20100809,59,14,21.79,8.82,6.0,,,0,0,0,0,0,,0,0
1492,BAILEY,CALFIRE-2010-00145,20100810,47,2,4.81,1.95,0.0,,,0,0,0,0,0,,0,0
1493,POTRERO,CALFIRE-2010-00146,20100810,33,7,255.75,103.5,1.0,33.95611,-116.82889,0,0,0,0,0,,0,0
1494,BAUTISTA,CALFIRE-2010-00147,20100812,36,7,14.69,5.94,1.0,,,0,0,0,0,0,,0,0
1495,ROCK,CALFIRE-2010-00148,20100813,32,7,62.02,25.1,2.0,33.5975,-117.2825,0,0,0,0,0,,0,0
1496,ANGEL,CALFIRE-2010-00149,20100816,36,3,82.34,33.32,0.0,,,0,0,0,0,0,,0,0
1497,MILLER,CALFIRE-2010-00150,20100817,36,7,65.99,26.7,0.0,34.30472,-117.3125,0,0,0,0,0,,0,0
1498,PIT,CALFIRE-2010-00151,20100817,18,2,59.79,24.19,0.0,,,0,0,0,0,0,,0,0
1499,STOKES 2,CALFIRE-2010-00152,20100817,54,2,895.26,362.3,1.0,36.58,-119.16778,0,0,0,0,0,,0,0
1500,ROCK,CALFIRE-2010-00153,20100819,33,8,38.91,15.75,1.0,33.5975,-117.2825,0,0,0,0,0,,0,0
1501,BASELINE,CALFIRE-2010-00154,20100820,58,14,478.91,193.81,1.0,,,0,0,0,0,0,,0,0
1502,DOBBINS,CALFIRE-2010-00155,20100820,58,14,11.18,4.52,3.0,,,0,0,0,0,0,,0,0
1503,LARGOVISTA,CALFIRE-2010-00156,20100820,19,9,100.55,40.69,0.0,,,0,0,0,0,0,,0,0
1504,MONTE,CALFIRE-2010-00157,20100821,37,8,953.34,385.8,5.0,32.89,-116.83972,1,0,0,0,0,,0,0
1505,POZO,CALFIRE-2010-00158,20100821,42,9,1150.37,465.54,17.0,35.36472,-120.32194,0,0,0,0,0,,0,0
1506,BASE,CALFIRE-2010-00159,20100822,15,2,151.19,61.18,0.0,35.91583,-118.92389,0,0,0,0,0,,0,0
1507,SANTA,CALFIRE-2010-00160,20100822,37,2,17.03,6.89,1.0,,,0,0,0,0,0,,0,0
1508,PARHAM,CALFIRE-2010-00161,20100823,4,14,27.32,11.06,0.0,,,0,0,0,0,0,,0,0
1509,CURRY,CALFIRE-2010-00162,20100824,43,11,184.03,74.48,4.0,37.87944,-121.86778,0,0,0,0,0,,0,0
1510,INDIAN,CALFIRE-2010-00163,20100824,17,14,346.92,140.4,0.0,35.69639,-117.96639,0,0,0,0,0,,0,0
1511,POST,CALFIRE-2010-00164,20100824,15,14,1311.36,530.69,4.0,34.83778,-118.86417,0,0,0,0,0,,0,0
1512,SALINAS,CALFIRE-2010-00165,20100824,27,2,11.6,4.69,0.0,,,0,0,0,0,0,,0,0
1513,TOWN,CALFIRE-2010-00166,20100824,15,11,195.18,78.98,0.0,34.96056,-119.05528,0,0,0,0,0,,0,0
1514,LAKE,CALFIRE-2010-00167,20100825,40,14,135.6,54.87,47.0,35.76083,-120.88472,0,0,0,0,0,,0,0
1515,MESA,CALFIRE-2010-00168,20100825,37,4,254.94,103.17,1.0,32.99333,-116.76028,0,0,0,0,0,,0,0
1516,KEYS,CALFIRE-2010-00169,20100826,36,1,110.67,44.79,4.0,33.90194,-116.18361,0,0,0,0,0,,0,0
1517,TUCKER,CALFIRE-2010-00170,20100826,15,14,118.06,47.78,0.0,,,0,0,0,0,0,,0,0
1518,BULLARDS,CALFIRE-2010-00171,20100827,58,14,1289.09,521.68,4.0,,,0,0,0,0,0,,0,0
1519,HOG,CALFIRE-2010-00172,20100827,52,2,41.62,16.84,0.0,,,0,0,0,0,0,,0,0
1520,BACK,CALFIRE-2010-00173,20100828,15,1,77.24,31.26,0.0,,,0,0,0,0,0,,0,0
1521,TECOPA,CALFIRE-2010-00174,20100828,36,1,105.73,42.79,2.0,35.84861,-116.22639,0,0,0,0,0,,0,0
1522,MINTO,CALFIRE-2010-00175,20100830,33,5,80.66,32.64,0.0,33.65056,-116.94139,0,0,0,0,0,,0,0
1523,OAK,CALFIRE-2010-00176,20100831,19,10,15.95,6.46,0.0,,,0,0,0,0,0,,0,0
1524,CLINTON,CALFIRE-2010-00177,20100901,33,2,64.97,26.29,2.0,33.54611,-117.27028,0,0,0,0,0,,0,0
1525,COWBOY,CALFIRE-2010-00178,20100902,37,14,684.4,276.97,5.0,32.62167,-116.53194,0,0,0,0,0,,0,0
1526,PALMER,CALFIRE-2010-00179,20100903,33,6,112.32,45.46,1.0,,,0,0,0,0,0,,0,0
1527,CANAL,CALFIRE-2010-00180,20100905,5,14,157.98,63.93,1.0,36.53056,-119.21667,0,0,0,0,0,,0,0
1528,GILMAN,CALFIRE-2010-00181,20100905,33,14,99.84,40.4,0.0,,,0,0,0,0,0,,0,0
1529,BUCKEYE,CALFIRE-2010-00182,20100906,12,2,202.35,81.89,11.0,40.32417,-124.21056,2,0,0,0,0,,0,0
1530,WINDY,CALFIRE-2010-00183,20100906,4,14,126.01,50.99,4.0,40.16361,-121.60167,0,0,0,0,0,,0,0
1531,CANYON,CALFIRE-2010-00184,20100912,15,9,9336.11,3778.19,12.0,35.55667,-118.59889,1,0,0,0,0,,0,0
1532,GAZELLE,CALFIRE-2010-00185,20100913,47,2,2.75,1.11,0.0,,,0,0,0,0,0,,0,0
1533,TAMPA,CALFIRE-2010-00186,20100913,19,14,22.84,9.24,0.0,,,0,0,0,0,0,,0,0
1534,QUEENS,CALFIRE-2010-00187,20100915,19,14,4.97,2.01,0.0,,,0,0,0,0,0,,0,0
1535,COLIMA,CALFIRE-2010-00188,20100916,19,10,11.2,4.53,0.0,,,0,0,0,0,0,,0,0
1536,RAMP,CALFIRE-2010-00189,20100916,19,9,37.5,15.18,0.0,,,0,0,0,0,0,,0,0
1537,BLACK,CALFIRE-2010-00190,20100918,59,14,90.5,36.62,0.0,,,0,0,0,0,0,,0,0
1538,GRANITE,CALFIRE-2010-00191,20100918,15,2,203.82,82.48,1.0,35.66722,-118.74278,0,0,0,0,0,,0,0
1539,LONG,CALFIRE-2010-00192,20100923,37,2,38.38,15.53,0.0,33.64972,-117.44056,0,0,0,0,0,,0,0
1540,HAMPSHIRE,CALFIRE-2010-00193,20100928,56,14,41.61,16.84,0.0,,,0,0,0,0,0,,0,0
1541,ESHOM,CALFIRE-2010-00194,20100930,59,14,6.1,2.47,12.0,,,0,0,0,0,0,,0,0
1542,BUMMER,CALFIRE-2010-00195,20101003,59,1,143.67,58.14,44.0,,,0,0,0,0,0,,0,0
1543,BORDER 12,CALFIRE-2010-00196,20101010,15,2,31.92,12.92,0.0,,,0,0,0,0,0,,0,0
1544,BRIDGE,CALFIRE-2010-00197,20101011,58,14,48.34,19.56,0.0,,,0,0,0,0,0,,0,0
1545,GRAND,CALFIRE-2010-00198,20101011,58,14,493.32,199.64,0.0,,,0,0,0,0,0,,0,0
1546,MORRISON,CALFIRE-2010-00199,20101011,58,10,82.13,33.24,0.0,,,0,0,0,0,0,,0,0
1547,ORR,CALFIRE-2010-00200,20101021,58,14,30.23,12.23,0.0,,,0,0,0,0,0,,0,0
1548,ANTELOPE,CALFIRE-2010-00201,20101026,40,14,193.62,78.35,0.0,,,0,0,0,0,0,,0,0
1549,BEAR CREEK,CALFIRE-2010-00202,20101028,59,11,1219.54,493.53,2.0,34.64222,-120.57472,0,0,0,0,0,,0,0
1550,BRADLEY-LOCKWOOD,CALFIRE-2010-00203,20101105,27,5,51.3,20.76,0.0,,,0,0,0,0,0,,0,0
1551,SCOTT,CALFIRE-2010-00204,20101106,36,10,95.77,38.76,0.0,34.83472,-119.00167,0,0,0,0,0,,0,0
1552,SEPULVEDA,CALFIRE-2010-00205,20101106,36,9,23.67,9.58,0.0,,,0,0,0,0,0,,0,0
1553,FIGUEROA,CALFIRE-2010-00206,20101116,42,18,74.6,30.19,16.0,34.735,-119.99389,0,0,0,0,0,,0,0
1554,MALIBU BEACH,CALFIRE-2011-00001,20110114,19,9,0.09,0.04,0.0,,,0,0,0,0,0,,0,0
1555,LOVELOCK,CALFIRE-2011-00002,20110213,4,18,10.37,4.2,0.0,,,0,0,0,0,0,,0,0
1556,MONTAGUE,CALFIRE-2011-00003,20110213,47,18,7.57,3.06,0.0,,,0,0,0,0,0,,0,0
1557,WINTERTON,CALFIRE-2011-00004,20110302,36,18,908.45,367.64,8.0,,,0,0,0,0,0,,0,0
1558,CENTER,CALFIRE-2011-00005,20110318,14,14,440.69,178.34,2.0,37.00361,-121.58472,19,0,0,0,0,,0,0
1559,HOLLOW,CALFIRE-2011-00006,20110429,5,5,14.39,5.82,0.0,,,0,0,0,0,0,,0,0
1560,BANNING,CALFIRE-2011-00007,20110502,19,2,118.0,47.75,0.0,33.42667,-118.51278,0,0,0,0,0,,0,0
1561,BITTERWATER,CALFIRE-2011-00008,20110502,40,2,187.79,76.0,0.0,,,0,0,0,0,0,,0,0
1562,DEEP CREEK,CALFIRE-2011-00009,20110502,36,9,5.94,2.4,0.0,,,0,0,0,0,0,,0,0
1563,INDIA,CALFIRE-2011-00010,20110503,19,2,57.09,23.1,0.0,,,0,0,0,0,0,,0,0
1564,HIGHWAY,CALFIRE-2011-00011,20110506,10,2,114.58,46.37,1.0,,,0,0,0,0,0,,0,0
1565,MOMYER,CALFIRE-2011-00012,20110508,36,9,54.86,22.2,12.0,34.6,-116.92167,0,0,0,0,0,,0,0
1566,SPANISH TRAIL,CALFIRE-2011-00013,20110508,15,5,73.99,29.94,1.0,35.9575,-115.9703,0,0,0,0,0,,0,0
1567,SHELL,CALFIRE-2011-00014,20110509,40,10,17.5,7.08,0.0,,,0,0,0,0,0,,0,0
1568,BEAR,CALFIRE-2011-00015,20110510,40,10,3.87,1.57,0.0,,,0,0,0,0,0,,0,0
1569,METZ,CALFIRE-2011-00016,20110514,27,11,832.12,336.75,0.0,36.41583,-121.27806,1,0,0,0,0,,0,0
1570,SEVEN,CALFIRE-2011-00017,20110514,15,2,69.25,28.02,0.0,,,0,0,0,0,0,,0,0
1571,WEST BUTTE,CALFIRE-2011-00018,20110514,58,9,240.44,97.3,0.0,,,0,0,0,0,0,,0,0
1572,LAGUNA,CALFIRE-2011-00019,20110518,15,14,730.84,295.76,5.0,,,0,0,0,0,0,,0,0
1573,EASTMAN,CALFIRE-2011-00020,20110520,5,2,55.06,22.28,0.0,,,0,0,0,0,0,,0,0
1574,ABIGAIL,CALFIRE-2011-00021,20110521,15,9,104.69,42.36,2.0,,,0,0,0,0,0,,0,0
1575,TRONA,CALFIRE-2011-00022,20110521,15,9,217.4,87.98,1.0,35.41028,-117.58639,0,0,0,0,0,,0,0
1576,GATOS,CALFIRE-2011-00023,20110522,10,2,235.18,95.17,194.0,,,0,0,0,0,0,,0,0
1577,EAST,CALFIRE-2011-00024,20110523,19,1,141.26,57.17,96.0,,,0,0,0,0,0,,0,0
1578,BUTTERMILK,CALFIRE-2011-00025,20110525,14,4,206.37,83.51,3.0,37.29722,-118.61278,0,0,0,0,0,,0,0
1579,COVE,CALFIRE-2011-00026,20110527,15,9,1121.37,453.8,6.0,35.64083,-118.39028,0,0,0,0,0,,0,0
1580,RANGE,CALFIRE-2011-00027,20110528,19,10,241.01,97.54,0.0,34.84667,-118.96944,0,0,0,0,0,,0,0
1581,CATTLEMAN,CALFIRE-2011-00028,20110529,27,11,384.8,155.72,0.0,,,0,0,0,0,0,,0,0
1582,EL MIRAGE,CALFIRE-2011-00029,20110529,15,9,138.5,56.05,2.0,,,0,0,0,0,0,,0,0
1583,STEELE,CALFIRE-2011-00030,20110529,15,14,33.42,13.52,0.0,,,0,0,0,0,0,,0,0
1584,ROUNDUP,CALFIRE-2011-00031,20110601,36,14,143.41,58.04,1.0,,,0,0,0,0,0,,0,0
1585,LOCKWOOD,CALFIRE-2011-00032,20110602,27,7,19.65,7.95,0.0,,,0,0,0,0,0,,0,0
1586,TRILOGY,CALFIRE-2011-00033,20110602,37,9,102.82,41.61,4.0,33.76639,-117.48722,0,0,0,0,0,,0,0
1587,RANGE,CALFIRE-2011-00034,20110604,42,9,22.59,9.14,0.0,34.84667,-118.96944,0,0,0,0,0,,0,0
1588,BEE,CALFIRE-2011-00035,20110605,37,9,185.43,75.04,1.0,32.61,-116.75778,0,0,0,0,0,,0,0
1589,KEY,CALFIRE-2011-00036,20110605,15,14,151.02,61.12,2.0,35.62861,-118.50389,0,0,0,0,0,,0,0
1590,ALISO,CALFIRE-2011-00037,20110608,42,9,35.08,14.2,5.0,34.90528,-119.78917,0,0,0,0,0,,0,0
1591,COUGAR,CALFIRE-2011-00038,20110608,25,4,1790.56,724.61,89.0,41.65528,-121.45806,0,0,0,0,0,,0,0
1592,BOWEN,CALFIRE-2011-00039,20110609,36,14,294.44,119.15,1.0,34.37556,-117.12611,0,0,0,0,0,,0,0
1593,CANYON,CALFIRE-2011-00040,20110611,33,9,54.52,22.07,1.0,36.74,-119.36694,0,0,0,0,0,,0,0
1594,WALDO,CALFIRE-2011-00041,20110615,58,14,18.57,7.52,0.0,,,0,0,0,0,0,,0,0
1595,AGER,CALFIRE-2011-00042,20110616,47,2,1.4,0.57,0.0,,,0,0,0,0,0,,0,0
1596,ANTELOPE,CALFIRE-2011-00043,20110619,15,14,5068.75,2051.25,2.0,35.50361,-119.87861,2,0,0,0,0,,0,0
1597,CANYON,CALFIRE-2011-00044,20110619,10,2,162.79,65.88,1.0,36.74,-119.36694,0,0,0,0,0,,0,0
1598,CANYON,CALFIRE-2011-00045,20110620,45,11,31.47,12.73,1.0,36.74,-119.36694,0,0,0,0,0,,0,0
1599,WAYMAN,CALFIRE-2011-00046,20110620,33,14,50.77,20.54,0.0,,,0,0,0,0,0,,0,0
1600,BORDER 12,CALFIRE-2011-00047,20110621,37,14,35.9,14.53,1.0,,,0,0,0,0,0,,0,0
1601,QUINN,CALFIRE-2011-00048,20110621,15,14,3138.9,1270.27,0.0,35.75194,-118.93056,0,0,0,0,0,,0,0
1602,GRANITE,CALFIRE-2011-00049,20110622,33,14,21.69,8.78,0.0,33.55833,-116.67639,2,1,0,0,0,,0,0
1603,RIVERBED,CALFIRE-2011-00050,20110622,19,14,108.05,43.73,0.0,,,0,0,0,0,0,,0,0
1604,HUGHES,CALFIRE-2011-00051,20110623,19,14,50.54,20.45,0.0,34.48139,-118.24472,1,1,0,0,0,,0,0
1605,BALD,CALFIRE-2011-00052,20110624,59,1,202.99,82.15,6.0,37.84722,-119.79056,0,0,0,0,0,,0,0
1606,HIGHWAY,CALFIRE-2011-00053,20110624,40,10,380.59,154.02,0.0,,,0,0,0,0,0,,0,0
1607,MARCOS,CALFIRE-2011-00054,20110624,40,10,129.64,52.46,0.0,,,0,0,0,0,0,,0,0
1608,SAGE,CALFIRE-2011-00055,20110624,37,10,64.59,26.14,1.0,33.46389,-116.91444,0,0,0,0,0,,0,0
1609,WILLOW,CALFIRE-2011-00056,20110625,47,2,12.29,4.97,0.0,,,0,0,0,0,0,,0,0
1610,ERRECA,CALFIRE-2011-00057,20110626,22,10,568.41,230.03,0.0,,,0,0,0,0,0,,0,0
1611,BIRD,CALFIRE-2011-00058,20110627,43,11,144.97,58.67,0.0,,,0,0,0,0,0,,0,0
1612,LAGO,CALFIRE-2011-00059,20110627,33,14,46.07,18.64,0.0,,,0,0,0,0,0,,0,0
1613,STAGE,CALFIRE-2011-00060,20110627,54,2,1129.86,457.24,0.0,35.81194,-118.84417,0,0,0,0,0,,0,0
1614,RANCHO CONEJO,CALFIRE-2011-00061,20110629,56,9,4.49,1.82,0.0,,,0,0,0,0,0,,0,0
1615,ALISOS,CALFIRE-2011-00062,20110630,42,9,171.7,69.49,0.0,,,0,0,0,0,0,,0,0
1616,LEWIS,CALFIRE-2011-00063,20110630,27,2,14.71,5.95,0.0,,,0,0,0,0,0,,0,0
1617,SARGENTS,CALFIRE-2011-00064,20110701,27,2,68.46,27.71,0.0,,,0,0,0,0,0,,0,0
1618,TALLEY,CALFIRE-2011-00065,20110701,40,14,5.34,2.16,0.0,,,0,0,0,0,0,,0,0
1619,CHARLIE,CALFIRE-2011-00066,20110702,19,14,80.12,32.43,0.0,,,0,0,0,0,0,,0,0
1620,FIDDYMENT,CALFIRE-2011-00067,20110702,58,9,80.92,32.75,0.0,,,0,0,0,0,0,,0,0
1621,THEODORE,CALFIRE-2011-00068,20110704,33,10,56.78,22.98,0.0,,,0,0,0,0,0,,0,0
1622,CHRISMAN,CALFIRE-2011-00069,20110705,43,10,431.73,174.71,0.0,37.625,-121.41167,0,0,0,0,0,,0,0
1623,BLOOM,CALFIRE-2011-00070,20110706,15,1,114.39,46.29,4.0,,,0,0,0,0,0,,0,0
1624,CARBON CANYON,CALFIRE-2011-00071,20110707,30,14,508.34,205.72,1.0,,,0,0,0,0,0,,0,0
1625,ENCINAL,CALFIRE-2011-00072,20110707,19,2,2.44,0.99,0.0,,,0,0,0,0,0,,0,0
1626,LEWIS,CALFIRE-2011-00073,20110708,56,9,2.98,1.21,0.0,,,0,0,0,0,0,,0,0
1627,LION,CALFIRE-2011-00074,20110708,15,1,20681.54,8369.53,123.0,36.26778,-118.51139,0,0,0,0,0,,0,0
1628,SPANISH,CALFIRE-2011-00075,20110708,12,2,523.99,212.05,3.0,40.18482,-124.25805,0,0,0,0,0,,0,0
1629,WILLIAMS,CALFIRE-2011-00076,20110708,15,14,167.45,67.77,0.0,35.65389,-118.80639,0,0,0,0,0,,0,0
1630,WUNPOST,CALFIRE-2011-00077,20110708,27,11,34.82,14.09,0.0,,,0,0,0,0,0,,0,0
1631,EMMA,CALFIRE-2011-00078,20110709,19,2,29.46,11.92,0.0,,,0,0,0,0,0,,0,0
1632,KRISTA,CALFIRE-2011-00079,20110709,58,14,341.68,138.27,1.0,39.23556,-121.3475,0,0,0,0,0,,0,0
1633,COLINA,CALFIRE-2011-00080,20110710,19,9,0.09,0.04,0.0,,,0,0,0,0,0,,0,0
1634,CHURCH,CALFIRE-2011-00081,20110711,15,1,58.56,23.7,14.0,,,0,0,0,0,0,,0,0
1635,ELK 2,CALFIRE-2011-00082,20110711,15,2,86.59,35.04,0.0,,,0,0,0,0,0,,0,0
1636,GRANITE,CALFIRE-2011-00083,20110711,54,1,872.87,353.24,0.0,33.55833,-116.67639,6,0,0,0,0,,0,0
1637,FLYNN,CALFIRE-2011-00084,20110714,43,9,517.37,209.37,0.0,37.70611,-121.64333,0,0,0,0,0,,0,0
1638,COLLINS,CALFIRE-2011-00085,20110715,56,14,58.85,23.82,0.0,34.29389,-118.83944,0,0,0,0,0,,0,0
1639,HERLONG,CALFIRE-2011-00086,20110715,18,14,324.91,131.49,2.0,,,0,0,0,0,0,,0,0
1640,MAMMOTH,CALFIRE-2011-00087,20110715,25,6,1193.32,482.92,52.0,,,0,0,0,0,0,,0,0
1641,SCORPION,CALFIRE-2011-00088,20110715,25,6,1417.54,573.66,52.0,,,0,0,0,0,0,,0,0
1642,CAHUILLA,CALFIRE-2011-00089,20110717,15,9,97.55,39.48,1.0,,,0,0,0,0,0,,0,0
1643,JAYNE,CALFIRE-2011-00090,20110718,10,2,87.39,35.37,48.0,,,0,0,0,0,0,,0,0
1644,UNNAMED,CALFIRE-2011-00091,20110718,30,4,1.13,0.46,0.0,,,0,0,0,0,0,,0,0
1645,GIANT,CALFIRE-2011-00092,20110719,15,9,25.14,10.17,78.0,,,0,0,0,0,0,,0,0
1646,TOPO,CALFIRE-2011-00093,20110719,27,11,25.12,10.17,0.0,,,0,0,0,0,0,,0,0
1647,WHITEWATER,CALFIRE-2011-00094,20110719,33,14,78.9,31.93,0.0,,,0,0,0,0,0,,0,0
1648,FIELD,CALFIRE-2011-00095,20110720,59,14,0.02,0.01,0.0,,,0,0,0,0,0,,0,0
1649,SAN TIM,CALFIRE-2011-00096,20110720,33,14,71.13,28.79,0.0,33.99556,-117.16111,0,0,0,0,0,,0,0
1650,EAGLE,CALFIRE-2011-00097,20110721,37,7,13992.99,5662.77,8.0,33.27694,-116.53722,1,0,0,0,0,,0,0
1651,PONY,CALFIRE-2011-00098,20110721,36,9,32.04,12.97,0.0,33.55833,-116.71833,0,0,0,0,0,,0,0
1652,TOP,CALFIRE-2011-00099,20110721,43,8,516.96,209.21,1.0,,,0,0,0,0,0,,0,0
1653,MIDDLE,CALFIRE-2011-00100,20110722,5,2,96.83,39.19,4.0,,,0,0,0,0,0,,0,0
1654,NORTH BEACH 1,CALFIRE-2011-00101,20110722,59,14,0.0,0.0,0.0,,,0,0,0,0,0,,0,0
1655,CONEJO,CALFIRE-2011-00102,20110723,56,10,14.24,5.76,0.0,,,0,0,0,0,0,,0,0
1656,ERSKINE,CALFIRE-2011-00103,20110723,15,14,18.87,7.64,0.0,,,0,0,0,0,0,,0,0
1657,ROMERO,CALFIRE-2011-00104,20110723,22,14,451.04,182.53,0.0,,,0,0,0,0,0,,0,0
1658,BOREL,CALFIRE-2011-00105,20110724,15,9,39.45,15.96,8.0,,,0,0,0,0,0,,0,0
1659,TAPO,CALFIRE-2011-00106,20110724,56,14,25.94,10.5,0.0,,,0,0,0,0,0,,0,0
1660,BLACK,CALFIRE-2011-00107,20110725,47,9,4.27,1.73,0.0,,,0,0,0,0,0,,0,0
1661,FREEMAN,CALFIRE-2011-00108,20110725,27,2,97.39,39.41,0.0,,,0,0,0,0,0,,0,0
1662,MURRAY,CALFIRE-2011-00109,20110725,5,2,71.58,28.97,3.0,38.20083,-120.61556,0,0,0,0,0,,0,0
1663,VISTA,CALFIRE-2011-00110,20110726,59,14,0.01,0.0,0.0,,,0,0,0,0,0,,0,0
1664,NORTH,CALFIRE-2011-00111,20110727,19,14,23.68,9.58,0.0,,,0,0,0,0,0,,0,0
1665,PINE,CALFIRE-2011-00112,20110727,27,5,89.83,36.35,0.0,,,0,0,0,0,0,,0,0
1666,SOUTH RIDGE,CALFIRE-2011-00113,20110727,58,14,109.56,44.34,0.0,,,0,0,0,0,0,,0,0
1667,JACK,CALFIRE-2011-00114,20110729,40,14,19.71,7.98,0.0,,,0,0,0,0,0,,0,0
1668,AVALANCHE,CALFIRE-2011-00115,20110730,59,1,1068.12,432.25,43.0,37.66333,-119.70361,0,0,0,0,0,,0,0
1669,DEEP,CALFIRE-2011-00116,20110730,36,1,25.7,10.4,2.0,34.38639,-117.1875,0,0,0,0,0,,0,0
1670,HOG,CALFIRE-2011-00117,20110730,18,1,267.35,108.19,6.0,,,0,0,0,0,0,,0,0
1671,SHEEP,CALFIRE-2011-00118,20110730,19,1,0.56,0.22,0.0,,,0,0,0,0,0,,0,0
1672,APACHE,CALFIRE-2011-00119,20110731,47,1,0.31,0.13,0.0,,,0,0,0,0,0,,0,0
1673,RED,CALFIRE-2011-00120,20110731,40,14,39.01,15.79,0.0,37.7875,-120.46389,0,0,0,0,0,,0,0
1674,ROCKS,CALFIRE-2011-00121,20110731,27,10,12.57,5.09,0.0,,,0,0,0,0,0,,0,0
1675,SAMPLE,CALFIRE-2011-00122,20110731,10,1,29.68,12.01,0.0,,,0,0,0,0,0,,0,0
1676,STRIKE,CALFIRE-2011-00123,20110731,19,1,19.23,7.78,0.0,,,0,0,0,0,0,,0,0
1677,BOGUS,CALFIRE-2011-00124,20110801,47,1,5.73,2.32,0.0,,,0,0,0,0,0,,0,0
1678,COPCO,CALFIRE-2011-00125,20110801,47,1,12.33,4.99,0.0,,,0,0,0,0,0,,0,0
1679,JAWBONE 2,CALFIRE-2011-00126,20110801,15,1,170.04,68.81,2.0,,,0,0,0,0,0,,0,0
1680,CRYSTAL CAVE,CALFIRE-2011-00127,20110802,59,11,0.1,0.04,1.0,,,0,0,0,0,0,,0,0
1681,FOOSE,CALFIRE-2011-00128,20110802,19,9,0.75,0.3,0.0,,,0,0,0,0,0,,0,0
1682,58,CALFIRE-2011-00129,20110803,15,11,674.25,272.86,1.0,,,0,0,0,0,0,,0,0
1683,PASS,CALFIRE-2011-00130,20110803,23,10,643.95,260.6,6.0,39.84583,-123.08306,0,0,0,0,0,,0,0
1684,VALLEY,CALFIRE-2011-00131,20110803,36,9,29.17,11.81,0.0,33.89972,-116.85472,0,0,0,0,0,,0,0
1685,YATES,CALFIRE-2011-00132,20110803,59,14,0.0,0.0,0.0,,,0,0,0,0,0,,0,0
1686,HYAMPOM,CALFIRE-2011-00133,20110804,45,2,6.88,2.79,,,,0,0,0,0,0,,0,0
1687,ARROWHEAD,CALFIRE-2011-00134,20110805,36,9,54.3,21.98,0.0,,,0,0,0,0,0,,0,0
1688,WATTS,CALFIRE-2011-00135,20110805,10,2,10.75,4.35,0.0,,,0,0,0,0,0,,0,0
1689,GILMAN,CALFIRE-2011-00136,20110806,33,14,1026.64,415.47,1.0,33.93806,-117.08028,0,0,0,0,0,,0,0
1690,RED BARN,CALFIRE-2011-00137,20110806,27,10,22.39,9.06,0.0,,,0,0,0,0,0,,0,0
1691,ROSA,CALFIRE-2011-00138,20110806,27,9,78.74,31.87,0.0,,,0,0,0,0,0,,0,0
1692,CABAZON,CALFIRE-2011-00139,20110807,33,14,98.98,40.06,0.0,,,0,0,0,0,0,,0,0
1693,IKEA,CALFIRE-2011-00140,20110808,15,14,667.15,269.99,0.0,,,0,0,0,0,0,,0,0
1694,MONO,CALFIRE-2011-00141,20110808,10,14,15.05,6.09,0.0,,,0,0,0,0,0,,0,0
1695,PEAR,CALFIRE-2011-00142,20110808,19,14,23.38,9.46,0.0,,,0,0,0,0,0,,0,0
1696,PEAK,CALFIRE-2011-00143,20110809,15,14,120.41,48.73,2.0,35.41389,-118.46417,0,0,0,0,0,,0,0
1697,CANYON,CALFIRE-2011-00144,20110810,42,2,188.98,76.48,1.0,36.74,-119.36694,0,0,0,0,0,,0,0
1698,STODDARD 2,CALFIRE-2011-00145,20110811,15,4,10.16,4.11,1.0,,,0,0,0,0,0,,0,0
1699,YEAGER,CALFIRE-2011-00146,20110811,58,10,140.33,56.79,1.0,,,0,0,0,0,0,,0,0
1700,ARDO,CALFIRE-2011-00147,20110812,27,11,83.77,33.9,0.0,,,0,0,0,0,0,,0,0
1701,KNOXVILLE,CALFIRE-2011-00148,20110813,17,3,507.81,205.5,3.0,38.73472,-122.28333,0,0,0,0,0,,0,0
1702,WEST WISE,CALFIRE-2011-00149,20110813,58,14,16.47,6.67,0.0,,,0,0,0,0,0,,0,0
1703,BRIDGE,CALFIRE-2011-00150,20110814,5,14,77.21,31.25,1.0,,,0,0,0,0,0,,0,0
1704,ROWDY,CALFIRE-2011-00151,20110814,12,18,20.66,8.36,2.0,,,0,0,0,0,0,,0,0
1705,SLACKS,CALFIRE-2011-00152,20110815,27,2,20.49,8.29,0.0,,,0,0,0,0,0,,0,0
1706,TUPMAN,CALFIRE-2011-00153,20110815,15,2,134.36,54.37,0.0,,,0,0,0,0,0,,0,0
1707,RELIZ,CALFIRE-2011-00154,20110816,27,10,215.61,87.26,3.0,36.17333,-121.25833,0,0,0,0,0,,0,0
1708,DEPOT,CALFIRE-2011-00155,20110817,18,14,19.62,7.94,1.0,,,0,0,0,0,0,,0,0
1709,GRAPE,CALFIRE-2011-00156,20110817,15,10,155.2,62.81,1.0,34.93417,-118.93083,0,0,0,0,0,,0,0
1710,SMARTVILLE,CALFIRE-2011-00157,20110817,58,10,149.21,60.38,0.0,,,0,0,0,0,0,,0,0
1711,ANNIE,CALFIRE-2011-00158,20110818,18,14,2075.78,840.04,8.0,41.89944,-120.12333,0,0,0,0,0,,0,0
1712,BEALE,CALFIRE-2011-00159,20110818,58,14,20.09,8.13,0.0,,,0,0,0,0,0,,0,0
1713,DIXIE,CALFIRE-2011-00160,20110819,4,11,11.47,4.64,4.0,,,0,0,0,0,0,,0,0
1714,ONION,CALFIRE-2011-00161,20110819,47,1,561.73,227.32,53.0,41.23111,-122.97694,0,0,0,0,0,,0,0
1715,ALAMO,CALFIRE-2011-00162,20110820,59,14,30.28,12.25,1.0,,,0,0,0,0,0,,0,0
1716,COLD,CALFIRE-2011-00163,20110820,15,4,10.15,4.11,11.0,,,0,0,0,0,0,,0,0
1717,JOHNSON,CALFIRE-2011-00164,20110820,15,9,179.29,72.56,2.0,,,0,0,0,0,0,,0,0
1718,GARZA,CALFIRE-2011-00165,20110822,33,2,167.35,67.72,1.0,33.81028,-117.2675,0,0,0,0,0,,0,0
1719,KEN,CALFIRE-2011-00166,20110822,36,2,322.39,130.47,1.0,34.24333,-117.40833,1,0,0,0,0,,0,0
1720,PERKINS,CALFIRE-2011-00167,20110822,19,14,27.3,11.05,0.0,,,0,0,0,0,0,,0,0
1721,ADAMS,CALFIRE-2011-00168,20110823,32,2,27.34,11.06,0.0,,,0,0,0,0,0,,0,0
1722,DEL,CALFIRE-2011-00169,20110823,19,2,1.2,0.49,0.0,,,0,0,0,0,0,,0,0
1723,OLD,CALFIRE-2011-00170,20110823,17,9,28.65,11.59,2.0,,,0,0,0,0,0,,0,0
1724,HORNBROOK,CALFIRE-2011-00171,20110824,47,1,3.42,1.39,0.0,,,0,0,0,0,0,,0,0
1725,LANCASTER,CALFIRE-2011-00172,20110824,19,1,53.99,21.85,9.0,,,0,0,0,0,0,,0,0
1726,LAS VIRGENES,CALFIRE-2011-00173,20110824,19,9,1.31,0.53,0.0,,,0,0,0,0,0,,0,0
1727,MOTOR,CALFIRE-2011-00174,20110825,15,2,5230.34,2116.64,37.0,37.6625,-119.87139,0,0,0,0,0,,0,0
1728,SIERRA,CALFIRE-2011-00175,20110826,19,2,12.05,4.88,0.0,,,0,0,0,0,0,,0,0
1729,ARGYLE,CALFIRE-2011-00176,20110827,27,4,134.77,54.54,2.0,36.03028,-121.16833,0,0,0,0,0,,0,0
1730,BARRETT,CALFIRE-2011-00177,20110827,37,1,160.3,64.87,1.0,32.66667,-116.65,0,0,0,0,0,,0,0
1731,BEACON,CALFIRE-2011-00178,20110827,17,7,702.76,284.4,3.0,38.28639,-122.00361,0,0,0,0,0,,0,0
1732,CANEBREAK,CALFIRE-2011-00179,20110827,15,1,34.85,14.11,4.0,,,0,0,0,0,0,,0,0
1733,OASIS,CALFIRE-2011-00180,20110827,19,1,355.55,143.89,0.0,34.45306,-117.66278,0,0,0,0,0,,0,0
1734,SARGENTS2,CALFIRE-2011-00181,20110827,27,2,39.65,16.04,0.0,,,0,0,0,0,0,,0,0
1735,WELLS,CALFIRE-2011-00182,20110827,59,1,1708.17,691.27,13.0,35.36389,-115.77389,0,0,0,0,0,,0,0
1736,FLORIDA,CALFIRE-2011-00183,20110828,36,14,67.39,27.27,2.0,34.08583,-117.11222,0,0,0,0,0,,0,0
1737,RIDGE,CALFIRE-2011-00184,20110828,37,1,141.82,57.39,5.0,32.71861,-116.48306,0,0,0,0,0,,0,0
1738,YOSEMITE,CALFIRE-2011-00185,20110828,40,11,64.05,25.92,0.0,,,0,0,0,0,0,,0,0
1739,ALIZIA,CALFIRE-2011-00186,20110829,56,2,4.03,1.63,0.0,,,0,0,0,0,0,,0,0
1740,KELLER,CALFIRE-2011-00187,20110829,33,2,411.18,166.4,1.0,,,0,0,0,0,0,,0,0
1741,PALA,CALFIRE-2011-00188,20110829,37,11,191.5,77.5,3.0,33.61806,-117.11917,0,0,0,0,0,,0,0
1742,WILLOW,CALFIRE-2011-00189,20110830,59,1,8.15,3.3,58.0,,,0,0,0,0,0,,0,0
1743,RANCH,CALFIRE-2011-00190,20110831,43,2,13.92,5.63,0.0,,,0,0,0,0,0,,0,0
1744,HAWKINSVILLE,CALFIRE-2011-00191,20110901,47,2,120.11,48.61,1.0,41.76056,-122.62056,0,0,0,0,0,,0,0
1745,HILL,CALFIRE-2011-00192,20110902,36,14,1159.33,469.16,0.0,34.35528,-117.43444,3,2,0,0,0,,0,0
1746,FIGUERO,CALFIRE-2011-00193,20110903,42,2,675.56,273.39,9.0,,,0,0,0,0,0,,0,0
1747,SODA,CALFIRE-2011-00194,20110903,28,2,1533.5,620.58,0.0,38.37639,-122.28528,3,0,0,0,0,,0,0
1748,CANYON,CALFIRE-2011-00195,20110904,15,16,14585.36,5902.49,6.0,36.74,-119.36694,100,0,0,0,0,,0,0
1749,ROADRUNNER,CALFIRE-2011-00196,20110904,54,7,334.62,135.42,0.0,36.00778,-118.91083,0,0,0,0,0,,0,0
1750,WILLOWS,CALFIRE-2011-00197,20110904,15,7,1121.12,453.7,8.0,35.95306,-118.48556,0,0,0,0,0,,0,0
1751,CALLAHAN,CALFIRE-2011-00198,20110905,47,9,2.18,0.88,0.0,,,0,0,0,0,0,,0,0
1752,WAGON,CALFIRE-2011-00199,20110905,19,15,298.85,120.94,0.0,34.48917,-118.36528,0,0,0,0,0,,0,0
1753,BRICKYARD,CALFIRE-2011-00200,20110906,43,11,17.32,7.01,0.0,,,0,0,0,0,0,,0,0
1754,GENESEO,CALFIRE-2011-00201,20110906,40,14,78.68,31.84,0.0,,,0,0,0,0,0,,0,0
1755,WEED,CALFIRE-2011-00202,20110907,47,8,0.55,0.22,0.0,,,0,0,0,0,0,,0,0
1756,FRECCERO,CALFIRE-2011-00203,20110908,5,7,56.78,22.98,2.0,38.18,-120.56972,0,0,0,0,0,,0,0
1757,NEENACH,CALFIRE-2011-00204,20110908,19,14,42.17,17.07,0.0,,,0,0,0,0,0,,0,0
1758,PALM,CALFIRE-2011-00205,20110908,36,2,18.35,7.43,1.0,,,0,0,0,0,0,,0,0
1759,FRAZIER 1,CALFIRE-2011-00206,20110909,42,1,15.86,6.42,4.0,,,0,0,0,0,0,,0,0
1760,MILTON,CALFIRE-2011-00207,20110909,5,1,1122.45,454.24,0.0,37.94472,-120.84361,0,0,0,0,0,,0,0
1761,ONYX,CALFIRE-2011-00208,20110909,9,1,14.79,5.98,0.0,,,0,0,0,0,0,,0,0
1762,SCOTT,CALFIRE-2011-00209,20110909,58,2,17.06,6.9,0.0,,,0,0,0,0,0,,0,0
1763,BAKER,CALFIRE-2011-00210,20110910,15,1,1711.34,692.55,4.0,,,0,0,0,0,0,,0,0
1764,BASELINE,CALFIRE-2011-00211,20110910,58,14,31.12,12.59,0.0,,,0,0,0,0,0,,0,0
1765,BLACK,CALFIRE-2011-00212,20110910,15,1,2577.55,1043.1,4.0,,,0,0,0,0,0,,0,0
1766,BLUE,CALFIRE-2011-00213,20110910,15,1,561.44,227.21,1.0,,,0,0,0,0,0,,0,0
1767,BRECKENRIDGE,CALFIRE-2011-00214,20110910,15,1,25223.41,10207.56,7.0,,,0,0,0,0,0,,0,0
1768,BUCKHORN,CALFIRE-2011-00215,20110910,42,1,65.54,26.52,7.0,,,0,0,0,0,0,,0,0
1769,CALIENTE,CALFIRE-2011-00216,20110910,15,1,552.28,223.5,0.0,,,0,0,0,0,0,,0,0
1770,COMANCHE,CALFIRE-2011-00217,20110910,15,1,25939.01,10497.15,7.0,35.11667,-118.78333,0,0,0,0,0,,0,0
1771,COW,CALFIRE-2011-00218,20110910,15,1,135.88,54.99,7.0,,,0,0,0,0,0,,0,0
1772,GOAT,CALFIRE-2011-00219,20110910,42,1,107.01,43.3,3.0,,,0,0,0,0,0,,0,0
1773,HARPER,CALFIRE-2011-00220,20110910,15,1,465.29,188.3,4.0,,,0,0,0,0,0,,0,0
1774,HARRIS,CALFIRE-2011-00221,20110910,15,1,217.54,88.04,1.0,,,0,0,0,0,0,,0,0
1775,HART,CALFIRE-2011-00222,20110910,15,1,283.83,114.86,2.0,,,0,0,0,0,0,,0,0
1776,HURRICANE,CALFIRE-2011-00223,20110910,42,1,124.81,50.51,3.0,,,0,0,0,0,0,,0,0
1777,INDIAN,CALFIRE-2011-00224,20110910,15,1,3068.72,1241.87,4.0,,,0,0,0,0,0,,0,0
1778,KNOB,CALFIRE-2011-00225,20110910,15,1,2709.77,1096.6,1.0,,,0,0,0,0,0,,0,0
1779,LIGHTNING,CALFIRE-2011-00226,20110910,15,1,550.79,222.9,1.0,,,0,0,0,0,0,,0,0
1780,NORTH,CALFIRE-2011-00227,20110910,15,1,3438.94,1391.69,1.0,,,0,0,0,0,0,,0,0
1781,QUARRY,CALFIRE-2011-00228,20110910,42,1,13.5,5.46,4.0,,,0,0,0,0,0,,0,0
1782,REED,CALFIRE-2011-00229,20110910,15,1,5899.57,2387.47,1.0,,,0,0,0,0,0,,0,0
1783,SALT,CALFIRE-2011-00230,20110910,42,1,15.18,6.14,6.0,,,0,0,0,0,0,,0,0
1784,SPENCEVILLE,CALFIRE-2011-00231,20110910,58,14,65.93,26.68,0.0,,,0,0,0,0,0,,0,0
1785,UNKNOWN,CALFIRE-2011-00232,20110910,15,1,182.72,73.94,6.0,,,0,0,0,0,0,,0,0
1786,WOLF,CALFIRE-2011-00233,20110910,15,1,633.47,256.36,1.0,,,0,0,0,0,0,,0,0
1787,CATTLE,CALFIRE-2011-00234,20110911,15,1,2130.33,862.12,0.0,,,0,0,0,0,0,,0,0
1788,NORTH BEACH 2,CALFIRE-2011-00235,20110911,59,14,0.0,0.0,0.0,,,0,0,0,0,0,,0,0
1789,TENNESSEE,CALFIRE-2011-00236,20110911,54,1,484.83,196.2,0.0,,,0,0,0,0,0,,0,0
1790,LONG,CALFIRE-2011-00237,20110912,59,1,482.91,195.43,23.0,38.75306,-120.20083,0,0,0,0,0,,0,0
1791,PUNCH,CALFIRE-2011-00238,20110912,59,1,507.45,205.36,39.0,,,0,0,0,0,0,,0,0
1792,HIGH,CALFIRE-2011-00239,20110913,45,1,6.75,2.73,0.0,,,0,0,0,0,0,,0,0
1793,JOHN,CALFIRE-2011-00240,20110913,36,14,5799.84,2347.11,3.0,37.13361,-118.2825,0,0,0,2,0,,0,0
1794,JUNIPER,CALFIRE-2011-00241,20110913,45,9,10.09,4.08,0.0,,,0,0,0,0,0,,0,0
1795,SMITH,CALFIRE-2011-00242,20110913,59,1,22.9,9.27,21.0,,,0,0,0,0,0,,0,0
1796,TAMARACK,CALFIRE-2011-00243,20110913,59,1,1014.11,410.39,21.0,37.76556,-119.74056,0,0,0,0,0,,0,0
1797,INDIAN,CALFIRE-2011-00244,20110914,31,1,12.72,5.15,12.0,,,0,0,0,0,0,,0,0
1798,SLOUGH,CALFIRE-2011-00245,20110914,47,1,17.62,7.13,0.0,,,0,0,0,0,0,,0,0
1799,SUMMIT,CALFIRE-2011-00246,20110914,59,1,12.52,5.07,43.0,40.475,-121.42083,0,0,0,0,0,,0,0
1800,MINT,CALFIRE-2011-00247,20110917,19,9,601.99,243.62,2.0,34.54833,-118.32694,0,0,0,0,0,,0,0
1801,LONEOAK,CALFIRE-2011-00248,20110920,27,14,27.03,10.94,0.0,,,0,0,0,0,0,,0,0
1802,65,CALFIRE-2011-00249,20110923,15,1,2003.45,810.77,1.0,,,0,0,0,0,0,,0,0
1803,CHICKEN,CALFIRE-2011-00250,20110923,25,1,13.58,5.5,27.0,,,0,0,0,0,0,,0,0
1804,LIGHTNING,CALFIRE-2011-00251,20110923,19,1,132.56,53.65,0.0,,,0,0,0,0,0,,0,0
1805,MUD SPRINGS,CALFIRE-2011-00252,20110923,54,1,342.81,138.73,0.0,,,0,0,0,0,0,,0,0
1806,OLD,CALFIRE-2011-00253,20110923,15,1,408.67,165.38,1.0,,,0,0,0,0,0,,0,0
1807,PARK,CALFIRE-2011-00254,20110923,19,14,82.12,33.23,0.0,,,0,0,0,0,0,,0,0
1808,QUAIL,CALFIRE-2011-00255,20110923,15,14,138.65,56.11,3.0,35.37528,-118.25833,0,0,0,0,0,,0,0
1809,RUTH,CALFIRE-2011-00256,20110923,53,5,1457.14,589.68,6.0,40.24278,-123.31639,31,3,0,0,0,,0,0
1810,WEST,CALFIRE-2011-00257,20110923,10,14,214.02,86.61,0.0,,,0,0,0,0,0,,0,0
1811,GOLDEN,CALFIRE-2011-00258,20110924,15,1,11.97,4.84,51.0,,,0,0,0,0,0,,0,0
1812,HOLBROOK 2,CALFIRE-2011-00259,20110924,18,1,84.09,34.03,2.0,,,0,0,0,0,0,,0,0
1813,LAGRANGE,CALFIRE-2011-00260,20110924,5,9,114.41,46.3,0.0,,,0,0,0,0,0,,0,0
1814,PARKFIELD,CALFIRE-2011-00261,20110924,10,1,21.29,8.61,0.0,,,0,0,0,0,0,,0,0
1815,REEF,CALFIRE-2011-00262,20110924,10,1,64.32,26.03,0.0,,,0,0,0,0,0,,0,0
1816,WINDY POINT,CALFIRE-2011-00263,20110924,15,9,541.5,219.14,2.0,33.89361,-116.62583,0,0,0,0,0,,0,0
1817,BUCKEYE,CALFIRE-2011-00264,20110925,15,1,1045.61,423.14,7.0,,,0,0,0,0,0,,0,0
1818,BOBCAT,CALFIRE-2011-00265,20110927,59,14,11.03,4.46,0.0,,,0,0,0,0,0,,0,0
1819,CROSSOVER,CALFIRE-2011-00266,20110928,19,10,25.89,10.48,0.0,,,0,0,0,0,0,,0,0
1820,BORDER 16,CALFIRE-2011-00267,20110930,37,14,21.73,8.79,1.0,,,0,0,0,0,0,,0,0
1821,LOMA,CALFIRE-2011-00268,20110930,58,18,31.98,12.94,0.0,,,0,0,0,0,0,,0,0
1822,BELL,CALFIRE-2011-00269,20111001,47,2,15.75,6.37,0.0,,,0,0,0,0,0,,0,0
1823,GREAT,CALFIRE-2011-00270,20111001,37,14,2133.96,863.58,6.0,33.0975,-116.47778,0,0,0,0,0,,0,0
1824,STODDARD 3,CALFIRE-2011-00271,20111001,15,9,30.3,12.26,3.0,,,0,0,0,0,0,,0,0
1825,LIGHTHILL,CALFIRE-2011-00272,20111002,47,18,1.67,0.68,0.0,,,0,0,0,0,0,,0,0
1826,INDIAN CLOVER,CALFIRE-2011-00273,20111003,59,14,0.03,0.01,0.0,,,0,0,0,0,0,,0,0
1827,PANOCHE,CALFIRE-2011-00274,20111015,10,9,21.61,8.75,0.0,,,0,0,0,0,0,,0,0
1828,JADE,CALFIRE-2011-00275,20111017,47,5,3.62,1.46,0.0,,,0,0,0,0,0,,0,0
1829,SPLIT,CALFIRE-2011-00276,20111018,15,2,27.97,11.32,0.0,35.72028,-118.48583,0,0,0,0,0,,0,0
1830,MILL,CALFIRE-2011-00277,20111021,36,2,32.89,13.31,0.0,34.08528,-117.04222,0,0,0,0,0,,0,0
1831,FREE,CALFIRE-2011-00278,20111022,36,7,15.91,6.44,0.0,,,0,0,0,0,0,,0,0
1832,FREE,CALFIRE-2011-00279,20111022,33,14,52.32,21.17,0.0,,,0,0,0,0,0,,0,0
1833,STATION,CALFIRE-2011-00280,20111022,42,9,24.01,9.71,10.0,34.83778,-118.96167,0,0,0,0,0,,0,0
1834,CIELO,CALFIRE-2011-00281,20111023,42,9,17.61,7.13,4.0,34.51528,-119.81694,0,0,0,0,0,,0,0
1835,PELONA,CALFIRE-2011-00282,20111029,19,9,2.14,0.87,0.0,,,0,0,0,0,0,,0,0
1836,PIUMA,CALFIRE-2011-00283,20111031,19,10,0.09,0.04,0.0,,,0,0,0,0,0,,0,0
1837,SNOW,CALFIRE-2011-00284,20111101,12,18,62.84,25.43,1.0,,,0,0,0,0,0,,0,0
1838,ROSE,CALFIRE-2011-00285,20111102,30,11,15.49,6.27,0.0,,,0,0,0,0,0,,0,0
1839,SILACCI,CALFIRE-2011-00286,20111103,27,18,44.16,17.87,0.0,,,0,0,0,0,0,,0,0
1840,DANDY,CALFIRE-2011-00287,20111110,47,18,2.12,0.86,0.0,,,0,0,0,0,0,,0,0
1841,YAGER,CALFIRE-2011-00288,20111110,12,18,55.1,22.3,4.0,40.57444,-124.05417,0,0,0,0,0,,0,0
1842,COTTON,CALFIRE-2011-00289,20111115,59,5,39.55,16.01,21.0,,,0,0,0,0,0,,0,0
1843,LONGJOHN,CALFIRE-2011-00290,20111130,59,5,75.98,30.75,3.0,,,0,0,0,0,0,,0,0
1844,MUSTANG,CALFIRE-2011-00291,20111130,27,11,16.16,6.54,1.0,,,0,0,0,0,0,,0,0
1845,60 B,CALFIRE-2011-00292,20111201,4,18,16.19,6.55,0.0,,,0,0,0,0,0,,0,0
1846,BLACKSMITH,CALFIRE-2011-00293,20111201,59,5,101.27,40.98,0.0,,,0,0,0,0,0,,0,0
1847,BLUE,CALFIRE-2011-00294,20111201,5,5,698.14,282.53,5.0,,,0,0,0,0,0,,0,0
1848,CHALK,CALFIRE-2011-00295,20111201,58,18,16.59,6.71,1.0,,,0,0,0,0,0,,0,0
1849,EAST,CALFIRE-2011-00296,20111201,5,5,44.07,17.83,4.0,,,0,0,0,0,0,,0,0
1850,FOUR CORNERS,CALFIRE-2011-00297,20111201,4,18,10.17,4.12,0.0,,,0,0,0,0,0,,0,0
1851,GIRARD,CALFIRE-2011-00298,20111201,59,5,32.4,13.11,2.0,,,0,0,0,0,0,,0,0
1852,GREYHORSE,CALFIRE-2011-00299,20111201,59,5,13.09,5.3,1.0,,,0,0,0,0,0,,0,0
1853,GROOVY,CALFIRE-2011-00300,20111201,9,5,46.54,18.83,0.0,,,0,0,0,0,0,,0,0
1854,OAKRUN,CALFIRE-2011-00301,20111201,45,9,21.02,8.51,0.0,,,0,0,0,0,0,,0,0
1855,RIDGE,CALFIRE-2011-00302,20111201,59,5,59.73,24.17,2.0,32.71861,-116.48306,0,0,0,0,0,,0,0
1856,SALT,CALFIRE-2011-00303,20111201,59,9,342.9,138.77,6.0,,,0,0,0,0,0,,0,0
1857,FUNKY,CALFIRE-2011-00304,20111202,59,5,22.96,9.29,0.0,,,0,0,0,0,0,,0,0
1858,CAMARILLO SPRINGS,CALFIRE-2011-00305,20111203,56,9,9.2,3.72,0.0,,,0,0,0,0,0,,0,0
1859,SUGARLOAF,CALFIRE-2011-00306,20111203,59,5,31.12,12.59,1.0,,,0,0,0,0,0,,0,0
1860,MOSQUITO,CALFIRE-2011-00307,20111204,59,7,18.79,7.6,1.0,,,0,0,0,0,0,,0,0
1861,NOODLES,CALFIRE-2011-00308,20111204,59,5,19.59,7.93,0.0,,,0,0,0,0,0,,0,0
1862,BILEDO,CALFIRE-2011-00309,20111216,59,4,19.64,7.95,2.0,,,0,0,0,0,0,,0,0
1863,WILLOW,CALFIRE-2011-00310,20111217,27,14,21.28,8.61,0.0,,,0,0,0,0,0,,0,0
1864,ACKERSON,CALFIRE-2011-00311,20111221,59,3,12.84,5.2,5.0,,,0,0,0,0,0,,0,0
1865,FOOTHILL,CALFIRE-2011-00312,20111222,56,11,60.45,24.46,4.0,34.32667,-119.15056,0,0,0,0,0,,0,0
1866,KANGAROO,CALFIRE-2011-00313,20111225,47,4,14.02,5.67,26.0,,,0,0,0,0,0,,0,0
1867,ALISO,CALFIRE-2012-00001,20120102,19,2,12.31,4.98,0.0,,,0,0,0,0,0,,0,0
1868,UNNAMED,CALFIRE-2012-00002,20120102,15,14,3.58,1.45,0.0,,,0,0,0,0,0,,0,0
1869,LAWLER,CALFIRE-2012-00003,20120108,36,9,13.53,5.47,2.0,33.79472,-116.74389,0,0,0,0,0,,0,0
1870,198,CALFIRE-2012-00004,20120109,27,11,26.51,10.73,0.0,,,0,0,0,0,0,,0,0
1871,REYNOLDS,CALFIRE-2012-00005,20120110,47,5,0.77,0.31,0.0,,,0,0,0,0,0,,0,0
1872,HWY 18,CALFIRE-2012-00006,20120112,36,2,8.93,3.61,2.0,,,0,0,0,0,0,,0,0
1873,DEER,CALFIRE-2012-00007,20120113,59,5,10.27,4.16,1.0,,,0,0,0,0,0,,0,0
1874,UNNAMED,CALFIRE-2012-00008,20120121,15,1,3.16,1.28,0.0,,,0,0,0,0,0,,0,0
1875,CASTLE ROCK,CALFIRE-2012-00009,20120126,19,11,0.63,0.25,0.0,,,0,0,0,0,0,,0,0
1876,NINE,CALFIRE-2012-00010,20120131,15,14,8.37,3.39,0.0,,,0,0,0,0,0,,0,0
1877,TRACTOR,CALFIRE-2012-00011,20120204,10,2,21.09,8.53,0.0,,,0,0,0,0,0,,0,0
1878,CHOCTAW,CALFIRE-2012-00012,20120205,15,14,1.23,0.5,0.0,,,0,0,0,0,0,,0,0
1879,155,CALFIRE-2012-00013,20120209,15,14,0.04,0.02,0.0,,,0,0,0,0,0,,0,0
1880,MARTINEZ,CALFIRE-2012-00014,20120209,19,14,4.11,1.66,0.0,,,0,0,0,0,0,,0,0
1881,LERDO,CALFIRE-2012-00015,20120210,15,14,26.32,10.65,119.0,,,0,0,0,0,0,,0,0
1882,EDGEWOOD,CALFIRE-2012-00016,20120221,47,5,2.31,0.94,0.0,,,0,0,0,0,0,,0,0
1883,SODA,CALFIRE-2012-00017,20120223,17,18,196.72,79.61,3.0,,,0,0,0,0,0,,0,0
1884,JOLON,CALFIRE-2012-00018,20120225,27,18,12.08,4.89,0.0,,,0,0,0,0,0,,0,0
1885,VANTAGE POINTE,CALFIRE-2012-00019,20120303,19,14,0.26,0.11,0.0,,,0,0,0,0,0,,0,0
1886,BRIDGE,CALFIRE-2012-00020,20120305,32,5,11.95,4.84,,,,0,0,0,0,0,,0,0
1887,SYLVA,CALFIRE-2012-00021,20120308,47,5,10.18,4.12,0.0,,,0,0,0,0,0,,0,0
1888,YELLOWJACKET,CALFIRE-2012-00022,20120309,42,9,11.43,4.62,3.0,,,0,0,0,0,0,,0,0
1889,DUZEL,CALFIRE-2012-00023,20120310,47,5,3.29,1.33,0.0,,,0,0,0,0,0,,0,0
1890,STEELE,CALFIRE-2012-00024,20120311,19,16,6.09,2.46,1.0,,,0,0,0,0,0,,0,0
1891,DORRIS,CALFIRE-2012-00025,20120327,47,9,1.05,0.42,0.0,,,0,0,0,0,0,,0,0
1892,UNNAMED,CALFIRE-2012-00026,20120331,15,14,21.45,8.68,0.0,,,0,0,0,0,0,,0,0
1893,UNNAMED,CALFIRE-2012-00027,20120331,15,14,4.85,1.96,0.0,,,0,0,0,0,0,,0,0
1894,COTTONWOOD,CALFIRE-2012-00028,20120403,37,18,14.06,5.69,1.0,,,0,0,0,0,0,,0,0
1895,TEXCO,CALFIRE-2012-00029,20120403,15,14,17.55,7.1,0.0,,,0,0,0,0,0,,0,0
1896,CRAM,CALFIRE-2012-00030,20120406,47,5,64.11,25.94,0.0,,,0,0,0,0,0,,0,0
1897,DENNIS,CALFIRE-2012-00031,20120407,47,2,1.02,0.41,0.0,,,0,0,0,0,0,,0,0
1898,AGUA,CALFIRE-2012-00032,20120408,19,2,7.09,2.87,118.0,,,0,0,0,0,0,,0,0
1899,SUMMIT,CALFIRE-2012-00033,20120409,59,5,14.66,5.93,13.0,,,0,0,0,0,0,,0,0
1900,UNNAMED,CALFIRE-2012-00034,20120412,15,14,0.79,0.32,0.0,,,0,0,0,0,0,,0,0
1901,AIRPORT,CALFIRE-2012-00035,20120429,47,5,35.05,14.18,0.0,,,0,0,0,0,0,,0,0
1902,JOYLAND,CALFIRE-2012-00036,20120429,47,5,2.35,0.95,0.0,,,0,0,0,0,0,,0,0
1903,RANGE,CALFIRE-2012-00037,20120506,33,9,338.25,136.89,149.0,34.82583,-118.95889,3,0,0,0,0,,0,0
1904,TREE,CALFIRE-2012-00038,20120508,19,14,126.47,51.18,0.0,34.44278,-118.2275,2,0,0,0,0,,0,0
1905,UNNAMED,CALFIRE-2012-00039,20120511,15,14,1.35,0.54,0.0,,,0,0,0,0,0,,0,0
1906,BORDER 6,CALFIRE-2012-00040,20120516,37,14,61.56,24.91,2.0,,,0,0,0,0,0,,0,0
1907,PASADENA,CALFIRE-2012-00041,20120516,15,14,0.71,0.29,0.0,,,0,0,0,0,0,,0,0
1908,BORDER 6,CALFIRE-2012-00042,20120517,15,14,11.37,4.6,2.0,,,0,0,0,0,0,,0,0
1909,SIERRA,CALFIRE-2012-00043,20120517,15,14,3.38,1.37,0.0,,,0,0,0,0,0,,0,0
1910,BORDER 7,CALFIRE-2012-00044,20120518,37,14,56.18,22.73,0.0,32.63167,-116.76389,0,0,0,0,0,,0,0
1911,VIEW,CALFIRE-2012-00045,20120519,23,5,13.27,5.37,2.0,,,0,0,0,0,0,,0,0
1912,HIGHWAY,CALFIRE-2012-00046,20120520,19,2,7.49,3.03,,,,0,0,0,0,0,,0,0
1913,RED,CALFIRE-2012-00047,20120523,18,14,12.45,5.04,2.0,,,0,0,0,0,0,,0,0
1914,ROCK,CALFIRE-2012-00048,20120523,33,2,45.63,18.47,1.0,35.115,-120.09972,0,0,0,0,0,,0,0
1915,BANNER,CALFIRE-2012-00049,20120524,37,14,5320.12,2152.98,5.0,33.06639,-116.43111,0,0,0,0,0,,0,0
1916,CEDAR,CALFIRE-2012-00050,20120525,33,9,71.65,29.0,1.0,,,0,0,0,0,0,,0,0
1917,FIRESTONE,CALFIRE-2012-00051,20120525,10,7,44.09,17.84,0.0,36.12556,-120.37944,0,0,0,0,0,,0,0
1918,TUCKER,CALFIRE-2012-00052,20120525,15,14,3.06,1.24,155.0,,,0,0,0,0,0,,0,0
1919,CAMP 9,CALFIRE-2012-00053,20120526,15,14,4.21,1.7,0.0,,,0,0,0,0,0,,0,0
1920,LAKEPOINTE,CALFIRE-2012-00054,20120527,33,14,256.1,103.64,1.0,,,0,0,0,0,0,,0,0
1921,MIDOLI 2,CALFIRE-2012-00055,20120527,59,9,93.26,37.74,0.0,,,0,0,0,0,0,,0,0
1922,WALKER,CALFIRE-2012-00056,20120529,15,14,5.09,2.06,0.0,,,0,0,0,0,0,,0,0
1923,DUNLAP,CALFIRE-2012-00057,20120531,10,14,10.59,4.28,0.0,,,0,0,0,0,0,,0,0
1924,GAINES,CALFIRE-2012-00058,20120531,22,11,1662.4,672.75,0.0,37.49722,-120.17528,0,0,0,0,0,,0,0
1925,UNNAMED,CALFIRE-2012-00059,20120531,15,14,0.26,0.1,0.0,,,0,0,0,0,0,,0,0
1926,ESCONDIDO,CALFIRE-2012-00060,20120601,19,3,0.39,0.16,0.0,,,0,0,0,0,0,,0,0
1927,GEORGE,CALFIRE-2012-00061,20120601,15,7,1707.59,691.04,16.0,36.14944,-118.50528,0,0,0,0,0,,0,0
1928,HIGHLINE,CALFIRE-2012-00062,20120601,15,5,142.1,57.51,0.0,33.16028,-115.38861,0,0,0,0,0,,0,0
1929,RANCHO,CALFIRE-2012-00063,20120601,15,14,5.62,2.27,0.0,,,0,0,0,0,0,,0,0
1930,HWY 74,CALFIRE-2012-00064,20120602,36,2,3.27,1.32,0.0,,,0,0,0,0,0,,0,0
1931,STEELE,CALFIRE-2012-00065,20120602,15,2,17.4,7.04,0.0,,,0,0,0,0,0,,0,0
1932,JAMESON,CALFIRE-2012-00066,20120603,15,9,30.0,12.14,1.0,,,0,0,0,0,0,,0,0
1933,LAVAL,CALFIRE-2012-00067,20120603,15,14,41.17,16.66,0.0,,,0,0,0,0,0,,0,0
1934,TINTA,CALFIRE-2012-00068,20120603,42,9,47.17,19.09,5.0,34.705,-119.39306,0,0,0,0,0,,0,0
1935,UNNAMED,CALFIRE-2012-00069,20120603,15,14,17.29,7.0,0.0,,,0,0,0,0,0,,0,0
1936,SHINN,CALFIRE-2012-00070,20120604,19,9,6.0,2.43,,,,0,0,0,0,0,,0,0
1937,PINE,CALFIRE-2012-00071,20120605,10,2,90.84,36.76,1.0,36.83056,-119.33861,0,0,0,0,0,,0,0
1938,SCOTT,CALFIRE-2012-00072,20120606,33,9,4.26,1.72,0.0,33.64167,-117.19389,1,0,0,0,0,,0,0
1939,COUNTY,CALFIRE-2012-00073,20120607,58,9,19.82,8.02,1.0,,,0,0,0,0,0,,0,0
1940,COWBOY,CALFIRE-2012-00074,20120607,15,14,0.78,0.32,0.0,,,0,0,0,0,0,,0,0
1941,CREEK,CALFIRE-2012-00075,20120608,36,9,66.46,26.9,1.0,33.78917,-116.84333,0,0,0,0,0,,0,0
1942,FIVE MILE,CALFIRE-2012-00076,20120608,19,2,488.74,197.79,0.0,,,0,0,0,0,0,,0,0
1943,COLLINS,CALFIRE-2012-00077,20120609,58,9,14.98,6.06,3.0,,,0,0,0,0,0,,0,0
1944,HAMMONTON,CALFIRE-2012-00078,20120609,58,14,8.8,3.56,0.0,,,0,0,0,0,0,,0,0
1945,PIONEER,CALFIRE-2012-00079,20120609,47,5,0.54,0.22,0.0,,,0,0,0,0,0,,0,0
1946,ROCK,CALFIRE-2012-00080,20120609,42,9,17.57,7.11,4.0,35.115,-120.09972,0,0,0,0,0,,0,0
1947,BOWEN,CALFIRE-2012-00081,20120610,36,4,118.72,48.04,1.0,34.36306,-117.15111,0,0,0,0,0,,0,0
1948,WINDY,CALFIRE-2012-00082,20120610,4,14,78.7,31.85,5.0,40.18083,-121.58611,0,0,0,0,0,,0,0
1949,TWINS,CALFIRE-2012-00083,20120611,15,14,130.07,52.64,0.0,,,0,0,0,0,0,,0,0
1950,WALDO,CALFIRE-2012-00084,20120611,58,9,22.88,9.26,1.0,,,0,0,0,0,0,,0,0
1951,UNNAMED,CALFIRE-2012-00085,20120612,15,14,1.0,0.41,0.0,,,0,0,0,0,0,,0,0
1952,CAMPGROUND,CALFIRE-2012-00086,20120613,15,9,11.77,4.76,0.0,,,0,0,0,0,0,,0,0
1953,COLE,CALFIRE-2012-00087,20120613,15,14,0.82,0.33,0.0,,,0,0,0,0,0,,0,0
1954,FIDDYMENT,CALFIRE-2012-00088,20120614,58,14,181.53,73.46,18.0,,,0,0,0,0,0,,0,0
1955,LITTLE,CALFIRE-2012-00089,20120614,36,10,86.87,35.16,1.0,,,0,0,0,0,0,,0,0
1956,POND,CALFIRE-2012-00090,20120614,23,2,22.67,9.17,5.0,,,0,0,0,0,0,,0,0
1957,POWERLINE,CALFIRE-2012-00091,20120614,15,9,36.45,14.75,0.0,,,0,0,0,0,0,,0,0
1958,RING MOUNTAIN,CALFIRE-2012-00092,20120614,21,14,13.64,5.52,0.0,,,0,0,0,0,0,,0,0
1959,POWER,CALFIRE-2012-00093,20120615,4,14,92.63,37.49,0.0,40.88194,-121.71833,0,0,0,0,0,,0,0
1960,WALTZ,CALFIRE-2012-00094,20120615,58,2,96.74,39.15,0.0,,,0,0,0,0,0,,0,0
1961,CASCADE,CALFIRE-2012-00095,20120616,59,1,1704.93,689.96,146.0,37.76972,-119.675,0,0,0,0,0,,0,0
1962,COLUMBIA,CALFIRE-2012-00096,20120616,58,2,82.99,33.58,0.0,,,0,0,0,0,0,,0,0
1963,HIGHLAND,CALFIRE-2012-00097,20120616,15,9,2177.43,881.17,4.0,33.85667,-116.93806,0,0,0,0,0,,0,0
1964,LA POSTA,CALFIRE-2012-00098,20120616,37,9,10.94,4.43,,,,0,0,0,0,0,,0,0
1965,OZENA,CALFIRE-2012-00099,20120616,42,7,360.83,146.02,14.0,34.68444,-119.30889,0,0,0,0,0,,0,0
1966,OLD - 2,CALFIRE-2012-00100,20120617,37,14,995.68,402.94,3.0,,,0,0,0,0,0,,0,0
1967,SOLEDAD,CALFIRE-2012-00101,20120617,15,2,66.91,27.08,1.0,,,0,0,0,0,0,,0,0
1968,VIEW,CALFIRE-2012-00102,20120617,15,2,376.15,152.22,2.0,,,0,0,0,0,0,,0,0
1969,GRAPEVINE,CALFIRE-2012-00103,20120618,15,14,206.1,83.41,0.0,35.93139,-118.92806,0,0,0,0,0,,0,0
1970,LINDELL,CALFIRE-2012-00104,20120618,33,14,20.56,8.32,0.0,,,0,0,0,0,0,,0,0
1971,NORTH PASS,CALFIRE-2012-00105,20120618,23,1,41828.37,16927.35,101.0,39.86667,-123.13333,26,4,0,0,0,,0,0
1972,RANCHITA,CALFIRE-2012-00106,20120618,27,2,66.95,27.1,0.0,,,0,0,0,0,0,,0,0
1973,CHINA,CALFIRE-2012-00107,20120619,59,4,10.15,4.11,9.0,,,0,0,0,0,0,,0,0
1974,GULCH,CALFIRE-2012-00108,20120619,15,9,385.19,155.88,5.0,35.65778,-118.48417,1,0,0,0,0,,0,0
1975,OTAY - 3,CALFIRE-2012-00109,20120620,37,14,20.46,8.28,0.0,,,0,0,0,0,0,,0,0
1976,BOLES,CALFIRE-2012-00110,20120621,47,4,2.54,1.03,0.0,,,0,0,0,0,0,,0,0
1977,HILL,CALFIRE-2012-00111,20120621,15,14,14.69,5.94,0.0,34.73139,-118.87361,0,0,0,0,0,,0,0
1978,HORSESHOE,CALFIRE-2012-00112,20120621,5,14,95.56,38.67,2.0,,,0,0,0,0,0,,0,0
1979,DYER,CALFIRE-2012-00113,20120622,58,11,21.76,8.81,0.0,,,0,0,0,0,0,,0,0
1980,EDMONSTON,CALFIRE-2012-00114,20120622,15,14,13.11,5.3,0.0,,,0,0,0,0,0,,0,0
1981,TURKEY,CALFIRE-2012-00115,20120622,59,14,3.57,1.45,0.0,35.87667,-120.41667,0,0,0,0,0,,0,0
1982,VISTA,CALFIRE-2012-00116,20120622,15,14,1.11,0.45,0.0,,,0,0,0,0,0,,0,0
1983,HILL,CALFIRE-2012-00117,20120623,42,9,689.67,279.1,14.0,34.73139,-118.87361,0,0,0,0,0,,0,0
1984,JACK,CALFIRE-2012-00118,20120623,15,14,14.42,5.84,0.0,,,0,0,0,0,0,,0,0
1985,TEJON,CALFIRE-2012-00119,20120623,19,9,13.61,5.51,,,,0,0,0,0,0,,0,0
1986,BOONE,CALFIRE-2012-00120,20120624,15,9,12.61,5.1,0.0,,,0,0,0,0,0,,0,0
1987,LYTLE,CALFIRE-2012-00121,20120624,36,9,6.42,2.6,0.0,,,0,0,0,0,0,,0,0
1988,CONDOR,CALFIRE-2012-00122,20120625,15,14,20.98,8.49,0.0,,,0,0,0,0,0,,0,0
1989,REEF,CALFIRE-2012-00123,20120625,10,11,43.68,17.68,0.0,,,0,0,0,0,0,,0,0
1990,RIDGE,CALFIRE-2012-00124,20120625,19,14,27.09,10.96,0.0,,,0,0,0,0,0,,0,0
1991,RIVER,CALFIRE-2012-00125,20120626,23,11,9.9,4.01,1.0,,,0,0,0,0,0,,0,0
1992,MILL,CALFIRE-2012-00126,20120627,23,7,13.74,5.56,1.0,40.19917,-121.65472,0,0,0,0,0,,0,0
1993,OAK,CALFIRE-2012-00127,20120628,47,5,192.04,77.72,4.0,41.63194,-122.83972,0,0,0,0,0,,0,0
1994,CARY,CALFIRE-2012-00128,20120629,33,8,160.43,64.92,1.0,33.56972,-116.73639,2,0,0,0,0,,0,0
1995,EMIGDIO,CALFIRE-2012-00129,20120629,15,14,173.27,70.12,0.0,34.90389,-119.21639,0,0,0,0,0,,0,0
1996,OASIS,CALFIRE-2012-00130,20120630,36,9,58.1,23.51,,34.43861,-117.66639,0,0,0,0,0,,0,0
1997,OASIS,CALFIRE-2012-00131,20120630,19,14,94.34,38.18,0.0,34.43861,-117.66639,0,0,0,0,0,,0,0
1998,CRANSTON,CALFIRE-2012-00132,20120701,36,9,20.23,8.19,0.0,33.7375,-116.83611,0,0,0,0,0,,0,0
1999,MARRON,CALFIRE-2012-00133,20120701,15,9,73.99,29.94,1.0,,,0,0,0,0,0,,0,0
2000,PRISON,CALFIRE-2012-00134,20120702,15,14,33.21,13.44,0.0,,,0,0,0,0,0,,0,0
2001,BEALE,CALFIRE-2012-00135,20120703,15,14,3.92,1.59,0.0,,,0,0,0,0,0,,0,0
2002,HILLSIDE,CALFIRE-2012-00136,20120703,19,14,932.35,377.31,0.0,34.57417,-118.18111,0,0,0,0,0,,0,0
2003,JACK,CALFIRE-2012-00137,20120703,40,10,19.9,8.05,0.0,,,0,0,0,0,0,,0,0
2004,CHESTER EXT,CALFIRE-2012-00138,20120704,15,14,7.59,3.07,0.0,,,0,0,0,0,0,,0,0
2005,KEYSTONE,CALFIRE-2012-00139,20120704,15,3,0.64,0.26,0.0,,,0,0,0,0,0,,0,0
2006,DALE,CALFIRE-2012-00140,20120705,45,11,1037.88,420.01,2.0,40.47806,-122.46917,2,5,0,0,0,,0,0
2007,BORDER 12,CALFIRE-2012-00141,20120707,15,14,121.3,49.09,1.0,,,0,0,0,0,0,,0,0
2008,BROADWAY NORTH,CALFIRE-2012-00142,20120707,58,7,187.83,76.01,0.0,,,0,0,0,0,0,,0,0
2009,FISH,CALFIRE-2012-00143,20120707,36,14,1135.35,459.46,4.0,37.165,-118.28861,0,0,0,0,0,,0,0
2010,MILL,CALFIRE-2012-00144,20120707,6,9,29525.45,11948.54,11.0,40.19917,-121.65472,5,0,0,0,0,,0,0
2011,KECKS,CALFIRE-2012-00145,20120708,15,14,196.37,79.47,0.0,,,0,0,0,0,0,,0,0
2012,LANCER,CALFIRE-2012-00146,20120708,15,14,29.24,11.83,0.0,34.84972,-118.895,0,0,0,0,0,,0,0
2013,OREGON,CALFIRE-2012-00147,20120708,4,11,117.36,47.49,8.0,,,0,0,0,0,0,,0,0
2014,RUTH DAM,CALFIRE-2012-00148,20120708,12,9,20.77,8.41,8.0,,,0,0,0,0,0,,0,0
2015,SITES,CALFIRE-2012-00149,20120708,17,7,4429.4,1792.52,11.0,,,0,0,0,0,0,,0,0
2016,TURKEY,CALFIRE-2012-00150,20120709,27,2,2530.05,1023.88,2.0,35.87667,-120.41667,0,0,0,0,0,,0,0
2017,LA GRANGE,CALFIRE-2012-00151,20120710,5,7,112.16,45.39,0.0,,,0,0,0,0,0,,0,0
2018,SEVEN,CALFIRE-2012-00152,20120710,5,7,827.7,334.96,4.0,,,0,0,0,0,0,,0,0
2019,FLAT,CALFIRE-2012-00153,20120711,45,10,1720.21,696.15,138.0,40.79167,-123.35028,0,0,0,0,0,,0,0
2020,ROBBERS,CALFIRE-2012-00154,20120711,31,7,2635.21,1066.43,9.0,39.05083,-120.89972,8,0,0,0,0,,0,0
2021,TWIN,CALFIRE-2012-00155,20120711,36,9,41.89,16.95,0.0,,,0,0,0,0,0,,0,0
2022,GLORIA,CALFIRE-2012-00156,20120712,27,9,30.71,12.43,0.0,,,0,0,0,0,0,,0,0
2023,TWENTY,CALFIRE-2012-00157,20120713,58,2,13.03,5.27,0.0,,,0,0,0,0,0,,0,0
2024,SHASTA,CALFIRE-2012-00158,20120714,47,14,4.53,1.83,0.0,,,0,0,0,0,0,,0,0
2025,DERRICK,CALFIRE-2012-00159,20120715,10,11,50.0,20.24,0.0,,,0,0,0,0,0,,0,0
2026,MONTAGUE,CALFIRE-2012-00160,20120715,47,14,0.49,0.2,0.0,,,0,0,0,0,0,,0,0
2027,SCHALER,CALFIRE-2012-00161,20120715,18,14,65.74,26.6,1.0,,,0,0,0,0,0,,0,0
2028,WOODS CREEK,CALFIRE-2012-00162,20120715,59,14,324.34,131.26,94.0,,,0,0,0,0,0,,0,0
2029,CALF,CALFIRE-2012-00163,20120716,40,2,616.98,249.68,2.0,35.40167,-120.55083,0,0,0,0,0,,0,0
2030,ISLAND,CALFIRE-2012-00164,20120716,58,14,39.42,15.95,0.0,,,0,0,0,0,0,,0,0
2031,SAND,CALFIRE-2012-00165,20120717,15,14,1428.45,578.08,0.0,35.105,-118.31222,1,0,0,0,0,,0,0
2032,PIEDRA,CALFIRE-2012-00166,20120718,10,2,36.76,14.87,0.0,,,0,0,0,0,0,,0,0
2033,SPANISH,CALFIRE-2012-00167,20120718,18,14,1272.69,515.04,45.0,40.72361,-120.30278,0,0,0,0,0,,0,0
2034,OLD STAGE,CALFIRE-2012-00168,20120719,27,7,13.97,5.66,0.0,,,0,0,0,0,0,,0,0
2035,RUTH,CALFIRE-2012-00169,20120720,10,11,22.72,9.2,0.0,,,0,0,0,0,0,,0,0
2036,FOREST,CALFIRE-2012-00170,20120721,17,2,601.85,243.56,8.0,38.81833,-122.20417,0,0,0,0,0,,0,0
2037,RAMIREZ,CALFIRE-2012-00171,20120721,58,5,199.32,80.66,0.0,,,0,0,0,0,0,,0,0
2038,BIEDERMAN,CALFIRE-2012-00172,20120722,59,1,19.96,8.08,2.0,,,0,0,0,0,0,,0,0
2039,BRADFORD,CALFIRE-2012-00173,20120722,33,14,10.06,4.07,0.0,,,0,0,0,0,0,,0,0
2040,DAVIS,CALFIRE-2012-00174,20120722,27,9,50.2,20.32,0.0,,,0,0,0,0,0,,0,0
2041,ARROWHEAD,CALFIRE-2012-00175,20120723,36,14,22.67,9.17,1.0,,,0,0,0,0,0,,0,0
2042,FREEWAY,CALFIRE-2012-00176,20120723,33,14,97.78,39.57,0.0,33.78389,-117.21611,0,0,0,0,0,,0,0
2043,GOPHER,CALFIRE-2012-00177,20120723,5,1,70.34,28.47,3.0,,,0,0,0,0,0,,0,0
2044,READING,CALFIRE-2012-00178,20120723,59,14,28073.2,11360.83,113.0,40.495,-121.45417,0,0,0,0,0,,0,0
2045,BAILEY,CALFIRE-2012-00179,20120724,47,14,0.92,0.37,0.0,,,0,0,0,0,0,,0,0
2046,OLIVEVIEW,CALFIRE-2012-00180,20120724,19,14,5.26,2.13,1.0,,,0,0,0,0,0,,0,0
2047,GRAHAM,CALFIRE-2012-00181,20120725,5,2,64.36,26.05,7.0,37.88861,-120.17722,0,0,0,0,0,,0,0
2048,PENN,CALFIRE-2012-00182,20120725,5,2,134.28,54.34,7.0,38.13028,-120.43528,1,0,0,0,0,,0,0
2049,ADOBE,CALFIRE-2012-00183,20120726,59,1,30.6,12.38,4.0,,,0,0,0,0,0,,0,0
2050,CHIPS,CALFIRE-2012-00184,20120728,32,4,76349.71,30897.66,34.0,40.01028,-121.2775,10,0,0,0,0,,0,0
2051,NORTH,CALFIRE-2012-00185,20120728,23,7,374.87,151.71,3.0,39.11306,-123.08972,0,0,0,0,0,,0,0
2052,PEAK,CALFIRE-2012-00186,20120728,32,5,711.68,288.01,5.0,40.07889,-120.41417,0,0,0,0,0,,0,0
2053,KUCK,CALFIRE-2012-00187,20120729,47,5,20.31,8.22,0.0,,,0,0,0,0,0,,0,0
2054,SOUTH,CALFIRE-2012-00188,20120729,15,14,245.71,99.44,3.0,35.56583,-118.46528,0,0,0,0,0,,0,0
2055,HISTORY,CALFIRE-2012-00189,20120730,15,14,0.32,0.13,0.0,,,0,0,0,0,0,,0,0
2056,MESA,CALFIRE-2012-00190,20120730,19,2,10.9,4.41,0.0,,,0,0,0,0,0,,0,0
2057,WOFFORD,CALFIRE-2012-00191,20120730,15,9,17.77,7.19,0.0,,,0,0,0,0,0,,0,0
2058,TOVEY,CALFIRE-2012-00192,20120731,19,14,71.7,29.01,0.0,,,0,0,0,0,0,,0,0
2059,SALT CREEK,CALFIRE-2012-00193,20120801,45,9,982.12,397.45,56.0,40.83861,-122.32639,1,0,0,0,0,,0,0
2060,VOLCANO,CALFIRE-2012-00194,20120801,33,2,309.35,125.19,4.0,33.52111,-117.29667,1,0,0,0,0,,0,0
2061,DILLON,CALFIRE-2012-00195,20120803,47,2,317.65,128.55,150.0,41.58722,-123.51722,0,0,0,0,0,,0,0
2062,CALIENTE,CALFIRE-2012-00196,20120804,40,1,144.37,58.42,0.0,,,0,0,0,0,0,,0,0
2063,HEALD,CALFIRE-2012-00197,20120804,15,1,330.97,133.94,7.0,,,0,0,0,0,0,,0,0
2064,RIDGE,CALFIRE-2012-00198,20120804,10,1,10.13,4.1,0.0,,,0,0,0,0,0,,0,0
2065,SAGE HEN,CALFIRE-2012-00199,20120804,14,1,12.46,5.04,27.0,,,0,0,0,0,0,,0,0
2066,SOURGRASS,CALFIRE-2012-00200,20120804,59,1,9.02,3.65,1.0,,,0,0,0,0,0,,0,0
2067,UNNAMED,CALFIRE-2012-00201,20120804,15,14,35.61,14.41,0.0,,,0,0,0,0,0,,0,0
2068,WHEATS,CALFIRE-2012-00202,20120804,59,1,180.11,72.89,6.0,38.39889,-119.94472,0,0,0,0,0,,0,0
2069,BILL,CALFIRE-2012-00203,20120805,47,1,44.28,17.92,78.0,,,0,0,0,0,0,,0,0
2070,BLUE,CALFIRE-2012-00204,20120805,42,1,27.26,11.03,15.0,34.51333,-118.78944,0,0,0,0,0,,0,0
2071,COW,CALFIRE-2012-00205,20120805,59,1,10.87,4.4,5.0,,,0,0,0,0,0,,0,0
2072,GOFF,CALFIRE-2012-00206,20120805,47,1,22266.95,9011.12,57.0,,,0,0,0,0,0,,0,0
2073,HAZEL,CALFIRE-2012-00207,20120805,59,4,44.31,17.93,3.0,38.72,-120.49972,0,0,0,0,0,,0,0
2074,HELLO,CALFIRE-2012-00208,20120805,47,1,977.02,395.39,57.0,,,0,0,0,0,0,,0,0
2075,LAKE,CALFIRE-2012-00209,20120805,25,1,1664.82,673.73,4.0,34.78528,-118.99806,0,0,0,0,0,,0,0
2076,LICK,CALFIRE-2012-00210,20120805,47,1,229.41,92.84,57.0,,,0,0,0,0,0,,0,0
2077,PARK,CALFIRE-2012-00211,20120805,45,9,15.29,6.19,8.0,,,0,0,0,0,0,,0,0
2078,SALISBURY,CALFIRE-2012-00212,20120805,25,1,41.84,16.93,6.0,,,0,0,0,0,0,,0,0
2079,BARRY POINT,CALFIRE-2012-00213,20120806,59,1,92944.53,37613.35,42.0,,,0,0,0,0,0,,0,0
2080,BEAR,CALFIRE-2012-00214,20120806,59,1,717.9,290.52,54.0,37.35861,-118.97944,0,0,0,0,0,,0,0
2081,JOHNSON,CALFIRE-2012-00215,20120806,27,8,65.24,26.4,0.0,,,0,0,0,0,0,,0,0
2082,ARMARIO,CALFIRE-2012-00216,20120807,55,2,27.8,11.25,4.0,37.97333,-120.27278,7,0,0,0,0,,0,0
2083,40,CALFIRE-2012-00217,20120808,18,1,39.14,15.84,0.0,,,0,0,0,0,0,,0,0
2084,ANTONIO,CALFIRE-2012-00218,20120808,21,10,95.17,38.52,0.0,,,0,0,0,0,0,,0,0
2085,INDIAN,CALFIRE-2012-00219,20120808,59,1,12575.24,5089.02,16.0,37.91139,-118.86306,0,0,0,0,0,,0,0
2086,BONITA,CALFIRE-2012-00220,20120809,33,1,6.41,2.6,0.0,,,0,0,0,0,0,,0,0
2087,CHIHAUHAU 2,CALFIRE-2012-00221,20120809,37,1,2006.96,812.19,3.0,,,0,0,0,0,0,,0,0
2088,MOFFETT,CALFIRE-2012-00222,20120809,47,1,6.22,2.52,0.0,,,0,0,0,0,0,,0,0
2089,TAFFLE,CALFIRE-2012-00223,20120809,33,5,4.99,2.02,1.0,,,0,0,0,0,0,,0,0
2090,CLEAR,CALFIRE-2012-00224,20120810,15,1,1451.63,587.46,0.0,,,0,0,0,0,0,,0,0
2091,CONEJO,CALFIRE-2012-00225,20120810,56,10,21.89,8.86,0.0,,,0,0,0,0,0,,0,0
2092,HIGH,CALFIRE-2012-00226,20120810,36,14,19.57,7.92,1.0,34.39583,-117.04083,0,0,0,0,0,,0,0
2093,JAWBONE,CALFIRE-2012-00227,20120810,15,1,12015.21,4862.39,26.0,,,19,9,0,0,0,,0,0
2094,PASS,CALFIRE-2012-00228,20120810,59,1,440.83,178.4,7.0,,,0,0,0,0,0,,0,0
2095,SOUTH,CALFIRE-2012-00229,20120810,59,1,8.68,3.51,3.0,35.56583,-118.46528,0,0,0,0,0,,0,0
2096,WOOLSTAFF,CALFIRE-2012-00230,20120810,15,1,10.17,4.12,1.0,,,0,0,0,0,0,,0,0
2097,BEALE,CALFIRE-2012-00231,20120811,58,2,109.88,44.47,0.0,,,0,0,0,0,0,,0,0
2098,LAMB,CALFIRE-2012-00232,20120811,15,1,25.17,10.19,1.0,,,0,0,0,0,0,,0,0
2099,LANES,CALFIRE-2012-00233,20120811,10,3,135.86,54.98,1.0,37.06889,-119.44194,0,0,0,0,0,,0,0
2100,LONOAK,CALFIRE-2012-00234,20120811,27,9,93.36,37.78,0.0,,,0,0,0,0,0,,0,0
2101,RAMSEY,CALFIRE-2012-00235,20120811,59,4,1136.78,460.04,16.0,38.37694,-120.16639,0,0,0,0,0,,0,0
2102,SHELLY,CALFIRE-2012-00236,20120811,5,2,45.99,18.61,1.0,,,0,0,0,0,0,,0,0
2103,TERMO,CALFIRE-2012-00237,20120811,18,3,38.65,15.64,1.0,,,0,0,0,0,0,,0,0
2104,WASH,CALFIRE-2012-00238,20120811,15,1,13.19,5.34,0.0,,,0,0,0,0,0,,0,0
2105,GRADE,CALFIRE-2012-00239,20120812,23,3,51.42,20.81,0.0,,,0,0,0,0,0,,0,0
2106,MARR,CALFIRE-2012-00240,20120812,18,1,227.14,91.92,2.0,40.85722,-120.13778,0,0,0,0,0,,0,0
2107,QUAIL,CALFIRE-2012-00241,20120812,36,1,257.66,104.27,24.0,33.98222,-116.22361,0,0,0,0,0,,0,0
2108,RUSH,CALFIRE-2012-00242,20120812,18,1,315511.5,127683.09,71.0,40.62111,-120.15222,0,1,0,0,0,,0,0
2109,WALKER,CALFIRE-2012-00243,20120812,17,14,5102.58,2064.94,12.0,,,0,0,0,0,0,,0,0
2110,WYE,CALFIRE-2012-00244,20120812,17,14,2831.42,1145.84,12.0,39.01306,-122.59528,3,2,0,0,0,,0,0
2111,COOPER,CALFIRE-2012-00245,20120813,15,1,1.48,0.6,7.0,,,0,0,0,0,0,,0,0
2112,MARTINEZ,CALFIRE-2012-00246,20120813,15,1,11.02,4.46,3.0,,,0,0,0,0,0,,0,0
2113,MILL,CALFIRE-2012-00247,20120813,4,7,1640.92,664.06,10.0,40.19917,-121.65472,0,0,0,0,0,,0,0
2114,SHOOTS,CALFIRE-2012-00248,20120813,15,1,1.99,0.8,7.0,,,0,0,0,0,0,,0,0
2115,STEWART,CALFIRE-2012-00249,20120813,15,1,10630.23,4301.91,7.0,,,0,0,0,0,0,,0,0
2116,VALLECITO,CALFIRE-2012-00250,20120813,15,1,519.4,210.19,7.0,,,0,0,0,0,0,,0,0
2117,WILSON,CALFIRE-2012-00251,20120813,15,1,11667.14,4721.53,7.0,,,0,0,0,0,0,,0,0
2118,WYNOLA,CALFIRE-2012-00252,20120813,15,1,3.03,1.23,7.0,,,0,0,0,0,0,,0,0
2119,BUCK,CALFIRE-2012-00253,20120814,33,1,2637.36,1067.3,2.0,33.55639,-116.91111,4,0,0,0,0,,0,0
2120,CONSTANIA,CALFIRE-2012-00254,20120815,18,1,154.73,62.62,0.0,,,0,0,0,0,0,,0,0
2121,NELSON (W-1),CALFIRE-2012-00255,20120817,18,1,3659.47,1480.93,17.0,41.27417,-120.46556,0,0,0,0,0,,0,0
2122,BAGLEY,CALFIRE-2012-00256,20120818,45,1,46040.15,18631.8,72.0,40.99583,-122.07889,0,0,0,0,0,,0,0
2123,COPCO,CALFIRE-2012-00257,20120818,19,14,146.99,59.48,0.0,,,0,0,0,0,0,,0,0
2124,PONDEROSA,CALFIRE-2012-00258,20120818,52,1,27670.38,11197.82,55.0,40.3875,-121.82389,133,6,0,0,0,,0,0
2125,STAR,CALFIRE-2012-00259,20120818,59,1,15.1,6.11,,,,0,0,0,0,0,,0,0
2126,STONE,CALFIRE-2012-00260,20120818,18,1,17.14,6.94,3.0,,,0,0,0,0,0,,0,0
2127,SWIM,CALFIRE-2012-00261,20120818,12,1,12.8,5.18,14.0,,,0,0,0,0,0,,0,0
2128,LCA 1-9,CALFIRE-2012-00262,20120819,45,1,20.46,8.28,0.0,,,0,0,0,0,0,,0,0
2129,VISTA,CALFIRE-2012-00263,20120820,33,2,402.84,163.02,1.0,,,0,0,0,0,0,,0,0
2130,ANTELOPE,CALFIRE-2012-00264,20120821,25,1,622.3,251.84,4.0,41.58278,-120.81111,0,0,0,0,0,,0,0
2131,MARTINONI,CALFIRE-2012-00265,20120821,21,14,29.55,11.96,0.0,,,0,0,0,0,0,,0,0
2132,GILMER,CALFIRE-2012-00266,20120825,33,9,16.12,6.52,0.0,,,0,0,0,0,0,,0,0
2133,LOMA,CALFIRE-2012-00267,20120826,45,10,71.33,28.87,23.0,,,0,0,0,0,0,,0,0
2134,TELEGRAPH,CALFIRE-2012-00268,20120826,56,1,75.2,30.43,0.0,,,0,0,0,0,0,,0,0
2135,SKYLINE,CALFIRE-2012-00269,20120827,56,14,35.35,14.3,0.0,,,0,0,0,0,0,,0,0
2136,BLUE,CALFIRE-2012-00270,20120828,15,14,1.57,0.63,1.0,34.51333,-118.78944,0,0,0,0,0,,0,0
2137,PANORAMA,CALFIRE-2012-00271,20120829,19,1,12.28,4.97,3.0,34.22972,-117.30278,0,0,0,0,0,,0,0
2138,CECIL,CALFIRE-2012-00272,20120830,47,9,14.06,5.69,63.0,,,0,0,0,0,0,,0,0
2139,MOUNT SINAI,CALFIRE-2012-00273,20120830,56,14,29.06,11.76,0.0,,,0,0,0,0,0,,0,0
2140,VINCENT,CALFIRE-2012-00274,20120830,19,1,8.25,3.34,,,,0,0,0,0,0,,0,0
2141,BITTER,CALFIRE-2012-00275,20120831,40,9,167.66,67.85,0.0,,,0,0,0,0,0,,0,0
2142,POWER,CALFIRE-2012-00276,20120901,45,9,247.86,100.31,3.0,40.88194,-121.71833,10,0,0,0,0,,0,0
2143,RED,CALFIRE-2012-00277,20120901,33,2,45.88,18.57,1.0,,,0,0,0,0,0,,0,0
2144,SLIDES,CALFIRE-2012-00278,20120902,15,9,254.0,102.79,0.0,35.99333,-118.4675,0,0,0,0,0,,0,0
2145,WILLIAMS,CALFIRE-2012-00279,20120902,19,14,4192.32,1696.57,7.0,34.23889,-117.72222,0,0,0,0,0,,0,0
2146,CARIBOU,CALFIRE-2012-00280,20120903,47,4,24.01,9.72,13.0,,,0,0,0,0,0,,0,0
2147,VALLEY,CALFIRE-2012-00281,20120903,42,9,63.83,25.83,9.0,34.69083,-119.14333,0,0,0,0,0,,0,0
2148,CREEK,CALFIRE-2012-00282,20120904,45,2,148.99,60.29,0.0,33.78917,-116.84333,0,0,0,0,0,,0,0
2149,SIXTEEN,CALFIRE-2012-00283,20120904,17,7,17942.15,7260.94,11.0,,,0,0,0,0,0,,0,0
2150,HAPPY,CALFIRE-2012-00284,20120905,45,9,74.95,30.33,27.0,40.51917,-123.50306,0,0,0,0,0,,0,0
2151,LIKLEY,CALFIRE-2012-00285,20120905,15,11,9965.6,4032.94,46.0,,,0,0,0,0,0,,0,0
2152,STAFFORD,CALFIRE-2012-00286,20120905,45,9,4406.52,1783.26,8.0,40.54694,-123.09,0,0,0,0,0,,0,0
2153,SCOTTS,CALFIRE-2012-00287,20120907,23,4,4509.29,1824.85,7.0,39.10806,-123.08722,0,0,0,0,0,,0,0
2154,GREENSPOT,CALFIRE-2012-00288,20120908,36,14,56.51,22.87,0.0,34.09194,-117.12306,0,0,0,0,0,,0,0
2155,WONDERLAND 2,CALFIRE-2012-00289,20120910,45,14,13.29,5.38,0.0,,,0,0,0,0,0,,0,0
2156,WARD,CALFIRE-2012-00290,20120911,45,9,551.65,223.25,43.0,41.08222,-122.32667,0,0,0,0,0,,0,0
2157,IRON,CALFIRE-2012-00291,20120912,45,9,53.66,21.72,0.0,,,0,0,0,0,0,,0,0
2158,CHENEY,CALFIRE-2012-00292,20120913,18,9,230.51,93.29,2.0,40.40389,-120.68806,0,0,0,0,0,,0,0
2159,SEPULVEDA PASS,CALFIRE-2012-00293,20120914,59,14,53.52,21.66,1.0,,,0,0,0,0,0,,0,0
2160,TRUCK,CALFIRE-2012-00294,20120914,36,9,29.61,11.98,0.0,,,0,0,0,0,0,,0,0
2161,RUSTIC,CALFIRE-2012-00295,20120915,59,7,6.45,2.61,0.0,,,0,0,0,0,0,,0,0
2162,BLUFF,CALFIRE-2012-00296,20120917,33,11,44.46,17.99,0.0,,,0,0,0,0,0,,0,0
2163,BLUFF 2,CALFIRE-2012-00297,20120917,33,9,25.88,10.47,0.0,,,0,0,0,0,0,,0,0
2164,PICARD_1,CALFIRE-2012-00298,20120918,47,9,0.05,0.02,0.0,,,0,0,0,0,0,,0,0
2165,PICARD_2,CALFIRE-2012-00299,20120918,47,14,0.42,0.17,0.0,,,0,0,0,0,0,,0,0
2166,PICARD_3,CALFIRE-2012-00300,20120918,47,14,0.11,0.05,0.0,,,0,0,0,0,0,,0,0
2167,PICARD_4,CALFIRE-2012-00301,20120918,47,7,0.06,0.02,0.0,,,0,0,0,0,0,,0,0
2168,PICARD_5,CALFIRE-2012-00302,20120918,47,9,0.18,0.07,0.0,,,0,0,0,0,0,,0,0
2169,RED,CALFIRE-2012-00303,20120918,47,9,16.58,6.71,34.0,,,0,0,0,0,0,,0,0
2170,KENWOOD,CALFIRE-2012-00304,20120919,36,14,11.29,4.57,1.0,,,0,0,0,0,0,,0,0
2171,COAL,CALFIRE-2012-00305,20120921,45,9,268.68,108.73,36.0,40.84722,-122.34111,2,0,0,0,0,,0,0
2172,MESAVIEW,CALFIRE-2012-00306,20120922,19,7,20.93,8.47,,34.73583,-118.70556,0,0,0,0,0,,0,0
2173,SHOCKEY,CALFIRE-2012-00307,20120923,37,14,2555.59,1034.21,4.0,32.64806,-116.36556,39,2,0,0,0,,0,0
2174,CONCOW,CALFIRE-2012-00308,20120926,4,2,55.94,22.64,3.0,,,0,0,0,0,0,,0,0
2175,SANTIAGO,CALFIRE-2012-00309,20120927,30,14,43.97,17.8,0.0,,,0,0,0,0,0,,0,0
2176,UNNAMED,CALFIRE-2012-00310,20120927,15,14,0.87,0.35,0.0,,,0,0,0,0,0,,0,0
2177,CHRISTMAS,CALFIRE-2012-00311,20120929,15,9,27.12,10.98,0.0,,,0,0,0,0,0,,0,0
2178,FLYNN,CALFIRE-2012-00312,20121001,23,11,194.58,78.74,0.0,39.26194,-123.59306,10,0,0,0,0,,0,0
2179,STONY,CALFIRE-2012-00313,20121001,17,10,5.73,2.32,1.0,,,0,0,0,0,0,,0,0
2180,BOUQUET,CALFIRE-2012-00314,20121003,19,9,9.26,3.75,0.0,,,0,0,0,0,0,,0,0
2181,LAKE,CALFIRE-2012-00315,20121003,45,9,9.71,3.93,23.0,34.78528,-118.99806,0,0,0,0,0,,0,0
2182,ARROW,CALFIRE-2012-00316,20121004,12,7,81.03,32.79,2.0,41.45167,-123.90833,0,0,0,0,0,,0,0
2183,BREWER,CALFIRE-2012-00317,20121005,58,5,79.68,32.24,0.0,,,0,0,0,0,0,,0,0
2184,DONNELL,CALFIRE-2012-00318,20121006,59,9,27.06,10.95,1.0,,,0,0,0,0,0,,0,0
2185,SISTERS,CALFIRE-2012-00319,20121011,25,2,141.77,57.37,0.0,41.77222,-121.44806,0,0,0,0,0,,0,0
2186,LOOKOUT,CALFIRE-2012-00320,20121017,42,5,43.57,17.63,10.0,34.50083,-119.78333,0,0,0,0,0,,0,0
2187,POWERHOUSE,CALFIRE-2012-00321,20121017,19,14,0.72,0.29,1.0,,,0,0,0,0,0,,0,0
2188,TWENTY_NINE,CALFIRE-2012-00322,20121018,17,11,314.0,127.07,4.0,,,0,0,0,0,0,,0,0
2189,BIGROCK,CALFIRE-2012-00323,20121020,19,7,3.58,1.45,1.0,,,0,0,0,0,0,,0,0
2190,GLADDING,CALFIRE-2012-00324,20121025,19,9,5.81,2.35,,,,0,0,0,0,0,,0,0
2191,MULHOLLAND,CALFIRE-2012-00325,20121026,19,14,1.01,0.41,0.0,,,0,0,0,0,0,,0,0
2192,SPUR,CALFIRE-2012-00326,20121029,59,2,19.96,8.08,0.0,,,0,0,0,0,0,,0,0
2193,HOWARD,CALFIRE-2012-00327,20121030,56,5,12.36,5.0,0.0,,,0,0,0,0,0,,0,0
2194,DEVORE,CALFIRE-2012-00328,20121105,36,2,334.49,135.36,0.0,34.23972,-117.42556,1,0,0,0,0,,0,0
2195,NORTH,CALFIRE-2012-00329,20121106,27,7,12.42,5.02,0.0,39.11306,-123.08972,0,0,0,0,0,,0,0
2196,WHITEWATER,CALFIRE-2012-00330,20121108,33,2,15.24,6.17,0.0,,,0,0,0,0,0,,0,0
2197,WINDY,CALFIRE-2012-00331,20121108,15,2,136.9,55.4,0.0,40.18083,-121.58611,0,0,0,0,0,,0,0
2198,RESERVOIR,CALFIRE-2012-00332,20121114,19,9,7.47,3.02,,,,0,0,0,0,0,,0,0
2199,SAN ARDO,CALFIRE-2012-00333,20121121,27,11,10.36,4.19,0.0,,,0,0,0,0,0,,0,0
2200,HOOPER,CALFIRE-2012-00334,20121124,15,14,4.33,1.75,0.0,,,0,0,0,0,0,,0,0
2201,BUCKMAN 2,CALFIRE-2012-00335,20120701,37,14,6.94,2.81,,,,0,0,0,0,0,,0,0
2202,BECKS,CALFIRE-2013-00001,20130122,17,5,318.59,128.93,2.0,,,0,0,0,0,0,,0,0
2203,VAIL,CALFIRE-2013-00002,20130126,37,9,10.54,4.27,120.0,,,0,0,0,0,0,,0,0
2204,SPRING,CALFIRE-2013-00003,20130127,36,14,13.57,5.49,0.0,,,0,0,0,0,0,,0,0
2205,RIVER,CALFIRE-2013-00004,20130224,36,14,406.84,164.64,5.0,,,0,0,0,0,0,,0,0
2206,JURUPA,CALFIRE-2013-00005,20130228,33,14,362.24,146.59,2.0,,,0,0,0,0,0,,0,0
2207,TELL,CALFIRE-2013-00006,20130310,12,14,10.1,4.09,0.0,,,0,0,0,0,0,,0,0
2208,OLD TOPANGA,CALFIRE-2013-00007,20130311,19,14,0.09,0.03,0.0,,,0,0,0,0,0,,0,0
2209,GRUB,CALFIRE-2013-00008,20130317,59,4,11.74,4.75,2.0,,,0,0,0,0,0,,0,0
2210,BACKUS,CALFIRE-2013-00009,20130323,15,9,77.83,31.5,0.0,,,0,0,0,0,0,,0,0
2211,CABLE,CALFIRE-2013-00010,20130328,59,11,0.34,0.14,3.0,,,0,0,0,0,0,,0,0
2212,HOLCOMB,CALFIRE-2013-00011,20130330,36,4,0.95,0.38,1.0,,,0,0,0,0,0,,0,0
2213,HIGHLINE,CALFIRE-2013-00012,20130401,15,1,261.72,105.92,2.0,,,0,0,0,0,0,,0,0
2214,CANAL,CALFIRE-2013-00013,20130406,15,14,1.39,0.56,0.0,,,0,0,0,0,0,,0,0
2215,LOST HILLS,CALFIRE-2013-00014,20130406,15,14,7.91,3.2,0.0,,,0,0,0,0,0,,0,0
2216,BOUQUET,CALFIRE-2013-00015,20130408,19,9,10.92,4.42,0.0,,,0,0,0,0,0,,0,0
2217,GOODENOUGH,CALFIRE-2013-00016,20130408,56,11,145.23,58.77,0.0,,,0,0,0,0,0,,0,0
2218,APPLE,CALFIRE-2013-00017,20130414,15,14,0.37,0.15,0.0,,,0,0,0,0,0,,0,0
2219,HANNING,CALFIRE-2013-00018,20130414,15,14,7.02,2.84,0.0,,,0,0,0,0,0,,0,0
2220,FAWNSKIN,CALFIRE-2013-00019,20130419,36,4,14.4,5.83,12.0,,,0,0,0,0,0,,0,0
2221,ONION,CALFIRE-2013-00020,20130423,4,18,27.25,11.03,8.0,,,0,0,0,0,0,,0,0
2222,SUMMIT,CALFIRE-2013-00021,20130424,17,11,2.2,0.89,0.0,,,0,0,0,0,0,,0,0
2223,13,CALFIRE-2013-00022,20130429,59,4,10.66,4.31,2.0,,,0,0,0,0,0,,0,0
2224,VINE,CALFIRE-2013-00023,20130429,15,14,2.0,0.81,0.0,,,0,0,0,0,0,,0,0
2225,GOLD,CALFIRE-2013-00024,20130430,22,14,183.64,74.32,0.0,,,0,0,0,0,0,,0,0
2226,SILVERADO,CALFIRE-2013-00025,20130430,17,5,60.21,24.37,1.0,,,0,0,0,0,0,,0,0
2227,306,CALFIRE-2013-00026,20130501,52,5,208.39,84.33,1.0,,,0,0,0,0,0,,0,0
2228,BENNETT,CALFIRE-2013-00027,20130501,17,11,0.13,0.05,0.0,,,0,0,0,0,0,,0,0
2229,CEDAR,CALFIRE-2013-00028,20130501,4,18,68.21,27.6,3.0,,,0,0,0,0,0,,0,0
2230,FARM,CALFIRE-2013-00029,20130501,15,14,3.98,1.61,0.0,,,0,0,0,0,0,,0,0
2231,MAY,CALFIRE-2013-00030,20130501,19,14,39.12,15.83,0.0,,,0,0,0,0,0,,0,0
2232,PANTHER,CALFIRE-2013-00031,20130501,4,9,6896.2,2790.79,222.0,,,0,0,0,0,0,,0,0
2233,SODA,CALFIRE-2013-00032,20130501,17,11,14.16,5.73,1.0,,,0,0,0,0,0,,0,0
2234,SUMMIT,CALFIRE-2013-00033,20130501,33,14,3166.08,1281.27,3.0,,,0,0,0,0,0,,0,0
2235,YELLOW,CALFIRE-2013-00034,20130501,17,11,83.76,33.9,1.0,,,0,0,0,0,0,,0,0
2236,BRANDY,CALFIRE-2013-00035,20130502,15,14,2.96,1.2,0.0,,,0,0,0,0,0,,0,0
2237,SPRINGS,CALFIRE-2013-00036,20130502,56,14,23676.66,9581.61,9.0,,,0,0,0,0,0,,0,0
2238,VAN BUREN,CALFIRE-2013-00037,20130502,33,3,7.17,2.9,0.0,,,0,0,0,0,0,,0,0
2239,FOSTER,CALFIRE-2013-00038,20130503,23,5,187.42,75.85,3.0,,,0,0,0,0,0,,0,0
2240,MESSENGER,CALFIRE-2013-00039,20130503,19,4,4.5,1.82,1.0,,,0,0,0,0,0,,0,0
2241,OTAY,CALFIRE-2013-00040,20130503,37,14,164.21,66.45,0.0,,,0,0,0,0,0,,0,0
2242,TRES PINOS,CALFIRE-2013-00041,20130503,27,2,353.49,143.05,0.0,,,0,0,0,0,0,,0,0
2243,BAR,CALFIRE-2013-00042,20130504,31,1,15.36,6.22,3.0,,,0,0,0,0,0,,0,0
2244,GORGONIO,CALFIRE-2013-00043,20130504,36,14,510.22,206.48,1.0,,,0,0,0,0,0,,0,0
2245,MCCOURTNEY,CALFIRE-2013-00044,20130504,58,14,24.33,9.84,0.0,,,0,0,0,0,0,,0,0
2246,ROCK,CALFIRE-2013-00045,20130504,42,9,50.99,20.64,8.0,,,0,0,0,0,0,,0,0
2247,DUTCHER,CALFIRE-2013-00046,20130508,17,9,21.45,8.68,0.0,,,0,0,0,0,0,,0,0
2248,BARDSDALE,CALFIRE-2013-00047,20130509,56,14,11.81,4.78,0.0,,,0,0,0,0,0,,0,0
2249,FORBIDDEN,CALFIRE-2013-00048,20130509,59,1,198.15,80.19,162.0,,,0,0,0,0,0,,0,0
2250,RAINBOW VIEW,CALFIRE-2013-00049,20130509,59,1,0.08,0.03,5.0,,,0,0,0,0,0,,0,0
2251,CHIQUITO,CALFIRE-2013-00050,20130511,59,9,39.53,16.0,11.0,,,0,0,0,0,0,,0,0
2252,WALDO,CALFIRE-2013-00051,20130511,58,9,22.88,9.26,0.0,,,0,0,0,0,0,,0,0
2253,CLARKS,CALFIRE-2013-00052,20130512,18,1,65.46,26.49,13.0,,,0,0,0,0,0,,0,0
2254,FARM 2,CALFIRE-2013-00053,20130513,15,14,12.72,5.15,0.0,,,0,0,0,0,0,,0,0
2255,HIGHWAY,CALFIRE-2013-00054,20130513,19,10,49.12,19.88,1.0,,,0,0,0,0,0,,0,0
2256,LYTLE,CALFIRE-2013-00055,20130513,36,2,76.87,31.11,0.0,,,0,0,0,0,0,,0,0
2257,PIUTE,CALFIRE-2013-00056,20130513,15,14,0.29,0.12,0.0,,,0,0,0,0,0,,0,0
2258,MYSTERY,CALFIRE-2013-00057,20130514,59,1,8.43,3.41,1.0,,,0,0,0,0,0,,0,0
2259,KEENBROOK,CALFIRE-2013-00058,20130515,36,6,11.03,4.46,0.0,,,0,0,0,0,0,,0,0
2260,GRAND,CALFIRE-2013-00059,20130516,15,14,4345.26,1758.47,6.0,,,0,0,0,0,0,,0,0
2261,LAKE,CALFIRE-2013-00060,20130517,19,3,659.64,266.95,1.0,,,0,0,0,0,0,,0,0
2262,COTTONTAIL,CALFIRE-2013-00061,20130520,40,14,30.29,12.26,0.0,,,0,0,0,0,0,,0,0
2263,SOTTY'S,CALFIRE-2013-00062,20130520,59,11,15.24,6.17,17.0,,,0,0,0,0,0,,0,0
2264,WATER,CALFIRE-2013-00063,20130521,33,9,89.7,36.3,0.0,,,0,0,0,0,0,,0,0
2265,BORDER,CALFIRE-2013-00064,20130522,37,7,61.56,24.91,1.0,,,0,0,0,0,0,,0,0
2266,BORDER2,CALFIRE-2013-00065,20130522,37,14,325.29,131.64,0.0,,,0,0,0,0,0,,0,0
2267,ENNIS,CALFIRE-2013-00066,20130522,10,10,11.43,4.63,1.0,,,0,0,0,0,0,,0,0
2268,ELKHORN,CALFIRE-2013-00067,20130523,59,14,71.47,28.92,0.0,,,0,0,0,0,0,,0,0
2269,FELIPE,CALFIRE-2013-00068,20130523,37,18,2780.29,1125.14,4.0,,,0,0,0,0,0,,0,0
2270,SMILEY,CALFIRE-2013-00069,20130525,33,9,126.64,51.25,0.0,,,0,0,0,0,0,,0,0
2271,ENGLISH,CALFIRE-2013-00070,20130526,47,5,0.45,0.18,0.0,,,0,0,0,0,0,,0,0
2272,FREMONT,CALFIRE-2013-00071,20130526,59,14,431.2,174.5,2.0,,,0,0,0,0,0,,0,0
2273,GENERAL,CALFIRE-2013-00072,20130526,37,9,1270.87,514.3,5.0,,,0,0,0,0,0,,0,0
2274,CAMARILLO,CALFIRE-2013-00073,20130527,56,10,1.24,0.5,1.0,,,0,0,0,0,0,,0,0
2275,MADISON,CALFIRE-2013-00074,20130527,19,2,5.66,2.29,0.0,,,0,0,0,0,0,,0,0
2276,WHITE,CALFIRE-2013-00075,20130527,42,4,1912.05,773.78,66.0,,,0,0,0,0,0,,0,0
2277,MAGIC,CALFIRE-2013-00076,20130528,19,2,145.11,58.72,0.0,,,0,0,0,0,0,,0,0
2278,POWERHOUSE,CALFIRE-2013-00077,20130530,19,9,30267.69,12248.91,202.0,,,0,0,0,0,0,,0,0
2279,SHELTON,CALFIRE-2013-00078,20130530,5,2,236.68,95.78,0.0,,,0,0,0,0,0,,0,0
2280,BRANCH,CALFIRE-2013-00079,20130601,42,9,489.52,198.1,25.0,,,0,0,0,0,0,,0,0
2281,THOUSAND OAKS,CALFIRE-2013-00080,20130601,58,2,1.88,0.76,0.0,,,0,0,0,0,0,,0,0
2282,BODEN,CALFIRE-2013-00081,20130602,37,9,20.56,8.32,0.0,,,0,0,0,0,0,,0,0
2283,LONE,CALFIRE-2013-00082,20130603,4,2,224.99,91.05,0.0,,,0,0,0,0,0,,0,0
2284,SALE,CALFIRE-2013-00083,20130603,52,8,100.14,40.53,0.0,,,0,0,0,0,0,,0,0
2285,NICOLAUS WESTLAND,CALFIRE-2013-00084,20130604,58,2,58.55,23.7,0.0,,,0,0,0,0,0,,0,0
2286,NELSON,CALFIRE-2013-00085,20130605,58,2,33.08,13.39,0.0,,,0,0,0,0,0,,0,0
2287,HATHAWAY,CALFIRE-2013-00086,20130606,36,4,3779.73,1529.6,14.0,,,0,0,0,0,0,,0,0
2288,HIDDEN,CALFIRE-2013-00087,20130606,56,7,37.86,15.32,0.0,,,0,0,0,0,0,,0,0
2289,BEAR,CALFIRE-2013-00088,20130608,15,14,1.81,0.73,0.0,,,0,0,0,0,0,,0,0
2290,VIPER,CALFIRE-2013-00089,20130608,33,9,40.47,16.38,0.0,,,0,0,0,0,0,,0,0
2291,DEL,CALFIRE-2013-00090,20130609,19,2,17.78,7.2,0.0,,,0,0,0,0,0,,0,0
2292,DAVES,CALFIRE-2013-00091,20130610,17,1,225.71,91.34,5.0,,,0,0,0,0,0,,0,0
2293,PFE,CALFIRE-2013-00092,20130613,58,14,179.72,72.73,0.0,,,0,0,0,0,0,,0,0
2294,UNNAMED,CALFIRE-2013-00093,20130614,15,14,1.15,0.47,0.0,,,0,0,0,0,0,,0,0
2295,BEALE,CALFIRE-2013-00094,20130615,58,14,109.29,44.23,0.0,,,0,0,0,0,0,,0,0
2296,SPENCEVILLE,CALFIRE-2013-00095,20130615,58,14,65.93,26.68,0.0,,,0,0,0,0,0,,0,0
2297,WHITE TAIL,CALFIRE-2013-00096,20130615,40,14,9.93,4.02,0.0,,,0,0,0,0,0,,0,0
2298,CARSTENS,CALFIRE-2013-00097,20130616,59,4,1707.61,691.05,21.0,,,0,0,0,0,0,,0,0
2299,LICHENS,CALFIRE-2013-00098,20130616,47,5,2.15,0.87,0.0,,,0,0,0,0,0,,0,0
2300,ROLLING,CALFIRE-2013-00099,20130616,22,10,481.96,195.04,2.0,,,0,0,0,0,0,,0,0
2301,SIERRA,CALFIRE-2013-00100,20130617,10,2,45.56,18.44,3.0,,,0,0,0,0,0,,0,0
2302,CONDOR,CALFIRE-2013-00101,20130618,56,14,25.83,10.45,0.0,,,0,0,0,0,0,,0,0
2303,MOUNT,CALFIRE-2013-00102,20130620,17,2,35.05,14.18,1.0,,,0,0,0,0,0,,0,0
2304,KENDON,CALFIRE-2013-00103,20130621,59,14,2.41,0.98,0.0,,,0,0,0,0,0,,0,0
2305,COLTRANE,CALFIRE-2013-00104,20130622,19,14,15.11,6.11,0.0,,,0,0,0,0,0,,0,0
2306,EVANS,CALFIRE-2013-00105,20130622,15,14,1.35,0.55,0.0,,,0,0,0,0,0,,0,0
2307,TOWNSEND,CALFIRE-2013-00106,20130622,19,2,29.87,12.09,0.0,,,0,0,0,0,0,,0,0
2308,MURPHY,CALFIRE-2013-00107,20130623,5,14,154.37,62.47,0.0,,,0,0,0,0,0,,0,0
2309,SALES,CALFIRE-2013-00108,20130623,10,9,14.14,5.72,0.0,,,0,0,0,0,0,,0,0
2310,GEORGE,CALFIRE-2013-00109,20130625,10,14,117.76,47.65,2.0,,,0,0,0,0,0,,0,0
2311,MILL,CALFIRE-2013-00110,20130628,36,7,534.26,216.21,1.0,,,0,0,0,0,0,,0,0
2312,CATHEDRAL,CALFIRE-2013-00111,20130629,59,1,0.08,0.03,1.0,,,0,0,0,0,0,,0,0
2313,FARRIS,CALFIRE-2013-00112,20130629,5,14,11.35,4.59,0.0,,,0,0,0,0,0,,0,0
2314,FREEMAN,CALFIRE-2013-00113,20130629,27,10,105.29,42.61,0.0,,,0,0,0,0,0,,0,0
2315,KIRKER,CALFIRE-2013-00114,20130701,43,11,478.04,193.46,2.0,,,0,0,0,0,0,,0,0
2316,RED ROCK,CALFIRE-2013-00115,20130701,59,14,5365.24,2171.24,4.0,,,0,0,0,0,0,,0,0
2317,PEUTZ,CALFIRE-2013-00116,20130702,37,9,139.36,56.4,0.0,,,0,0,0,0,0,,0,0
2318,DARK HOLE,CALFIRE-2013-00117,20130703,59,1,0.08,0.03,1.0,,,0,0,0,0,0,,0,0
2319,PINNACLES,CALFIRE-2013-00118,20130703,27,10,92.91,37.6,0.0,,,0,0,0,0,0,,0,0
2320,AMIGAS,CALFIRE-2013-00119,20130704,17,8,10.29,4.16,0.0,,,0,0,0,0,0,,0,0
2321,ANDERSON,CALFIRE-2013-00120,20130704,17,1,10.27,4.15,1.0,,,0,0,0,0,0,,0,0
2322,COTTONWOOD,CALFIRE-2013-00121,20130704,47,2,49.79,20.15,42.0,,,0,0,0,0,0,,0,0
2323,CHARIOT,CALFIRE-2013-00122,20130706,37,14,7084.67,2867.07,9.0,,,0,0,0,0,0,,0,0
2324,HAMMONTON,CALFIRE-2013-00123,20130706,58,14,8.08,3.27,0.0,,,0,0,0,0,0,,0,0
2325,ADELAIDA,CALFIRE-2013-00124,20130707,40,14,60.9,24.64,3.0,,,0,0,0,0,0,,0,0
2326,CASTRO,CALFIRE-2013-00125,20130708,19,2,0.61,0.25,0.0,,,0,0,0,0,0,,0,0
2327,GRENADA,CALFIRE-2013-00126,20130708,47,14,0.09,0.04,0.0,,,0,0,0,0,0,,0,0
2328,KYBURZ,CALFIRE-2013-00127,20130708,59,9,570.87,231.02,3.0,,,0,0,0,0,0,,0,0
2329,MCGANNEY,CALFIRE-2013-00128,20130708,58,14,72.71,29.42,0.0,,,0,0,0,0,0,,0,0
2330,FIDDLERS,CALFIRE-2013-00129,20130709,45,14,29.7,12.02,0.0,,,0,0,0,0,0,,0,0
2331,ISLAND,CALFIRE-2013-00130,20130709,19,2,11.98,4.85,0.0,,,0,0,0,0,0,,0,0
2332,UNNAMED,CALFIRE-2013-00131,20130709,15,14,2.77,1.12,0.0,,,0,0,0,0,0,,0,0
2333,PERCH,CALFIRE-2013-00132,20130711,47,2,1.84,0.75,0.0,,,0,0,0,0,0,,0,0
2334,COOSKIE,CALFIRE-2013-00133,20130712,12,4,36.5,14.77,0.0,,,0,0,0,0,0,,0,0
2335,DOOLITTLE,CALFIRE-2013-00134,20130712,58,9,40.92,16.56,0.0,,,0,0,0,0,0,,0,0
2336,BUSHNELL,CALFIRE-2013-00135,20130714,12,2,22.17,8.97,0.0,,,0,0,0,0,0,,0,0
2337,CLEMENTS,CALFIRE-2013-00136,20130715,5,2,50.12,20.28,0.0,,,0,0,0,0,0,,0,0
2338,MOUNTAIN,CALFIRE-2013-00137,20130715,36,9,27523.67,11138.44,15.0,,,0,0,0,0,0,,0,0
2339,REDLANDS,CALFIRE-2013-00138,20130716,33,14,168.1,68.03,1.0,,,0,0,0,0,0,,0,0
2340,MORENA,CALFIRE-2013-00139,20130717,37,14,1.43,0.58,0.0,,,0,0,0,0,0,,0,0
2341,TASSAJARA,CALFIRE-2013-00140,20130717,42,4,212.46,85.98,21.0,,,0,0,0,0,0,,0,0
2342,AULIN,CALFIRE-2013-00141,20130718,59,4,0.08,0.03,0.0,,,0,0,0,0,0,,0,0
2343,RANCHO,CALFIRE-2013-00142,20130718,15,3,712.05,288.16,4.0,,,0,0,0,0,0,,0,0
2344,GREY,CALFIRE-2013-00143,20130719,36,14,12.06,4.88,62.0,,,0,0,0,0,0,,0,0
2345,HEACOCK,CALFIRE-2013-00144,20130719,33,14,40.57,16.42,0.0,,,0,0,0,0,0,,0,0
2346,SNOW PEAK,CALFIRE-2013-00145,20130720,59,1,0.08,0.03,90.0,,,0,0,0,0,0,,0,0
2347,ASPEN,CALFIRE-2013-00146,20130722,59,1,22937.52,9282.49,48.0,,,0,0,0,0,0,,0,0
2348,SKAGWAY,CALFIRE-2013-00147,20130722,59,1,0.18,0.07,60.0,,,0,0,0,0,0,,0,0
2349,CANE,CALFIRE-2013-00148,20130723,15,1,19.65,7.95,0.0,,,0,0,0,0,0,,0,0
2350,HOCKETT,CALFIRE-2013-00149,20130723,59,1,48.82,19.76,107.0,,,0,0,0,0,0,,0,0
2351,PRATT,CALFIRE-2013-00150,20130723,23,10,41.21,16.68,0.0,,,0,0,0,0,0,,0,0
2352,WATER,CALFIRE-2013-00151,20130723,15,14,612.62,247.92,0.0,,,0,0,0,0,0,,0,0
2353,CORRAL,CALFIRE-2013-00152,20130724,45,1,14.37,5.81,31.0,,,0,0,0,0,0,,0,0
2354,RODGERS,CALFIRE-2013-00153,20130725,59,1,0.08,0.03,85.0,,,0,0,0,0,0,,0,0
2355,GIRARD,CALFIRE-2013-00154,20130726,45,1,5.96,2.41,20.0,,,0,0,0,0,0,,0,0
2356,LAKEVILLE,CALFIRE-2013-00155,20130726,17,2,177.84,71.97,1.0,,,0,0,0,0,0,,0,0
2357,LITTLE,CALFIRE-2013-00156,20130726,45,1,8.57,3.47,5.0,,,0,0,0,0,0,,0,0
2358,CREEK,CALFIRE-2013-00157,20130727,25,1,10.53,4.26,1.0,,,0,0,0,0,0,,0,0
2359,DANCE,CALFIRE-2013-00158,20130729,12,7,576.69,233.38,4.0,,,0,0,0,0,0,,0,0
2360,MIGUEL,CALFIRE-2013-00159,20130729,59,14,44.05,17.83,0.0,,,0,0,0,0,0,,0,0
2361,GABRIEL,CALFIRE-2013-00160,20130730,19,2,3.93,1.59,19.0,,,0,0,0,0,0,,0,0
2362,PIONEER,CALFIRE-2013-00161,20130730,47,2,0.11,0.04,0.0,,,0,0,0,0,0,,0,0
2363,BUTLER,CALFIRE-2013-00162,20130731,12,7,22444.86,9083.12,62.0,,,0,0,0,0,0,,0,0
2364,SALMON,CALFIRE-2013-00163,20130731,47,7,14785.88,5983.64,25.0,,,0,0,0,0,0,,0,0
2365,SIESTA,CALFIRE-2013-00164,20130731,59,14,0.08,0.03,1.0,,,0,0,0,0,0,,0,0
2366,TROUT,CALFIRE-2013-00165,20130731,47,1,44.58,18.04,0.0,,,0,0,0,0,0,,0,0
2367,BRANCH,CALFIRE-2013-00166,20130801,4,9,69.26,28.03,9.0,,,0,0,0,0,0,,0,0
2368,RAISIN,CALFIRE-2013-00167,20130801,59,4,0.08,0.03,1.0,,,0,0,0,0,0,,0,0
2369,BALTIC,CALFIRE-2013-00168,20130803,59,14,14.93,6.04,2.0,,,0,0,0,0,0,,0,0
2370,RUTH HILL,CALFIRE-2013-00169,20130803,10,14,101.28,40.99,1.0,,,0,0,0,0,0,,0,0
2371,VOLCANO,CALFIRE-2013-00170,20130803,9,9,10.93,4.43,1.0,,,0,0,0,0,0,,0,0
2372,RELAY,CALFIRE-2013-00171,20130804,33,14,67.46,27.3,0.0,,,0,0,0,0,0,,0,0
2373,SYCAMORE,CALFIRE-2013-00172,20130804,27,8,14.97,6.06,0.0,,,0,0,0,0,0,,0,0
2374,WOOD,CALFIRE-2013-00173,20130804,36,9,13.26,5.37,0.0,,,0,0,0,0,0,,0,0
2375,FALLS,CALFIRE-2013-00174,20130805,37,9,1384.33,560.22,9.0,,,0,0,0,0,0,,0,0
2376,POWER,CALFIRE-2013-00175,20130805,59,4,1075.88,435.39,13.0,,,0,0,0,0,0,,0,0
2377,SWEDES,CALFIRE-2013-00176,20130806,4,2,2462.24,996.43,16.0,,,0,0,0,0,0,,0,0
2378,TRAM,CALFIRE-2013-00177,20130806,36,2,59.22,23.97,1.0,,,0,0,0,0,0,,0,0
2379,INDIAN,CALFIRE-2013-00178,20130807,17,14,35.77,14.48,1.0,,,0,0,0,0,0,,0,0
2380,OKLAHOMA,CALFIRE-2013-00179,20130807,25,1,10.79,4.37,1.0,,,0,0,0,0,0,,0,0
2381,SILVER,CALFIRE-2013-00180,20130807,33,14,20308.45,8218.55,6.0,33.86922,-116.83639,43,0,0,0,0,,0,0
2382,PICNIC,CALFIRE-2013-00181,20130808,59,4,0.08,0.03,0.0,,,0,0,0,0,0,,0,0
2383,SHARP,CALFIRE-2013-00182,20130808,19,7,245.49,99.35,5.0,,,0,0,0,0,0,,0,0
2384,BEE,CALFIRE-2013-00183,20130809,19,9,206.08,83.4,0.0,,,0,0,0,0,0,,0,0
2385,CROCKETT,CALFIRE-2013-00184,20130809,17,1,6.89,2.79,2.0,,,0,0,0,0,0,,0,0
2386,GRIZZLY,CALFIRE-2013-00185,20130809,12,1,23.21,9.39,7.0,,,0,0,0,0,0,,0,0
2387,AMERICAN,CALFIRE-2013-00186,20130810,31,9,27430.52,11100.75,59.0,,,0,0,0,0,0,,0,0
2388,CORRAL,CALFIRE-2013-00187,20130810,12,1,12541.42,5075.34,53.0,,,0,0,0,0,0,,0,0
2389,SIERRA,CALFIRE-2013-00188,20130810,58,6,23.57,9.54,0.0,,,0,0,0,0,0,,0,0
2390,UNNAMED,CALFIRE-2013-00189,20130811,15,14,3.56,1.44,0.0,,,0,0,0,0,0,,0,0
2391,MERCED LAKE,CALFIRE-2013-00190,20130812,59,14,0.08,0.03,1.0,,,0,0,0,0,0,,0,0
2392,BALDY,CALFIRE-2013-00191,20130813,59,14,3.69,1.49,6.0,,,0,0,0,0,0,,0,0
2393,EAGLE,CALFIRE-2013-00192,20130813,59,14,0.08,0.03,1.0,,,0,0,0,0,0,,0,0
2394,EVANS,CALFIRE-2013-00193,20130813,32,1,0.76,0.31,12.0,,,0,0,0,0,0,,0,0
2395,BROWN,CALFIRE-2013-00194,20130815,12,2,14.9,6.03,0.0,,,0,0,0,0,0,,0,0
2396,DOUBLE,CALFIRE-2013-00195,20130816,17,10,64.27,26.01,1.0,,,0,0,0,0,0,,0,0
2397,BRIDGE,CALFIRE-2013-00196,20130817,5,14,46.33,18.75,0.0,,,0,0,0,0,0,,0,0
2398,CLEGHORN,CALFIRE-2013-00197,20130817,36,2,98.37,39.81,0.0,,,0,0,0,0,0,,0,0
2399,RIM,CALFIRE-2013-00198,20130817,59,4,256175.5,103670.64,68.0,,,0,0,0,10,0,,0,0
2400,CHAGOOPA,CALFIRE-2013-00199,20130818,59,1,62.15,25.15,71.0,,,0,0,0,0,0,,0,0
2401,HOUGH,CALFIRE-2013-00200,20130818,32,1,21.57,8.73,78.0,,,0,0,0,0,0,,0,0
2402,HUNT,CALFIRE-2013-00201,20130818,32,1,20.39,8.25,19.0,,,0,0,0,0,0,,0,0
2403,JOHNSON,CALFIRE-2013-00202,20130818,32,1,90.91,36.79,78.0,,,0,0,0,0,0,,0,0
2404,KEDDIE,CALFIRE-2013-00203,20130818,32,1,20.06,8.12,22.0,,,0,0,0,0,0,,0,0
2405,OLD,CALFIRE-2013-00204,20130818,59,10,161.94,65.53,3.0,,,0,0,0,0,0,,0,0
2406,RIDGE/HEIGHTS,CALFIRE-2013-00205,20130818,32,1,335.95,135.96,78.0,,,0,0,0,0,0,,0,0
2407,SHIRLEY,CALFIRE-2013-00206,20130818,15,1,378.62,153.22,1.0,,,0,0,0,0,0,,0,0
2408,SPRING PEAK,CALFIRE-2013-00207,20130818,59,1,14267.09,5773.69,9.0,,,0,0,0,0,0,,0,0
2409,TENANT,CALFIRE-2013-00208,20130818,15,1,411.89,166.68,1.0,,,0,0,0,0,0,,0,0
2410,TIGER,CALFIRE-2013-00209,20130818,59,1,16.32,6.61,2.0,,,0,0,0,0,0,,0,0
2411,BALD,CALFIRE-2013-00210,20130819,15,9,63.62,25.75,1.0,,,0,0,0,0,0,,0,0
2412,CANYON,CALFIRE-2013-00211,20130819,19,9,36.21,14.65,33.0,,,0,0,0,0,0,,0,0
2413,GLADDING,CALFIRE-2013-00212,20130819,58,9,17.2,6.96,0.0,,,0,0,0,0,0,,0,0
2414,GOBBLERS,CALFIRE-2013-00213,20130819,36,1,406.69,164.58,71.0,,,0,0,0,0,0,,0,0
2415,MURKEN,CALFIRE-2013-00214,20130819,45,1,78.95,31.95,3.0,,,0,0,0,0,0,,0,0
2416,RIO,CALFIRE-2013-00215,20130819,59,14,2.9,1.17,0.0,,,0,0,0,0,0,,0,0
2417,UNNAMED,CALFIRE-2013-00216,20130819,15,14,17.53,7.09,0.0,,,0,0,0,0,0,,0,0
2418,WARNER 1-1,CALFIRE-2013-00217,20130819,45,1,182.44,73.83,8.0,,,0,0,0,0,0,,0,0
2419,HARDEN,CALFIRE-2013-00218,20130820,59,1,0.08,0.03,1.0,,,0,0,0,0,0,,0,0
2420,LAKE,CALFIRE-2013-00219,20130820,59,1,0.08,0.03,3.0,,,0,0,0,0,0,,0,0
2421,PATE,CALFIRE-2013-00220,20130820,59,1,0.08,0.03,3.0,,,0,0,0,0,0,,0,0
2422,WHITTEMORE,CALFIRE-2013-00221,20130821,25,1,51.77,20.95,1.0,,,0,0,0,0,0,,0,0
2423,WILLIAMS,CALFIRE-2013-00222,20130821,15,14,20.75,8.4,0.0,,,0,0,0,0,0,,0,0
2424,DEER,CALFIRE-2013-00223,20130823,52,9,11428.75,4625.06,6.0,,,0,0,0,0,0,,0,0
2425,FISH,CALFIRE-2013-00224,20130823,15,1,2049.49,829.4,28.0,,,0,0,0,0,0,,0,0
2426,WINDY PEAK,CALFIRE-2013-00225,20130823,59,1,681.38,275.74,76.0,,,0,0,0,0,0,,0,0
2427,LITTLE,CALFIRE-2013-00226,20130824,36,9,95.8,38.77,5.0,,,0,0,0,0,0,,0,0
2428,SULPHUR,CALFIRE-2013-00227,20130824,17,11,19.89,8.05,1.0,,,0,0,0,0,0,,0,0
2429,WOLF,CALFIRE-2013-00228,20130824,10,10,40.37,16.34,1.0,,,0,0,0,0,0,,0,0
2430,SHOOTING,CALFIRE-2013-00229,20130827,19,2,10.21,4.13,0.0,,,0,0,0,0,0,,0,0
2431,LAKESHORE,CALFIRE-2013-00230,20130830,17,14,6.74,2.73,0.0,,,0,0,0,0,0,,0,0
2432,SHORELINE,CALFIRE-2013-00231,20130830,59,11,2.54,1.03,0.0,,,0,0,0,0,0,,0,0
2433,CENTERVILLE,CALFIRE-2013-00232,20130831,4,9,54.39,22.01,1.0,,,0,0,0,0,0,,0,0
2434,TYLER,CALFIRE-2013-00233,20130831,58,14,47.91,19.39,0.0,,,0,0,0,0,0,,0,0
2435,LA POSTA 2,CALFIRE-2013-00234,20130902,37,1,13.75,5.56,0.0,,,0,0,0,0,0,,0,0
2436,CACTUS,CALFIRE-2013-00235,20130904,33,11,17.3,7.0,0.0,,,0,0,0,0,0,,0,0
2437,DAVIS,CALFIRE-2013-00236,20130905,25,9,97.09,39.29,1.0,,,0,0,0,0,0,,0,0
2438,RAIL,CALFIRE-2013-00237,20130905,25,2,67.92,27.49,2.0,,,0,0,0,0,0,,0,0
2439,RED,CALFIRE-2013-00238,20130906,37,1,12.95,5.24,1.0,,,0,0,0,0,0,,0,0
2440,GULCH,CALFIRE-2013-00239,20130907,19,9,5.02,2.03,2.0,,,0,0,0,0,0,,0,0
2441,ANGORA,CALFIRE-2013-00240,20130908,15,1,179.39,72.6,12.0,,,0,0,0,0,0,,0,0
2442,MARPLE,CALFIRE-2013-00241,20130908,19,3,6.54,2.65,0.0,,,0,0,0,0,0,,0,0
2443,MORGAN,CALFIRE-2013-00242,20130908,43,9,3107.73,1257.65,8.0,,,0,0,0,0,0,,0,0
2444,CLOVER,CALFIRE-2013-00243,20130909,45,7,8075.77,3268.15,6.0,40.46718,-122.52362,124,10,1,6,0,,0,0
2445,LYON,CALFIRE-2013-00244,20130909,37,9,263.23,106.53,3.0,,,0,0,0,0,0,,0,0
2446,AGER,CALFIRE-2013-00245,20130910,47,2,7.33,2.97,0.0,,,0,0,0,0,0,,0,0
2447,BUNNELL,CALFIRE-2013-00246,20130910,59,1,0.08,0.03,6.0,,,0,0,0,0,0,,0,0
2448,GRASS VALLEY,CALFIRE-2013-00247,20130910,58,14,254.67,103.06,0.0,,,0,0,0,0,0,,0,0
2449,LOGAN,CALFIRE-2013-00248,20130910,45,9,23.0,9.31,8.0,,,0,0,0,0,0,,0,0
2450,PORCUPINE,CALFIRE-2013-00249,20130910,59,1,0.08,0.03,8.0,,,0,0,0,0,0,,0,0
2451,RIVER,CALFIRE-2013-00250,20130910,15,9,439.68,177.93,2.0,,,0,0,0,0,0,,0,0
2452,GREEN,CALFIRE-2013-00251,20130911,12,1,61.29,24.8,1.0,,,0,0,0,0,0,,0,0
2453,LIVE OAK,CALFIRE-2013-00252,20130911,33,14,72.78,29.45,0.0,,,0,0,0,0,0,,0,0
2454,WILLOW CREEK,CALFIRE-2013-00253,20130911,59,1,0.1,0.04,47.0,,,0,0,0,0,0,,0,0
2455,MCDANIEL,CALFIRE-2013-00254,20130912,58,3,9.2,3.73,0.0,,,0,0,0,0,0,,0,0
2456,VIRGENES,CALFIRE-2013-00255,20130918,19,14,3.63,1.47,1.0,,,0,0,0,0,0,,0,0
2457,SANCTUARY,CALFIRE-2013-00256,20130920,59,9,24.57,9.94,4.0,,,0,0,0,0,0,,0,0
2458,LINE,CALFIRE-2013-00257,20130921,59,1,0.08,0.03,27.0,,,0,0,0,0,0,,0,0
2459,MCSWAIN,CALFIRE-2013-00258,20130921,59,1,0.08,0.03,27.0,,,0,0,0,0,0,,0,0
2460,RICHARDSON,CALFIRE-2013-00259,20130921,59,1,0.08,0.03,27.0,,,0,0,0,0,0,,0,0
2461,KEM,CALFIRE-2013-00260,20130922,15,14,4.5,1.82,0.0,,,0,0,0,0,0,,0,0
2462,MADRE,CALFIRE-2013-00261,20130923,19,5,209.5,84.78,4.0,,,0,0,0,0,0,,0,0
2463,CREEK,CALFIRE-2013-00262,20130924,40,11,94.41,38.2,0.0,,,0,0,0,0,0,,0,0
2464,SIERRA,CALFIRE-2013-00263,20130924,36,9,123.38,49.93,0.0,,,0,0,0,0,0,,0,0
2465,VALLEY 2,CALFIRE-2013-00264,20130924,37,14,58.84,23.81,4.0,,,0,0,0,0,0,,0,0
2466,BOHAN,CALFIRE-2013-00265,20130925,17,11,7.91,3.2,0.0,,,0,0,0,0,0,,0,0
2467,HIGHLAND,CALFIRE-2013-00266,20130928,17,14,98.82,39.99,1.0,,,0,0,0,0,0,,0,0
2468,GADDY,CALFIRE-2013-00267,20131003,17,14,17.73,7.17,1.0,,,0,0,0,0,0,,0,0
2469,PUTAH,CALFIRE-2013-00268,20131003,17,14,303.93,122.99,1.0,,,0,0,0,0,0,,0,0
2470,CRANE,CALFIRE-2013-00269,20131004,17,14,158.94,64.32,1.0,,,0,0,0,0,0,,0,0
2471,ROSA,CALFIRE-2013-00270,20131004,33,2,24.75,10.01,0.0,,,0,0,0,0,0,,0,0
2472,SUMMIT,CALFIRE-2013-00271,20131004,4,9,268.49,108.65,1.0,,,0,0,0,0,0,,0,0
2473,CLARITA,CALFIRE-2013-00272,20131005,19,14,6.42,2.6,0.0,,,0,0,0,0,0,,0,0
2474,DELUZ,CALFIRE-2013-00273,20131005,59,14,2229.46,902.23,9.0,,,0,0,0,0,0,,0,0
2475,JACKS,CALFIRE-2013-00274,20131005,15,14,7.35,2.97,0.0,,,0,0,0,0,0,,0,0
2476,MCGALL,CALFIRE-2013-00275,20131012,23,2,13.98,5.66,0.0,,,0,0,0,0,0,,0,0
2477,COAST,CALFIRE-2013-00276,20131020,59,3,3.21,1.3,1.0,,,0,0,0,0,0,,0,0
2478,OAT,CALFIRE-2013-00277,20131026,17,14,0.51,0.21,0.0,,,0,0,0,0,0,,0,0
2479,FLEA,CALFIRE-2013-00278,20131027,32,1,39.54,16.0,31.0,,,0,0,0,0,0,,0,0
2480,CANTWELL,CALFIRE-2013-00279,20131108,17,10,132.29,53.54,1.0,,,0,0,0,0,0,,0,0
2481,TORO,CALFIRE-2013-00280,20131108,40,2,51.07,20.67,2.0,,,0,0,0,0,0,,0,0
2482,THOMAS,CALFIRE-2013-00281,20131109,33,10,27.82,11.26,0.0,,,0,0,0,0,0,,0,0
2483,KEN,CALFIRE-2013-00282,20131112,36,9,5.24,2.12,0.0,,,0,0,0,0,0,,0,0
2484,LIEBRE,CALFIRE-2013-00283,20131112,19,7,14.52,5.88,7.0,,,0,0,0,0,0,,0,0
2485,WHEELER,CALFIRE-2013-00284,20131114,56,2,22.44,9.08,0.0,,,0,0,0,0,0,,0,0
2486,SILVERADO_2,CALFIRE-2013-00285,20131121,17,14,187.26,75.78,2.0,,,0,0,0,0,0,,0,0
2487,MCCABE,CALFIRE-2013-00286,20131122,17,14,3506.43,1419.0,5.0,,,0,0,0,0,0,,0,0
2488,RETECH,CALFIRE-2013-00287,20131122,23,5,84.23,34.09,1.0,,,0,0,0,0,0,,0,0
2489,DAM,CALFIRE-2013-00288,20131123,17,14,22.64,9.16,1.0,,,0,0,0,0,0,,0,0
2490,HIGH GLADE,CALFIRE-2013-00289,20131123,17,2,304.93,123.4,7.0,,,0,0,0,0,0,,0,0
2491,HAPPY CAMP,CALFIRE-2013-00290,20131210,56,11,44.73,18.1,0.0,,,0,0,0,0,0,,0,0
2492,PFEIFFER,CALFIRE-2013-00291,20131216,42,9,913.96,369.87,4.0,,,0,0,0,0,0,,0,0
2493,HENRY,CALFIRE-2013-00292,20131218,59,14,19.83,8.02,0.0,,,0,0,0,0,0,,0,0
2494,LOWRIDGE,CALFIRE-2013-00293,20131229,19,14,12.89,5.22,0.0,,,0,0,0,0,0,,0,0
2495,PIUMA,CALFIRE-2014-00001,20140101,59,14,0.79,0.32,0.0,,,0,0,0,0,0,,0,0
2496,CAMPBELL,CALFIRE-2014-00002,20140102,45,4,864.95,350.03,8.0,,,0,0,0,0,0,,0,0
2497,REEDY,CALFIRE-2014-00003,20140102,58,5,10.98,4.44,0.0,,,0,0,0,0,0,,0,0
2498,BRIDGE,CALFIRE-2014-00004,20140104,12,11,17.42,7.05,0.0,,,0,0,0,0,0,,0,0
2499,RED,CALFIRE-2014-00005,20140104,12,5,332.17,134.43,4.0,,,0,0,0,0,0,,0,0
2500,BALD ROCK,CALFIRE-2014-00006,20140111,59,9,13.87,5.61,30.0,,,0,0,0,0,0,,0,0
2501,TAPIA,CALFIRE-2014-00007,20140112,59,14,0.09,0.04,0.0,,,0,0,0,0,0,,0,0
2502,TWITCHELL,CALFIRE-2014-00008,20140112,40,11,21.94,8.88,0.0,,,0,0,0,0,0,,0,0
2503,SODA,CALFIRE-2014-00009,20140113,15,9,1423.23,575.96,68.0,,,0,0,0,0,0,,0,0
2504,PALISADES,CALFIRE-2014-00010,20140114,59,14,3.02,1.22,0.0,,,0,0,0,0,0,,0,0
2505,SKYVIEW,CALFIRE-2014-00011,20140114,59,14,2.98,1.21,0.0,,,0,0,0,0,0,,0,0
2506,COLBY,CALFIRE-2014-00012,20140116,19,4,1951.89,789.9,5.0,,,0,0,0,0,0,,0,0
2507,AFTON,CALFIRE-2014-00013,20140121,59,14,17.01,6.89,2.0,,,0,0,0,0,0,,0,0
2508,BREWER,CALFIRE-2014-00014,20140122,58,10,120.3,48.68,233.0,,,0,0,0,0,0,,0,0
2509,LAKE,CALFIRE-2014-00015,20140125,10,14,102.44,41.46,1.0,,,0,0,0,0,0,,0,0
2510,VIRGENES,CALFIRE-2014-00016,20140125,59,14,0.3,0.12,0.0,,,0,0,0,0,0,,0,0
2511,SYCAMORE,CALFIRE-2014-00017,20140129,10,14,12.41,5.02,0.0,,,0,0,0,0,0,,0,0
2512,BRISTOL,CALFIRE-2014-00018,20140205,56,14,20.16,8.16,28.0,,,0,0,0,0,0,,0,0
2513,MINE,CALFIRE-2014-00019,20140217,15,9,19.09,7.73,0.0,,,0,0,0,0,0,,0,0
2514,GUN,CALFIRE-2014-00020,20140308,37,9,270.07,109.3,1.0,,,0,0,0,0,0,,0,0
2515,PINE,CALFIRE-2014-00021,20140315,19,10,117.05,47.37,0.0,,,0,0,0,0,0,,0,0
2516,ENCINAL,CALFIRE-2014-00022,20140319,27,18,190.4,77.05,0.0,,,0,0,0,0,0,,0,0
2517,BRIDGES,CALFIRE-2014-00023,20140419,36,14,113.42,45.9,8.0,,,0,0,0,0,0,,0,0
2518,SODA,CALFIRE-2014-00024,20140419,45,5,10.93,4.42,20.0,,,0,0,0,0,0,,0,0
2519,CALABASAS,CALFIRE-2014-00025,20140421,59,14,0.2,0.08,0.0,,,0,0,0,0,0,,0,0
2520,BOTTLE,CALFIRE-2014-00026,20140429,17,14,20.54,8.31,0.0,,,0,0,0,0,0,,0,0
2521,ETIWANDA,CALFIRE-2014-00027,20140430,36,9,2141.84,866.77,,,,0,0,0,0,0,,0,0
2522,SAN LUCAS,CALFIRE-2014-00028,20140430,27,18,55.34,22.39,2.0,,,0,0,0,0,0,,0,0
2523,SCHOOL,CALFIRE-2014-00029,20140430,59,9,223.78,90.56,2.0,,,0,0,0,0,0,,0,0
2524,TRANCAS,CALFIRE-2014-00030,20140430,59,11,0.09,0.04,0.0,,,0,0,0,0,0,,0,0
2525,HOWARDS,CALFIRE-2014-00031,20140501,25,6,44.96,18.2,34.0,,,0,0,0,0,0,,0,0
2526,RIVER,CALFIRE-2014-00032,20140502,47,9,16.0,6.48,10.0,,,0,0,0,0,0,,0,0
2527,VIEWPOINT,CALFIRE-2014-00033,20140503,37,9,17.46,7.07,0.0,,,0,0,0,0,0,,0,0
2528,JACUMBA,CALFIRE-2014-00034,20140505,37,10,26.66,10.79,1.0,,,0,0,0,0,0,,0,0
2529,PERIMERTER,CALFIRE-2014-00035,20140509,58,5,9.58,3.88,0.0,,,0,0,0,0,0,,0,0
2530,MURPHY,CALFIRE-2014-00036,20140511,59,14,0.09,0.04,0.0,,,0,0,0,0,0,,0,0
2531,BERNARDO,CALFIRE-2014-00037,20140513,37,2,1331.43,538.81,5.0,,,0,0,0,0,0,,0,0
2532,MIGUELITO,CALFIRE-2014-00038,20140513,42,11,631.81,255.69,6.0,,,0,0,0,0,0,,0,0
2533,BRIGGS,CALFIRE-2014-00039,20140514,56,14,8.93,3.61,0.0,,,0,0,0,0,0,,0,0
2534,COCOS,CALFIRE-2014-00040,20140514,37,14,1994.79,807.26,9.0,33.09648,-117.13558,43,6,0,0,0,,0,0
2535,HIGHWAY,CALFIRE-2014-00041,20140514,37,14,441.03,178.48,5.0,,,0,0,0,0,0,,0,0
2536,POINSETTIA,CALFIRE-2014-00042,20140514,37,14,376.94,152.54,4.0,,,0,0,0,0,0,,0,0
2537,RIVER,CALFIRE-2014-00043,20140514,37,14,167.91,67.95,5.0,,,0,0,0,0,0,,0,0
2538,PIETA,CALFIRE-2014-00044,20140516,23,9,13.6,5.5,8.0,,,0,0,0,0,0,,0,0
2539,COMBAT,CALFIRE-2014-00045,20140519,59,14,1457.18,589.7,,,,0,0,0,0,0,,0,0
2540,OCEAN VIEW,CALFIRE-2014-00046,20140519,59,2,0.2,0.08,0.0,,,0,0,0,0,0,,0,0
2541,PULGAS,CALFIRE-2014-00047,20140519,59,14,15186.14,6145.62,,,,0,0,0,0,0,,0,0
2542,TOMAHAWK,CALFIRE-2014-00048,20140519,59,14,5365.31,2171.27,,,,0,0,0,0,0,,0,0
2543,VIEW RIDGE,CALFIRE-2014-00049,20140519,59,14,0.09,0.04,0.0,,,0,0,0,0,0,,0,0
2544,HUNTER,CALFIRE-2014-00050,20140526,22,14,690.98,279.63,9.0,,,0,0,0,0,0,,0,0
2545,BAILEY,CALFIRE-2014-00051,20140530,15,10,23.45,9.49,1.0,,,0,0,0,0,0,,0,0
2546,ENCINAL,CALFIRE-2014-00052,20140603,59,11,0.09,0.04,0.0,,,0,0,0,0,0,,0,0
2547,SANTA,CALFIRE-2014-00053,20140604,33,10,13.36,5.41,1.0,,,0,0,0,0,0,,0,0
2548,BOGART,CALFIRE-2014-00054,20140606,33,14,31.47,12.74,2.0,,,0,0,0,0,0,,0,0
2549,CONTOUR,CALFIRE-2014-00055,20140606,15,9,9.5,3.84,0.0,,,0,0,0,0,0,,0,0
2550,SHERWOOD,CALFIRE-2014-00056,20140606,56,14,1.99,0.81,0.0,,,0,0,0,0,0,,0,0
2551,VALLEY,CALFIRE-2014-00057,20140606,22,2,96.89,39.21,2.0,,,0,0,0,0,0,,0,0
2552,PUTAH,CALFIRE-2014-00058,20140608,17,14,11.1,4.49,0.0,,,0,0,0,0,0,,0,0
2553,HALL,CALFIRE-2014-00059,20140609,10,7,24.57,9.94,0.0,,,0,0,0,0,0,,0,0
2554,MORGAN,CALFIRE-2014-00060,20140609,10,2,47.42,19.19,2.0,,,0,0,0,0,0,,0,0
2555,HAIGH,CALFIRE-2014-00061,20140610,22,5,111.33,45.05,5.0,,,0,0,0,0,0,,0,0
2556,MONUMENT,CALFIRE-2014-00062,20140612,58,14,9.81,3.97,0.0,,,0,0,0,0,0,,0,0
2557,NORMAN,CALFIRE-2014-00063,20140612,17,14,68.18,27.59,0.0,,,0,0,0,0,0,,0,0
2558,SHIRLEY,CALFIRE-2014-00064,20140613,15,9,2546.16,1030.4,0.0,,,0,0,0,0,0,,0,0
2559,ESPARTO,CALFIRE-2014-00065,20140614,17,14,28.56,11.56,2.0,,,0,0,0,0,0,,0,0
2560,FIREPLACE,CALFIRE-2014-00066,20140614,59,14,3.56,1.44,2.0,,,0,0,0,0,0,,0,0
2561,MORONGO,CALFIRE-2014-00067,20140614,33,14,19.6,7.93,0.0,,,0,0,0,0,0,,0,0
2562,GILLETTE,CALFIRE-2014-00068,20140615,33,14,10.03,4.06,0.0,,,0,0,0,0,0,,0,0
2563,SANDY VALLEY,CALFIRE-2014-00069,20140618,15,14,21.24,8.6,3.0,,,0,0,0,0,0,,0,0
2564,MOSQUITO,CALFIRE-2014-00070,20140619,59,14,0.4,0.16,0.0,,,0,0,0,0,0,,0,0
2565,SHADY,CALFIRE-2014-00071,20140624,17,14,21.58,8.73,0.0,,,0,0,0,0,0,,0,0
2566,SHERWOOD,CALFIRE-2014-00072,20140626,59,14,2.98,1.21,0.0,,,0,0,0,0,0,,0,0
2567,BUTTS,CALFIRE-2014-00073,20140701,17,2,4297.35,1739.08,8.0,,,0,0,0,0,0,,0,0
2568,CALDWELL,CALFIRE-2014-00074,20140701,59,1,11.16,4.52,12.0,,,0,0,0,0,0,,0,0
2569,DALTON,CALFIRE-2014-00075,20140701,25,1,641.47,259.59,50.0,,,0,0,0,0,0,,0,0
2570,DOBIE,CALFIRE-2014-00076,20140701,25,1,456.01,184.54,1.0,,,0,0,0,0,0,,0,0
2571,RANCH,CALFIRE-2014-00077,20140701,15,9,69.25,28.02,0.0,,,0,0,0,0,0,,0,0
2572,WEST,CALFIRE-2014-00078,20140701,45,9,14.3,5.79,8.0,,,0,0,0,0,0,,0,0
2573,LAKE,CALFIRE-2014-00079,20140702,25,1,58.1,23.51,2.0,,,0,0,0,0,0,,0,0
2574,NORTHERN,CALFIRE-2014-00080,20140702,25,1,117.4,47.51,1.0,,,0,0,0,0,0,,0,0
2575,BANNER,CALFIRE-2014-00081,20140703,37,14,177.79,71.95,3.0,,,0,0,0,0,0,,0,0
2576,GULCH,CALFIRE-2014-00082,20140703,25,6,1397.35,565.49,29.0,,,0,0,0,0,0,,0,0
2577,GULCH3,CALFIRE-2014-00083,20140703,25,6,58.04,23.49,29.0,,,0,0,0,0,0,,0,0
2578,GULCH4,CALFIRE-2014-00084,20140703,25,6,14.74,5.97,29.0,,,0,0,0,0,0,,0,0
2579,BUENA VISTA,CALFIRE-2014-00085,20140704,59,4,0.1,0.04,1.0,,,0,0,0,0,0,,0,0
2580,MONTICELLO,CALFIRE-2014-00086,20140704,17,9,6599.39,2670.68,8.0,,,0,0,0,0,0,,0,0
2581,PFE,CALFIRE-2014-00087,20140704,58,7,7.3,2.96,0.0,,,0,0,0,0,0,,0,0
2582,CASSEL,CALFIRE-2014-00088,20140705,45,9,60.37,24.43,3.0,,,0,0,0,0,0,,0,0
2583,GAYLOR,CALFIRE-2014-00089,20140705,59,4,0.1,0.04,1.0,,,0,0,0,0,0,,0,0
2584,HUTTO,CALFIRE-2014-00090,20140707,58,14,48.73,19.72,0.0,,,0,0,0,0,0,,0,0
2585,STAFFORD,CALFIRE-2014-00091,20140707,56,14,2.32,0.94,0.0,,,0,0,0,0,0,,0,0
2586,SHIMMINS,CALFIRE-2014-00092,20140709,23,2,26.37,10.67,6.0,,,0,0,0,0,0,,0,0
2587,BULLY,CALFIRE-2014-00093,20140711,45,10,12658.74,5122.81,12.0,,,0,0,1,21,0,,0,0
2588,NICOLLS,CALFIRE-2014-00094,20140711,15,9,1679.22,679.56,0.0,,,0,0,0,0,0,,0,0
2589,LYELL,CALFIRE-2014-00095,20140712,59,4,0.1,0.04,0.0,,,0,0,0,0,0,,0,0
2590,ASPEN,CALFIRE-2014-00096,20140714,59,1,0.1,0.04,2.0,,,0,0,0,0,0,,0,0
2591,LUKENS,CALFIRE-2014-00097,20140714,59,1,0.1,0.04,14.0,,,0,0,0,0,0,,0,0
2592,MORRISON,CALFIRE-2014-00098,20140714,59,1,5.01,2.03,11.0,,,0,0,0,0,0,,0,0
2593,CATHEDRAL,CALFIRE-2014-00099,20140715,59,1,19.06,7.71,108.0,,,0,0,0,0,0,,0,0
2594,LAKIN,CALFIRE-2014-00100,20140715,45,1,17.33,7.02,14.0,,,0,0,0,0,0,,0,0
2595,LEMBERT,CALFIRE-2014-00101,20140715,59,1,4.44,1.8,108.0,,,0,0,0,0,0,,0,0
2596,RANCHERIA,CALFIRE-2014-00102,20140715,59,1,1.6,0.65,11.0,,,0,0,0,0,0,,0,0
2597,STARR KING,CALFIRE-2014-00103,20140715,59,1,10.19,4.12,111.0,,,0,0,0,0,0,,0,0
2598,DARK HOLE,CALFIRE-2014-00104,20140716,59,1,1076.48,435.64,73.0,,,0,0,0,0,0,,0,0
2599,MORAINE,CALFIRE-2014-00105,20140716,59,1,0.1,0.04,4.0,,,0,0,0,0,0,,0,0
2600,WOLF,CALFIRE-2014-00106,20140716,59,1,0.1,0.04,4.0,,,0,0,0,0,0,,0,0
2601,CHANCE,CALFIRE-2014-00107,20140717,32,1,28.61,11.58,1.0,,,0,0,0,0,0,,0,0
2602,BODIE,CALFIRE-2014-00108,20140718,15,1,93.05,37.65,5.0,,,0,0,0,0,0,,0,0
2603,COYOTE,CALFIRE-2014-00109,20140719,59,1,0.1,0.04,1.0,,,0,0,0,0,0,,0,0
2604,BUCK,CALFIRE-2014-00110,20140720,59,1,0.1,0.04,1.0,,,0,0,0,0,0,,0,0
2605,CRANE,CALFIRE-2014-00111,20140720,59,1,2.27,0.92,9.0,,,0,0,0,0,0,,0,0
2606,DEEP,CALFIRE-2014-00112,20140720,59,1,0.25,0.1,6.0,,,0,0,0,0,0,,0,0
2607,DOUBLE ROCK,CALFIRE-2014-00113,20140720,59,1,1.01,0.41,103.0,,,0,0,0,0,0,,0,0
2608,ELBOW,CALFIRE-2014-00114,20140720,59,1,1.01,0.41,18.0,,,0,0,0,0,0,,0,0
2609,FALLS,CALFIRE-2014-00115,20140720,59,1,0.1,0.04,5.0,,,0,0,0,0,0,,0,0
2610,GIBSON,CALFIRE-2014-00116,20140720,59,1,0.1,0.04,5.0,,,0,0,0,0,0,,0,0
2611,HOOVER,CALFIRE-2014-00117,20140720,59,1,0.1,0.04,3.0,,,0,0,0,0,0,,0,0
2612,LAKEVIEW,CALFIRE-2014-00118,20140720,17,14,24.14,9.77,0.0,,,0,0,0,0,0,,0,0
2613,LOOKOUT,CALFIRE-2014-00119,20140720,59,1,0.1,0.04,5.0,,,0,0,0,0,0,,0,0
2614,MCGURK,CALFIRE-2014-00120,20140720,59,1,0.1,0.04,5.0,,,0,0,0,0,0,,0,0
2615,MCSWAIN,CALFIRE-2014-00121,20140720,59,1,0.25,0.1,11.0,,,0,0,0,0,0,,0,0
2616,MEADOW,CALFIRE-2014-00122,20140720,59,1,4774.47,1932.16,106.0,,,0,0,0,0,0,,0,0
2617,MUD,CALFIRE-2014-00123,20140720,25,1,14.86,6.01,12.0,,,0,0,0,0,0,,0,0
2618,OTTOWAY,CALFIRE-2014-00124,20140720,59,1,0.1,0.04,5.0,,,0,0,0,0,0,,0,0
2619,RED,CALFIRE-2014-00125,20140720,59,1,0.1,0.04,5.0,,,0,0,0,0,0,,0,0
2620,ROYAL,CALFIRE-2014-00126,20140720,59,1,0.1,0.04,5.0,,,0,0,0,0,0,,0,0
2621,SMOKEY,CALFIRE-2014-00127,20140720,59,1,0.1,0.04,5.0,,,0,0,0,0,0,,0,0
2622,WAPAMA,CALFIRE-2014-00128,20140720,59,1,1.47,0.59,5.0,,,0,0,0,0,0,,0,0
2623,WOODLOT,CALFIRE-2014-00129,20140720,59,1,3.25,1.32,1.0,,,0,0,0,0,0,,0,0
2624,IOWA,CALFIRE-2014-00130,20140721,58,9,14.23,5.76,0.0,,,0,0,0,0,0,,0,0
2625,SABINA,CALFIRE-2014-00131,20140723,33,14,77.77,31.47,1.0,,,0,0,0,0,0,,0,0
2626,CENTER PEAK,CALFIRE-2014-00132,20140724,59,1,0.21,0.09,69.0,,,0,0,0,0,0,,0,0
2627,NORTH,CALFIRE-2014-00133,20140724,59,4,0.1,0.04,5.0,,,0,0,0,0,0,,0,0
2628,EL PORTAL,CALFIRE-2014-00134,20140726,59,4,4744.62,1920.08,117.0,,,0,0,0,0,0,,0,0
2629,SAND,CALFIRE-2014-00135,20140726,9,10,4239.27,1715.57,4.0,,,0,0,0,2,0,,0,0
2630,FRENCH,CALFIRE-2014-00136,20140727,59,4,13831.64,5597.47,22.0,,,0,0,0,0,0,,0,0
2631,RAYS,CALFIRE-2014-00137,20140728,45,1,20.83,8.43,79.0,,,0,0,0,0,0,,0,0
2632,SPRING,CALFIRE-2014-00138,20140728,23,14,20.76,8.4,19.0,,,0,0,0,0,0,,0,0
2633,TELEGRAPH,CALFIRE-2014-00139,20140728,56,14,0.12,0.05,0.0,,,0,0,0,0,0,,0,0
2634,WEB,CALFIRE-2014-00140,20140728,4,2,377.86,152.91,30.0,,,0,0,0,0,0,,0,0
2635,COFFEE,CALFIRE-2014-00141,20140729,45,1,6256.27,2531.83,93.0,,,0,0,0,0,0,,0,0
2636,ELEPHANT,CALFIRE-2014-00142,20140729,31,1,21.23,8.59,9.0,,,0,0,0,0,0,,0,0
2637,HARDING,CALFIRE-2014-00143,20140729,31,1,63.13,25.55,97.0,,,0,0,0,0,0,,0,0
2638,LEEF,CALFIRE-2014-00144,20140729,47,1,16.64,6.73,0.0,,,0,0,0,0,0,,0,0
2639,WILDCAT_4,CALFIRE-2014-00145,20140729,37,10,24.78,10.03,1.0,,,0,0,0,0,0,,0,0
2640,BALD,CALFIRE-2014-00146,20140730,45,1,39752.2,16087.16,16.0,,,0,0,0,0,0,,0,0
2641,BEAVER,CALFIRE-2014-00147,20140730,47,1,32493.4,13149.62,70.0,,,0,0,0,0,0,,0,0
2642,BLUE (ALK 4-3),CALFIRE-2014-00148,20140730,23,1,20.27,8.2,32.0,,,0,0,0,0,0,,0,0
2643,DAY,CALFIRE-2014-00149,20140730,18,1,13150.67,5321.89,14.0,,,0,0,0,0,0,,0,0
2644,LITTLE DEER,CALFIRE-2014-00150,20140730,47,1,5499.71,2225.65,13.0,,,0,0,0,0,0,,0,0
2645,LODGE,CALFIRE-2014-00151,20140730,23,1,12533.18,5072.0,50.0,,,0,0,0,0,0,,0,0
2646,LOG,CALFIRE-2014-00152,20140730,47,1,3636.85,1471.78,29.0,,,0,0,0,0,0,,0,0
2647,OREGON GULCH,CALFIRE-2014-00153,20140730,59,1,35111.25,14209.03,14.0,,,0,0,0,0,0,,0,0
2648,WHITES,CALFIRE-2014-00154,20140730,47,1,33794.44,13676.14,57.0,,,0,0,0,0,0,,0,0
2649,EILER,CALFIRE-2014-00155,20140731,45,9,31995.22,12948.02,24.0,,,0,0,0,0,0,,0,0
2650,EVELYN,CALFIRE-2014-00156,20140801,59,1,0.1,0.04,1.0,,,0,0,0,0,0,,0,0
2651,MCLELLON,CALFIRE-2014-00157,20140801,12,14,10.15,4.11,0.0,,,0,0,0,0,0,,0,0
2652,PECWAN,CALFIRE-2014-00158,20140801,12,14,21.2,8.58,0.0,,,0,0,0,0,0,,0,0
2653,LOWER TENT MDW,CALFIRE-2014-00159,20140802,59,4,7.99,3.24,60.0,,,0,0,0,0,0,,0,0
2654,PORCUPINE,CALFIRE-2014-00160,20140805,59,14,0.1,0.04,1.0,,,0,0,0,0,0,,0,0
2655,CAMPGROUND,CALFIRE-2014-00161,20140807,59,1,0.1,0.04,1.0,,,0,0,0,0,0,,0,0
2656,CREEK,CALFIRE-2014-00162,20140807,59,1,0.1,0.04,1.0,,,0,0,0,0,0,,0,0
2657,SNOW,CALFIRE-2014-00163,20140807,59,1,0.1,0.04,85.0,,,0,0,0,0,0,,0,0
2658,GRANITE,CALFIRE-2014-00164,20140808,59,1,0.1,0.04,1.0,,,0,0,0,0,0,,0,0
2659,HAZEL,CALFIRE-2014-00165,20140808,59,1,2.07,0.84,2.0,,,0,0,0,0,0,,0,0
2660,31,CALFIRE-2014-00166,20140809,17,14,367.99,148.92,0.0,,,0,0,0,0,0,,0,0
2661,KEOUGH,CALFIRE-2014-00167,20140809,36,14,18.16,7.35,11.0,,,0,0,0,0,0,,0,0
2662,FRYING PAN,CALFIRE-2014-00168,20140811,47,1,133177.4,53895.03,50.0,,,0,0,0,0,0,,0,0
2663,JACKSON,CALFIRE-2014-00169,20140811,47,1,28.74,11.63,3.0,,,0,0,0,0,0,,0,0
2664,KEMPER,CALFIRE-2014-00170,20140811,47,1,173.46,70.2,18.0,,,0,0,0,0,0,,0,0
2665,KERN,CALFIRE-2014-00171,20140811,59,1,14.01,5.67,84.0,,,0,0,0,0,0,,0,0
2666,SUTCLIFFE,CALFIRE-2014-00172,20140811,47,1,26.33,10.65,3.0,,,0,0,0,0,0,,0,0
2667,THOMPSON,CALFIRE-2014-00173,20140811,47,1,16.55,6.7,3.0,,,0,0,0,0,0,,0,0
2668,TIMS,CALFIRE-2014-00174,20140811,47,1,13.17,5.33,1.0,,,0,0,0,0,0,,0,0
2669,ETHEL,CALFIRE-2014-00175,20140812,47,1,11.62,4.7,34.0,,,0,0,0,0,0,,0,0
2670,LITTLE,CALFIRE-2014-00176,20140812,25,1,100.72,40.76,37.0,,,0,0,0,0,0,,0,0
2671,SHOEMAKER,CALFIRE-2014-00177,20140814,19,1,190.06,76.91,31.0,,,0,0,0,0,0,,0,0
2672,WINERY,CALFIRE-2014-00178,20140814,59,14,0.25,0.1,0.0,,,0,0,0,0,0,,0,0
2673,BORDER_8,CALFIRE-2014-00179,20140816,37,9,12.0,4.86,1.0,,,0,0,0,0,0,,0,0
2674,CORCORAN,CALFIRE-2014-00180,20140817,59,14,116.96,47.33,0.0,,,0,0,0,0,0,,0,0
2675,TECOLOTE,CALFIRE-2014-00181,20140817,19,9,268.86,108.8,28.0,,,0,0,0,0,0,,0,0
2676,HIRSCHDALE,CALFIRE-2014-00182,20140818,31,9,81.86,33.13,76.0,,,0,0,0,0,0,,0,0
2677,JUNCTION,CALFIRE-2014-00183,20140818,22,14,612.16,247.73,7.0,,,0,0,0,0,0,,0,0
2678,WAY,CALFIRE-2014-00184,20140818,15,14,3882.42,1571.16,4.0,,,0,0,0,0,0,,0,0
2679,ENDERTS,CALFIRE-2014-00185,20140824,59,4,0.5,0.2,0.0,,,0,0,0,0,0,,0,0
2680,OREGON,CALFIRE-2014-00186,20140824,45,10,460.57,186.38,6.0,,,0,0,0,0,0,,0,0
2681,TRIPEL,CALFIRE-2014-00187,20140827,59,14,0.1,0.04,1.0,,,0,0,0,0,0,,0,0
2682,COPUS,CALFIRE-2014-00188,20140830,15,14,12.19,4.93,0.0,,,0,0,0,0,0,,0,0
2683,EL CAP,CALFIRE-2014-00189,20140831,59,14,0.1,0.04,0.0,,,0,0,0,0,0,,0,0
2684,CARABINER,CALFIRE-2014-00190,20140901,59,3,0.1,0.04,1.0,,,0,0,0,0,0,,0,0
2685,ILLILOUETTE,CALFIRE-2014-00191,20140902,59,4,0.1,0.04,1.0,,,0,0,0,0,0,,0,0
2686,SARATOGA,CALFIRE-2014-00192,20140903,17,14,87.8,35.53,0.0,,,0,0,0,0,0,,0,0
2687,BRIDGE,CALFIRE-2014-00193,20140905,22,10,270.06,109.29,9.0,,,0,0,0,0,0,,0,0
2688,HOUSE,CALFIRE-2014-00194,20140905,12,7,24.68,9.99,1.0,,,0,0,0,0,0,,0,0
2689,LOWER,CALFIRE-2014-00195,20140906,59,2,12.56,5.08,6.0,,,0,0,0,0,0,,0,0
2690,MONTGOMERY,CALFIRE-2014-00196,20140906,59,3,78.53,31.78,5.0,,,0,0,0,0,0,,0,0
2691,LUKENS NORTH,CALFIRE-2014-00197,20140908,59,4,0.1,0.04,1.0,,,0,0,0,0,0,,0,0
2692,ELEANOR,CALFIRE-2014-00198,20140909,59,1,0.1,0.04,1.0,,,0,0,0,0,0,,0,0
2693,GULCH,CALFIRE-2014-00199,20140910,45,10,1374.7,556.32,2.0,,,0,0,0,0,0,,0,0
2694,WALKER,CALFIRE-2014-00200,20140910,31,9,12.36,5.0,32.0,,,0,0,0,0,0,,0,0
2695,BALD HILL 3,CALFIRE-2014-00201,20140912,59,10,210.18,85.06,28.0,,,0,0,0,0,0,,0,0
2696,SILVERADO,CALFIRE-2014-00202,20140912,37,9,959.01,388.1,9.0,,,0,0,0,0,0,,0,0
2697,BLACK,CALFIRE-2014-00203,20140913,23,2,403.21,163.17,19.0,39.25967,-123.14358,11,0,0,0,0,,0,0
2698,DOGBAR,CALFIRE-2014-00204,20140913,58,14,248.08,100.39,0.0,,,0,0,0,0,0,,0,0
2699,KING,CALFIRE-2014-00205,20140913,59,7,97684.55,39531.57,27.0,,,0,0,0,10,0,,0,0
2700,COURTNEY,CALFIRE-2014-00206,20140914,22,5,290.94,117.74,8.0,,,0,0,0,0,0,,0,0
2701,INDIANA,CALFIRE-2014-00207,20140914,40,4,10.23,4.14,0.0,,,0,0,0,0,0,,0,0
2702,IRENE,CALFIRE-2014-00208,20140914,59,1,94.22,38.13,9.0,,,0,0,0,0,0,,0,0
2703,BOLES,CALFIRE-2014-00209,20140915,47,7,516.29,208.94,5.0,41.43132,-122.37983,242,8,0,0,0,,0,0
2704,POTTER,CALFIRE-2014-00210,20140915,59,4,0.1,0.04,3.0,,,0,0,0,0,0,,0,0
2705,CONWAY,CALFIRE-2014-00211,20140916,15,10,46.14,18.67,6.0,,,0,0,0,0,0,,0,0
2706,JUNE,CALFIRE-2014-00212,20140916,14,2,45.37,18.36,10.0,,,0,0,0,0,0,,0,0
2707,TRACT 17,CALFIRE-2014-00213,20140917,59,18,251.62,101.83,3.0,,,0,0,0,0,0,,0,0
2708,NELSON,CALFIRE-2014-00214,20140918,4,11,336.08,136.01,0.0,,,0,0,0,0,0,,0,0
2709,BALL MOUNTAIN,CALFIRE-2014-00215,20140921,14,1,24.91,10.08,50.0,,,0,0,0,0,0,,0,0
2710,NELSON,CALFIRE-2014-00216,20140921,23,14,71.98,29.13,8.0,,,0,0,0,0,0,,0,0
2711,REDWOOD,CALFIRE-2014-00217,20140921,59,1,5.53,2.24,43.0,,,0,0,0,0,0,,0,0
2712,TAMARACK,CALFIRE-2014-00218,20140921,59,4,0.1,0.04,1.0,,,0,0,0,0,0,,0,0
2713,DEER,CALFIRE-2014-00219,20140923,45,1,13.47,5.45,28.0,,,0,0,0,0,0,,0,0
2714,CASCADE,CALFIRE-2014-00220,20140928,9,4,21.7,8.78,4.0,,,0,0,0,0,0,,0,0
2715,FOOTHILL,CALFIRE-2014-00221,20140929,56,14,12.62,5.11,2.0,,,0,0,0,0,0,,0,0
2716,DOG ROCK,CALFIRE-2014-00222,20141007,59,14,312.29,126.38,26.0,,,0,0,0,0,0,,0,0
2717,APPLEGATE,CALFIRE-2014-00223,20141008,58,14,458.98,185.74,0.0,,,0,0,0,0,0,,0,0
2718,EAGLE CANYON,CALFIRE-2014-00224,20141012,36,4,10.99,4.45,0.0,,,0,0,0,0,0,,0,0
2719,CHILNUALNA,CALFIRE-2014-00225,20141016,59,14,0.1,0.04,1.0,,,0,0,0,0,0,,0,0
2720,JACK,CALFIRE-2014-00226,20141016,59,14,0.25,0.1,1.0,,,0,0,0,0,0,,0,0
2721,POINT,CALFIRE-2014-00227,20141018,59,3,0.1,0.04,1.0,,,0,0,0,0,0,,0,0
2722,BUBBS CREEK,CALFIRE-2014-00228,20141022,59,4,0.5,0.2,13.0,,,0,0,0,0,0,,0,0
2723,MINNOW,CALFIRE-2014-00229,20141025,59,14,0.1,0.04,1.0,,,0,0,0,0,0,,0,0
2724,WAWONA,CALFIRE-2014-00230,20141025,59,14,0.25,0.1,1.0,,,0,0,0,0,0,,0,0
2725,LEONARDO,CALFIRE-2014-00231,20141105,59,14,0.09,0.04,0.0,,,0,0,0,0,0,,0,0
2726,CASTLE,CALFIRE-2014-00232,20141110,59,14,0.1,0.04,1.0,,,0,0,0,0,0,,0,0
2727,HIGHLAND,CALFIRE-2014-00233,20141121,59,10,0.09,0.04,0.0,,,0,0,0,0,0,,0,0
2728,TYLER,CALFIRE-2014-00234,20141122,59,4,0.48,0.2,0.0,,,0,0,0,0,0,,0,0
2729,RAMBLA,CALFIRE-2014-00235,20141126,59,8,0.48,0.2,0.0,,,0,0,0,0,0,,0,0
2730,MCOULLOH,CALFIRE-2015-00001,20150124,59,5,35.28,14.28,36.0,,,0,0,0,0,0,,0,0
2731,TANNER,CALFIRE-2015-00002,20150124,59,5,44.55,18.03,36.0,,,0,0,0,0,0,,0,0
2732,SPRING GARDEN,CALFIRE-2015-00003,20150206,32,5,15.84,6.41,0.0,,,0,0,0,0,0,,0,0
2733,VAN DYKE,CALFIRE-2015-00004,20150206,14,14,512.43,207.37,7.0,,,0,0,0,0,0,,0,0
2734,ROUND,CALFIRE-2015-00005,20150207,26,9,6537.52,2645.64,2.0,37.51083,-118.63752,53,6,0,0,0,,0,0
2735,RED,CALFIRE-2015-00006,20150209,56,10,0.06,0.02,0.0,,,0,0,0,0,0,,0,0
2736,MEADOW,CALFIRE-2015-00007,20150222,59,5,22.06,8.93,143.0,,,0,0,0,0,0,,0,0
2737,PONDEROSA,CALFIRE-2015-00008,20150223,45,5,15.16,6.13,0.0,,,0,0,0,0,0,,0,0
2738,STEPHENS,CALFIRE-2015-00009,20150224,45,5,209.63,84.83,7.0,,,0,0,0,0,0,,0,0
2739,HARBOR,CALFIRE-2015-00010,20150311,56,14,0.01,0.0,0.0,,,0,0,0,0,0,,0,0
2740,PALM,CALFIRE-2015-00011,20150312,56,14,22.35,9.05,1.0,,,0,0,0,0,0,,0,0
2741,TUNA,CALFIRE-2015-00012,20150313,19,4,1.2,0.49,0.0,,,0,0,0,0,0,,0,0
2742,STONY GULCH,CALFIRE-2015-00013,20150328,59,9,6.59,2.67,3.0,,,0,0,0,0,0,,0,0
2743,GAVILAN,CALFIRE-2015-00014,20150329,33,10,16.01,6.48,0.0,,,0,0,0,0,0,,0,0
2744,CLUB,CALFIRE-2015-00015,20150402,23,5,111.94,45.3,23.0,,,0,0,0,0,0,,0,0
2745,WAYSIDE,CALFIRE-2015-00016,20150402,19,1,14.03,5.68,161.0,,,0,0,0,0,0,,0,0
2746,VISTA,CALFIRE-2015-00017,20150405,40,18,20.63,8.35,0.0,,,0,0,0,0,0,,0,0
2747,TOPANGA CYN,CALFIRE-2015-00018,20150406,59,10,0.15,0.06,0.0,,,0,0,0,0,0,,0,0
2748,WARD,CALFIRE-2015-00019,20150414,32,14,129.29,52.32,4.0,,,0,0,0,0,0,,0,0
2749,DUME,CALFIRE-2015-00020,20150417,59,10,1.48,0.6,0.0,,,0,0,0,0,0,,0,0
2750,HIGHWAY,CALFIRE-2015-00021,20150418,33,4,1048.69,424.39,6.0,,,0,0,0,0,0,,0,0
2751,WHEELER,CALFIRE-2015-00022,20150418,56,7,4.68,1.89,1.0,,,0,0,0,0,0,,0,0
2752,TWO MILE,CALFIRE-2015-00023,20150421,59,5,7.51,3.04,6.0,,,0,0,0,0,0,,0,0
2753,GRAND VIEW,CALFIRE-2015-00024,20150427,59,10,0.09,0.04,0.0,,,0,0,0,0,0,,0,0
2754,UNNAMED,CALFIRE-2015-00025,20150427,15,14,8.1,3.28,0.0,,,0,0,0,0,0,,0,0
2755,POTRERO,CALFIRE-2015-00026,20150430,56,14,31.99,12.95,103.0,,,0,0,0,0,0,,0,0
2756,GRAPE,CALFIRE-2015-00027,20150501,15,3,7.47,3.02,0.0,,,0,0,0,0,0,,0,0
2757,ZEBRA,CALFIRE-2015-00028,20150503,19,14,10.1,4.09,0.0,,,0,0,0,0,0,,0,0
2758,SAN GORGONIO,CALFIRE-2015-00029,20150505,36,9,9.84,3.98,1.0,,,0,0,0,0,0,,0,0
2759,JOHNSON,CALFIRE-2015-00030,20150506,56,14,1.97,0.8,144.0,,,0,0,0,0,0,,0,0
2760,DEER,CALFIRE-2015-00031,20150510,27,1,66.02,26.72,0.0,,,0,0,0,0,0,,0,0
2761,POPLAR,CALFIRE-2015-00032,20150510,59,14,3.55,1.44,0.0,,,0,0,0,0,0,,0,0
2762,VICTORIA,CALFIRE-2015-00033,20150511,56,14,0.57,0.23,0.0,,,0,0,0,0,0,,0,0
2763,FISH,CALFIRE-2015-00034,20150520,15,4,20.87,8.44,7.0,,,0,0,0,0,0,,0,0
2764,CALABASAS,CALFIRE-2015-00035,20150523,59,9,0.49,0.2,0.0,,,0,0,0,0,0,,0,0
2765,BAKER,CALFIRE-2015-00036,20150524,52,5,0.75,0.3,0.0,,,0,0,0,0,0,,0,0
2766,MUNZ,CALFIRE-2015-00037,20150526,19,14,96.2,38.93,0.0,,,0,0,0,0,0,,0,0
2767,WIND,CALFIRE-2015-00038,20150529,19,2,6.1,2.47,0.0,,,0,0,0,0,0,,0,0
2768,GRIMY,CALFIRE-2015-00039,20150530,4,2,19.42,7.86,0.0,,,0,0,0,0,0,,0,0
2769,118 FWY,CALFIRE-2015-00040,20150604,19,14,4.03,1.63,0.0,,,0,0,0,0,0,,0,0
2770,GREEN,CALFIRE-2015-00041,20150604,36,9,3.37,1.36,4.0,,,0,0,0,0,0,,0,0
2771,POPPY,CALFIRE-2015-00042,20150605,19,14,410.68,166.2,1.0,,,0,0,0,0,0,,0,0
2772,SNOW,CALFIRE-2015-00043,20150605,33,2,24.8,10.03,0.0,,,0,0,0,0,0,,0,0
2773,VALLEY,CALFIRE-2015-00044,20150605,52,1,7.05,2.86,0.0,38.79119,-122.684,0,0,0,0,0,,0,0
2774,RIOSA,CALFIRE-2015-00045,20150608,58,14,75.31,30.48,0.0,,,0,0,0,0,0,,0,0
2775,BALD,CALFIRE-2015-00046,20150609,12,1,26.95,10.91,5.0,,,0,0,0,0,0,,0,0
2776,DEVIL,CALFIRE-2015-00047,20150609,12,1,20.13,8.15,6.0,,,0,0,0,0,0,,0,0
2777,GARAGE,CALFIRE-2015-00048,20150609,17,11,27.72,11.22,1.0,,,0,0,0,0,0,,0,0
2778,SADDLE,CALFIRE-2015-00049,20150609,45,1,1542.97,624.42,143.0,,,0,0,0,0,0,,0,0
2779,MUSTANG,CALFIRE-2015-00050,20150610,33,1,8.0,3.24,0.0,,,0,0,0,0,0,,0,0
2780,LEWIS,CALFIRE-2015-00051,20150611,56,14,0.79,0.32,0.0,,,0,0,0,0,0,,0,0
2781,RANCHO,CALFIRE-2015-00052,20150611,52,14,11.89,4.81,0.0,,,0,0,0,0,0,,0,0
2782,STAFFORD,CALFIRE-2015-00053,20150611,56,2,0.82,0.33,0.0,,,0,0,0,0,0,,0,0
2783,CASTAIC,CALFIRE-2015-00054,20150613,19,14,31.04,12.56,0.0,,,0,0,0,0,0,,0,0
2784,ATHENS,CALFIRE-2015-00055,20150616,59,14,41.15,16.65,0.0,,,0,0,0,0,0,,0,0
2785,BIG FIVE,CALFIRE-2015-00056,20150617,59,1,264.57,107.07,138.0,,,0,0,0,0,0,,0,0
2786,FORK,CALFIRE-2015-00057,20150617,52,9,54.3,21.97,0.0,,,0,0,0,0,0,,0,0
2787,LAKE,CALFIRE-2015-00058,20150617,36,9,31284.44,12660.37,197.0,,,0,0,0,0,0,,0,0
2788,WILDCAT,CALFIRE-2015-00059,20150617,37,14,170.95,69.18,1.0,,,0,0,0,0,0,,0,0
2789,COOK,CALFIRE-2015-00060,20150618,58,18,139.98,56.65,6.0,,,0,0,0,0,0,,0,0
2790,CORRINE,CALFIRE-2015-00061,20150618,22,11,921.65,372.98,6.0,,,0,0,0,0,0,,0,0
2791,SKY,CALFIRE-2015-00062,20150618,59,2,498.92,201.91,3.0,,,0,0,0,0,0,,0,0
2792,TRIANGLE,CALFIRE-2015-00063,20150618,22,10,58.64,23.73,1.0,,,0,0,0,0,0,,0,0
2793,KITTRIDGE,CALFIRE-2015-00064,20150619,56,14,6.38,2.58,0.0,,,0,0,0,0,0,,0,0
2794,MERCADO,CALFIRE-2015-00065,20150619,37,14,8.23,3.33,1.0,,,0,0,0,0,0,,0,0
2795,RIDGE,CALFIRE-2015-00066,20150619,42,11,9.07,3.67,0.0,,,0,0,0,0,0,,0,0
2796,SAN HEDRIN,CALFIRE-2015-00067,20150619,17,5,22.48,9.1,1.0,,,0,0,0,0,0,,0,0
2797,WASHINGTON,CALFIRE-2015-00068,20150619,59,1,17779.54,7195.13,20.0,,,0,0,0,0,0,,0,0
2798,WOLF,CALFIRE-2015-00069,20150619,58,14,17.76,7.19,0.0,,,0,0,0,0,0,,0,0
2799,PARKHILL,CALFIRE-2015-00070,20150620,40,10,1812.32,733.42,4.0,,,0,0,0,0,0,,0,0
2800,MALIBU,CALFIRE-2015-00071,20150621,59,14,5.39,2.18,0.0,,,0,0,0,0,0,,0,0
2801,RED,CALFIRE-2015-00072,20150621,22,5,134.03,54.24,3.0,,,0,0,0,0,0,,0,0
2802,RIVER,CALFIRE-2015-00073,20150622,56,1,164.71,66.65,2.0,,,0,0,0,0,0,,0,0
2803,CASTLE,CALFIRE-2015-00074,20150623,45,4,14253.95,5768.37,0.0,,,0,0,0,0,0,,0,0
2804,FREEWAY,CALFIRE-2015-00075,20150623,19,2,11.55,4.68,0.0,,,0,0,0,0,0,,0,0
2805,CALGROVE,CALFIRE-2015-00076,20150624,19,14,364.4,147.47,2.0,,,0,0,0,0,0,,0,0
2806,CORNELL,CALFIRE-2015-00077,20150624,59,14,0.01,0.0,0.0,,,0,0,0,0,0,,0,0
2807,FARIA,CALFIRE-2015-00078,20150624,56,14,0.99,0.4,0.0,,,0,0,0,0,0,,0,0
2808,STERLING,CALFIRE-2015-00079,20150625,36,9,118.03,47.76,3.0,,,0,0,0,0,0,,0,0
2809,MESA,CALFIRE-2015-00080,20150629,42,8,210.83,85.32,1.0,,,0,0,0,0,0,,0,0
2810,RIDGE,CALFIRE-2015-00081,20150629,19,14,9.39,3.8,0.0,,,0,0,0,0,0,,0,0
2811,SHINN,CALFIRE-2015-00082,20150630,18,1,110.8,44.84,6.0,,,0,0,0,0,0,,0,0
2812,LIGHTNING,CALFIRE-2015-00083,20150701,15,9,31.73,12.84,0.0,,,0,0,0,0,0,,0,0
2813,MERWIN,CALFIRE-2015-00084,20150701,33,14,181.44,73.43,3.0,,,0,0,0,0,0,,0,0
2814,WEB,CALFIRE-2015-00085,20150701,4,9,71.13,28.78,8.0,,,0,0,0,0,0,,0,0
2815,BECKWOURTH LIGHTNING,CALFIRE-2015-00086,20150702,18,1,14.31,5.79,3.0,,,0,0,0,0,0,,0,0
2816,DEERLICK,CALFIRE-2015-00087,20150702,59,1,0.1,0.04,1.0,,,0,0,0,0,0,,0,0
2817,IONE,CALFIRE-2015-00088,20150702,9,7,357.59,144.71,0.0,,,0,0,0,0,0,,0,0
2818,MAIN,CALFIRE-2015-00089,20150702,56,14,0.14,0.05,0.0,,,0,0,0,0,0,,0,0
2819,YELLOW,CALFIRE-2015-00090,20150702,25,1,11.14,4.51,1.0,,,0,0,0,0,0,,0,0
2820,COUNTRY CLUB,CALFIRE-2015-00091,20150703,59,14,0.09,0.04,0.0,,,0,0,0,0,0,,0,0
2821,GREY,CALFIRE-2015-00092,20150703,15,1,19.45,7.87,0.0,,,0,0,0,0,0,,0,0
2822,INDIAN CANYON,CALFIRE-2015-00093,20150703,59,1,4.13,1.67,46.0,,,0,0,0,0,0,,0,0
2823,LAGUNA,CALFIRE-2015-00094,20150703,30,11,14.13,5.72,0.0,,,0,0,0,0,0,,0,0
2824,WHITE CASCADE,CALFIRE-2015-00095,20150703,59,1,50.73,20.53,129.0,,,0,0,0,0,0,,0,0
2825,AGER,CALFIRE-2015-00096,20150704,47,1,31.49,12.75,1.0,,,0,0,0,0,0,,0,0
2826,BLACK,CALFIRE-2015-00097,20150704,52,14,163.28,66.08,0.0,,,0,0,0,0,0,,0,0
2827,SODA,CALFIRE-2015-00098,20150704,23,10,28.01,11.34,3.0,,,0,0,0,0,0,,0,0
2828,SOUTH,CALFIRE-2015-00099,20150704,56,14,0.26,0.11,0.0,,,0,0,0,0,0,,0,0
2829,WENDY,CALFIRE-2015-00100,20150704,59,8,0.09,0.04,0.0,,,0,0,0,0,0,,0,0
2830,YORK,CALFIRE-2015-00101,20150704,47,1,398.42,161.24,0.0,,,0,0,0,0,0,,0,0
2831,CLEAR,CALFIRE-2015-00102,20150705,59,1,7.48,3.03,1.0,,,0,0,0,0,0,,0,0
2832,TOLAND,CALFIRE-2015-00103,20150705,56,14,3.03,1.23,0.0,,,0,0,0,0,0,,0,0
2833,COUNTRY,CALFIRE-2015-00104,20150707,59,14,12.06,4.88,0.0,,,0,0,0,0,0,,0,0
2834,S2 COAL,CALFIRE-2015-00105,20150707,18,1,29.95,12.12,3.0,,,0,0,0,0,0,,0,0
2835,DARK,CALFIRE-2015-00106,20150709,59,1,38.0,15.38,69.0,,,0,0,0,0,0,,0,0
2836,MASON,CALFIRE-2015-00107,20150709,25,1,43.27,17.51,1.0,,,0,0,0,0,0,,0,0
2837,TENAYA,CALFIRE-2015-00108,20150709,59,1,408.91,165.48,68.0,,,0,0,0,0,0,,0,0
2838,DEER,CALFIRE-2015-00109,20150710,40,4,94.63,38.29,5.0,,,0,0,0,0,0,,0,0
2839,BEALE,CALFIRE-2015-00110,20150711,58,9,52.87,21.39,0.0,,,0,0,0,0,0,,0,0
2840,PRINCETON,CALFIRE-2015-00111,20150711,56,14,44.27,17.91,31.0,,,0,0,0,0,0,,0,0
2841,MILL2,CALFIRE-2015-00112,20150712,36,2,54.0,21.85,0.0,,,0,0,0,0,0,,0,0
2842,REMSEN,CALFIRE-2015-00113,20150712,19,14,16.51,6.68,0.0,,,0,0,0,0,0,,0,0
2843,SPIDER,CALFIRE-2015-00114,20150712,33,14,35.2,14.25,1.0,,,0,0,0,0,0,,0,0
2844,241,CALFIRE-2015-00115,20150713,30,2,213.51,86.4,1.0,,,0,0,0,0,0,,0,0
2845,JACK,CALFIRE-2015-00116,20150713,33,14,5.43,2.2,0.0,,,0,0,0,0,0,,0,0
2846,DOOLITTLE,CALFIRE-2015-00117,20150714,58,14,20.03,8.11,0.0,,,0,0,0,0,0,,0,0
2847,CUTCA,CALFIRE-2015-00118,20150716,37,1,150.42,60.87,16.0,,,0,0,0,0,0,,0,0
2848,LAKE 3,CALFIRE-2015-00119,20150716,37,14,23.97,9.7,1.0,,,0,0,0,0,0,,0,0
2849,BROOKS,CALFIRE-2015-00120,20150717,56,14,2.92,1.18,0.0,,,0,0,0,0,0,,0,0
2850,NORTH,CALFIRE-2015-00121,20150717,36,9,4249.09,1719.55,0.0,,,0,0,0,0,0,,0,0
2851,PINES,CALFIRE-2015-00122,20150717,19,9,174.94,70.8,3.0,,,0,0,0,0,0,,0,0
2852,36,CALFIRE-2015-00123,20150718,52,11,101.17,40.94,23.0,,,0,0,0,0,0,,0,0
2853,MCCABE,CALFIRE-2015-00124,20150718,22,1,1728.97,699.69,4.0,,,0,0,0,0,0,,0,0
2854,CABIN SEQ,CALFIRE-2015-00125,20150719,15,1,6996.19,2831.26,127.0,,,0,0,0,0,0,,0,0
2855,BETABEL,CALFIRE-2015-00126,20150720,27,2,56.31,22.79,0.0,,,0,0,0,0,0,,0,0
2856,DORRIS,CALFIRE-2015-00127,20150721,47,1,28.19,11.41,0.0,,,0,0,0,0,0,,0,0
2857,OAKRIDGE,CALFIRE-2015-00128,20150721,52,14,10.17,4.12,0.0,,,0,0,0,0,0,,0,0
2858,PUMP,CALFIRE-2015-00129,20150721,15,14,62.69,25.37,0.0,,,0,0,0,0,0,,0,0
2859,RESERVOIR,CALFIRE-2015-00130,20150721,59,1,25.06,10.14,26.0,,,0,0,0,0,0,,0,0
2860,TRIPLE,CALFIRE-2015-00131,20150721,5,1,427.96,173.19,0.0,,,0,0,0,0,0,,0,0
2861,WHITE,CALFIRE-2015-00132,20150721,25,1,15.38,6.22,2.0,,,0,0,0,0,0,,0,0
2862,BAXTER,CALFIRE-2015-00133,20150722,58,14,21.75,8.8,0.0,,,0,0,0,0,0,,0,0
2863,WRAGG,CALFIRE-2015-00134,20150722,17,10,8049.33,3257.45,14.0,,,0,0,0,0,0,,0,0
2864,COLD,CALFIRE-2015-00135,20150723,25,1,14.21,5.75,0.0,,,0,0,0,0,0,,0,0
2865,KYBURZ,CALFIRE-2015-00136,20150723,59,14,84.02,34.0,102.0,,,0,0,0,0,0,,0,0
2866,PARK,CALFIRE-2015-00137,20150724,37,14,21.62,8.75,1.0,,,0,0,0,0,0,,0,0
2867,LOWELL,CALFIRE-2015-00138,20150725,58,14,2315.63,937.1,18.0,,,0,0,0,0,0,,0,0
2868,QUEEN,CALFIRE-2015-00139,20150725,12,7,159.38,64.5,7.0,,,0,0,0,0,0,,0,0
2869,SWEDES,CALFIRE-2015-00140,20150725,4,7,390.02,157.84,22.0,,,0,0,0,0,0,,0,0
2870,WILLOW,CALFIRE-2015-00141,20150725,59,8,5701.34,2307.25,26.0,,,0,0,0,0,0,,0,0
2871,MARIPOSA,CALFIRE-2015-00142,20150726,42,10,9.07,3.67,0.0,,,0,0,0,0,0,,0,0
2872,TREE,CALFIRE-2015-00143,20150726,4,2,12.72,5.15,6.0,,,0,0,0,0,0,,0,0
2873,LOCUST,CALFIRE-2015-00144,20150727,59,7,644.17,260.69,0.0,,,0,0,0,0,0,,0,0
2874,MIDDLE,CALFIRE-2015-00145,20150727,59,1,324.77,131.43,104.0,,,0,0,0,0,0,,0,0
2875,BUCK,CALFIRE-2015-00146,20150728,12,2,15.86,6.42,2.0,,,0,0,0,0,0,,0,0
2876,BIG CREEK,CALFIRE-2015-00147,20150729,5,5,204.39,82.71,42.0,,,0,0,0,0,0,,0,0
2877,CHINA,CALFIRE-2015-00148,20150729,45,2,175.02,70.83,0.0,,,0,0,0,0,0,,0,0
2878,MALLARD,CALFIRE-2015-00149,20150729,45,15,65.95,26.69,0.0,,,0,0,0,0,0,,0,0
2879,ROCKY,CALFIRE-2015-00150,20150729,17,9,69438.16,28100.65,16.0,38.91347,-122.50054,97,8,0,0,0,,0,0
2880,4-2 CAHTO,CALFIRE-2015-00151,20150730,23,1,15.46,6.25,66.0,,,0,0,0,0,0,,0,0
2881,BIG FOOT,CALFIRE-2015-00152,20150730,45,1,25.14,10.17,67.0,,,0,0,0,0,0,,0,0
2882,BLAKE,CALFIRE-2015-00153,20150730,12,1,11439.25,4629.3,,,,0,0,0,0,0,,0,0
2883,BLOCKSBURG 1-58,CALFIRE-2015-00154,20150730,12,1,283.83,114.86,40.0,,,0,0,0,0,0,,0,0
2884,BLUE,CALFIRE-2015-00155,20150730,45,1,2828.03,1144.46,92.0,,,0,0,0,0,0,,0,0
2885,BLUFORD 1-55,CALFIRE-2015-00156,20150730,12,1,202.7,82.03,40.0,,,0,0,0,0,0,,0,0
2886,BUCK,CALFIRE-2015-00157,20150730,12,1,1420.48,574.85,13.0,,,0,0,0,0,0,,0,0
2887,CASTLE 1,CALFIRE-2015-00158,20150730,12,1,662.16,267.97,92.0,,,0,0,0,0,0,,0,0
2888,CHANCE,CALFIRE-2015-00159,20150730,12,1,160.07,64.78,92.0,,,0,0,0,0,0,,0,0
2889,CLARK,CALFIRE-2015-00160,20150730,45,1,675.56,273.39,6.0,,,0,0,0,0,0,,0,0
2890,DAILEY,CALFIRE-2015-00161,20150730,45,1,16.66,6.74,3.0,,,0,0,0,0,0,,0,0
2891,DEER,CALFIRE-2015-00162,20150730,45,1,8.54,3.45,19.0,,,0,0,0,0,0,,0,0
2892,DOBBYN 1-57,CALFIRE-2015-00163,20150730,12,1,787.35,318.63,40.0,,,0,0,0,0,0,,0,0
2893,DOG,CALFIRE-2015-00164,20150730,45,1,3276.48,1325.95,67.0,,,0,0,0,0,0,,0,0
2894,DYER,CALFIRE-2015-00165,20150730,45,1,757.96,306.74,7.0,,,0,0,0,0,0,,0,0
2895,EAST,CALFIRE-2015-00166,20150730,12,1,1530.95,619.56,92.0,,,0,0,0,0,0,,0,0
2896,ETSEL,CALFIRE-2015-00167,20150730,17,1,32.1,12.99,9.0,,,0,0,0,0,0,,0,0
2897,FIVEMILE,CALFIRE-2015-00168,20150730,47,1,62.04,25.11,12.0,,,0,0,0,0,0,,0,0
2898,FROG,CALFIRE-2015-00169,20150730,25,1,4862.16,1967.65,8.0,,,0,0,1,0,0,,0,0
2899,GARDEN,CALFIRE-2015-00170,20150730,45,1,0.03,0.01,0.0,,,0,0,0,0,0,,0,0
2900,GOBBLER,CALFIRE-2015-00171,20150730,12,1,8305.02,3360.92,33.0,,,0,0,0,0,0,,0,0
2901,GROVES,CALFIRE-2015-00172,20150730,12,1,6803.03,2753.09,92.0,,,0,0,0,0,0,,0,0
2902,HALSEY,CALFIRE-2015-00173,20150730,45,1,7.23,2.93,6.0,,,0,0,0,0,0,,0,0
2903,HAPPY,CALFIRE-2015-00174,20150730,45,1,68095.24,27557.19,9.0,,,0,0,0,0,0,,0,0
2904,HIDDEN,CALFIRE-2015-00175,20150730,45,1,11.05,4.47,3.0,,,0,0,0,0,0,,0,0
2905,JOHNSON,CALFIRE-2015-00176,20150730,45,1,17821.11,7211.95,92.0,,,0,0,0,0,0,,0,0
2906,KERLIN,CALFIRE-2015-00177,20150730,45,1,500.95,202.73,72.0,,,0,0,0,0,0,,0,0
2907,LASSICS,CALFIRE-2015-00178,20150730,12,1,18192.03,7362.06,38.0,,,0,0,0,0,0,,0,0
2908,LOOK,CALFIRE-2015-00179,20150730,45,1,0.93,0.38,1.0,,,0,0,0,0,0,,0,0
2909,MILL,CALFIRE-2015-00180,20150730,45,1,72.6,29.38,31.0,,,0,0,0,0,0,,0,0
2910,MINERS,CALFIRE-2015-00181,20150730,45,1,173.98,70.41,19.0,,,0,0,0,0,0,,0,0
2911,OLSEN,CALFIRE-2015-00182,20150730,45,1,400.2,161.96,14.0,,,0,0,0,0,0,,0,0
2912,PANTHER,CALFIRE-2015-00183,20150730,45,1,128.69,52.08,10.0,,,0,0,0,0,0,,0,0
2913,PATTISON,CALFIRE-2015-00184,20150730,45,1,12916.57,5227.16,19.0,,,0,0,0,0,0,,0,0
2914,PEAK,CALFIRE-2015-00185,20150730,45,1,6273.95,2538.98,92.0,,,0,0,0,0,0,,0,0
2915,PELLETREAU,CALFIRE-2015-00186,20150730,45,1,4109.54,1663.07,71.0,,,0,0,0,0,0,,0,0
2916,PICKETT,CALFIRE-2015-00187,20150730,12,1,11012.8,4456.73,33.0,,,0,0,0,0,0,,0,0
2917,PINE 1-44,CALFIRE-2015-00188,20150730,12,1,1773.25,717.61,40.0,,,0,0,0,0,0,,0,0
2918,PROSPECT,CALFIRE-2015-00189,20150730,45,1,24.28,9.83,23.0,,,0,0,0,0,0,,0,0
2919,RAIL,CALFIRE-2015-00190,20150730,45,1,8669.77,3508.53,92.0,,,0,0,0,0,0,,0,0
2920,RASPBERRY,CALFIRE-2015-00191,20150730,45,1,39.76,16.09,19.0,,,0,0,0,0,0,,0,0
2921,ROAD,CALFIRE-2015-00192,20150730,45,1,378.97,153.37,8.0,,,0,0,0,0,0,,0,0
2922,SHIELL,CALFIRE-2015-00193,20150730,45,1,15390.65,6228.38,92.0,,,0,0,0,0,0,,0,0
2923,SPRINGER,CALFIRE-2015-00194,20150730,45,1,0.49,0.2,6.0,,,0,0,0,0,0,,0,0
2924,STEELHEAD 1-54,CALFIRE-2015-00195,20150730,12,1,1403.44,567.95,40.0,,,0,0,0,0,0,,0,0
2925,TELEPHONE,CALFIRE-2015-00196,20150730,45,1,54.83,22.19,67.0,,,0,0,0,0,0,,0,0
2926,TIERNEY,CALFIRE-2015-00197,20150730,12,1,247.89,100.32,13.0,,,0,0,0,0,0,,0,0
2927,WILDCAT 1-51,CALFIRE-2015-00198,20150730,12,1,283.22,114.62,40.0,,,0,0,0,0,0,,0,0
2928,WINCHESTER 1-47,CALFIRE-2015-00199,20150730,12,1,147.25,59.59,40.0,,,0,0,0,0,0,,0,0
2929,YORK,CALFIRE-2015-00200,20150730,45,1,243.67,98.61,31.0,,,0,0,0,0,0,,0,0
2930,BEAR,CALFIRE-2015-00201,20150731,12,1,11616.88,4701.19,92.0,,,0,0,0,0,0,,0,0
2931,COPCO,CALFIRE-2015-00202,20150731,47,1,14.0,5.67,1.0,,,0,0,0,0,0,,0,0
2932,PAW,CALFIRE-2015-00203,20150731,12,1,10.24,4.14,4.0,,,0,0,0,0,0,,0,0
2933,ROUGH,CALFIRE-2015-00204,20150731,59,1,151546.8,61328.87,98.0,,,0,0,0,0,0,,0,0
2934,BOARDMAN 2,CALFIRE-2015-00205,20150801,17,1,94.75,38.34,8.0,,,0,0,0,0,0,,0,0
2935,COON,CALFIRE-2015-00206,20150801,12,1,5682.63,2299.68,91.0,,,0,0,0,0,0,,0,0
2936,DEER,CALFIRE-2015-00207,20150801,17,1,97.55,39.48,9.0,,,0,0,0,0,0,,0,0
2937,DEER HORN 2,CALFIRE-2015-00208,20150801,59,1,86.16,34.87,11.0,,,0,0,0,0,0,,0,0
2938,HOWARDS,CALFIRE-2015-00209,20150801,47,1,29.58,11.97,12.0,,,0,0,0,0,0,,0,0
2939,NICKOWITZ,CALFIRE-2015-00210,20150801,12,1,7576.05,3065.92,93.0,,,0,0,0,0,0,,0,0
2940,PEAK,CALFIRE-2015-00211,20150801,12,1,11524.46,4663.79,91.0,,,0,0,0,0,0,,0,0
2941,SCALES,CALFIRE-2015-00212,20150801,36,2,45.73,18.51,4.0,,,0,0,0,0,0,,0,0
2942,WATER,CALFIRE-2015-00213,20150801,45,1,35.92,14.53,6.0,,,0,0,0,0,0,,0,0
2943,WHITE,CALFIRE-2015-00214,20150801,42,11,53.56,21.67,0.0,,,0,0,0,0,0,,0,0
2944,CATHEDRAL,CALFIRE-2015-00215,20150802,59,1,40.12,16.24,77.0,,,0,0,0,0,0,,0,0
2945,CHORRO,CALFIRE-2015-00216,20150802,42,2,273.82,110.81,9.0,,,0,0,0,0,0,,0,0
2946,FEEDER,CALFIRE-2015-00217,20150802,12,1,897.99,363.4,34.0,,,0,0,0,0,0,,0,0
2947,FERN,CALFIRE-2015-00218,20150802,45,1,88.54,35.83,0.0,,,0,0,0,0,0,,0,0
2948,SUMMIT,CALFIRE-2015-00219,20150802,12,1,639.92,258.97,34.0,,,0,0,0,0,0,,0,0
2949,DODGE,CALFIRE-2015-00220,20150803,18,2,10517.52,4256.29,14.0,,,0,0,0,0,0,,0,0
2950,S1 DUCK,CALFIRE-2015-00221,20150803,18,1,30.09,12.18,15.0,,,0,0,0,0,0,,0,0
2951,FRANCIS,CALFIRE-2015-00222,20150804,58,11,28.87,11.68,0.0,,,0,0,0,0,0,,0,0
2952,BURNETT,CALFIRE-2015-00223,20150805,58,1,9.87,3.99,3.0,,,0,0,0,0,0,,0,0
2953,TWIN,CALFIRE-2015-00224,20150805,25,1,67.94,27.49,1.0,,,0,0,0,0,0,,0,0
2954,FIVE,CALFIRE-2015-00225,20150806,19,2,24.54,9.93,0.0,,,0,0,0,0,0,,0,0
2955,MOORPARK,CALFIRE-2015-00226,20150807,56,14,2.08,0.84,0.0,,,0,0,0,0,0,,0,0
2956,UNNAMED,CALFIRE-2015-00227,20150807,15,14,15.97,6.46,0.0,,,0,0,0,0,0,,0,0
2957,MUSIC,CALFIRE-2015-00228,20150808,59,9,32.65,13.21,4.0,,,0,0,0,0,0,,0,0
2958,DELUZ,CALFIRE-2015-00229,20150809,37,14,56.09,22.7,1.0,,,0,0,0,0,0,,0,0
2959,JERUSALEM,CALFIRE-2015-00230,20150809,17,14,25118.38,10165.06,15.0,,,0,0,0,0,0,,0,0
2960,ANZA,CALFIRE-2015-00231,20150810,33,10,543.54,219.96,5.0,,,0,0,0,0,0,,0,0
2961,PERKIN,CALFIRE-2015-00232,20150811,56,14,9.35,3.79,2.0,,,0,0,0,0,0,,0,0
2962,SHINN,CALFIRE-2015-00233,20150811,19,4,11.24,4.55,1.0,,,0,0,0,0,0,,0,0
2963,DOUGH,CALFIRE-2015-00234,20150813,56,14,2.16,0.87,0.0,,,0,0,0,0,0,,0,0
2964,CABIN,CALFIRE-2015-00235,20150814,19,9,1461.84,591.59,19.0,,,0,0,0,0,0,,0,0
2965,PEAK,CALFIRE-2015-00236,20150814,56,10,2.93,1.19,0.0,,,0,0,0,0,0,,0,0
2966,RUSTIC,CALFIRE-2015-00237,20150814,56,14,186.15,75.33,2.0,,,0,0,0,0,0,,0,0
2967,STINE,CALFIRE-2015-00238,20150814,15,1,13.79,5.58,0.0,,,0,0,0,0,0,,0,0
2968,WALKER,CALFIRE-2015-00239,20150814,14,9,3815.89,1544.24,78.0,,,0,0,0,0,0,,0,0
2969,CHOLAME,CALFIRE-2015-00240,20150816,40,10,12.06,4.88,1.0,,,0,0,0,0,0,,0,0
2970,CUESTA,CALFIRE-2015-00241,20150816,40,10,2445.95,989.84,12.0,,,0,0,0,0,0,,0,0
2971,GRADE,CALFIRE-2015-00242,20150816,42,10,19.67,7.96,0.0,,,0,0,0,0,0,,0,0
2972,LINCOLN,CALFIRE-2015-00243,20150816,19,14,234.19,94.77,0.0,,,0,0,0,0,0,,0,0
2973,LINKS,CALFIRE-2015-00244,20150816,52,14,6.7,2.71,0.0,,,0,0,0,0,0,,0,0
2974,WARM,CALFIRE-2015-00245,20150816,19,7,270.02,109.27,2.0,,,0,0,0,0,0,,0,0
2975,HORSE,CALFIRE-2015-00246,20150818,12,14,145.9,59.05,44.0,,,0,0,0,0,0,,0,0
2976,TESLA,CALFIRE-2015-00247,20150819,43,14,2989.93,1209.98,13.0,,,0,0,0,0,0,,0,0
2977,PRARIE,CALFIRE-2015-00248,20150820,47,9,67.95,27.5,2.0,,,0,0,0,0,0,,0,0
2978,PETERSON,CALFIRE-2015-00249,20150822,17,2,138.74,56.15,5.0,,,0,0,0,0,0,,0,0
2979,SUMMIT3,CALFIRE-2015-00250,20150823,36,9,55.59,22.5,28.0,,,0,0,0,0,0,,0,0
2980,GRADE,CALFIRE-2015-00251,20150824,17,2,24.59,9.95,1.0,,,0,0,0,0,0,,0,0
2981,DEMOCRAT,CALFIRE-2015-00252,20150825,45,14,123.7,50.06,0.0,,,0,0,0,0,0,,0,0
2982,FOUNTAIN,CALFIRE-2015-00253,20150828,58,14,19.39,7.85,0.0,,,0,0,0,0,0,,0,0
2983,SPUNKY,CALFIRE-2015-00254,20150829,19,2,5.22,2.11,0.0,,,0,0,0,0,0,,0,0
2984,LESVOS,CALFIRE-2015-00255,20150901,59,14,20.31,8.22,0.0,,,0,0,0,0,0,,0,0
2985,ELK,CALFIRE-2015-00256,20150902,17,2,670.21,271.22,6.0,,,0,0,0,0,0,,0,0
2986,MORRIS,CALFIRE-2015-00257,20150902,19,9,9.72,3.93,1.0,,,0,0,0,0,0,,0,0
2987,OLIVE,CALFIRE-2015-00258,20150902,4,2,47.76,19.33,1.0,,,0,0,0,0,0,,0,0
2988,BURSON,CALFIRE-2015-00259,20150903,42,2,18.24,7.38,1.0,,,0,0,0,0,0,,0,0
2989,GRIFFITH PARK,CALFIRE-2015-00260,20150905,59,14,4.73,1.91,0.0,,,0,0,0,0,0,,0,0
2990,JOHNSON,CALFIRE-2015-00261,20150905,19,9,53.45,21.63,0.0,,,0,0,0,0,0,,0,0
2991,TRUCKEE,CALFIRE-2015-00262,20150906,52,2,1.49,0.6,0.0,,,0,0,0,0,0,,0,0
2992,MILL,CALFIRE-2015-00263,20150907,45,14,12.76,5.16,0.0,,,0,0,0,0,0,,0,0
2993,RAMONA,CALFIRE-2015-00264,20150907,33,9,12.94,5.24,0.0,,,0,0,0,0,0,,0,0
2994,BROWN,CALFIRE-2015-00265,20150908,45,2,28.57,11.56,0.0,,,0,0,0,0,0,,0,0
2995,OAK FLAT,CALFIRE-2015-00266,20150908,5,14,107.9,43.67,7.0,,,0,0,0,0,0,,0,0
2996,BUTTE,CALFIRE-2015-00267,20150909,3,14,70846.53,28670.6,19.0,38.26069,-120.55836,927,36,2,1,0,,0,0
2997,CREEK,CALFIRE-2015-00268,20150909,10,14,137.33,55.57,3.0,,,0,0,0,0,0,,0,0
2998,FOUR BAY,CALFIRE-2015-00269,20150909,19,1,4.72,1.91,1.0,,,0,0,0,0,0,,0,0
2999,HOPPER,CALFIRE-2015-00270,20150909,19,1,10.72,4.34,1.0,,,0,0,0,0,0,,0,0
3000,PACHECO,CALFIRE-2015-00271,20150909,17,10,217.73,88.11,4.0,,,0,0,0,0,0,,0,0
3001,LUMPKIN,CALFIRE-2015-00272,20150911,4,7,1045.76,423.2,10.0,,,0,0,0,0,0,,0,0
3002,GREEN CREEK,CALFIRE-2015-00273,20150912,15,10,26.89,10.88,12.0,,,0,0,0,0,0,,0,0
3003,VALLEY,CALFIRE-2015-00274,20150912,17,14,76084.84,30790.47,24.0,38.79119,-122.684,1985,61,4,4,0,,0,0
3004,CASINO,CALFIRE-2015-00275,20150917,30,14,15.64,6.33,0.0,,,0,0,0,0,0,,0,0
3005,LAURELES,CALFIRE-2015-00276,20150919,27,10,90.41,36.59,2.0,,,0,0,0,0,0,,0,0
3006,RAMBLA,CALFIRE-2015-00277,20150919,59,14,0.49,0.2,0.0,,,0,0,0,0,0,,0,0
3007,TASSAJARA,CALFIRE-2015-00278,20150919,27,7,1075.52,435.25,10.0,36.39015,-121.58768,18,1,0,0,0,,0,0
3008,DEVIL,CALFIRE-2015-00279,20150920,47,2,14.4,5.83,0.0,,,0,0,0,0,0,,0,0
3009,MCCOURTNEY,CALFIRE-2015-00280,20150921,58,2,30.56,12.37,0.0,,,0,0,0,0,0,,0,0
3010,OJAI,CALFIRE-2015-00281,20150928,56,14,0.0,0.0,0.0,,,0,0,0,0,0,,0,0
3011,MUREAU,CALFIRE-2015-00282,20151003,59,1,0.49,0.2,0.0,,,0,0,0,0,0,,0,0
3012,BRIDAL VEIL,CALFIRE-2015-00283,20151005,59,1,38.41,15.54,8.0,,,0,0,0,0,0,,0,0
3013,BRUCHARD,CALFIRE-2015-00284,20151007,59,18,2.15,0.87,0.0,,,0,0,0,0,0,,0,0
3014,RANCH,CALFIRE-2015-00285,20151009,19,2,10.5,4.25,0.0,,,0,0,0,0,0,,0,0
3015,MILITARY,CALFIRE-2015-00286,20151010,45,4,52.84,21.38,2.0,,,0,0,0,0,0,,0,0
3016,CIENEGA,CALFIRE-2015-00287,20151012,27,11,686.78,277.93,4.0,,,0,0,0,0,0,,0,0
3017,MERIDIAN,CALFIRE-2015-00288,20151013,4,2,901.99,365.02,0.0,,,0,0,0,0,0,,0,0
3018,SUNSET,CALFIRE-2015-00289,20151013,56,10,0.55,0.22,0.0,,,0,0,0,0,0,,0,0
3019,PALMAS,CALFIRE-2015-00290,20151015,15,1,69.17,27.99,7.0,,,0,0,0,0,0,,0,0
3020,BURNT,CALFIRE-2015-00291,20151020,59,1,160.73,65.05,24.0,,,0,0,0,0,0,,0,0
3021,AGOURA,CALFIRE-2015-00292,20151024,59,9,0.09,0.04,0.0,,,0,0,0,0,0,,0,0
3022,SNOW,CALFIRE-2015-00293,20151027,59,4,0.1,0.04,0.0,,,0,0,0,0,0,,0,0
3023,GIBRALTAR,CALFIRE-2015-00294,20151029,42,9,21.05,8.52,6.0,,,0,0,0,0,0,,0,0
3024,MONO,CALFIRE-2015-00295,20151031,59,1,0.1,0.04,30.0,,,0,0,0,0,0,,0,0
3025,SHARP,CALFIRE-2015-00296,20151106,56,14,6.99,2.83,1.0,,,0,0,0,0,0,,0,0
3026,NEWTON,CALFIRE-2015-00297,20151107,59,5,0.09,0.04,0.0,,,0,0,0,0,0,,0,0
3027,POTRERO 2,CALFIRE-2015-00298,20151107,59,14,43.5,17.6,1.0,,,0,0,0,0,0,,0,0
3028,TEMESCAL,CALFIRE-2015-00299,20151108,59,14,1.19,0.48,0.0,,,0,0,0,0,0,,0,0
3029,BANNISTER,CALFIRE-2015-00300,20151111,56,14,25.01,10.12,30.0,,,0,0,0,0,0,,0,0
3030,BUTTE,CALFIRE-2015-00301,20151117,52,14,2.91,1.18,0.0,38.26069,-120.55836,0,0,0,0,0,,0,0
3031,SHELL,CALFIRE-2015-00302,20151206,56,14,2.42,0.98,0.0,,,0,0,0,0,0,,0,0
3032,LATIGO 2,CALFIRE-2015-00303,20151211,59,14,2.8,1.13,0.0,,,0,0,0,0,0,,0,0
3033,ARROYO,CALFIRE-2015-00304,20151225,56,14,0.09,0.04,0.0,,,0,0,0,0,0,,0,0
3034,SOLIMAR,CALFIRE-2015-00305,20151225,56,11,1287.39,520.99,4.0,,,0,0,0,0,0,,0,0
3035,DEERVALE,CALFIRE-2015-00306,20150701,59,14,0.6,0.24,,,,0,0,0,0,0,,0,0
3036,HOTEL,CALFIRE-2015-00307,20150701,59,1,29.41,11.9,,,,0,0,0,0,0,,0,0
3037,OAKMONT,CALFIRE-2015-00308,20150701,59,14,0.25,0.1,,,,0,0,0,0,0,,0,0
3038,ROADRUNNER,CALFIRE-2015-00309,20150701,59,14,0.02,0.01,,,,0,0,0,0,0,,0,0
3039,TOPANGA,CALFIRE-2015-00310,20150701,59,11,0.25,0.1,,,,0,0,0,0,0,,0,0
3040,CRESTVIEW,CALFIRE-2016-00001,20160207,56,14,2.03,0.82,0.0,,,0,0,0,0,0,,0,0
3041,MULHOLLAND,CALFIRE-2016-00002,20160225,59,14,11.33,4.58,3.0,,,0,0,0,0,0,,0,0
3042,SWINGING BRIDGE,CALFIRE-2016-00003,20160226,59,14,0.16,0.06,2.0,,,0,0,0,0,0,,0,0
3043,CHICKEN,CALFIRE-2016-00004,20160301,58,7,22.82,9.24,0.0,,,0,0,0,0,0,,0,0
3044,LARGO,CALFIRE-2016-00005,20160331,56,14,3.21,1.3,0.0,,,0,0,0,0,0,,0,0
3045,BURSON,CALFIRE-2016-00006,20160401,59,2,0.56,0.23,0.0,,,0,0,0,0,0,,0,0
3046,SACRED,CALFIRE-2016-00007,20160405,31,5,23.26,9.41,3.0,,,0,0,0,0,0,,0,0
3047,NEWHALL,CALFIRE-2016-00008,20160415,19,11,28.31,11.46,0.0,,,0,0,0,0,0,,0,0
3048,PANOCHO,CALFIRE-2016-00009,20160416,10,9,53.19,21.53,0.0,,,0,0,0,0,0,,0,0
3049,O'DONOVAN,CALFIRE-2016-00010,20160417,40,14,33.59,13.59,0.0,,,0,0,0,0,0,,0,0
3050,TEDOC,CALFIRE-2016-00011,20160417,52,5,2.38,0.96,0.0,,,0,0,0,0,0,,0,0
3051,ROSAMOND,CALFIRE-2016-00012,20160418,15,9,16.51,6.68,0.0,,,0,0,0,0,0,,0,0
3052,GORMAN,CALFIRE-2016-00013,20160419,19,14,110.31,44.64,136.0,,,0,0,0,0,0,,0,0
3053,WESTLAKE,CALFIRE-2016-00014,20160423,19,14,1.31,0.53,1.0,,,0,0,0,0,0,,0,0
3054,POSO,CALFIRE-2016-00015,20160425,15,14,50.01,20.24,1.0,,,0,0,0,0,0,,0,0
3055,CASITAS,CALFIRE-2016-00016,20160428,56,14,46.16,18.68,2.0,,,0,0,0,0,0,,0,0
3056,HILL,CALFIRE-2016-00017,20160428,10,1,189.89,76.85,0.0,,,0,0,0,0,0,,0,0
3057,HILLS,CALFIRE-2016-00018,20160428,59,1,1.54,0.62,1.0,,,0,0,0,0,0,,0,0
3058,CEMENT,CALFIRE-2016-00019,20160429,19,5,30.12,12.19,0.0,,,0,0,0,0,0,,0,0
3059,JUAN,CALFIRE-2016-00020,20160429,40,14,16.25,6.58,0.0,,,0,0,0,0,0,,0,0
3060,SHEDD,CALFIRE-2016-00021,20160510,40,14,161.35,65.3,0.0,,,0,0,0,0,0,,0,0
3061,EDISON,CALFIRE-2016-00022,20160512,56,14,11.23,4.54,1.0,,,0,0,0,0,0,,0,0
3062,CUDDEBACK,CALFIRE-2016-00023,20160513,15,14,698.72,282.76,1.0,,,0,0,0,0,0,,0,0
3063,GREAT,CALFIRE-2016-00024,20160513,15,4,10.49,4.25,1.0,,,0,0,0,0,0,,0,0
3064,AVOCADO,CALFIRE-2016-00025,20160515,10,11,132.47,53.61,1.0,,,0,0,0,0,0,,0,0
3065,BEALE,CALFIRE-2016-00026,20160515,15,14,1.62,0.65,0.0,,,0,0,0,0,0,,0,0
3066,TOPAZ,CALFIRE-2016-00027,20160515,40,11,23.76,9.62,0.0,,,0,0,0,0,0,,0,0
3067,ATHENS,CALFIRE-2016-00028,20160517,58,14,155.16,62.79,0.0,,,0,0,0,0,0,,0,0
3068,ENCINAL,CALFIRE-2016-00029,20160517,27,10,40.79,16.51,0.0,,,0,0,0,0,0,,0,0
3069,CAMP ROBERTS,CALFIRE-2016-00030,20160518,59,14,3649.62,1476.95,2.0,,,0,0,0,0,0,,0,0
3070,MILL,CALFIRE-2016-00031,20160519,45,9,57.68,23.34,1.0,,,0,0,0,0,0,,0,0
3071,MEADOW,CALFIRE-2016-00032,20160520,45,1,26.0,10.52,54.0,,,0,0,0,0,0,,0,0
3072,CAMBRIDGE,CALFIRE-2016-00033,20160521,56,14,1.89,0.77,0.0,,,0,0,0,0,0,,0,0
3073,JOLON,CALFIRE-2016-00034,20160521,27,10,18.68,7.56,0.0,,,0,0,0,0,0,,0,0
3074,METZ,CALFIRE-2016-00035,20160522,27,5,3856.6,1560.71,3.0,,,0,0,0,0,0,,0,0
3075,WHEATLAND,CALFIRE-2016-00036,20160523,19,2,155.91,63.1,2.0,,,0,0,0,0,0,,0,0
3076,MCADAMS,CALFIRE-2016-00037,20160524,47,5,0.2,0.08,0.0,,,0,0,0,0,0,,0,0
3077,DEWOLF,CALFIRE-2016-00038,20160525,10,14,288.71,116.84,0.0,,,0,0,0,0,0,,0,0
3078,MERCED,CALFIRE-2016-00039,20160526,15,11,22.87,9.26,,,,0,0,0,0,0,,0,0
3079,CHUCK,CALFIRE-2016-00040,20160527,58,2,29.18,11.81,1.0,,,0,0,0,0,0,,0,0
3080,SPRING,CALFIRE-2016-00041,20160527,22,5,39.0,15.78,0.0,,,0,0,0,0,0,,0,0
3081,DALE,CALFIRE-2016-00042,20160528,19,14,4.63,1.87,0.0,,,0,0,0,0,0,,0,0
3082,ELK,CALFIRE-2016-00043,20160528,40,14,18.45,7.47,0.0,,,0,0,0,0,0,,0,0
3083,KENNEDY,CALFIRE-2016-00044,20160529,5,10,33.59,13.59,4.0,,,0,0,0,0,0,,0,0
3084,REFUGE,CALFIRE-2016-00045,20160529,59,5,35.2,14.25,1.0,,,0,0,0,0,0,,0,0
3085,RIVER,CALFIRE-2016-00046,20160529,15,14,0.85,0.35,0.0,,,0,0,0,0,0,,0,0
3086,ROCKY,CALFIRE-2016-00047,20160529,15,14,11.64,4.71,0.0,,,0,0,0,0,0,,0,0
3087,JOHAN,CALFIRE-2016-00048,20160530,15,9,229.76,92.98,1.0,,,0,0,0,0,0,,0,0
3088,TULLOCH,CALFIRE-2016-00049,20160530,5,9,81.88,33.14,8.0,,,0,0,0,0,0,,0,0
3089,INDIAN CAVES,CALFIRE-2016-00050,20160531,59,14,0.08,0.03,0.0,,,0,0,0,0,0,,0,0
3090,PALA 3,CALFIRE-2016-00051,20160531,37,14,66.2,26.79,32.0,,,0,0,0,0,0,,0,0
3091,PALLADAY,CALFIRE-2016-00052,20160531,58,7,15.76,6.38,0.0,,,0,0,0,0,0,,0,0
3092,CHIMNEY,CALFIRE-2016-00053,20160601,59,9,1323.63,535.65,9.0,35.73569,-121.00584,0,0,0,0,0,,0,0
3093,TELEGRAPH,CALFIRE-2016-00054,20160601,5,9,13.83,5.6,1.0,,,0,0,0,0,0,,0,0
3094,ADELAIDA,CALFIRE-2016-00055,20160602,40,11,11.62,4.7,0.0,,,0,0,0,0,0,,0,0
3095,HUNT,CALFIRE-2016-00056,20160602,5,2,26.52,10.73,1.0,,,0,0,0,0,0,,0,0
3096,ROCKY,CALFIRE-2016-00057,20160602,56,14,5.23,2.12,0.0,,,0,0,0,0,0,,0,0
3097,STONY,CALFIRE-2016-00058,20160602,59,14,3066.89,1241.13,15.0,,,0,0,0,0,0,,0,0
3098,CLAY,CALFIRE-2016-00059,20160603,9,2,31.78,12.86,0.0,,,0,0,0,0,0,,0,0
3099,ESTRELLA,CALFIRE-2016-00060,20160603,40,2,47.41,19.19,0.0,,,0,0,0,0,0,,0,0
3100,HIDDEN,CALFIRE-2016-00061,20160603,27,10,15.09,6.11,1.0,,,0,0,0,0,0,,0,0
3101,TORTOISE,CALFIRE-2016-00062,20160603,30,14,19.05,7.71,0.0,,,0,0,0,0,0,,0,0
3102,COLEMAN,CALFIRE-2016-00063,20160604,42,5,2522.64,1020.88,17.0,,,0,0,0,0,0,,0,0
3103,DORSEY,CALFIRE-2016-00064,20160604,5,2,19.64,7.95,0.0,,,0,0,0,0,0,,0,0
3104,EL CAP,CALFIRE-2016-00065,20160604,59,14,0.08,0.03,1.0,,,0,0,0,0,0,,0,0
3105,OLD,CALFIRE-2016-00066,20160604,19,2,463.11,187.42,4.0,,,0,0,0,0,0,,0,0
3106,SODA,CALFIRE-2016-00067,20160604,59,14,2000.12,809.42,0.0,,,0,0,0,0,0,,0,0
3107,VALLEY CIRCLE,CALFIRE-2016-00068,20160604,59,14,4.49,1.82,0.0,,,0,0,0,0,0,,0,0
3108,CARBINE,CALFIRE-2016-00069,20160605,15,14,2.91,1.18,0.0,,,0,0,0,0,0,,0,0
3109,TEMECULA,CALFIRE-2016-00070,20160605,33,14,139.96,56.64,2.0,,,0,0,0,0,0,,0,0
3110,GRANITE,CALFIRE-2016-00071,20160606,15,14,4.36,1.76,0.0,,,0,0,0,0,0,,0,0
3111,DILLON,CALFIRE-2016-00072,20160607,47,1,14.83,6.0,1.0,,,0,0,0,0,0,,0,0
3112,HILL,CALFIRE-2016-00073,20160607,17,2,11.07,4.48,0.0,,,0,0,0,0,0,,0,0
3113,PONY,CALFIRE-2016-00074,20160607,47,1,2857.18,1156.26,191.0,,,0,0,0,0,0,,0,0
3114,SANTA,CALFIRE-2016-00075,20160607,27,2,37.5,15.18,1.0,,,0,0,0,0,0,,0,0
3115,TENAYA,CALFIRE-2016-00076,20160608,59,1,0.08,0.03,0.0,,,0,0,0,0,0,,0,0
3116,WAYSIDE,CALFIRE-2016-00077,20160609,19,14,7.19,2.91,0.0,,,0,0,0,0,0,,0,0
3117,BUCKSKIN,CALFIRE-2016-00078,20160610,5,14,32.76,13.26,18.0,,,0,0,0,0,0,,0,0
3118,DOUGLAS,CALFIRE-2016-00079,20160611,58,14,17.13,6.93,0.0,,,0,0,0,0,0,,0,0
3119,HOAG 2,CALFIRE-2016-00080,20160611,52,14,64.69,26.18,0.0,,,0,0,0,0,0,,0,0
3120,ASH,CALFIRE-2016-00081,20160612,14,1,109.7,44.39,11.0,,,0,0,0,0,0,,0,0
3121,BOREL,CALFIRE-2016-00082,20160612,15,9,16.03,6.49,0.0,,,0,0,0,0,0,,0,0
3122,CRANE,CALFIRE-2016-00083,20160612,59,1,0.08,0.03,0.0,,,0,0,0,0,0,,0,0
3123,GIN,CALFIRE-2016-00084,20160612,59,1,0.08,0.03,2.0,,,0,0,0,0,0,,0,0
3124,OLD,CALFIRE-2016-00085,20160612,27,9,73.98,29.94,1.0,,,0,0,0,0,0,,0,0
3125,TURNER,CALFIRE-2016-00086,20160612,59,1,0.08,0.03,28.0,,,0,0,0,0,0,,0,0
3126,CREEK,CALFIRE-2016-00087,20160613,59,1,0.08,0.03,0.0,,,0,0,0,0,0,,0,0
3127,HAZEL,CALFIRE-2016-00088,20160613,59,1,0.08,0.03,0.0,,,0,0,0,0,0,,0,0
3128,STAND BY,CALFIRE-2016-00089,20160613,59,1,0.08,0.03,0.0,,,0,0,0,0,0,,0,0
3129,CHEYENNE,CALFIRE-2016-00090,20160615,5,2,72.38,29.29,3.0,,,0,0,0,0,0,,0,0
3130,HARTINC,CALFIRE-2016-00091,20160615,15,14,1.73,0.7,0.0,,,0,0,0,0,0,,0,0
3131,SAN JUAN,CALFIRE-2016-00092,20160615,30,14,125.59,50.82,151.0,,,0,0,0,0,0,,0,0
3132,SHERPA,CALFIRE-2016-00093,20160615,42,9,7465.75,3021.28,26.0,,,0,0,0,0,0,,0,0
3133,CAMANCHE,CALFIRE-2016-00094,20160617,9,14,209.55,84.8,2.0,,,0,0,0,0,0,,0,0
3134,HILLCREST,CALFIRE-2016-00095,20160617,17,14,17.35,7.02,0.0,,,0,0,0,0,0,,0,0
3135,KING,CALFIRE-2016-00096,20160617,27,14,225.06,91.08,4.0,,,0,0,0,0,0,,0,0
3136,WEST,CALFIRE-2016-00097,20160617,59,14,0.08,0.03,3.0,,,0,0,0,0,0,,0,0
3137,ARROYO,CALFIRE-2016-00098,20160618,27,10,67.73,27.41,2.0,,,0,0,0,0,0,,0,0
3138,BURRO,CALFIRE-2016-00099,20160618,19,9,19.12,7.74,0.0,,,0,0,0,0,0,,0,0
3139,DUTCH,CALFIRE-2016-00100,20160618,59,14,27.01,10.93,0.0,,,0,0,0,0,0,,0,0
3140,SAN MATEO CAMPGROUND,CALFIRE-2016-00101,20160618,59,16,22.82,9.24,0.0,,,0,0,0,0,0,,0,0
3141,BORDER 3,CALFIRE-2016-00102,20160619,37,14,7606.03,3078.05,18.0,,,0,0,0,0,0,,0,0
3142,COAL,CALFIRE-2016-00103,20160620,4,2,107.73,43.6,3.0,,,0,0,0,0,0,,0,0
3143,FISH,CALFIRE-2016-00104,20160620,19,9,4245.79,1718.21,13.0,,,0,0,0,0,0,,0,0
3144,RESERVOIR,CALFIRE-2016-00105,20160620,19,2,1146.54,463.99,13.0,,,0,0,0,0,0,,0,0
3145,COE,CALFIRE-2016-00106,20160621,43,9,84.74,34.29,2.0,,,0,0,0,0,0,,0,0
3146,CURRY,CALFIRE-2016-00107,20160621,59,14,0.08,0.03,0.0,,,0,0,0,0,0,,0,0
3147,MOORE,CALFIRE-2016-00108,20160621,58,2,78.47,31.75,0.0,,,0,0,0,0,0,,0,0
3148,PASKENTA,CALFIRE-2016-00109,20160621,52,2,42.49,17.2,0.0,,,0,0,0,0,0,,0,0
3149,FRONTIER,CALFIRE-2016-00110,20160622,15,14,44.15,17.87,0.0,,,0,0,0,0,0,,0,0
3150,ERSKINE,CALFIRE-2016-00111,20160623,15,14,48008.35,19428.31,7.0,35.63026,-118.37068,388,21,2,0,0,,0,0
3151,LOWE,CALFIRE-2016-00112,20160623,27,9,53.31,21.58,1.0,,,0,0,0,0,0,,0,0
3152,TOPANGA,CALFIRE-2016-00113,20160623,19,14,0.81,0.33,0.0,,,0,0,0,0,0,,0,0
3153,TUCKER,CALFIRE-2016-00114,20160623,15,14,1.22,0.49,0.0,,,0,0,0,0,0,,0,0
3154,ARMSTRONG,CALFIRE-2016-00115,20160624,10,10,18.33,7.42,0.0,,,0,0,0,0,0,,0,0
3155,MARINA,CALFIRE-2016-00116,20160624,14,9,641.23,259.5,13.0,,,0,0,0,0,0,,0,0
3156,DINOSAUR,CALFIRE-2016-00117,20160625,22,10,1246.32,504.37,1.0,,,0,0,0,0,0,,0,0
3157,CALPINE,CALFIRE-2016-00118,20160626,17,14,14.54,5.88,0.0,,,0,0,0,0,0,,0,0
3158,CREEK,CALFIRE-2016-00119,20160626,17,14,171.12,69.25,2.0,,,0,0,0,0,0,,0,0
3159,LAGUNA,CALFIRE-2016-00120,20160626,30,14,46.28,18.73,3.0,,,0,0,0,0,0,,0,0
3160,LAKES,CALFIRE-2016-00121,20160626,59,1,1000.72,404.98,159.0,,,0,0,0,0,0,,0,0
3161,RESERVOIR,CALFIRE-2016-00122,20160626,17,14,152.65,61.77,4.0,,,0,0,0,0,0,,0,0
3162,RIVER,CALFIRE-2016-00123,20160626,40,9,10.45,4.23,0.0,,,0,0,0,0,0,,0,0
3163,CAMPO,CALFIRE-2016-00124,20160627,5,14,33.73,13.65,3.0,,,0,0,0,0,0,,0,0
3164,CAT,CALFIRE-2016-00125,20160627,42,11,19.74,7.99,0.0,,,0,0,0,0,0,,0,0
3165,FRAZIER,CALFIRE-2016-00126,20160627,40,10,86.52,35.01,0.0,,,0,0,0,0,0,,0,0
3166,WASTEWATER,CALFIRE-2016-00127,20160627,59,14,1.47,0.6,0.0,,,0,0,0,0,0,,0,0
3167,BEALE,CALFIRE-2016-00128,20160628,58,7,10.52,4.26,0.0,,,0,0,0,0,0,,0,0
3168,NELSON,CALFIRE-2016-00129,20160628,32,9,22.12,8.95,51.0,,,0,0,0,0,0,,0,0
3169,PIXLEY,CALFIRE-2016-00130,20160628,59,14,12.43,5.03,0.0,,,0,0,0,0,0,,0,0
3170,RANCHO,CALFIRE-2016-00131,20160628,9,10,371.66,150.4,1.0,,,0,0,0,0,0,,0,0
3171,TRAILHEAD,CALFIRE-2016-00132,20160628,59,9,5644.68,2284.32,133.0,,,0,0,0,0,0,,0,0
3172,COLYEAR,CALFIRE-2016-00133,20160630,52,11,465.18,188.25,3.0,,,0,0,0,0,0,,0,0
3173,PINE,CALFIRE-2016-00134,20160630,42,4,2300.26,930.88,168.0,,,0,0,0,0,0,,0,0
3174,CURRY,CALFIRE-2016-00135,20160701,10,14,2820.48,1141.41,3.0,,,0,0,0,0,0,,0,0
3175,DEER,CALFIRE-2016-00136,20160701,15,14,1563.43,632.7,3.0,,,0,0,0,0,0,,0,0
3176,DIAMOND,CALFIRE-2016-00137,20160701,52,4,2.86,1.16,0.0,,,0,0,0,0,0,,0,0
3177,FLORES,CALFIRE-2016-00138,20160701,52,10,88.57,35.84,0.0,,,0,0,0,0,0,,0,0
3178,LONE PINE,CALFIRE-2016-00139,20160701,36,14,104.21,42.17,4.0,,,0,0,0,0,0,,0,0
3179,APPALOOSA,CALFIRE-2016-00140,20160702,5,9,283.95,114.91,13.0,,,0,0,0,0,0,,0,0
3180,I-5,CALFIRE-2016-00141,20160702,59,10,5.98,2.42,0.0,,,0,0,0,0,0,,0,0
3181,STONY,CALFIRE-2016-00142,20160702,9,9,15.13,6.12,0.0,,,0,0,0,0,0,,0,0
3182,BARRETT 3,CALFIRE-2016-00143,20160703,37,10,18.08,7.32,1.0,,,0,0,0,0,0,,0,0
3183,UNNAMED,CALFIRE-2016-00144,20160703,15,14,14.1,5.7,0.0,,,0,0,0,0,0,,0,0
3184,YOSEMITE,CALFIRE-2016-00145,20160703,5,4,7.71,3.12,1.0,,,0,0,0,0,0,,0,0
3185,BROKEN,CALFIRE-2016-00146,20160704,22,2,101.35,41.02,1.0,,,0,0,0,0,0,,0,0
3186,FRAME,CALFIRE-2016-00147,20160704,10,7,166.44,67.36,3.0,,,0,0,0,0,0,,0,0
3187,WILDERNESS,CALFIRE-2016-00148,20160704,12,4,46.73,18.91,0.0,,,0,0,0,0,0,,0,0
3188,WHEELER,CALFIRE-2016-00149,20160705,56,2,0.64,0.26,0.0,,,0,0,0,0,0,,0,0
3189,BODFISH,CALFIRE-2016-00150,20160706,15,14,2.67,1.08,0.0,,,0,0,0,0,0,,0,0
3190,COPCO,CALFIRE-2016-00151,20160706,47,5,2.38,0.96,3.0,,,0,0,0,0,0,,0,0
3191,WALDO,CALFIRE-2016-00152,20160706,58,9,23.14,9.36,0.0,,,0,0,0,0,0,,0,0
3192,PELICAN,CALFIRE-2016-00153,20160707,59,14,0.5,0.2,0.0,,,0,0,0,0,0,,0,0
3193,CEDAR,CALFIRE-2016-00154,20160708,15,9,9.23,3.73,0.0,,,0,0,0,0,0,,0,0
3194,FIDDLER,CALFIRE-2016-00155,20160708,45,7,330.91,133.92,12.0,,,0,0,0,0,0,,0,0
3195,MERCURY,CALFIRE-2016-00156,20160709,27,9,94.95,38.42,1.0,,,0,0,0,0,0,,0,0
3196,PACKER,CALFIRE-2016-00157,20160709,59,18,1.6,0.65,0.0,,,0,0,0,0,0,,0,0
3197,SAGE,CALFIRE-2016-00158,20160709,19,4,850.89,344.34,7.0,,,0,0,0,0,0,,0,0
3198,BLUE,CALFIRE-2016-00159,20160710,15,14,0.15,0.06,0.0,,,0,0,0,0,0,,0,0
3199,SCOTT,CALFIRE-2016-00160,20160710,9,14,86.7,35.08,1.0,,,0,0,0,0,0,,0,0
3200,BIG,CALFIRE-2016-00161,20160711,10,14,187.96,76.07,2.0,,,0,0,0,0,0,,0,0
3201,MIDDLE,CALFIRE-2016-00162,20160711,9,14,12.64,5.11,0.0,,,0,0,0,0,0,,0,0
3202,RANCHO,CALFIRE-2016-00163,20160711,56,14,19.58,7.92,0.0,,,0,0,0,0,0,,0,0
3203,REATA,CALFIRE-2016-00164,20160711,30,2,14.01,5.67,0.0,,,0,0,0,0,0,,0,0
3204,TAFT,CALFIRE-2016-00165,20160711,59,14,0.08,0.03,0.0,,,0,0,0,0,0,,0,0
3205,BRIGSS,CALFIRE-2016-00166,20160712,33,14,118.92,48.12,3.0,,,0,0,0,0,0,,0,0
3206,PACHECO,CALFIRE-2016-00167,20160712,5,2,340.54,137.81,7.0,,,0,0,0,0,0,,0,0
3207,PIXLEY 2,CALFIRE-2016-00168,20160712,59,14,1.62,0.66,0.0,,,0,0,0,0,0,,0,0
3208,SPRING,CALFIRE-2016-00169,20160712,59,1,178.45,72.22,,,,0,0,0,0,0,,0,0
3209,STAGECOACH,CALFIRE-2016-00170,20160712,5,14,34.95,14.14,6.0,,,0,0,0,0,0,,0,0
3210,SYCAMORE,CALFIRE-2016-00171,20160712,19,14,3.28,1.33,0.0,,,0,0,0,0,0,,0,0
3211,AGER,CALFIRE-2016-00172,20160713,47,5,0.31,0.12,0.0,,,0,0,0,0,0,,0,0
3212,ONYX,CALFIRE-2016-00173,20160713,15,15,266.24,107.74,2.0,,,0,0,0,0,0,,0,0
3213,SANDY,CALFIRE-2016-00174,20160713,59,5,71.72,29.03,0.0,,,0,0,0,0,0,,0,0
3214,SHERWOOD,CALFIRE-2016-00175,20160714,56,14,78.7,31.85,1.0,,,0,0,0,0,0,,0,0
3215,DUNNIGAN,CALFIRE-2016-00176,20160715,17,2,77.78,31.48,0.0,,,0,0,0,0,0,,0,0
3216,GREEN,CALFIRE-2016-00177,20160715,10,3,131.18,53.09,13.0,,,0,0,0,0,0,,0,0
3217,GREEN,CALFIRE-2016-00178,20160715,40,2,10.82,4.38,0.0,,,0,0,0,0,0,,0,0
3218,PT REYES,CALFIRE-2016-00179,20160715,21,10,0.7,0.28,0.0,,,0,0,0,0,0,,0,0
3219,SPRING,CALFIRE-2016-00180,20160715,52,9,16.44,6.65,0.0,,,0,0,0,0,0,,0,0
3220,EVERGREEN 1,CALFIRE-2016-00181,20160716,33,14,2.38,0.96,0.0,,,0,0,0,0,0,,0,0
3221,BLUFF,CALFIRE-2016-00182,20160718,40,2,30.23,12.23,0.0,,,0,0,0,0,0,,0,0
3222,CHECKPOINT,CALFIRE-2016-00183,20160718,33,14,10.14,4.11,0.0,,,0,0,0,1,0,,0,0
3223,FEATHER,CALFIRE-2016-00184,20160718,37,2,100.07,40.5,2.0,,,0,0,0,0,0,,0,0
3224,BAILEY,CALFIRE-2016-00185,20160719,47,6,27.59,11.17,1.0,,,0,0,0,0,0,,0,0
3225,BARNES,CALFIRE-2016-00186,20160719,19,3,12.63,5.11,0.0,,,0,0,0,0,0,,0,0
3226,FOOTHILL,CALFIRE-2016-00187,20160719,17,14,62.92,25.46,0.0,,,0,0,0,0,0,,0,0
3227,UNNAMED,CALFIRE-2016-00188,20160719,15,14,1.12,0.45,0.0,,,0,0,0,0,0,,0,0
3228,ASH,CALFIRE-2016-00189,20160720,59,14,0.08,0.03,0.0,,,0,0,0,0,0,,0,0
3229,BAILY,CALFIRE-2016-00190,20160720,15,9,41.73,16.89,6.0,,,0,0,0,0,0,,0,0
3230,BAKER,CALFIRE-2016-00191,20160721,5,2,57.29,23.19,2.0,,,0,0,0,0,0,,0,0
3231,EAST,CALFIRE-2016-00192,20160721,36,9,13.59,5.5,2.0,,,0,0,0,0,0,,0,0
3232,ROBLAR,CALFIRE-2016-00193,20160721,59,14,1244.5,503.63,9.0,,,0,0,0,0,0,,0,0
3233,SERPA,CALFIRE-2016-00194,20160721,22,14,63.66,25.76,0.0,,,0,0,0,0,0,,0,0
3234,SIESTA,CALFIRE-2016-00195,20160721,52,14,2.66,1.08,0.0,,,0,0,0,0,0,,0,0
3235,TABLE,CALFIRE-2016-00196,20160721,47,14,23.06,9.33,5.0,,,0,0,0,0,0,,0,0
3236,BRADLEY,CALFIRE-2016-00197,20160722,27,10,104.78,42.4,2.0,,,0,0,0,0,0,,0,0
3237,OAK 2,CALFIRE-2016-00198,20160722,17,14,58.76,23.78,0.0,,,0,0,0,0,0,,0,0
3238,ROCK 2,CALFIRE-2016-00199,20160722,37,10,17.28,6.99,3.0,,,0,0,0,0,0,,0,0
3239,SAND,CALFIRE-2016-00200,20160722,19,2,41382.86,16747.06,16.0,,,0,0,0,0,0,,0,0
3240,SOBERANES,CALFIRE-2016-00201,20160722,27,4,132104.3,53460.76,83.0,36.38939,-121.84123,69,4,0,0,0,,0,0
3241,SODA,CALFIRE-2016-00202,20160722,15,14,7.92,3.21,0.0,,,0,0,0,0,0,,0,0
3242,STORKSBILL,CALFIRE-2016-00203,20160722,9,2,49.23,19.92,2.0,,,0,0,0,0,0,,0,0
3243,WOLF,CALFIRE-2016-00204,20160723,33,14,10.51,4.25,0.0,,,0,0,0,0,0,,0,0
3244,LAKESIDE,CALFIRE-2016-00205,20160724,37,14,18.05,7.3,1.0,,,0,0,0,0,0,,0,0
3245,POWERLINE,CALFIRE-2016-00206,20160724,59,14,0.08,0.03,0.0,,,0,0,0,0,0,,0,0
3246,SPUNKY,CALFIRE-2016-00207,20160728,19,2,30.65,12.4,0.0,,,0,0,0,0,0,,0,0
3247,SUMMIT,CALFIRE-2016-00208,20160728,59,14,0.08,0.03,0.0,,,0,0,0,0,0,,0,0
3248,NORTH BRANCH,CALFIRE-2016-00209,20160729,17,14,21.99,8.9,0.0,,,0,0,0,0,0,,0,0
3249,STOCKDALE,CALFIRE-2016-00210,20160729,15,14,65.13,26.36,0.0,,,0,0,0,0,0,,0,0
3250,CLOUDS REST,CALFIRE-2016-00211,20160730,59,14,0.08,0.03,1.0,,,0,0,0,0,0,,0,0
3251,DOCKERY,CALFIRE-2016-00212,20160730,18,10,27.96,11.32,18.0,,,0,0,0,0,0,,0,0
3252,GOOSE,CALFIRE-2016-00213,20160730,10,7,2241.01,906.91,10.0,37.01135,-119.48433,9,1,0,0,0,,0,0
3253,SIERRA,CALFIRE-2016-00214,20160730,43,2,123.97,50.17,2.0,,,0,0,0,0,0,,0,0
3254,MURKEN,CALFIRE-2016-00215,20160731,45,9,19.84,8.03,1.0,,,0,0,0,0,0,,0,0
3255,BURNT,CALFIRE-2016-00216,20160802,12,14,3.65,1.48,3.0,,,0,0,0,0,0,,0,0
3256,COLD,CALFIRE-2016-00217,20160802,17,14,5730.07,2318.88,7.0,,,0,0,0,0,0,,0,0
3257,DIABLO,CALFIRE-2016-00218,20160802,43,14,101.02,40.88,0.0,,,0,0,0,0,0,,0,0
3258,NINTEY NINE,CALFIRE-2016-00219,20160802,4,8,541.1,218.97,6.0,,,0,0,0,0,0,,0,0
3259,BAKER,CALFIRE-2016-00220,20160803,52,14,75.95,30.73,0.0,,,0,0,0,0,0,,0,0
3260,JOHNSON,CALFIRE-2016-00221,20160803,12,2,22.94,9.28,3.0,,,0,0,0,0,0,,0,0
3261,PANTHER,CALFIRE-2016-00222,20160803,12,9,7.85,3.17,0.0,,,0,0,0,0,0,,0,0
3262,WILSON,CALFIRE-2016-00223,20160803,14,9,15.97,6.46,5.0,,,0,0,0,0,0,,0,0
3263,CLARK,CALFIRE-2016-00224,20160804,14,1,2816.42,1139.77,155.0,,,0,0,0,0,0,,0,0
3264,DUMP,CALFIRE-2016-00225,20160804,15,14,3.46,1.4,0.0,,,0,0,0,0,0,,0,0
3265,GRUB,CALFIRE-2016-00226,20160804,22,9,85.14,34.45,0.0,,,0,0,0,0,0,,0,0
3266,MAZE,CALFIRE-2016-00227,20160804,59,10,87.4,35.37,0.0,,,0,0,0,0,0,,0,0
3267,CAMINO,CALFIRE-2016-00228,20160805,52,5,3.27,1.32,0.0,,,0,0,0,0,0,,0,0
3268,OAK,CALFIRE-2016-00229,20160805,19,14,8.1,3.28,0.0,,,0,0,0,0,0,,0,0
3269,ROCK CREEK,CALFIRE-2016-00230,20160805,14,2,123.24,49.87,5.0,,,0,0,0,0,0,,0,0
3270,ALDER,CALFIRE-2016-00231,20160806,59,9,25.0,10.12,5.0,,,0,0,0,0,0,,0,0
3271,LIEDIG,CALFIRE-2016-00232,20160806,59,14,0.08,0.03,0.0,,,0,0,0,0,0,,0,0
3272,PILOT,CALFIRE-2016-00233,20160807,36,10,8110.85,3282.35,9.0,,,0,0,0,0,0,,0,0
3273,GOPHER 7,CALFIRE-2016-00234,20160808,37,14,34.48,13.95,6.0,,,0,0,0,0,0,,0,0
3274,LEMM,CALFIRE-2016-00235,20160808,45,4,12.2,4.94,2.0,,,0,0,0,0,0,,0,0
3275,MINERAL,CALFIRE-2016-00236,20160808,10,7,6790.29,2747.94,11.0,,,0,0,0,0,0,,0,0
3276,CANYON,CALFIRE-2016-00237,20160809,17,14,10.93,4.42,0.0,,,0,0,0,0,0,,0,0
3277,HORSESHOE,CALFIRE-2016-00238,20160809,14,9,372.94,150.92,17.0,,,0,0,0,0,0,,0,0
3278,KNOXVILLE,CALFIRE-2016-00239,20160809,17,14,40.8,16.51,1.0,,,0,0,0,0,0,,0,0
3279,KUGELMAN,CALFIRE-2016-00240,20160809,17,7,62.05,25.11,2.0,,,0,0,0,0,0,,0,0
3280,TUNNEL,CALFIRE-2016-00241,20160809,15,14,2.34,0.95,0.0,,,0,0,0,0,0,,0,0
3281,VIEW,CALFIRE-2016-00242,20160809,15,14,2.93,1.19,0.0,,,0,0,0,0,0,,0,0
3282,BOGUS,CALFIRE-2016-00243,20160810,47,9,0.75,0.3,1.0,,,0,0,0,0,0,,0,0
3283,WALDO2,CALFIRE-2016-00244,20160810,58,14,23.14,9.36,0.0,,,0,0,0,0,0,,0,0
3284,CHIMNEY,CALFIRE-2016-00245,20160813,40,10,46233.92,18710.22,27.0,35.73569,-121.00584,70,8,0,0,0,,0,0
3285,CLAYTON,CALFIRE-2016-00246,20160813,17,7,3928.03,1589.62,3.0,38.9131,-122.59402,300,27,0,0,0,,0,0
3286,SUMMIT,CALFIRE-2016-00247,20160813,12,14,20.42,8.27,5.0,,,0,0,0,0,0,,0,0
3287,LYELL,CALFIRE-2016-00248,20160814,59,14,0.08,0.03,1.0,,,0,0,0,0,0,,0,0
3288,MAIN,CALFIRE-2016-00249,20160814,27,10,62.77,25.4,0.0,,,0,0,0,0,0,,0,0
3289,STAFFORD,CALFIRE-2016-00250,20160814,12,14,24.03,9.72,1.0,,,0,0,0,0,0,,0,0
3290,BASIN,CALFIRE-2016-00251,20160815,36,9,36.23,14.66,1.0,,,0,0,0,0,0,,0,0
3291,HOYA,CALFIRE-2016-00252,20160815,9,2,22.55,9.13,0.0,,,0,0,0,0,0,,0,0
3292,PERRICONE,CALFIRE-2016-00253,20160815,5,9,23.17,9.38,0.0,,,0,0,0,0,0,,0,0
3293,SPRINGS,CALFIRE-2016-00254,20160815,19,14,0.13,0.05,0.0,,,0,0,0,0,0,,0,0
3294,BLUE CUT,CALFIRE-2016-00255,20160816,36,9,36266.7,14676.63,10.0,,,0,0,0,0,0,,0,0
3295,CEDAR,CALFIRE-2016-00256,20160816,15,9,29100.56,11776.59,0.0,,,0,0,0,0,0,,0,0
3296,BEALE ESCAPE,CALFIRE-2016-00257,20160818,58,18,389.03,157.43,1.0,,,0,0,0,0,0,,0,0
3297,REY,CALFIRE-2016-00258,20160818,42,9,32580.44,13184.85,28.0,,,0,0,0,0,0,,0,0
3298,MOKELUMNE,CALFIRE-2016-00259,20160819,59,1,649.88,263.0,1.0,,,0,0,0,0,0,,0,0
3299,SENTINEL,CALFIRE-2016-00260,20160819,59,1,74.38,30.1,88.0,,,0,0,0,0,0,,0,0
3300,TWENTY,CALFIRE-2016-00261,20160821,17,7,10.68,4.32,0.0,,,0,0,0,0,0,,0,0
3301,PRIEST,CALFIRE-2016-00262,20160822,27,2,44.33,17.94,0.0,,,0,0,0,0,0,,0,0
3302,TULE,CALFIRE-2016-00263,20160822,15,9,387.52,156.82,0.0,,,0,0,0,0,0,,0,0
3303,TULLEY,CALFIRE-2016-00264,20160822,12,7,607.45,245.82,13.0,,,0,0,0,0,0,,0,0
3304,BAR,CALFIRE-2016-00265,20160824,42,14,17.84,7.22,0.0,,,0,0,0,0,0,,0,0
3305,GRADE,CALFIRE-2016-00266,20160824,47,9,709.85,287.27,17.0,41.76505,-122.62679,10,1,0,0,0,,0,0
3306,TRAIL,CALFIRE-2016-00267,20160824,15,14,5.66,2.29,0.0,,,0,0,0,0,0,,0,0
3307,RANGE,CALFIRE-2016-00268,20160826,15,14,515.7,208.7,4.0,,,0,0,0,0,0,,0,0
3308,SANTOS,CALFIRE-2016-00269,20160826,4,7,87.09,35.24,15.0,,,0,0,0,0,0,,0,0
3309,GAP,CALFIRE-2016-00270,20160827,47,7,33011.44,13359.27,,,,0,0,0,0,0,,0,0
3310,HAVILAH 2,CALFIRE-2016-00271,20160827,59,14,303.8,122.94,1.0,,,0,0,0,0,0,,0,0
3311,EVERGREEN 2,CALFIRE-2016-00272,20160828,33,7,36.15,14.63,0.0,,,0,0,0,0,0,,0,0
3312,COW CAMP,CALFIRE-2016-00273,20160829,30,14,10.55,4.27,0.0,,,0,0,0,0,0,,0,0
3313,EARLY,CALFIRE-2016-00274,20160829,59,9,184.59,74.7,3.0,,,0,0,0,0,0,,0,0
3314,WILLOW,CALFIRE-2016-00275,20160829,5,10,447.96,181.28,6.0,,,0,0,0,0,0,,0,0
3315,BOGART,CALFIRE-2016-00276,20160830,33,14,1458.7,590.32,3.0,,,0,0,0,0,0,,0,0
3316,MINA,CALFIRE-2016-00277,20160830,23,2,39.61,16.03,0.0,,,0,0,0,0,0,,0,0
3317,MOCKINGBIRD,CALFIRE-2016-00278,20160830,17,7,19.85,8.03,0.0,,,0,0,0,0,0,,0,0
3318,WILLOW,CALFIRE-2016-00279,20160830,9,10,18.03,7.3,0.0,,,0,0,0,0,0,,0,0
3319,HOLY,CALFIRE-2016-00280,20160831,37,9,146.05,59.1,9.0,,,0,0,0,0,0,,0,0
3320,DEWEY,CALFIRE-2016-00281,20160901,59,14,0.24,0.1,0.0,,,0,0,0,0,0,,0,0
3321,JOINES,CALFIRE-2016-00282,20160903,58,10,53.21,21.53,4.0,,,0,0,0,0,0,,0,0
3322,KEN,CALFIRE-2016-00283,20160903,36,9,17.32,7.01,1.0,,,0,0,0,0,0,,0,0
3323,SUNNY,CALFIRE-2016-00284,20160903,10,10,157.39,63.69,3.0,,,0,0,0,0,0,,0,0
3324,PLEASANT,CALFIRE-2016-00285,20160905,19,9,12.44,5.03,4.0,,,0,0,0,0,0,,0,0
3325,SADDLE,CALFIRE-2016-00286,20160905,4,10,739.56,299.29,12.0,,,0,0,0,0,0,,0,0
3326,SNOW CREEK,CALFIRE-2016-00287,20160905,59,14,0.08,0.03,0.0,,,0,0,0,0,0,,0,0
3327,TRABUCO,CALFIRE-2016-00288,20160906,30,14,97.35,39.4,1.0,,,0,0,0,0,0,,0,0
3328,HAMMONTON,CALFIRE-2016-00289,20160907,58,14,22.96,9.29,2.0,,,0,0,0,0,0,,0,0
3329,PHOENIX,CALFIRE-2016-00290,20160907,31,4,37.96,15.36,3.0,,,0,0,0,0,0,,0,0
3330,RUFF,CALFIRE-2016-00291,20160910,23,10,45.97,18.6,0.0,,,0,0,0,0,0,,0,0
3331,BOYS,CALFIRE-2016-00292,20160911,9,2,40.22,16.28,0.0,,,0,0,0,0,0,,0,0
3332,HOWARD,CALFIRE-2016-00293,20160911,18,6,379.62,153.63,36.0,,,0,0,0,0,0,,0,0
3333,WILLARD,CALFIRE-2016-00294,20160911,18,14,2573.95,1041.64,78.0,,,0,0,0,0,0,,0,0
3334,CANYON,CALFIRE-2016-00295,20160912,30,10,19.59,7.93,0.0,,,0,0,0,0,0,,0,0
3335,MOFFETT,CALFIRE-2016-00296,20160912,47,8,29.22,11.82,1.0,,,0,0,0,0,0,,0,0
3336,GRIDLEY,CALFIRE-2016-00297,20160913,56,15,0.41,0.17,0.0,,,0,0,0,0,0,,0,0
3337,HOG,CALFIRE-2016-00298,20160913,52,11,320.7,129.78,0.0,,,0,0,0,0,0,,0,0
3338,MIST TRAIL,CALFIRE-2016-00299,20160913,59,14,0.08,0.03,0.0,,,0,0,0,0,0,,0,0
3339,OLD,CALFIRE-2016-00300,20160913,59,2,149.5,60.5,34.0,,,0,0,0,0,0,,0,0
3340,WARM,CALFIRE-2016-00301,20160913,59,1,26.47,10.71,,,,0,0,0,0,0,,0,0
3341,CROWN,CALFIRE-2016-00302,20160915,59,1,796.33,322.26,21.0,,,0,0,0,0,0,,0,0
3342,GILMAN,CALFIRE-2016-00303,20160915,45,7,12.53,5.07,16.0,,,0,0,0,0,0,,0,0
3343,OCEAN,CALFIRE-2016-00304,20160915,56,14,0.11,0.05,0.0,,,0,0,0,0,0,,0,0
3344,RIDGE,CALFIRE-2016-00305,20160916,52,2,26.22,10.61,0.0,,,0,0,0,0,0,,0,0
3345,AUBURN,CALFIRE-2016-00306,20160917,58,7,23.94,9.69,0.0,,,0,0,0,0,0,,0,0
3346,BREWER,CALFIRE-2016-00307,20160917,58,14,16.64,6.73,0.0,,,0,0,0,0,0,,0,0
3347,CANYON,CALFIRE-2016-00308,20160917,59,14,12713.62,5145.02,10.0,,,0,0,0,0,0,,0,0
3348,OWENS RIVER,CALFIRE-2016-00309,20160917,26,9,5457.98,2208.77,62.0,37.74954,-118.92177,7,0,0,0,0,,0,0
3349,RED,CALFIRE-2016-00310,20160917,52,5,1.85,0.75,0.0,,,0,0,0,0,0,,0,0
3350,SOUP 1,CALFIRE-2016-00311,20160917,25,7,133.15,53.88,4.0,,,0,0,0,0,0,,0,0
3351,SOUP 2,CALFIRE-2016-00312,20160917,25,7,2512.54,1016.79,86.0,,,0,0,0,0,0,,0,0
3352,BUTTE,CALFIRE-2016-00313,20160920,58,16,315.76,127.78,0.0,,,0,0,0,0,0,,0,0
3353,CALGROVE,CALFIRE-2016-00314,20160920,19,14,7.82,3.17,0.0,,,0,0,0,0,0,,0,0
3354,MAY,CALFIRE-2016-00315,20160920,59,14,0.08,0.03,1.0,,,0,0,0,0,0,,0,0
3355,BANGOR,CALFIRE-2016-00316,20160922,4,10,142.63,57.72,3.0,,,0,0,0,0,0,,0,0
3356,HAPPY,CALFIRE-2016-00317,20160922,59,14,0.08,0.03,0.0,,,0,0,0,0,0,,0,0
3357,OAK,CALFIRE-2016-00318,20160922,52,11,1.87,0.76,0.0,,,0,0,0,0,0,,0,0
3358,WASHINGTON,CALFIRE-2016-00319,20160922,59,14,225.52,91.27,6.0,,,0,0,0,0,0,,0,0
3359,BELL,CALFIRE-2016-00320,20160923,9,14,45.82,18.54,2.0,,,0,0,0,0,0,,0,0
3360,BRIDAL,CALFIRE-2016-00321,20160923,59,14,0.08,0.03,1.0,,,0,0,0,0,0,,0,0
3361,FISSURE,CALFIRE-2016-00322,20160924,59,14,0.08,0.03,0.0,,,0,0,0,0,0,,0,0
3362,COW,CALFIRE-2016-00323,20160925,45,10,94.76,38.35,4.0,,,0,0,0,0,0,,0,0
3363,SAWMILL,CALFIRE-2016-00324,20160925,17,14,1546.7,625.93,3.0,,,0,0,0,0,0,,0,0
3364,SOLEDAD,CALFIRE-2016-00325,20160925,19,14,3.73,1.51,0.0,,,0,0,0,0,0,,0,0
3365,COTTONWOOD,CALFIRE-2016-00326,20160926,47,14,0.22,0.09,0.0,,,0,0,0,0,0,,0,0
3366,LOMA,CALFIRE-2016-00327,20160926,43,14,4474.12,1810.62,30.0,37.1096,-121.81849,28,1,0,0,0,,0,0
3367,MARSHES,CALFIRE-2016-00328,20160926,5,10,930.51,376.56,9.0,,,0,0,0,0,0,,0,0
3368,TOBIN,CALFIRE-2016-00329,20160926,32,9,248.37,100.51,4.0,,,0,0,0,0,0,,0,0
3369,OIL WELL,CALFIRE-2016-00330,20160928,23,10,14.53,5.88,0.0,,,0,0,0,0,0,,0,0
3370,POHONO,CALFIRE-2016-00331,20160928,59,14,0.08,0.03,0.0,,,0,0,0,0,0,,0,0
3371,INDIAN WELLS,CALFIRE-2016-00332,20160929,59,14,0.05,0.02,1.0,,,0,0,0,0,0,,0,0
3372,VISTA,CALFIRE-2016-00333,20160930,58,14,13.18,5.33,0.0,,,0,0,0,0,0,,0,0
3373,WALEGRA,CALFIRE-2016-00334,20160930,58,10,6.55,2.65,0.0,,,0,0,0,0,0,,0,0
3374,SUNSET,CALFIRE-2016-00335,20161001,58,9,13.91,5.63,0.0,,,0,0,0,0,0,,0,0
3375,SALT,CALFIRE-2016-00336,20161003,59,1,77.81,31.49,43.0,,,0,0,0,0,0,,0,0
3376,SLATE,CALFIRE-2016-00337,20161004,15,1,2614.71,1058.14,10.0,,,0,0,0,0,0,,0,0
3377,LUKENS,CALFIRE-2016-00338,20161009,59,14,0.4,0.16,5.0,,,0,0,0,0,0,,0,0
3378,JOHNSON,CALFIRE-2016-00339,20161011,19,14,101.5,41.07,0.0,,,0,0,0,0,0,,0,0
3379,SACATA,CALFIRE-2016-00340,20161011,59,9,2099.06,849.46,4.0,,,0,0,0,0,0,,0,0
3380,TRONA,CALFIRE-2016-00341,20161011,15,9,14.05,5.69,0.0,,,0,0,0,0,0,,0,0
3381,KEENE,CALFIRE-2016-00342,20161013,15,14,1.17,0.47,0.0,,,0,0,0,0,0,,0,0
3382,EMERALD,CALFIRE-2016-00343,20161014,9,9,175.33,70.95,4.0,,,0,0,0,0,0,,0,0
3383,FOSTER,CALFIRE-2016-00344,20161018,59,10,68.75,27.82,0.0,,,0,0,0,0,0,,0,0
3384,SESNON,CALFIRE-2016-00345,20161018,19,14,28.69,11.61,1.0,,,0,0,0,0,0,,0,0
3385,KAGEL,CALFIRE-2016-00346,20161019,19,14,61.81,25.01,0.0,,,0,0,0,0,0,,0,0
3386,JACOBSON,CALFIRE-2016-00347,20161020,15,9,1704.5,689.79,1.0,,,0,0,0,0,0,,0,0
3387,WILDCAT,CALFIRE-2016-00348,20161024,59,1,0.08,0.03,0.0,,,0,0,0,0,0,,0,0
3388,HIDDEN,CALFIRE-2016-00349,20161029,15,1,2767.8,1120.09,25.0,,,0,0,0,0,0,,0,0
3389,MEADOW,CALFIRE-2016-00350,20161029,15,1,4346.27,1758.88,27.0,,,0,0,0,0,0,,0,0
3390,LIBERTY CANYON,CALFIRE-2016-00351,20161105,59,14,0.08,0.03,0.0,,,0,0,0,0,0,,0,0
3391,YUCCA,CALFIRE-2016-00352,20161105,59,1,71.69,29.01,10.0,,,0,0,0,0,0,,0,0
3392,NEWELL,CALFIRE-2016-00353,20161109,19,3,0.59,0.24,0.0,,,0,0,0,0,0,,0,0
3393,CROSSROADS,CALFIRE-2016-00354,20161110,19,2,0.92,0.37,0.0,,,0,0,0,0,0,,0,0
3394,GOPHER 10,CALFIRE-2016-00355,20161113,37,14,29.31,11.86,3.0,,,0,0,0,0,0,,0,0
3395,MAREK,CALFIRE-2016-00356,20161114,19,2,41.85,16.93,0.0,,,0,0,0,0,0,,0,0
3396,RIDGE,CALFIRE-2016-00357,20161119,19,10,4.45,1.8,0.0,,,0,0,0,0,0,,0,0
3397,COAST,CALFIRE-2016-00358,20161202,59,14,1.17,0.47,0.0,,,0,0,0,0,0,,0,0
3398,SAGE,CALFIRE-2016-00359,20161220,56,2,40.24,16.28,1.0,,,0,0,0,0,0,,0,0
3399,LIBERTY,CALFIRE-2016-00360,20161229,19,14,4.8,1.94,0.0,,,0,0,0,0,0,,0,0
3400,UNNAMED,CALFIRE-2017-00001,20170130,30,14,0.0,0.0,0.0,,,0,0,0,0,0,,0,0
3401,CRAM,CALFIRE-2017-00002,20170214,47,5,16.05,6.5,0.0,,,0,0,0,0,0,,0,0
3402,BLOCKSBURG,CALFIRE-2017-00003,20170308,12,11,33.34,13.49,31.0,,,0,0,0,0,0,,0,0
3403,SAW,CALFIRE-2017-00004,20170308,12,10,53.36,21.6,153.0,,,0,0,0,0,0,,0,0
3404,HIGHLINE,CALFIRE-2017-00005,20170326,15,14,67.0,27.11,6.0,,,0,0,0,0,0,,0,0
3405,WEST,CALFIRE-2017-00006,20170401,18,5,401.29,162.4,2.0,,,0,0,0,0,0,,0,0
3406,GRACE,CALFIRE-2017-00007,20170403,45,7,45.22,18.3,0.0,,,0,0,0,0,0,,0,0
3407,KECK,CALFIRE-2017-00008,20170410,59,14,23.86,9.66,0.0,,,0,0,0,0,0,,0,0
3408,LIBBEY,CALFIRE-2017-00009,20170416,56,9,2.23,0.9,0.0,,,0,0,0,0,0,,0,0
3409,JAYNE,CALFIRE-2017-00010,20170420,10,2,4533.28,1834.56,1.0,,,0,0,0,0,0,,0,0
3410,GRANITE,CALFIRE-2017-00011,20170425,15,14,4.67,1.89,0.0,,,0,0,0,0,0,,0,0
3411,FORK,CALFIRE-2017-00012,20170428,56,14,1.53,0.62,0.0,,,0,0,0,0,0,,0,0
3412,AIRPORT,CALFIRE-2017-00013,20170429,15,14,20.8,8.42,0.0,,,0,0,0,0,0,,0,0
3413,ENCINAL,CALFIRE-2017-00014,20170429,19,2,2.53,1.02,0.0,,,0,0,0,0,0,,0,0
3414,TUMEY,CALFIRE-2017-00015,20170429,10,9,160.16,64.82,1.0,,,0,0,0,0,0,,0,0
3415,JAMESON,CALFIRE-2017-00016,20170430,33,9,11.77,4.76,1.0,,,0,0,0,0,0,,0,0
3416,OPERA,CALFIRE-2017-00017,20170430,33,10,999.63,404.53,2.0,,,0,0,0,0,0,,0,0
3417,TOWER,CALFIRE-2017-00018,20170430,36,7,93.16,37.7,0.0,,,0,0,0,0,0,,0,0
3418,VINEYARD,CALFIRE-2017-00019,20170430,42,11,12.28,4.97,0.0,,,0,0,0,0,0,,0,0
3419,OLIVE,CALFIRE-2017-00020,20170502,40,10,353.93,143.23,83.0,,,0,0,0,0,0,,0,0
3420,BLUE,CALFIRE-2017-00021,20170505,15,2,9.05,3.66,0.0,,,0,0,0,0,0,,0,0
3421,MONTEREY,CALFIRE-2017-00022,20170506,10,2,25.19,10.19,1.0,,,0,0,0,0,0,,0,0
3422,SHANDON,CALFIRE-2017-00023,20170507,40,10,12.07,4.89,0.0,,,0,0,0,0,0,,0,0
3423,OILFIELD,CALFIRE-2017-00024,20170508,15,14,9.46,3.83,0.0,,,0,0,0,0,0,,0,0
3424,HUB,CALFIRE-2017-00025,20170512,15,14,30.59,12.38,0.0,,,0,0,0,0,0,,0,0
3425,WRIGHT,CALFIRE-2017-00026,20170512,22,14,1730.47,700.3,1.0,,,0,0,0,0,0,,0,0
3426,APACHE,CALFIRE-2017-00027,20170513,42,4,24.4,9.87,4.0,,,0,0,0,0,0,,0,0
3427,AQUADUCT,CALFIRE-2017-00028,20170514,15,14,13.82,5.59,0.0,,,0,0,0,0,0,,0,0
3428,CANYON,CALFIRE-2017-00029,20170514,15,10,15.12,6.12,0.0,33.86665,-117.64502,0,0,0,0,0,,0,0
3429,FEED,CALFIRE-2017-00030,20170514,15,14,34.29,13.88,0.0,,,0,0,0,0,0,,0,0
3430,CAMP,CALFIRE-2017-00031,20170515,40,9,253.94,102.76,0.0,,,0,0,0,0,0,,0,0
3431,GAVINA,CALFIRE-2017-00032,20170515,19,4,2.57,1.04,0.0,,,0,0,0,0,0,,0,0
3432,MONTVIEW,CALFIRE-2017-00033,20170515,56,14,2.89,1.17,0.0,,,0,0,0,0,0,,0,0
3433,PINE,CALFIRE-2017-00034,20170516,27,1,83.41,33.75,118.0,,,0,0,0,0,0,,0,0
3434,SKYLINE,CALFIRE-2017-00035,20170516,15,14,8.17,3.31,0.0,,,0,0,0,0,0,,0,0
3435,LONEOAK,CALFIRE-2017-00036,20170517,27,11,16.82,6.8,0.0,,,0,0,0,0,0,,0,0
3436,CITY,CALFIRE-2017-00037,20170518,10,10,23.45,9.49,0.0,,,0,0,0,0,0,,0,0
3437,ELM,CALFIRE-2017-00038,20170518,10,2,11146.75,4510.93,5.0,,,0,0,0,0,0,,0,0
3438,MULHOLLAND,CALFIRE-2017-00039,20170519,19,14,7.37,2.98,0.0,,,0,0,0,0,0,,0,0
3439,GATE,CALFIRE-2017-00040,20170520,37,9,1912.91,774.13,3.0,,,0,0,0,0,0,,0,0
3440,IRVINE PARK,CALFIRE-2017-00041,20170520,30,14,0.49,0.2,0.0,,,0,0,0,0,0,,0,0
3441,MING,CALFIRE-2017-00042,20170520,15,14,449.78,182.02,0.0,,,0,0,0,0,0,,0,0
3442,ROCKY,CALFIRE-2017-00043,20170520,40,2,21.93,8.87,0.0,,,0,0,0,0,0,,0,0
3443,HILT,CALFIRE-2017-00044,20170521,47,9,0.53,0.22,0.0,,,0,0,0,0,0,,0,0
3444,MCWANE,CALFIRE-2017-00045,20170521,56,14,1.75,0.71,0.0,,,0,0,0,0,0,,0,0
3445,SMILEY,CALFIRE-2017-00046,20170521,33,14,34.85,14.1,0.0,,,0,0,0,0,0,,0,0
3446,BITTERWATER,CALFIRE-2017-00047,20170522,27,10,68.96,27.91,187.0,,,0,0,0,0,0,,0,0
3447,BROOK,CALFIRE-2017-00048,20170523,56,14,10.04,4.06,1.0,,,0,0,0,0,0,,0,0
3448,GEYSERS,CALFIRE-2017-00049,20170524,17,14,12.65,5.12,0.0,,,0,0,0,0,0,,0,0
3449,LAMB,CALFIRE-2017-00050,20170525,33,14,193.67,78.38,1.0,,,0,0,0,0,0,,0,0
3450,CARNATION,CALFIRE-2017-00051,20170526,15,14,3.36,1.36,0.0,,,0,0,0,0,0,,0,0
3451,CHAMPAGNE,CALFIRE-2017-00052,20170528,15,14,6.24,2.53,0.0,,,0,0,0,0,0,,0,0
3452,DOMINICA,CALFIRE-2017-00053,20170528,59,9,11.15,4.51,0.0,,,0,0,0,0,0,,0,0
3453,PANOCHE,CALFIRE-2017-00054,20170528,59,9,17.98,7.28,0.0,,,0,0,0,0,0,,0,0
3454,SPENCEVILLE,CALFIRE-2017-00055,20170528,58,10,48.06,19.45,61.0,39.07408,-121.34804,5,1,0,0,0,,0,0
3455,BARN,CALFIRE-2017-00056,20170529,19,4,2.06,0.84,0.0,,,0,0,0,0,0,,0,0
3456,MATZ,CALFIRE-2017-00057,20170529,15,14,14.06,5.69,1.0,,,0,0,0,0,0,,0,0
3457,FAIRVIEW,CALFIRE-2017-00058,20170601,15,14,25.66,10.38,0.0,,,0,0,0,0,0,,0,0
3458,TRAFALGAR CANYON,CALFIRE-2017-00059,20170601,30,14,0.05,0.02,0.0,,,0,0,0,0,0,,0,0
3459,ELK,CALFIRE-2017-00060,20170602,15,14,14.04,5.68,0.0,,,0,0,0,0,0,,0,0
3460,ERIC,CALFIRE-2017-00061,20170603,15,14,13.25,5.36,0.0,,,0,0,0,0,0,,0,0
3461,FIVE,CALFIRE-2017-00062,20170603,19,14,25.3,10.24,0.0,,,0,0,0,0,0,,0,0
3462,JONES,CALFIRE-2017-00063,20170603,18,7,42.08,17.03,0.0,,,0,0,0,0,0,,0,0
3463,SOLAR,CALFIRE-2017-00064,20170603,40,14,11.11,4.5,0.0,,,0,0,0,0,0,,0,0
3464,VERNON,CALFIRE-2017-00065,20170603,33,14,26.25,10.62,0.0,,,0,0,0,0,0,,0,0
3465,CANTERA,CALFIRE-2017-00066,20170604,47,5,0.16,0.07,0.0,,,0,0,0,0,0,,0,0
3466,DEHESA 5,CALFIRE-2017-00067,20170604,37,14,12.25,4.96,0.0,,,0,0,0,0,0,,0,0
3467,RIVER,CALFIRE-2017-00068,20170604,18,14,71.23,28.83,1.0,,,0,0,0,0,0,,0,0
3468,CREEK,CALFIRE-2017-00069,20170606,15,14,32.65,13.21,0.0,34.30162,-118.36631,0,0,0,0,0,,0,0
3469,EDGEWOOD,CALFIRE-2017-00070,20170606,47,5,2.13,0.86,0.0,,,0,0,0,0,0,,0,0
3470,PAYNE,CALFIRE-2017-00071,20170606,14,9,66.61,26.96,0.0,,,0,0,0,0,0,,0,0
3471,WHITEPINE,CALFIRE-2017-00072,20170606,47,5,44.11,17.85,5.0,,,0,0,0,0,0,,0,0
3472,DINELY,CALFIRE-2017-00073,20170607,54,2,340.56,137.82,4.0,,,0,0,0,0,0,,0,0
3473,HILL CREST,CALFIRE-2017-00074,20170608,15,14,105.09,42.53,0.0,,,0,0,0,0,0,,0,0
3474,GREENFIELD,CALFIRE-2017-00075,20170609,37,14,13.02,5.27,0.0,,,0,0,0,0,0,,0,0
3475,HOG,CALFIRE-2017-00076,20170609,27,9,14.11,5.71,0.0,,,0,0,0,0,0,,0,0
3476,MOTOR,CALFIRE-2017-00077,20170609,15,2,17.19,6.96,1.0,,,0,0,0,0,0,,0,0
3477,TOWERLINE,CALFIRE-2017-00078,20170609,15,14,2.06,0.83,0.0,,,0,0,0,0,0,,0,0
3478,KILLGORE,CALFIRE-2017-00079,20170610,47,7,0.26,0.11,0.0,,,0,0,0,0,0,,0,0
3479,OAKWOOD,CALFIRE-2017-00080,20170610,22,9,1428.53,578.11,3.0,,,0,0,0,0,0,,0,0
3480,JOHNSON,CALFIRE-2017-00081,20170611,19,7,38.81,15.71,0.0,,,0,0,0,0,0,,0,0
3481,RED,CALFIRE-2017-00082,20170611,5,14,38.1,15.42,0.0,,,0,0,0,0,0,,0,0
3482,TIVY,CALFIRE-2017-00083,20170611,10,1,76.3,30.88,0.0,,,0,0,0,0,0,,0,0
3483,OAKWOOD,CALFIRE-2017-00084,20170612,47,5,3.59,1.45,0.0,,,0,0,0,0,0,,0,0
3484,SOUTH,CALFIRE-2017-00085,20170613,19,4,9.51,3.85,0.0,,,0,0,0,0,0,,0,0
3485,GAVIOTA,CALFIRE-2017-00086,20170614,40,9,20.32,8.22,0.0,,,0,0,0,0,0,,0,0
3486,LUCY,CALFIRE-2017-00087,20170614,40,11,147.67,59.76,0.0,,,0,0,0,0,0,,0,0
3487,ALPAUGH,CALFIRE-2017-00088,20170615,59,14,98.42,39.83,41.0,,,0,0,0,0,0,,0,0
3488,LOOP,CALFIRE-2017-00089,20170615,15,14,9.86,3.99,0.0,,,0,0,0,0,0,,0,0
3489,BALDWIN,CALFIRE-2017-00090,20170616,56,2,2.3,0.93,0.0,,,0,0,0,0,0,,0,0
3490,DAVIS,CALFIRE-2017-00091,20170616,47,14,3.77,1.53,7.0,,,0,0,0,0,0,,0,0
3491,JARDINE,CALFIRE-2017-00092,20170616,59,5,20.19,8.17,0.0,,,0,0,0,0,0,,0,0
3492,SKYWAY,CALFIRE-2017-00093,20170616,4,10,143.6,58.11,3.0,,,0,0,0,0,0,,0,0
3493,CAHUILA,CALFIRE-2017-00094,20170617,15,9,44.24,17.9,0.0,,,0,0,0,0,0,,0,0
3494,FARMER,CALFIRE-2017-00095,20170617,15,14,11.46,4.64,0.0,,,0,0,0,0,0,,0,0
3495,LAKE,CALFIRE-2017-00096,20170617,19,14,733.26,296.74,0.0,,,0,0,0,0,0,,0,0
3496,TONZI,CALFIRE-2017-00097,20170617,9,14,22.39,9.06,0.0,,,0,0,0,0,0,,0,0
3497,ZERMATT,CALFIRE-2017-00098,20170617,19,9,11.95,4.83,0.0,,,0,0,0,0,0,,0,0
3498,BOGUS,CALFIRE-2017-00099,20170618,47,5,55.98,22.65,4.0,,,0,0,0,0,0,,0,0
3499,BOLLA,CALFIRE-2017-00100,20170618,52,9,60.31,24.41,3.0,,,0,0,0,0,0,,0,0
3500,HIGHWAY,CALFIRE-2017-00101,20170618,15,9,1522.26,616.04,100.0,,,0,0,0,0,0,,0,0
3501,LAMB 2,CALFIRE-2017-00102,20170618,33,14,20.43,8.27,0.0,,,0,0,0,0,0,,0,0
3502,HOLCOMB,CALFIRE-2017-00103,20170619,36,9,1505.49,609.25,20.0,,,0,0,0,0,0,,0,0
3503,SHAFFER,CALFIRE-2017-00104,20170619,18,1,59.04,23.89,4.0,,,0,0,0,0,0,,0,0
3504,WEST,CALFIRE-2017-00105,20170619,15,14,32.94,13.33,0.0,,,0,0,0,0,0,,0,0
3505,CORCARAN,CALFIRE-2017-00106,20170620,15,14,12.45,5.04,0.0,,,0,0,0,0,0,,0,0
3506,HORNBROOK,CALFIRE-2017-00107,20170620,47,9,3.59,1.45,1.0,,,0,0,0,0,0,,0,0
3507,AVALANCH VEHICLE,CALFIRE-2017-00108,20170621,59,10,0.08,0.03,0.0,,,0,0,0,0,0,,0,0
3508,BAILEY,CALFIRE-2017-00109,20170621,47,14,1.7,0.69,1.0,,,0,0,0,0,0,,0,0
3509,CRABTREE,CALFIRE-2017-00110,20170621,5,10,14.16,5.73,0.0,,,0,0,0,0,0,,0,0
3510,DIAZ,CALFIRE-2017-00111,20170621,14,9,75.16,30.42,41.0,,,0,0,0,0,0,,0,0
3511,FRENCHMAN,CALFIRE-2017-00112,20170621,32,9,21.59,8.74,4.0,,,0,0,0,0,0,,0,0
3512,MEADOW,CALFIRE-2017-00113,20170621,59,9,0.08,0.03,1.0,,,0,0,0,0,0,,0,0
3513,ORANGE,CALFIRE-2017-00114,20170621,5,2,64.53,26.11,0.0,,,0,0,0,0,0,,0,0
3514,HIGHWAY,CALFIRE-2017-00115,20170622,4,11,21.25,8.6,0.0,,,0,0,0,0,0,,0,0
3515,TOLL,CALFIRE-2017-00116,20170622,59,14,43.8,17.73,0.0,,,0,0,0,0,0,,0,0
3516,WAGON,CALFIRE-2017-00117,20170622,19,2,0.18,0.07,0.0,,,0,0,0,0,0,,0,0
3517,BEAR,CALFIRE-2017-00118,20170623,17,14,11.68,4.73,0.0,37.18475,-122.0714,0,0,0,0,0,,0,0
3518,CREEK,CALFIRE-2017-00119,20170623,10,5,356.94,144.45,4.0,34.30162,-118.36631,0,0,0,0,0,,0,0
3519,TRAIL,CALFIRE-2017-00120,20170623,42,9,11.73,4.75,0.0,,,0,0,0,0,0,,0,0
3520,ANTONIO,CALFIRE-2017-00121,20170624,30,14,2.21,0.89,0.0,,,0,0,0,0,0,,0,0
3521,CABLE,CALFIRE-2017-00122,20170624,36,9,11.38,4.61,0.0,,,0,0,0,0,0,,0,0
3522,PACIFICA,CALFIRE-2017-00123,20170624,56,14,1.16,0.47,0.0,,,0,0,0,0,0,,0,0
3523,SCHAEFFER,CALFIRE-2017-00124,20170624,15,1,15833.21,6407.48,144.0,,,0,0,0,0,0,,0,0
3524,STONY,CALFIRE-2017-00125,20170624,9,11,10.92,4.42,0.0,,,0,0,0,0,0,,0,0
3525,BLACK,CALFIRE-2017-00126,20170625,37,14,33.67,13.63,1.0,,,0,0,0,0,0,,0,0
3526,CEBRIAM,CALFIRE-2017-00127,20170625,42,11,269.11,108.91,0.0,,,0,0,0,0,0,,0,0
3527,MELVIN,CALFIRE-2017-00128,20170625,36,9,2.95,1.19,0.0,,,0,0,0,0,0,,0,0
3528,PLACERITA,CALFIRE-2017-00129,20170625,19,7,759.76,307.46,1.0,,,0,0,0,0,0,,0,0
3529,RESOURCE,CALFIRE-2017-00130,20170625,15,14,4.55,1.84,0.0,,,0,0,0,0,0,,0,0
3530,COYOTE ROCKS,CALFIRE-2017-00131,20170626,59,9,0.08,0.03,61.0,,,0,0,0,0,0,,0,0
3531,HILL,CALFIRE-2017-00132,20170626,40,10,1645.59,665.95,4.0,35.40259,-120.47351,7,0,0,0,0,,0,0
3532,ISLAND,CALFIRE-2017-00133,20170626,47,1,1594.03,645.08,67.0,,,0,0,0,0,0,,0,0
3533,MANZANITA,CALFIRE-2017-00134,20170626,33,10,6303.66,2551.0,4.0,,,0,0,0,0,0,,0,0
3534,SHORE,CALFIRE-2017-00135,20170626,12,14,11.32,4.58,1.0,,,0,0,0,0,0,,0,0
3535,BELL,CALFIRE-2017-00136,20170627,15,9,107.25,43.4,4.0,,,0,0,0,0,0,,0,0
3536,GRANT,CALFIRE-2017-00137,20170627,59,9,17.06,6.9,5.0,,,0,0,0,0,0,,0,0
3537,MART,CALFIRE-2017-00138,20170627,36,7,669.21,270.82,11.0,,,0,0,0,0,0,,0,0
3538,PINE,CALFIRE-2017-00139,20170627,21,11,30.58,12.37,0.0,,,0,0,0,0,0,,0,0
3539,SLOANE,CALFIRE-2017-00140,20170627,37,9,13.93,5.64,0.0,,,0,0,0,0,0,,0,0
3540,VALLEY,CALFIRE-2017-00141,20170627,25,1,78.21,31.65,0.0,,,0,0,0,0,0,,0,0
3541,WINDMILLS,CALFIRE-2017-00142,20170627,15,14,12.7,5.14,0.0,,,0,0,0,0,0,,0,0
3542,BATTLE,CALFIRE-2017-00143,20170628,25,2,653.51,264.47,3.0,,,0,0,0,0,0,,0,0
3543,BEN,CALFIRE-2017-00144,20170628,22,10,558.14,225.87,8.0,,,0,0,0,0,0,,0,0
3544,CRISTIANITOS,CALFIRE-2017-00145,20170628,59,9,702.31,284.21,2.0,,,0,0,0,0,0,,0,0
3545,HARKIN,CALFIRE-2017-00146,20170628,59,4,2.57,1.04,0.0,,,0,0,0,0,0,,0,0
3546,MACDOEL,CALFIRE-2017-00147,20170629,47,5,9.63,3.9,0.0,,,0,0,0,0,0,,0,0
3547,NIGUEL,CALFIRE-2017-00148,20170629,30,2,1.33,0.54,0.0,,,0,0,0,0,0,,0,0
3548,ROCK,CALFIRE-2017-00149,20170629,25,9,17.14,6.94,1.0,,,0,0,0,0,0,,0,0
3549,STOKES,CALFIRE-2017-00150,20170629,19,14,42.1,17.04,3.0,,,0,0,0,0,0,,0,0
3550,TOPANGA,CALFIRE-2017-00151,20170629,19,14,20.0,8.09,3.0,,,0,0,0,0,0,,0,0
3551,APSUUN,CALFIRE-2017-00152,20170630,47,7,11.61,4.7,5.0,,,0,0,0,0,0,,0,0
3552,CRESCENT,CALFIRE-2017-00153,20170630,32,7,53.15,21.51,7.0,,,0,0,0,0,0,,0,0
3553,GENESSEE,CALFIRE-2017-00154,20170630,32,7,6.28,2.54,2.0,,,0,0,0,0,0,,0,0
3554,NEENACH,CALFIRE-2017-00155,20170630,19,2,18.74,7.59,0.0,,,0,0,0,0,0,,0,0
3555,DORRIS,CALFIRE-2017-00156,20170701,47,14,1.14,0.46,0.0,,,0,0,0,0,0,,0,0
3556,KNOXVILLE,CALFIRE-2017-00157,20170701,17,14,30.0,12.14,0.0,,,0,0,0,0,0,,0,0
3557,SMITH,CALFIRE-2017-00158,20170701,17,14,18.2,7.36,0.0,,,0,0,0,0,0,,0,0
3558,BREWER,CALFIRE-2017-00159,20170702,58,2,12.4,5.02,7.0,,,0,0,0,0,0,,0,0
3559,CHATTER,CALFIRE-2017-00160,20170702,45,9,3.48,1.41,0.0,,,0,0,0,0,0,,0,0
3560,COMSTOCK,CALFIRE-2017-00161,20170702,47,7,5.76,2.33,0.0,,,0,0,0,0,0,,0,0
3561,DERRICK,CALFIRE-2017-00162,20170702,10,14,1561.66,631.98,3.0,,,0,0,0,0,0,,0,0
3562,TEJON,CALFIRE-2017-00163,20170702,15,14,8.06,3.26,0.0,,,0,0,0,0,0,,0,0
3563,UNION,CALFIRE-2017-00164,20170702,27,10,32.44,13.13,0.0,,,0,0,0,0,0,,0,0
3564,DOUGLAS,CALFIRE-2017-00165,20170703,59,1,310.77,125.76,136.0,,,0,0,0,0,0,,0,0
3565,SPRING,CALFIRE-2017-00166,20170703,22,2,208.23,84.27,4.0,,,0,0,0,0,0,,0,0
3566,BROWNS,CALFIRE-2017-00167,20170704,19,8,0.03,0.01,1.0,,,0,0,0,0,0,,0,0
3567,CANYON,CALFIRE-2017-00168,20170704,19,14,1.36,0.55,0.0,33.86665,-117.64502,0,0,0,0,0,,0,0
3568,FREEDOM,CALFIRE-2017-00169,20170704,10,2,56.85,23.01,0.0,,,0,0,0,0,0,,0,0
3569,GAZELLE,CALFIRE-2017-00170,20170704,47,14,0.39,0.16,0.0,,,0,0,0,0,0,,0,0
3570,GRADE,CALFIRE-2017-00171,20170704,56,14,47.19,19.1,1.0,,,0,0,0,0,0,,0,0
3571,KLAMATH,CALFIRE-2017-00172,20170704,47,4,80.11,32.42,2.0,,,0,0,0,0,0,,0,0
3572,ROSE,CALFIRE-2017-00173,20170704,30,9,0.18,0.07,0.0,,,0,0,0,0,0,,0,0
3573,SILVER,CALFIRE-2017-00174,20170704,36,2,12.01,4.86,2.0,,,0,0,0,0,0,,0,0
3574,VALLEY,CALFIRE-2017-00175,20170704,27,10,34.9,14.12,0.0,,,0,0,0,0,0,,0,0
3575,AUBERRY,CALFIRE-2017-00176,20170705,10,9,91.29,36.95,1.0,,,0,0,0,0,0,,0,0
3576,CHINA,CALFIRE-2017-00177,20170705,58,11,13.9,5.62,0.0,,,0,0,0,0,0,,0,0
3577,FAY,CALFIRE-2017-00178,20170705,47,9,469.36,189.94,0.0,41.36265,-122.83191,1,0,0,0,0,,0,0
3578,GEORGIA SUE,CALFIRE-2017-00179,20170705,30,14,0.01,0.0,0.0,,,0,0,0,0,0,,0,0
3579,GOLD,CALFIRE-2017-00180,20170705,5,10,33.16,13.42,0.0,,,0,0,0,0,0,,0,0
3580,ALAMO,CALFIRE-2017-00181,20170706,42,10,28834.17,11668.78,14.0,34.94408,-120.23372,14,1,0,0,0,,0,0
3581,ANTELOPE,CALFIRE-2017-00182,20170706,45,9,17.98,7.28,5.0,,,0,0,0,0,0,,0,0
3582,SHULMEYER,CALFIRE-2017-00183,20170706,47,2,4.43,1.79,0.0,,,0,0,0,0,0,,0,0
3583,WINTER,CALFIRE-2017-00184,20170706,17,10,2366.24,957.58,6.0,,,0,0,0,0,0,,0,0
3584,CHRISTMAS,CALFIRE-2017-00185,20170707,15,14,33.55,13.58,0.0,,,0,0,0,0,0,,0,0
3585,HAWK,CALFIRE-2017-00186,20170707,15,2,2940.5,1189.98,0.0,,,0,0,0,0,0,,0,0
3586,TOWER,CALFIRE-2017-00187,20170707,40,10,63.51,25.7,0.0,,,0,0,0,0,0,,0,0
3587,WALL,CALFIRE-2017-00188,20170707,4,2,6028.49,2439.65,27.0,39.49296,-121.43369,93,8,0,0,0,,0,0
3588,CHALK,CALFIRE-2017-00189,20170708,40,14,18.83,7.62,0.0,,,0,0,0,0,0,,0,0
3589,EL CAP,CALFIRE-2017-00190,20170708,59,9,0.24,0.1,0.0,,,0,0,0,0,0,,0,0
3590,GRANITE,CALFIRE-2017-00191,20170708,59,1,4.58,1.85,3.0,,,0,0,0,0,0,,0,0
3591,HAWKINSVILLE,CALFIRE-2017-00192,20170708,47,2,5.54,2.24,0.0,,,0,0,0,0,0,,0,0
3592,LAKE,CALFIRE-2017-00193,20170708,5,14,62.34,25.23,0.0,,,0,0,0,0,0,,0,0
3593,NEEDLES,CALFIRE-2017-00194,20170708,15,9,20.87,8.45,0.0,,,0,0,0,0,0,,0,0
3594,PARKFIELD,CALFIRE-2017-00195,20170708,27,11,1821.77,737.25,0.0,,,0,0,0,0,0,,0,0
3595,WHITTIER,CALFIRE-2017-00196,20170708,42,9,18412.4,7451.24,166.0,34.55959,-119.94719,40,7,0,0,0,,0,0
3596,GARZA,CALFIRE-2017-00197,20170709,16,10,48886.66,19783.75,16.0,35.91968,-120.25345,1,0,0,0,0,,0,0
3597,HASLEY,CALFIRE-2017-00198,20170709,19,8,1.34,0.54,0.0,,,0,0,0,0,0,,0,0
3598,MEADOW,CALFIRE-2017-00199,20170709,47,9,0.08,0.03,0.0,,,0,0,0,0,0,,0,0
3599,MIDDLE,CALFIRE-2017-00200,20170709,59,4,1.21,0.49,3.0,,,0,0,0,0,0,,0,0
3600,STONE,CALFIRE-2017-00201,20170709,40,2,340.44,137.77,2.0,35.43597,-120.48409,3,0,0,0,0,,0,0
3601,WEST,CALFIRE-2017-00202,20170709,58,14,50.08,20.27,0.0,,,0,0,0,0,0,,0,0
3602,FELIPE,CALFIRE-2017-00203,20170710,43,14,102.56,41.5,4.0,,,0,0,0,0,0,,0,0
3603,FORD LAKE,CALFIRE-2017-00204,20170710,59,1,3.76,1.52,1.0,,,0,0,0,0,0,,0,0
3604,MORMON,CALFIRE-2017-00205,20170710,59,9,0.13,0.05,0.0,,,0,0,0,0,0,,0,0
3605,VISION,CALFIRE-2017-00206,20170710,59,9,0.41,0.17,1.0,,,0,0,0,0,0,,0,0
3606,GOLD,CALFIRE-2017-00207,20170711,58,7,37.16,15.04,6.0,,,0,0,0,0,0,,0,0
3607,JENNINGS 2,CALFIRE-2017-00208,20170711,37,10,332.59,134.59,3.0,,,0,0,0,0,0,,0,0
3608,LARIAT,CALFIRE-2017-00209,20170711,43,14,102.16,41.34,2.0,,,0,0,0,0,0,,0,0
3609,LONG VALLEY,CALFIRE-2017-00210,20170711,18,10,83581.41,33824.23,16.0,,,0,0,0,0,0,,0,0
3610,HIDDEN,CALFIRE-2017-00211,20170712,36,9,45.84,18.55,6.0,,,0,0,0,0,0,,0,0
3611,MILL,CALFIRE-2017-00212,20170712,59,9,0.07,0.03,0.0,,,0,0,0,0,0,,0,0
3612,QUAIL,CALFIRE-2017-00213,20170712,5,2,59.38,24.03,0.0,,,0,0,0,0,0,,0,0
3613,REX,CALFIRE-2017-00214,20170712,58,2,11.74,4.75,2.0,,,0,0,0,0,0,,0,0
3614,SPALLETTA,CALFIRE-2017-00215,20170712,21,2,28.7,11.62,0.0,,,0,0,0,0,0,,0,0
3615,VERNON,CALFIRE-2017-00216,20170712,59,1,0.08,0.03,0.0,,,0,0,0,0,0,,0,0
3616,DOBE,CALFIRE-2017-00217,20170713,25,1,381.01,154.19,5.0,,,0,0,0,0,0,,0,0
3617,IRWIN,CALFIRE-2017-00218,20170713,15,14,10.41,4.21,0.0,,,0,0,0,0,0,,0,0
3618,OSITA,CALFIRE-2017-00219,20170713,19,9,10.74,4.35,0.0,,,0,0,0,0,0,,0,0
3619,TOWSLEY,CALFIRE-2017-00220,20170713,19,8,35.99,14.57,2.0,,,0,0,0,0,0,,0,0
3620,BRIDGE 2,CALFIRE-2017-00221,20170714,36,9,460.29,186.27,0.0,,,0,0,0,0,0,,0,0
3621,SITES,CALFIRE-2017-00222,20170715,17,14,15.63,6.32,0.0,,,0,0,0,0,0,,0,0
3622,ALVARADO,CALFIRE-2017-00223,20170716,27,11,9.78,3.96,0.0,,,0,0,0,0,0,,0,0
3623,DETWILER,CALFIRE-2017-00224,20170716,22,9,81826.27,33113.95,46.0,37.50266,-120.05175,134,21,0,0,0,,0,0
3624,GRADE,CALFIRE-2017-00225,20170716,23,10,890.52,360.38,5.0,,,0,0,0,0,0,,0,0
3625,INSPIRATION,CALFIRE-2017-00226,20170716,59,9,0.24,0.1,10.0,,,0,0,0,0,0,,0,0
3626,CENTERVILLE,CALFIRE-2017-00227,20170717,18,14,15.61,6.32,3.0,,,0,0,0,0,0,,0,0
3627,MARIA,CALFIRE-2017-00228,20170717,5,14,114.56,46.36,0.0,,,0,0,1,0,0,,0,0
3628,MESA,CALFIRE-2017-00229,20170717,42,2,51.36,20.79,0.0,,,0,0,0,0,0,,0,0
3629,MURPHY,CALFIRE-2017-00230,20170717,17,14,32.98,13.35,0.0,,,0,0,0,0,0,,0,0
3630,PARK,CALFIRE-2017-00231,20170717,10,2,1648.7,667.21,2.0,,,0,0,0,0,0,,0,0
3631,SANDS,CALFIRE-2017-00232,20170717,17,14,53.44,21.63,2.0,,,0,0,0,0,0,,0,0
3632,HOGBACK,CALFIRE-2017-00233,20170718,54,9,58.33,23.61,0.0,,,0,0,0,0,0,,0,0
3633,HUDSON,CALFIRE-2017-00234,20170718,15,14,1175.39,475.66,0.0,,,0,0,0,0,0,,0,0
3634,LAVERNE,CALFIRE-2017-00235,20170718,45,9,175.33,70.96,0.0,40.47733,-122.43755,27,5,0,0,0,,0,0
3635,NORTH GUARD,CALFIRE-2017-00236,20170718,59,1,8.24,3.33,132.0,,,0,0,0,0,0,,0,0
3636,OLD,CALFIRE-2017-00237,20170718,19,2,1.64,0.66,0.0,,,0,0,0,0,0,,0,0
3637,PALOMA,CALFIRE-2017-00238,20170718,5,14,13.38,5.42,0.0,,,0,0,0,0,0,,0,0
3638,WILLMS,CALFIRE-2017-00239,20170718,5,14,18.74,7.59,0.0,,,0,0,0,0,0,,0,0
3639,CANYON,CALFIRE-2017-00240,20170719,56,14,36.04,14.59,16.0,33.86665,-117.64502,0,0,0,0,0,,0,0
3640,MARBLE,CALFIRE-2017-00241,20170719,12,9,318.87,129.04,10.0,,,0,0,0,0,0,,0,0
3641,ELEPHANT 2,CALFIRE-2017-00242,20170720,54,7,415.21,168.03,2.0,,,0,0,0,0,0,,0,0
3642,STAGECOACH,CALFIRE-2017-00243,20170720,58,3,11.93,4.83,3.0,,,0,0,0,0,0,,0,0
3643,ZENON,CALFIRE-2017-00244,20170720,40,14,46.58,18.85,0.0,,,0,0,0,0,0,,0,0
3644,GRIZZLY,CALFIRE-2017-00245,20170721,58,10,10.82,4.38,10.0,,,0,0,0,0,0,,0,0
3645,VISTA,CALFIRE-2017-00246,20170721,19,9,5.54,2.24,0.0,,,0,0,0,0,0,,0,0
3646,DOLLAR,CALFIRE-2017-00247,20170722,36,9,36.3,14.69,1.0,,,0,0,0,0,0,,0,0
3647,LOST,CALFIRE-2017-00248,20170722,37,4,250.57,101.4,4.0,,,0,0,0,0,0,,0,0
3648,SEINE,CALFIRE-2017-00249,20170722,36,9,16.22,6.56,1.0,,,0,0,0,0,0,,0,0
3649,HIGH,CALFIRE-2017-00250,20170723,36,9,157.59,63.77,4.0,,,0,0,0,0,0,,0,0
3650,RODEO,CALFIRE-2017-00251,20170723,19,14,61.1,24.73,0.0,,,0,0,0,0,0,,0,0
3651,TUNNEL,CALFIRE-2017-00252,20170723,59,9,0.24,0.1,0.0,,,0,0,0,0,0,,0,0
3652,CYPRESS,CALFIRE-2017-00253,20170724,40,11,21.29,8.62,0.0,,,0,0,0,0,0,,0,0
3653,GOODALE,CALFIRE-2017-00254,20170724,14,1,0.2,0.08,35.0,,,0,0,0,0,0,,0,0
3654,R-10 PAINTER,CALFIRE-2017-00255,20170724,18,1,83.83,33.93,3.0,,,0,0,0,0,0,,0,0
3655,R-2 SCHAFFER,CALFIRE-2017-00256,20170724,18,1,26.49,10.72,6.0,,,0,0,0,0,0,,0,0
3656,R-9 SHINN,CALFIRE-2017-00257,20170724,18,1,278.13,112.55,3.0,,,0,0,0,0,0,,0,0
3657,RIMROCK,CALFIRE-2017-00258,20170724,25,1,1492.4,603.95,128.0,,,0,0,0,0,0,,0,0
3658,RIMROCK2,CALFIRE-2017-00259,20170724,25,1,29.35,11.88,5.0,,,0,0,0,0,0,,0,0
3659,CANTRALL,CALFIRE-2017-00260,20170725,25,1,120.98,48.96,10.0,,,0,0,0,0,0,,0,0
3660,COVE,CALFIRE-2017-00261,20170725,25,1,30890.86,12501.1,43.0,,,0,0,0,0,0,,0,0
3661,FORKS,CALFIRE-2017-00262,20170725,12,1,242.47,98.13,68.0,,,0,0,0,0,0,,0,0
3662,HARDIN,CALFIRE-2017-00263,20170725,59,1,0.1,0.04,18.0,,,0,0,0,0,0,,0,0
3663,PARKMOR,CALFIRE-2017-00264,20170725,19,14,1.13,0.46,0.0,,,0,0,0,0,0,,0,0
3664,UKONOM,CALFIRE-2017-00265,20170725,12,1,4240.97,1716.26,82.0,,,0,0,0,0,0,,0,0
3665,BLUE2,CALFIRE-2017-00266,20170726,25,1,33.35,13.5,0.0,,,0,0,0,0,0,,0,0
3666,BURNEY,CALFIRE-2017-00267,20170726,12,1,1643.64,665.16,82.0,,,0,0,0,0,0,,0,0
3667,CLARK,CALFIRE-2017-00268,20170726,25,1,254.89,103.15,47.0,,,0,0,0,0,0,,0,0
3668,FRANK,CALFIRE-2017-00269,20170726,12,1,27.21,11.01,82.0,,,0,0,0,0,0,,0,0
3669,LATROBE,CALFIRE-2017-00270,20170726,9,5,1268.11,513.19,0.0,,,0,0,0,0,0,,0,0
3670,QUAKING,CALFIRE-2017-00271,20170726,25,1,15.96,6.46,22.0,,,0,0,0,0,0,,0,0
3671,RANCH,CALFIRE-2017-00272,20170726,9,2,138.55,56.07,5.0,,,0,0,0,0,0,,0,0
3672,STEELE,CALFIRE-2017-00273,20170726,25,1,45704.01,18495.77,18.0,,,0,0,0,0,0,,0,0
3673,ARMOUR,CALFIRE-2017-00274,20170727,42,10,10.08,4.08,0.0,,,0,0,0,0,0,,0,0
3674,FOOTHILL,CALFIRE-2017-00275,20170727,17,4,4.21,1.7,0.0,39.09434,-122.7918,4,1,0,0,0,,0,0
3675,GREENHORN,CALFIRE-2017-00276,20170727,58,14,10.15,4.11,7.0,,,0,0,0,0,0,,0,0
3676,INDEPENDENCE,CALFIRE-2017-00277,20170727,17,14,4.21,1.7,0.0,,,0,0,0,0,0,,0,0
3677,LAKE,CALFIRE-2017-00278,20170727,25,1,4665.48,1888.06,34.0,,,0,0,0,0,0,,0,0
3678,PINE,CALFIRE-2017-00279,20170727,18,1,21.24,8.6,4.0,,,0,0,0,0,0,,0,0
3679,SHALE,CALFIRE-2017-00280,20170727,59,1,28.71,11.62,16.0,,,0,0,0,0,0,,0,0
3680,STUBBLE,CALFIRE-2017-00281,20170727,59,9,1.53,0.62,0.0,,,0,0,0,0,0,,0,0
3681,WEST,CALFIRE-2017-00282,20170727,25,1,63.97,25.89,17.0,,,0,0,0,0,0,,0,0
3682,GORMAN,CALFIRE-2017-00283,20170728,19,14,149.61,60.55,0.0,,,0,0,0,0,0,,0,0
3683,JIM,CALFIRE-2017-00284,20170728,25,1,13.09,5.3,8.0,,,0,0,0,0,0,,0,0
3684,ROCK2,CALFIRE-2017-00285,20170728,25,1,16.37,6.62,81.0,,,0,0,0,0,0,,0,0
3685,VILLA,CALFIRE-2017-00286,20170728,40,11,10.21,4.13,0.0,,,0,0,0,0,0,,0,0
3686,DIAMOND4,CALFIRE-2017-00287,20170729,25,1,18.72,7.57,80.0,,,0,0,0,0,0,,0,0
3687,ELEPHANT,CALFIRE-2017-00288,20170729,31,1,139.47,56.44,2.0,,,0,0,0,0,0,,0,0
3688,HILL,CALFIRE-2017-00289,20170729,47,2,155.2,62.81,0.0,35.40259,-120.47351,0,0,0,0,0,,0,0
3689,JACKSONVILLE,CALFIRE-2017-00290,20170729,5,14,684.36,276.95,1.0,,,0,0,0,0,0,,0,0
3690,MINERVA 5,CALFIRE-2017-00291,20170729,32,7,4339.35,1756.08,18.0,,,0,0,0,0,0,,0,0
3691,VISTA,CALFIRE-2017-00292,20170729,19,14,0.56,0.22,0.0,,,0,0,0,0,0,,0,0
3692,GARDEN,CALFIRE-2017-00293,20170730,15,2,1282.47,519.0,97.0,,,0,0,0,0,0,,0,0
3693,LARGO,CALFIRE-2017-00294,20170730,9,7,237.92,96.28,0.0,,,0,0,0,0,0,,0,0
3694,ROADRUNNER,CALFIRE-2017-00295,20170730,54,7,2284.6,924.54,2.0,,,0,0,0,0,0,,0,0
3695,TWIST,CALFIRE-2017-00296,20170730,5,14,124.24,50.28,0.0,,,0,0,0,0,0,,0,0
3696,EMPIRE,CALFIRE-2017-00297,20170731,59,1,8577.55,3471.22,119.0,,,0,0,0,0,0,,0,0
3697,GRANT,CALFIRE-2017-00298,20170731,14,1,394.82,159.78,3.0,,,0,0,0,0,0,,0,0
3698,MAGAZINE,CALFIRE-2017-00299,20170731,30,14,5.24,2.12,0.0,,,0,0,0,0,0,,0,0
3699,MILE,CALFIRE-2017-00300,20170731,36,7,67.45,27.3,7.0,,,0,0,0,0,0,,0,0
3700,PALMS,CALFIRE-2017-00301,20170731,19,14,2.91,1.18,0.0,,,0,0,0,0,0,,0,0
3701,ROSE,CALFIRE-2017-00302,20170731,33,2,188.12,76.13,3.0,,,0,0,0,0,0,,0,0
3702,TESORO SCHOOL,CALFIRE-2017-00303,20170731,30,14,0.08,0.03,1.0,,,0,0,0,0,0,,0,0
3703,WEST,CALFIRE-2017-00304,20170731,40,10,11.34,4.59,0.0,,,0,0,0,0,0,,0,0
3704,BLACKFORD,CALFIRE-2017-00305,20170801,58,14,29.14,11.79,7.0,,,0,0,0,0,0,,0,0
3705,FALLS,CALFIRE-2017-00306,20170801,5,14,20.31,8.22,0.0,,,0,0,0,0,0,,0,0
3706,OWL,CALFIRE-2017-00307,20170801,15,14,1.69,0.68,0.0,,,0,0,0,0,0,,0,0
3707,SWAY,CALFIRE-2017-00308,20170801,12,2,16.94,6.86,16.0,,,0,0,0,0,0,,0,0
3708,BLUE,CALFIRE-2017-00309,20170802,59,1,0.16,0.06,41.0,,,0,0,0,0,0,,0,0
3709,CAMATTA,CALFIRE-2017-00310,20170802,40,1,70.58,28.56,0.0,,,0,0,0,0,0,,0,0
3710,INDIAN CANYON,CALFIRE-2017-00311,20170802,59,1,0.08,0.03,1.0,,,0,0,0,0,0,,0,0
3711,JAY,CALFIRE-2017-00312,20170802,59,1,0.16,0.06,41.0,,,0,0,0,0,0,,0,0
3712,NORTH DOME,CALFIRE-2017-00313,20170802,59,1,0.16,0.06,4.0,,,0,0,0,0,0,,0,0
3713,PORCUPINE,CALFIRE-2017-00314,20170802,59,1,10.52,4.26,92.0,,,0,0,0,0,0,,0,0
3714,RED,CALFIRE-2017-00315,20170802,42,1,450.84,182.45,1.0,,,0,0,0,0,0,,0,0
3715,SANDY,CALFIRE-2017-00316,20170802,45,9,32.26,13.06,14.0,,,0,0,0,0,0,,0,0
3716,STARR KING,CALFIRE-2017-00317,20170802,59,1,56.17,22.73,93.0,,,0,0,0,0,0,,0,0
3717,BENSON PASS,CALFIRE-2017-00318,20170803,59,1,0.08,0.03,29.0,,,0,0,0,0,0,,0,0
3718,BRYANT 2,CALFIRE-2017-00319,20170803,36,7,336.62,136.23,8.0,,,0,0,0,0,0,,0,0
3719,INDIAN,CALFIRE-2017-00320,20170803,14,1,2294.25,928.45,28.0,,,0,0,0,0,0,,0,0
3720,LAKEVILLE,CALFIRE-2017-00321,20170803,17,14,37.02,14.98,0.0,,,0,0,0,0,0,,0,0
3721,MAVERICK,CALFIRE-2017-00322,20170803,58,14,10.0,4.05,2.0,,,0,0,0,0,0,,0,0
3722,PARKER2,CALFIRE-2017-00323,20170803,25,1,7693.32,3113.38,12.0,,,0,0,0,0,0,,0,0
3723,RINCON,CALFIRE-2017-00324,20170803,19,1,9.66,3.91,1.0,,,0,0,0,0,0,,0,0
3724,ROLLING,CALFIRE-2017-00325,20170803,56,14,3.92,1.59,0.0,,,0,0,0,0,0,,0,0
3725,YOSEMITE CREEK,CALFIRE-2017-00326,20170803,59,1,3.5,1.41,52.0,,,0,0,0,0,0,,0,0
3726,KNOB 91,CALFIRE-2017-00327,20170804,59,1,0.32,0.13,39.0,,,0,0,0,0,0,,0,0
3727,BELL,CALFIRE-2017-00328,20170805,42,7,34.69,14.04,0.0,,,0,0,0,0,0,,0,0
3728,CALGARY,CALFIRE-2017-00329,20170805,15,14,50.46,20.42,2.0,35.7139,-118.48167,8,1,0,0,0,,0,0
3729,CATLETT,CALFIRE-2017-00330,20170805,58,14,12.88,5.21,0.0,,,0,0,0,0,0,,0,0
3730,CHARLTON,CALFIRE-2017-00331,20170806,19,9,10.4,4.21,0.0,,,0,0,0,0,0,,0,0
3731,CHILCOOT,CALFIRE-2017-00332,20170806,31,1,1019.99,412.78,1.0,,,0,0,0,0,0,,0,0
3732,LAGUNA NIGUEL REGIONAL PARK,CALFIRE-2017-00333,20170806,30,14,2.9,1.18,0.0,,,0,0,0,0,0,,0,0
3733,POSLIN,CALFIRE-2017-00334,20170806,32,1,855.24,346.11,6.0,,,0,0,0,0,0,,0,0
3734,AXEL,CALFIRE-2017-00335,20170807,9,14,72.1,29.18,0.0,,,0,0,0,0,0,,0,0
3735,BUTTE,CALFIRE-2017-00336,20170807,59,1,611.2,247.34,89.0,,,0,0,0,0,0,,0,0
3736,CHALK,CALFIRE-2017-00337,20170807,25,1,115.3,46.66,0.0,,,0,0,0,0,0,,0,0
3737,COUNTRY,CALFIRE-2017-00338,20170807,27,11,81.71,33.07,0.0,,,0,0,0,0,0,,0,0
3738,DUTCHMAN,CALFIRE-2017-00339,20170807,12,1,1522.75,616.23,5.0,,,0,0,0,0,0,,0,0
3739,FORK,CALFIRE-2017-00340,20170807,45,1,3372.92,1364.97,100.0,,,0,0,0,0,0,,0,0
3740,PICKETT,CALFIRE-2017-00341,20170807,45,1,19.08,7.72,13.0,,,0,0,0,0,0,,0,0
3741,QUARTZ,CALFIRE-2017-00342,20170807,59,1,79.85,32.31,62.0,,,0,0,0,0,0,,0,0
3742,SECRET,CALFIRE-2017-00343,20170807,12,1,50.05,20.26,4.0,,,0,0,0,0,0,,0,0
3743,WILLIE,CALFIRE-2017-00344,20170807,12,1,3140.1,1270.75,15.0,,,0,0,0,0,0,,0,0
3744,BOTTLE,CALFIRE-2017-00345,20170808,17,14,61.83,25.02,1.0,,,0,0,0,0,0,,0,0
3745,CEDAR,CALFIRE-2017-00346,20170808,47,1,9129.38,3694.53,52.0,,,0,0,0,0,0,,0,0
3746,TANK,CALFIRE-2017-00347,20170808,25,1,11.4,4.61,2.0,,,0,0,0,0,0,,0,0
3747,GARDEN,CALFIRE-2017-00348,20170809,47,1,265.48,107.44,96.0,,,0,0,0,0,0,,0,0
3748,R-4 RANCH,CALFIRE-2017-00349,20170809,18,1,120.25,48.66,3.0,,,0,0,0,0,0,,0,0
3749,ABNEY,CALFIRE-2017-00350,20170810,59,1,32893.26,13311.44,152.0,,,0,0,0,0,0,,0,0
3750,BLUE,CALFIRE-2017-00351,20170810,12,11,12.32,4.98,0.0,,,0,0,0,0,0,,0,0
3751,HAYPRESS,CALFIRE-2017-00352,20170810,12,1,21317.93,8627.07,67.0,,,0,0,0,0,0,,0,0
3752,MARY,CALFIRE-2017-00353,20170810,47,1,91.33,36.96,95.0,,,0,0,0,0,0,,0,0
3753,POTATO,CALFIRE-2017-00354,20170810,12,1,10.7,4.33,1.0,,,0,0,0,0,0,,0,0
3754,CANYON,CALFIRE-2017-00355,20170811,33,14,114.12,46.18,62.0,33.86665,-117.64502,2,5,0,0,0,,0,0
3755,FORNI,CALFIRE-2017-00356,20170811,59,14,12.27,4.96,3.0,,,0,0,0,0,0,,0,0
3756,GULTCH,CALFIRE-2017-00357,20170811,15,14,9.25,3.74,1.0,,,0,0,0,0,0,,0,0
3757,KNOX,CALFIRE-2017-00358,20170811,59,1,492.6,199.35,109.0,,,0,0,0,0,0,,0,0
3758,OAK,CALFIRE-2017-00359,20170811,47,1,91125.33,36877.15,49.0,,,0,0,0,0,0,,0,0
3759,WALLOW,CALFIRE-2017-00360,20170811,47,1,63785.07,25812.92,94.0,,,0,0,0,0,0,,0,0
3760,GRIZZLY,CALFIRE-2017-00361,20170812,47,1,90.6,36.67,93.0,,,0,0,0,0,0,,0,0
3761,TRAIL,CALFIRE-2017-00362,20170812,15,1,31.87,12.9,156.0,,,0,0,0,0,0,,0,0
3762,WESTERLY,CALFIRE-2017-00363,20170812,42,11,25.67,10.39,0.0,,,0,0,0,0,0,,0,0
3763,BLAINE,CALFIRE-2017-00364,20170813,33,14,577.69,233.78,1.0,,,0,0,0,0,0,,0,0
3764,CORONADO,CALFIRE-2017-00365,20170813,22,10,123.11,49.82,0.0,,,0,0,0,0,0,,0,0
3765,ESCONDIDO,CALFIRE-2017-00366,20170813,19,14,65.97,26.7,0.0,,,0,0,0,0,0,,0,0
3766,QUAIL,CALFIRE-2017-00367,20170813,17,14,9.77,3.95,61.0,,,0,0,0,0,0,,0,0
3767,RANCH,CALFIRE-2017-00368,20170813,40,10,12.45,5.04,0.0,,,0,0,0,0,0,,0,0
3768,SIERRA,CALFIRE-2017-00369,20170813,15,14,0.78,0.32,0.0,,,0,0,0,0,0,,0,0
3769,SOUTH FORK,CALFIRE-2017-00370,20170813,59,1,7560.08,3059.46,82.0,,,0,0,0,0,0,,0,0
3770,CANYON,CALFIRE-2017-00371,20170814,27,2,16.83,6.81,0.0,33.86665,-117.64502,0,0,0,0,0,,0,0
3771,MIAS,CALFIRE-2017-00372,20170814,33,11,521.09,210.88,6.0,,,0,0,0,0,0,,0,0
3772,PICNIC,CALFIRE-2017-00373,20170814,59,9,15.55,6.29,3.0,,,0,0,0,0,0,,0,0
3773,MARKET,CALFIRE-2017-00374,20170815,59,9,0.08,0.03,0.0,,,0,0,0,0,0,,0,0
3774,MID,CALFIRE-2017-00375,20170815,15,14,0.07,0.03,0.0,,,0,0,0,0,0,,0,0
3775,ZAMORA,CALFIRE-2017-00376,20170815,5,14,23.8,9.63,0.0,,,0,0,0,0,0,,0,0
3776,TURKEY TRACT,CALFIRE-2017-00377,20170816,59,14,150.24,60.8,0.0,,,0,0,0,0,0,,0,0
3777,BANDY 2,CALFIRE-2017-00378,20170817,37,9,10.31,4.17,5.0,,,0,0,0,0,0,,0,0
3778,CORNER,CALFIRE-2017-00379,20170817,45,10,13.96,5.65,0.0,,,0,0,0,0,0,,0,0
3779,MCCORMICK,CALFIRE-2017-00380,20170818,59,1,4423.21,1790.01,90.0,,,0,0,0,0,0,,0,0
3780,WILLOW,CALFIRE-2017-00381,20170818,59,1,134.3,54.35,90.0,,,0,0,0,0,0,,0,0
3781,JEFFREY,CALFIRE-2017-00382,20170819,30,14,11.09,4.49,0.0,,,0,0,0,0,0,,0,0
3782,STATELINE,CALFIRE-2017-00383,20170819,47,2,0.47,0.19,0.0,,,0,0,0,0,0,,0,0
3783,BEALE,CALFIRE-2017-00384,20170820,58,11,867.02,350.87,2.0,,,0,0,0,0,0,,0,0
3784,ROWELL,CALFIRE-2017-00385,20170820,15,1,48.38,19.58,148.0,,,0,0,0,0,0,,0,0
3785,SQUIRREL,CALFIRE-2017-00386,20170820,32,7,113.05,45.75,4.0,,,0,0,0,0,0,,0,0
3786,TOLL,CALFIRE-2017-00387,20170820,32,7,57.92,23.44,5.0,,,0,0,0,0,0,,0,0
3787,ECLIPSE,CALFIRE-2017-00388,20170821,37,14,142.91,57.83,0.0,,,0,0,0,0,0,,0,0
3788,R-3 MUD,CALFIRE-2017-00389,20170822,18,1,99.57,40.3,4.0,,,0,0,0,0,0,,0,0
3789,R-5 STONEY,CALFIRE-2017-00390,20170822,18,1,203.97,82.54,5.0,,,0,0,0,0,0,,0,0
3790,W-2 LIKELY,CALFIRE-2017-00391,20170822,18,1,10.33,4.18,1.0,,,0,0,0,0,0,,0,0
3791,W4 ROMERO,CALFIRE-2017-00392,20170822,18,14,13.83,5.6,2.0,,,0,0,0,0,0,,0,0
3792,BOLES,CALFIRE-2017-00393,20170823,25,1,313.23,126.76,19.0,,,0,0,0,0,0,,0,0
3793,JONES,CALFIRE-2017-00394,20170823,25,1,281.27,113.83,19.0,,,0,0,0,0,0,,0,0
3794,JUNIPER,CALFIRE-2017-00395,20170823,10,10,30.71,12.43,0.0,,,0,0,0,0,0,,0,0
3795,MOWITZ,CALFIRE-2017-00396,20170823,25,1,15.73,6.36,3.0,,,0,0,0,0,0,,0,0
3796,R-9 FREDONYER,CALFIRE-2017-00397,20170823,18,1,22.03,8.92,2.0,,,0,0,0,0,0,,0,0
3797,ROCKVILLE,CALFIRE-2017-00398,20170823,17,14,23.24,9.4,0.0,,,0,0,0,0,0,,0,0
3798,HORSE,CALFIRE-2017-00399,20170824,59,1,0.16,0.06,0.0,,,0,0,0,0,0,,0,0
3799,MURPHY,CALFIRE-2017-00400,20170824,59,2,9.05,3.66,2.0,,,0,0,0,0,0,,0,0
3800,SWITCH,CALFIRE-2017-00401,20170824,15,14,10.07,4.08,0.0,,,0,0,0,0,0,,0,0
3801,FLAT,CALFIRE-2017-00402,20170826,10,2,110.83,44.85,4.0,,,0,0,0,0,0,,0,0
3802,KING,CALFIRE-2017-00403,20170826,27,14,7.94,3.21,0.0,,,0,0,0,0,0,,0,0
3803,MONTEZUMA,CALFIRE-2017-00404,20170826,37,10,65.18,26.38,2.0,,,0,0,0,0,0,,0,0
3804,PEG,CALFIRE-2017-00405,20170826,18,9,148.6,60.14,1.0,,,0,0,0,0,0,,0,0
3805,RADAR,CALFIRE-2017-00406,20170826,25,1,13.9,5.62,12.0,,,0,0,0,0,0,,0,0
3806,BODEGA,CALFIRE-2017-00407,20170827,17,14,17.77,7.19,1.0,,,0,0,0,0,0,,0,0
3807,CANYON,CALFIRE-2017-00408,20170827,37,9,46.9,18.98,4.0,33.86665,-117.64502,0,0,0,0,0,,0,0
3808,HILLS,CALFIRE-2017-00409,20170827,10,10,60.17,24.35,0.0,,,0,0,0,0,0,,0,0
3809,PLEASANT,CALFIRE-2017-00410,20170827,47,2,0.3,0.12,0.0,39.34503,-121.11834,0,0,0,0,0,,0,0
3810,SIERRA,CALFIRE-2017-00411,20170827,19,2,36.46,14.76,1.0,,,0,0,0,0,0,,0,0
3811,UNNAMED,CALFIRE-2017-00412,20170827,30,8,0.12,0.05,0.0,,,0,0,0,0,0,,0,0
3812,WINTON,CALFIRE-2017-00413,20170828,59,7,0.17,0.07,5.0,,,0,0,0,0,0,,0,0
3813,AVENAL,CALFIRE-2017-00414,20170829,10,10,19.41,7.86,0.0,,,0,0,0,0,0,,0,0
3814,BRADLEY,CALFIRE-2017-00415,20170829,45,9,54.04,21.87,10.0,,,0,0,0,0,0,,0,0
3815,CHERRY,CALFIRE-2017-00416,20170829,18,1,24.91,10.08,1.0,,,0,0,0,0,0,,0,0
3816,MUD,CALFIRE-2017-00417,20170829,18,1,6036.06,2442.71,13.0,,,0,0,0,0,0,,0,0
3817,OWENS,CALFIRE-2017-00418,20170829,47,14,54.75,22.16,6.0,,,0,0,0,0,0,,0,0
3818,PIER,CALFIRE-2017-00419,20170829,15,7,36619.43,14819.37,1.0,,,0,0,0,10,0,,0,0
3819,PILOT,CALFIRE-2017-00420,20170829,59,1,8.6,3.48,4.0,,,0,0,0,0,0,,0,0
3820,PONDEROSA,CALFIRE-2017-00421,20170829,4,7,4015.73,1625.11,60.0,39.58403,-121.28535,56,0,0,2,0,,0,0
3821,R-5 SPANISH,CALFIRE-2017-00422,20170829,18,1,166.86,67.53,2.0,,,0,0,0,0,0,,0,0
3822,RAILROAD,CALFIRE-2017-00423,20170829,20,9,12371.15,5006.43,81.0,37.45407,-119.64604,8,1,0,12,0,,0,0
3823,SLINKARD,CALFIRE-2017-00424,20170829,59,1,8923.5,3611.21,23.0,,,0,0,0,0,0,,0,0
3824,COALINGA,CALFIRE-2017-00425,20170830,10,2,102.29,41.39,0.0,,,0,0,0,0,0,,0,0
3825,HELENA,CALFIRE-2017-00426,20170830,53,9,18493.71,7484.15,76.0,40.76421,-123.0847,131,8,0,0,0,,0,0
3826,JOESPH,CALFIRE-2017-00427,20170830,18,1,28.72,11.62,6.0,,,0,0,0,0,0,,0,0
3827,JUNIPER,CALFIRE-2017-00428,20170830,47,14,0.39,0.16,0.0,,,0,0,0,0,0,,0,0
3828,PLEASANT,CALFIRE-2017-00429,20170830,29,14,392.49,158.83,7.0,39.34503,-121.11834,1,1,0,0,0,,0,0
3829,R-4 PARSNIP,CALFIRE-2017-00430,20170830,18,1,18601.98,7527.96,16.0,,,0,0,0,0,0,,0,0
3830,ROUSE,CALFIRE-2017-00431,20170830,36,9,13.91,5.63,6.0,,,0,0,0,0,0,,0,0
3831,SPRING,CALFIRE-2017-00432,20170830,17,14,11.89,4.81,0.0,,,0,0,0,0,0,,0,0
3832,MILLER,CALFIRE-2017-00433,20170831,12,11,33.77,13.67,39.0,40.03349,-123.66623,5,0,0,0,0,,0,0
3833,UNNAMED,CALFIRE-2017-00434,20170831,30,14,0.02,0.01,0.0,,,0,0,0,0,0,,0,0
3834,BORDER 6,CALFIRE-2017-00435,20170901,37,14,135.04,54.65,2.0,,,0,0,0,0,0,,0,0
3835,CALDWELL,CALFIRE-2017-00436,20170901,15,1,1321.26,534.7,52.0,,,0,0,0,0,0,,0,0
3836,LA TUNA,CALFIRE-2017-00437,20170901,59,14,7051.35,2853.58,7.0,,,0,0,0,0,0,,0,0
3837,MARBLE,CALFIRE-2017-00438,20170901,47,2,0.37,0.15,0.0,,,0,0,0,0,0,,0,0
3838,RIVER,CALFIRE-2017-00439,20170901,59,9,10.41,4.21,4.0,,,0,0,0,0,0,,0,0
3839,SAN JUAN,CALFIRE-2017-00440,20170901,27,14,14.83,6.0,0.0,,,0,0,0,0,0,,0,0
3840,SPRINGS,CALFIRE-2017-00441,20170901,17,14,13.13,5.31,1.0,,,0,0,0,0,0,,0,0
3841,PALMER,CALFIRE-2017-00442,20170902,33,9,3872.15,1567.01,4.0,,,0,0,0,0,0,,0,0
3842,UNNAMED,CALFIRE-2017-00443,20170902,30,14,5.44,2.2,0.0,,,0,0,0,0,0,,0,0
3843,BALLY,CALFIRE-2017-00444,20170903,43,14,109.19,44.19,3.0,,,0,0,0,0,0,,0,0
3844,CREEK,CALFIRE-2017-00445,20170903,59,1,1747.87,707.34,9.0,34.30162,-118.36631,0,0,0,0,0,,0,0
3845,MARGARITA,CALFIRE-2017-00446,20170903,40,10,69.71,28.21,0.0,,,0,0,0,0,0,,0,0
3846,MILLS,CALFIRE-2017-00447,20170903,32,9,75.35,30.49,1.0,,,0,0,0,0,0,,0,0
3847,MISSION,CALFIRE-2017-00448,20170903,20,11,988.47,400.02,10.0,37.23149,-119.47094,7,4,0,0,0,,0,0
3848,PARKFIELD,CALFIRE-2017-00449,20170903,10,2,70.22,28.42,2.0,,,0,0,0,0,0,,0,0
3849,PEAK,CALFIRE-2017-00450,20170903,22,10,677.89,274.33,6.0,37.39859,-119.83715,4,0,0,0,0,,0,0
3850,DEER ONE,CALFIRE-2017-00451,20170904,47,14,0.26,0.1,0.0,,,0,0,0,0,0,,0,0
3851,EUREKA,CALFIRE-2017-00452,20170905,32,1,446.18,180.56,71.0,,,0,0,0,0,0,,0,0
3852,MULE,CALFIRE-2017-00453,20170905,17,14,21.27,8.61,1.0,,,0,0,0,0,0,,0,0
3853,HILL,CALFIRE-2017-00454,20170906,59,2,9.91,4.01,0.0,35.40259,-120.47351,0,0,0,0,0,,0,0
3854,R-2 BUTTE WELL,CALFIRE-2017-00455,20170906,18,1,17.39,7.04,5.0,,,0,0,0,0,0,,0,0
3855,RANCH,CALFIRE-2017-00456,20170906,31,1,83.51,33.8,1.0,,,0,0,0,0,0,,0,0
3856,CLAIRE,CALFIRE-2017-00457,20170907,47,1,12.9,5.22,6.0,,,0,0,0,0,0,,0,0
3857,COW,CALFIRE-2017-00458,20170907,59,1,25.92,10.49,71.0,,,0,0,0,0,0,,0,0
3858,CROWN,CALFIRE-2017-00459,20170907,59,1,145.18,58.75,71.0,,,0,0,0,0,0,,0,0
3859,DEEP,CALFIRE-2017-00460,20170907,47,1,101.37,41.02,0.0,,,0,0,0,0,0,,0,0
3860,FOURTH,CALFIRE-2017-00461,20170907,47,1,24.32,9.84,67.0,,,0,0,0,0,0,,0,0
3861,LITTLE BUCK,CALFIRE-2017-00462,20170907,47,1,113.96,46.12,22.0,,,0,0,0,0,0,,0,0
3862,RATTLESNAKE,CALFIRE-2017-00463,20170907,59,10,14.99,6.07,8.0,,,0,0,0,0,0,,0,0
3863,BORDER 9,CALFIRE-2017-00464,20170908,37,14,22.5,9.11,0.0,,,0,0,0,0,0,,0,0
3864,TABLE,CALFIRE-2017-00465,20170908,59,1,426.7,172.68,49.0,,,0,0,0,0,0,,0,0
3865,LEONA,CALFIRE-2017-00466,20170909,19,11,0.14,0.06,0.0,,,0,0,0,0,0,,0,0
3866,PACIFIC,CALFIRE-2017-00467,20170909,56,14,1.19,0.48,0.0,,,0,0,0,0,0,,0,0
3867,BUMMERS,CALFIRE-2017-00468,20170911,59,1,510.11,206.43,70.0,,,0,0,0,0,0,,0,0
3868,LECONTE,CALFIRE-2017-00469,20170911,59,1,0.08,0.03,16.0,,,0,0,0,0,0,,0,0
3869,MORRISON,CALFIRE-2017-00470,20170911,59,1,0.08,0.03,13.0,,,0,0,0,0,0,,0,0
3870,PORCUPINE CAMPGROUND,CALFIRE-2017-00471,20170911,59,1,0.08,0.03,26.0,,,0,0,0,0,0,,0,0
3871,SHAVER,CALFIRE-2017-00472,20170911,10,4,8.59,3.48,3.0,,,0,0,0,0,0,,0,0
3872,SKEGGS,CALFIRE-2017-00473,20170911,44,1,36.34,14.71,2.0,,,0,0,0,0,0,,0,0
3873,TECOPA,CALFIRE-2017-00474,20170911,15,1,26.99,10.92,3.0,,,0,0,0,0,0,,0,0
3874,WATKINS,CALFIRE-2017-00475,20170911,59,1,0.08,0.03,1.0,,,0,0,0,0,0,,0,0
3875,WOLFE,CALFIRE-2017-00476,20170911,59,1,0.08,0.03,25.0,,,0,0,0,0,0,,0,0
3876,3-20,CALFIRE-2017-00477,20170912,18,1,10.83,4.38,11.0,,,0,0,0,0,0,,0,0
3877,A RANCH,CALFIRE-2017-00478,20170912,59,1,0.0,0.0,0.0,,,0,0,0,0,0,,0,0
3878,BERRY,CALFIRE-2017-00479,20170912,45,1,994.07,402.29,22.0,,,0,0,0,0,0,,0,0
3879,BUCK,CALFIRE-2017-00480,20170912,45,1,13357.28,5405.5,48.0,,,0,0,0,0,0,,0,0
3880,DAVIS,CALFIRE-2017-00481,20170912,15,1,30.6,12.38,1.0,,,0,0,0,0,0,,0,0
3881,DIXIE,CALFIRE-2017-00482,20170912,32,9,8.65,3.5,4.0,,,0,0,0,0,0,,0,0
3882,HIDDEN,CALFIRE-2017-00483,20170912,59,1,0.08,0.03,12.0,,,0,0,0,0,0,,0,0
3883,ILLILOUETTE CREEK,CALFIRE-2017-00484,20170912,59,1,0.08,0.03,18.0,,,0,0,0,0,0,,0,0
3884,LONG,CALFIRE-2017-00485,20170912,59,1,0.89,0.36,61.0,,,0,0,0,0,0,,0,0
3885,SENTINEL,CALFIRE-2017-00486,20170912,59,1,0.08,0.03,0.0,,,0,0,0,0,0,,0,0
3886,SKELETON,CALFIRE-2017-00487,20170912,17,1,87.88,35.56,6.0,,,0,0,0,0,0,,0,0
3887,SLIDE,CALFIRE-2017-00488,20170912,17,1,58.14,23.53,8.0,,,0,0,0,0,0,,0,0
3888,DRY VALLEY,CALFIRE-2017-00489,20170913,18,1,51.24,20.74,1.0,,,0,0,0,0,0,,0,0
3889,UNNAMED,CALFIRE-2017-00490,20170913,30,14,0.01,0.01,0.0,,,0,0,0,0,0,,0,0
3890,CROSS CREEK,CALFIRE-2017-00491,20170915,30,14,0.02,0.01,0.0,,,0,0,0,0,0,,0,0
3891,INDIAN ROCK,CALFIRE-2017-00492,20170915,59,1,0.08,0.03,9.0,,,0,0,0,0,0,,0,0
3892,BROPHY,CALFIRE-2017-00493,20170916,58,14,13.69,5.54,1.0,,,0,0,0,0,0,,0,0
3893,FRENCH,CALFIRE-2017-00494,20170917,9,14,130.77,52.92,1.0,,,0,0,0,0,0,,0,0
3894,EASTMAM,CALFIRE-2017-00495,20170918,22,11,482.34,195.2,0.0,,,0,0,0,0,0,,0,0
3895,SUNSHINE,CALFIRE-2017-00496,20170918,37,10,15.96,6.46,0.0,,,0,0,0,0,0,,0,0
3896,TWIN,CALFIRE-2017-00497,20170918,59,1,14.96,6.06,64.0,,,0,0,0,0,0,,0,0
3897,CORAL,CALFIRE-2017-00498,20170919,43,14,157.24,63.63,3.0,,,0,0,0,0,0,,0,0
3898,MURPHY,CALFIRE-2017-00499,20170919,10,2,236.95,95.89,1.0,,,0,0,0,0,0,,0,0
3899,TABLE,CALFIRE-2017-00500,20170919,5,11,38.8,15.7,0.0,,,0,0,0,0,0,,0,0
3900,CRANE,CALFIRE-2017-00501,20170920,59,9,0.08,0.03,0.0,,,0,0,0,0,0,,0,0
3901,HUASNA,CALFIRE-2017-00502,20170920,40,2,244.79,99.06,0.0,,,0,0,0,0,0,,0,0
3902,REDWOOD,CALFIRE-2017-00503,20170920,23,14,14.03,5.68,1.0,39.29882,-123.21894,544,36,0,0,0,,0,0
3903,DRAKE 2,CALFIRE-2017-00504,20170921,59,9,8.27,3.35,0.0,,,0,0,0,0,0,,0,0
3904,CLOVER,CALFIRE-2017-00505,20170923,17,14,13.9,5.62,1.0,,,0,0,0,0,0,,0,0
3905,COVE,CALFIRE-2017-00506,20170923,40,14,24.77,10.02,0.0,,,0,0,0,0,0,,0,0
3906,ESTATE,CALFIRE-2017-00507,20170923,48,2,42.8,17.32,0.0,38.44705,-122.0036,3,2,0,0,0,,0,0
3907,RAILROAD,CALFIRE-2017-00508,20170923,47,14,2.22,0.9,0.0,37.45407,-119.64604,0,0,0,0,0,,0,0
3908,HARNEY,CALFIRE-2017-00509,20170924,5,11,37.42,15.14,0.0,,,0,0,0,0,0,,0,0
3909,AIR,CALFIRE-2017-00510,20170925,42,2,147.84,59.83,0.0,,,0,0,0,0,0,,0,0
3910,CANYON I,CALFIRE-2017-00511,20170925,30,9,2661.41,1077.04,6.0,,,0,0,0,0,0,,0,0
3911,LION,CALFIRE-2017-00512,20170925,15,1,18913.58,7654.06,38.0,,,0,0,0,0,0,,0,0
3912,THIRTY TWO,CALFIRE-2017-00513,20170925,4,14,28.2,11.41,0.0,,,0,0,0,0,0,,0,0
3913,JASPER,CALFIRE-2017-00514,20170926,58,14,27.64,11.19,0.0,,,0,0,0,0,0,,0,0
3914,LINNE,CALFIRE-2017-00515,20170926,40,14,74.8,30.27,0.0,,,0,0,0,0,0,,0,0
3915,POLY,CALFIRE-2017-00516,20170926,40,2,105.67,42.76,3.0,,,0,0,0,0,0,,0,0
3916,RIBBON,CALFIRE-2017-00517,20170926,59,1,1.39,0.56,62.0,,,0,0,0,0,0,,0,0
3917,SHORELINE,CALFIRE-2017-00518,20170926,59,9,1.43,0.58,0.0,,,0,0,0,0,0,,0,0
3918,DERBY,CALFIRE-2017-00519,20170927,15,14,2.37,0.96,0.0,,,0,0,0,0,0,,0,0
3919,SODA,CALFIRE-2017-00520,20170928,4,1,147.02,59.5,32.0,,,0,0,0,0,0,,0,0
3920,TETON,CALFIRE-2017-00521,20170928,19,14,0.3,0.12,0.0,,,0,0,0,0,0,,0,0
3921,LAKEWOOD,CALFIRE-2017-00522,20170929,15,14,39.76,16.09,0.0,,,0,0,0,0,0,,0,0
3922,RUCKER,CALFIRE-2017-00523,20170929,42,10,429.7,173.9,5.0,,,0,0,0,0,0,,0,0
3923,MILL,CALFIRE-2017-00524,20171001,47,14,0.39,0.16,0.0,,,0,0,0,0,0,,0,0
3924,TIMM,CALFIRE-2017-00525,20171002,48,14,125.79,50.91,1.0,38.44666,-121.9952,0,1,0,0,0,,0,0
3925,MARTINEZ,CALFIRE-2017-00526,20171005,19,7,0.05,0.02,1.0,,,0,0,0,0,0,,0,0
3926,SHELL,CALFIRE-2017-00527,20171005,47,5,4.64,1.88,0.0,,,0,0,0,0,0,,0,0
3927,RIDGE,CALFIRE-2017-00528,20171006,17,14,54.96,22.24,2.0,,,0,0,0,0,0,,0,0
3928,FORT,CALFIRE-2017-00529,20171007,17,14,18.28,7.4,1.0,,,0,0,0,0,0,,0,0
3929,ATLAS,CALFIRE-2017-00530,20171008,28,14,51624.66,20891.78,24.0,38.36678,-122.25549,787,116,0,0,0,,0,0
3930,CASCADE,CALFIRE-2017-00531,20171008,58,14,16140.8,6531.96,18.0,39.32726,-121.39434,264,10,0,0,0,,0,0
3931,CHEROKEE,CALFIRE-2017-00532,20171008,4,11,8415.8,3405.76,28.0,39.59963,-121.59556,6,1,0,0,0,,0,0
3932,LOBO,CALFIRE-2017-00533,20171008,29,14,820.64,332.1,18.0,39.23853,-121.1547,48,3,0,0,0,,0,0
3933,MCCOURTNEY,CALFIRE-2017-00534,20171008,29,14,75.54,30.57,3.0,39.20126,-121.08351,13,1,0,0,0,,0,0
3934,NUNS,CALFIRE-2017-00535,20171008,49,14,55798.19,22580.75,23.0,38.38163,-122.52148,1367,160,0,0,0,,0,0
3935,POCKET,CALFIRE-2017-00536,20171008,49,14,17359.33,7025.08,24.0,38.75821,-122.90066,6,2,0,0,0,,0,0
3936,PRESSLEY,CALFIRE-2017-00537,20171008,17,14,791.89,320.47,7.0,,,0,0,0,0,0,,0,0
3937,REDWOOD VALLEY,CALFIRE-2017-00538,20171008,17,14,36522.95,14780.33,17.0,,,0,0,0,0,0,,0,0
3938,SMARTSVILLE,CALFIRE-2017-00539,20171008,58,14,11.56,4.68,1.0,,,0,0,0,0,0,,0,0
3939,TUBBS,CALFIRE-2017-00540,20171008,49,14,36701.98,14852.78,24.0,38.49174,-122.71794,5656,293,0,0,0,,0,0
3940,YOUNG,CALFIRE-2017-00541,20171008,17,14,106.01,42.9,17.0,,,0,0,0,0,0,,0,0
3941,37,CALFIRE-2017-00542,20171009,17,11,1613.22,652.85,7.0,,,0,0,0,0,0,,0,0
3942,CANYON II,CALFIRE-2017-00543,20171009,30,5,9198.03,3722.31,8.0,,,0,0,0,0,0,,0,0
3943,COWHEAD,CALFIRE-2017-00544,20171009,18,4,31.67,12.82,3.0,,,0,0,0,0,0,,0,0
3944,HONEY,CALFIRE-2017-00545,20171009,4,11,153.51,62.12,21.0,,,0,0,0,0,0,,0,0
3945,POHONO,CALFIRE-2017-00546,20171009,59,4,0.08,0.03,0.0,,,0,0,0,0,0,,0,0
3946,POINT,CALFIRE-2017-00547,20171009,5,11,130.24,52.7,0.0,,,0,0,0,0,0,,0,0
3947,POZO,CALFIRE-2017-00548,20171009,42,2,64.37,26.05,0.0,,,0,0,0,0,0,,0,0
3948,SULPHER,CALFIRE-2017-00549,20171009,17,14,2206.23,892.83,16.0,,,0,0,0,0,0,,0,0
3949,UNNAMED,CALFIRE-2017-00550,20171009,30,14,0.26,0.1,0.0,,,0,0,0,0,0,,0,0
3950,DAVIS,CALFIRE-2017-00551,20171010,25,9,51.14,20.7,3.0,,,0,0,0,0,0,,0,0
3951,GARDEN,CALFIRE-2017-00552,20171010,58,10,19.14,7.74,0.0,,,0,0,0,0,0,,0,0
3952,ICE,CALFIRE-2017-00553,20171010,59,2,29.37,11.89,5.0,,,0,0,0,0,0,,0,0
3953,SILVER,CALFIRE-2017-00554,20171011,10,14,57.05,23.09,2.0,,,0,0,0,0,0,,0,0
3954,RIVERS,CALFIRE-2017-00555,20171014,12,5,147.56,59.72,0.0,,,0,0,0,0,0,,0,0
3955,VISTA,CALFIRE-2017-00556,20171014,58,2,7.35,2.97,1.0,,,0,0,0,0,0,,0,0
3956,WILSON,CALFIRE-2017-00557,20171015,37,9,27.39,11.09,1.0,,,0,0,0,0,0,,0,0
3957,BEAR,CALFIRE-2017-00558,20171016,44,7,317.2,128.37,9.0,37.18475,-122.0714,6,0,0,0,0,,0,0
3958,UNNAMED,CALFIRE-2017-00559,20171016,30,14,0.07,0.03,0.0,,,0,0,0,0,0,,0,0
3959,WILSON,CALFIRE-2017-00560,20171017,19,9,45.12,18.26,14.0,,,0,0,0,0,0,,0,0
3960,LAMBERT,CALFIRE-2017-00561,20171018,30,14,28.24,11.43,0.0,,,0,0,0,0,0,,0,0
3961,MILTON,CALFIRE-2017-00562,20171018,5,2,17.96,7.27,0.0,,,0,0,0,0,0,,0,0
3962,LYNCH,CALFIRE-2017-00563,20171019,40,10,71.18,28.81,0.0,,,0,0,0,0,0,,0,0
3963,SODA,CALFIRE-2017-00564,20171020,40,14,30.65,12.4,0.0,,,0,0,0,0,0,,0,0
3964,CAPTAIN,CALFIRE-2017-00565,20171021,37,2,41.05,16.61,1.0,,,0,0,0,0,0,,0,0
3965,MEDLEY,CALFIRE-2017-00566,20171021,19,14,0.03,0.01,0.0,,,0,0,0,0,0,,0,0
3966,PALMA,CALFIRE-2017-00567,20171021,56,14,1.19,0.48,0.0,,,0,0,0,0,0,,0,0
3967,EXTENSION,CALFIRE-2017-00568,20171023,33,14,41.78,16.91,0.0,,,0,0,0,0,0,,0,0
3968,UNNAMED,CALFIRE-2017-00569,20171023,30,14,0.09,0.04,0.0,,,0,0,0,0,0,,0,0
3969,VISTA,CALFIRE-2017-00570,20171024,56,14,86.39,34.96,2.0,,,0,0,0,0,0,,0,0
3970,CARBON CANYON PARK,CALFIRE-2017-00571,20171025,30,14,4.45,1.8,0.0,,,0,0,0,0,0,,0,0
3971,TANK,CALFIRE-2017-00572,20171026,15,14,46.82,18.95,0.0,,,0,0,0,0,0,,0,0
3972,WILDOMAR,CALFIRE-2017-00573,20171026,37,10,866.27,350.57,13.0,,,0,0,0,0,0,,0,0
3973,UNNAMED,CALFIRE-2017-00574,20171028,15,14,28.05,11.35,0.0,,,0,0,0,0,0,,0,0
3974,BARR,CALFIRE-2017-00575,20171029,47,10,0.37,0.15,0.0,,,0,0,0,0,0,,0,0
3975,COYOTE,CALFIRE-2017-00576,20171029,19,14,0.24,0.1,0.0,,,0,0,0,0,0,,0,0
3976,TEHAMA,CALFIRE-2017-00577,20171030,52,10,194.0,78.51,1.0,,,0,0,0,0,0,,0,0
3977,BRIDGE,CALFIRE-2017-00578,20171031,45,2,35.52,14.37,3.0,,,0,0,0,0,0,,0,0
3978,JADE,CALFIRE-2017-00579,20171031,47,5,0.1,0.04,0.0,,,0,0,0,0,0,,0,0
3979,CREEK,CALFIRE-2017-00580,20171106,30,14,0.15,0.06,0.0,34.30162,-118.36631,0,0,0,0,0,,0,0
3980,UNNAMED,CALFIRE-2017-00581,20171110,30,14,0.0,0.0,0.0,,,0,0,0,0,0,,0,0
3981,HACIENDA,CALFIRE-2017-00582,20171112,19,14,0.25,0.1,0.0,,,0,0,0,0,0,,0,0
3982,SKYLINE,CALFIRE-2017-00583,20171113,19,2,0.07,0.03,0.0,,,0,0,0,0,0,,0,0
3983,MODOC,CALFIRE-2017-00584,20171115,47,7,0.22,0.09,0.0,,,0,0,0,0,0,,0,0
3984,HILLS,CALFIRE-2017-00585,20171116,15,14,3.98,1.61,0.0,,,0,0,0,0,0,,0,0
3985,SCHOOL SCHOOL,CALFIRE-2017-00586,20171123,56,9,4.67,1.89,0.0,,,0,0,0,0,0,,0,0
3986,OAK,CALFIRE-2017-00587,20171129,36,10,325.51,131.73,8.0,,,0,0,0,0,0,,0,0
3987,BRECKENRIDGE,CALFIRE-2017-00588,20171201,15,14,22.35,9.05,0.0,,,0,0,0,0,0,,0,0
3988,THOMAS,CALFIRE-2017-00589,20171204,42,9,281790.9,114036.83,39.0,34.30197,-119.20982,1091,255,1,0,0,,0,0
3989,CAT,CALFIRE-2017-00590,20171205,42,11,15.88,6.43,0.0,,,0,0,0,0,0,,0,0
3990,CREEK,CALFIRE-2017-00591,20171205,19,14,15619.15,6320.85,0.0,34.30162,-118.36631,140,63,0,0,0,,0,0
3991,RUNNER,CALFIRE-2017-00592,20171205,56,9,2.43,0.98,0.0,,,0,0,0,0,0,,0,0
3992,RYE,CALFIRE-2017-00593,20171205,19,14,6047.72,2447.43,8.0,,,0,0,0,0,0,,0,0
3993,SKIRBALL,CALFIRE-2017-00594,20171206,19,4,419.92,169.94,9.0,34.08867,-118.46783,10,12,0,0,0,,0,0
3994,LILAC,CALFIRE-2017-00595,20171207,37,14,4080.61,1651.37,17.0,33.30735,-117.18264,159,62,0,0,0,,0,0
3995,WOODCHOPPER 2,CALFIRE-2017-00596,20171208,42,11,25.13,10.17,0.0,,,0,0,0,0,0,,0,0
3996,HWY_1,CALFIRE-2017-00597,20171214,42,11,13.05,5.28,0.0,,,0,0,0,0,0,,0,0
3997,DRUM,CALFIRE-2017-00598,20171216,42,9,13.54,5.48,0.0,,,0,0,0,0,0,,0,0
3998,RAMBLA,CALFIRE-2017-00599,20171218,19,2,0.18,0.07,0.0,,,0,0,0,0,0,,0,0
3999,WOOD,CALFIRE-2017-00600,20171220,30,14,0.01,0.0,0.0,,,0,0,0,0,0,,0,0
4000,SCALES,CALFIRE-2017-00601,20171221,56,14,1.26,0.51,0.0,,,0,0,0,0,0,,0,0
4001,SOUTH,CALFIRE-2017-00602,20171221,56,14,0.02,0.01,0.0,,,0,0,0,0,0,,0,0
4002,BALCOM,CALFIRE-2017-00603,20171222,56,14,0.38,0.15,0.0,,,0,0,0,0,0,,0,0
4003,TOMATO SPRINGS,CALFIRE-2017-00604,20171222,30,14,0.54,0.22,0.0,,,0,0,0,0,0,,0,0
4004,UNNAMED,CALFIRE-2017-00605,20171222,30,14,0.0,0.0,0.0,,,0,0,0,0,0,,0,0
4005,MAIN,CALFIRE-2018-00001,20180103,56,14,0.03,0.01,0.0,,,0,0,0,0,0,,0,0
4006,CENTER,CALFIRE-2018-00002,20180120,56,14,0.64,0.26,0.0,,,0,0,0,0,0,,0,0
4007,RIDGE ROUTE,CALFIRE-2018-00003,20180123,30,14,0.17,0.07,0.0,,,0,0,0,0,0,,0,0
4008,EL TORO IC,CALFIRE-2018-00004,20180124,30,14,0.1,0.04,0.0,,,0,0,0,0,0,,0,0
4009,BALCOM,CALFIRE-2018-00005,20180128,56,14,0.77,0.31,0.0,,,0,0,0,0,0,,0,0
4010,CREEK,CALFIRE-2018-00006,20180128,30,14,0.41,0.17,0.0,40.47591,-122.49444,0,0,0,0,0,,0,0
4011,MCWANE,CALFIRE-2018-00007,20180128,56,14,0.72,0.29,1.0,,,0,0,0,0,0,,0,0
4012,SURF,CALFIRE-2018-00008,20180128,56,14,1.48,0.6,1.0,,,0,0,0,0,0,,0,0
4013,HARBOR,CALFIRE-2018-00009,20180129,56,14,7.7,3.12,154.0,,,0,0,0,0,0,,0,0
4014,SERRA,CALFIRE-2018-00010,20180129,59,14,2.6,1.05,1.0,,,0,0,0,0,0,,0,0
4015,ERBES,CALFIRE-2018-00011,20180131,56,14,0.03,0.01,0.0,,,0,0,0,0,0,,0,0
4016,ERRINGER,CALFIRE-2018-00012,20180131,56,9,0.0,0.0,0.0,,,0,0,0,0,0,,0,0
4017,HIDDEN,CALFIRE-2018-00013,20180202,47,5,12.4,5.02,0.0,,,0,0,0,0,0,,0,0
4018,HOPPER,CALFIRE-2018-00014,20180207,56,2,0.24,0.1,0.0,,,0,0,0,0,0,,0,0
4019,BORDER 3,CALFIRE-2018-00015,20180208,37,14,12.3,4.98,0.0,,,0,0,0,0,0,,0,0
4020,MATTOLE,CALFIRE-2018-00016,20180211,12,14,13.0,5.26,0.0,,,0,0,0,0,0,,0,0
4021,BLUFF COVE,CALFIRE-2018-00017,20180212,30,14,0.01,0.0,0.0,,,0,0,0,0,0,,0,0
4022,RANGE,CALFIRE-2018-00018,20180212,40,9,5.26,2.13,0.0,,,0,0,0,0,0,,0,0
4023,RAMBLA,CALFIRE-2018-00019,20180213,19,11,0.03,0.01,0.0,,,0,0,0,0,0,,0,0
4024,UNNAMED,CALFIRE-2018-00020,20180214,15,14,0.54,0.22,0.0,,,0,0,0,0,0,,0,0
4025,GUIBERSON,CALFIRE-2018-00021,20180215,56,9,0.17,0.07,0.0,,,0,0,0,0,0,,0,0
4026,GABILAN,CALFIRE-2018-00022,20180217,27,5,15.68,6.34,0.0,,,0,0,0,0,0,,0,0
4027,PLEASANT,CALFIRE-2018-00023,20180218,36,7,2075.7,840.01,7.0,,,0,0,0,0,0,,0,0
4028,LA RAMBLA,CALFIRE-2018-00024,20180219,30,14,0.01,0.0,0.0,,,0,0,0,0,0,,0,0
4029,CANADA IC,CALFIRE-2018-00025,20180220,30,14,0.02,0.01,0.0,,,0,0,0,0,0,,0,0
4030,CAMPUS,CALFIRE-2018-00026,20180225,56,14,0.21,0.08,0.0,,,0,0,0,0,0,,0,0
4031,MUSTANG,CALFIRE-2018-00027,20180307,47,5,1.09,0.44,0.0,,,0,0,0,0,0,,0,0
4032,ORDWAY,CALFIRE-2018-00028,20180312,47,5,2.13,0.86,0.0,,,0,0,0,0,0,,0,0
4033,SANTA CRUZ,CALFIRE-2018-00029,20180327,59,18,258.45,104.59,9.0,,,0,0,0,0,0,,0,0
4034,SOUTH HAMPTON CT,CALFIRE-2018-00030,20180327,30,14,0.0,0.0,0.0,,,0,0,0,0,0,,0,0
4035,MCP BASILONE GATE,CALFIRE-2018-00031,20180328,59,14,0.02,0.01,0.0,,,0,0,0,0,0,,0,0
4036,UNNAMED,CALFIRE-2018-00032,20180330,15,14,0.22,0.09,0.0,,,0,0,0,0,0,,0,0
4037,COUGAR,CALFIRE-2018-00033,20180331,47,2,23.98,9.71,87.0,,,0,0,0,0,0,,0,0
4038,OILFIELD INC,CALFIRE-2018-00034,20180410,15,14,4.72,1.91,0.0,,,0,0,0,0,0,,0,0
4039,AQUEDUCT,CALFIRE-2018-00035,20180412,10,2,49.16,19.9,0.0,,,0,0,0,0,0,,0,0
4040,TALBERT PARK SOUTH,CALFIRE-2018-00036,20180415,30,14,7.52,3.04,0.0,,,0,0,0,0,0,,0,0
4041,BRIDGE,CALFIRE-2018-00037,20180419,19,11,7.77,3.14,1.0,,,0,0,0,0,0,,0,0
4042,MOFFAT,CALFIRE-2018-00038,20180419,36,4,1253.92,507.45,4.0,,,0,0,0,0,0,,0,0
4043,PATTERSON,CALFIRE-2018-00039,20180423,47,5,1.09,0.44,0.0,,,0,0,0,0,0,,0,0
4044,GRAPE,CALFIRE-2018-00040,20180424,12,5,244.02,98.75,57.0,,,0,0,0,0,0,,0,0
4045,FRENCH,CALFIRE-2018-00041,20180426,32,5,20.24,8.19,5.0,,,0,0,0,0,0,,0,0
4046,NEES,CALFIRE-2018-00042,20180502,22,2,1739.07,703.78,0.0,,,0,0,0,0,0,,0,0
4047,HEFFNER,CALFIRE-2018-00043,20180504,19,14,17.87,7.23,1.0,,,0,0,0,0,0,,0,0
4048,UNNAMED,CALFIRE-2018-00044,20180505,15,14,13.65,5.52,0.0,,,0,0,0,0,0,,0,0
4049,COMMERCE,CALFIRE-2018-00045,20180506,19,11,14.2,5.75,0.0,,,0,0,0,0,0,,0,0
4050,KUEHNER,CALFIRE-2018-00046,20180507,56,14,0.35,0.14,221.0,,,0,0,0,0,0,,0,0
4051,MONTE,CALFIRE-2018-00047,20180509,37,14,13.09,5.3,1.0,,,0,0,0,0,0,,0,0
4052,FRANKLIN,CALFIRE-2018-00048,20180513,47,5,1.06,0.43,0.0,,,0,0,0,0,0,,0,0
4053,BLUE,CALFIRE-2018-00049,20180515,47,3,2.7,1.09,0.0,,,0,0,0,0,0,,0,0
4054,HAPPY,CALFIRE-2018-00050,20180517,42,11,59.47,24.06,0.0,,,0,0,0,0,0,,0,0
4055,PATTERSON,CALFIRE-2018-00051,20180517,33,2,1260.99,510.3,1.0,,,0,0,0,0,0,,0,0
4056,JELLY,CALFIRE-2018-00052,20180518,52,2,107.06,43.32,0.0,,,0,0,0,0,0,,0,0
4057,WASIOJA,CALFIRE-2018-00053,20180520,42,11,189.54,76.7,2.0,,,0,0,0,0,0,,0,0
4058,BELLAGIO,CALFIRE-2018-00054,20180521,17,14,12.95,5.24,0.0,,,0,0,0,0,0,,0,0
4059,WOOD,CALFIRE-2018-00055,20180521,15,1,97.19,39.33,63.0,,,0,0,0,0,0,,0,0
4060,AGUA,CALFIRE-2018-00056,20180522,37,14,59.08,23.91,2.0,,,0,0,0,0,0,,0,0
4061,WATER,CALFIRE-2018-00057,20180524,40,11,87.86,35.56,0.0,,,0,0,0,0,0,,0,0
4062,COBBLE,CALFIRE-2018-00058,20180526,10,2,108.43,43.88,1.0,,,0,0,0,0,0,,0,0
4063,VIEW,CALFIRE-2018-00059,20180527,19,2,0.11,0.05,0.0,,,0,0,0,0,0,,0,0
4064,CHROME,CALFIRE-2018-00060,20180528,52,9,76.98,31.15,0.0,,,0,0,0,0,0,,0,0
4065,HILL,CALFIRE-2018-00061,20180528,15,14,1.76,0.71,0.0,34.19613,-118.95935,0,0,0,0,0,,0,0
4066,RESERVOIR,CALFIRE-2018-00062,20180528,17,14,5.43,2.2,0.0,,,0,0,0,0,0,,0,0
4067,CORNELL,CALFIRE-2018-00063,20180529,59,14,0.87,0.35,1.0,,,0,0,0,0,0,,0,0
4068,LAKE,CALFIRE-2018-00064,20180530,10,2,4.02,1.63,2.0,,,0,0,0,0,0,,0,0
4069,SHEPHERD,CALFIRE-2018-00065,20180530,10,2,10.22,4.13,0.0,,,0,0,0,0,0,,0,0
4070,VINEYARD,CALFIRE-2018-00066,20180530,40,2,25.32,10.25,0.0,,,0,0,0,0,0,,0,0
4071,LAKE,CALFIRE-2018-00067,20180531,15,14,1.95,0.79,0.0,,,0,0,0,0,0,,0,0
4072,WELDON,CALFIRE-2018-00068,20180531,15,14,0.46,0.18,0.0,,,0,0,0,0,0,,0,0
4073,BERREYESSA,CALFIRE-2018-00069,20180601,17,14,2.76,1.12,0.0,,,0,0,0,0,0,,0,0
4074,MADISON,CALFIRE-2018-00070,20180601,17,14,12.09,4.89,0.0,,,0,0,0,0,0,,0,0
4075,OPEN,CALFIRE-2018-00071,20180601,17,7,113.01,45.73,26.0,,,0,0,0,0,0,,0,0
4076,ALISO,CALFIRE-2018-00072,20180602,30,14,175.72,71.11,8.0,,,0,0,0,0,0,,0,0
4077,COLDWELL,CALFIRE-2018-00073,20180602,10,7,12.3,4.98,0.0,,,0,0,0,0,0,,0,0
4078,FAIRVIEW 2,CALFIRE-2018-00074,20180603,27,11,35.77,14.48,0.0,,,0,0,0,0,0,,0,0
4079,FRAZIER,CALFIRE-2018-00075,20180603,10,2,9.83,3.98,0.0,37.06859,-119.50883,1,1,0,0,0,,0,0
4080,EASTERN 2,CALFIRE-2018-00076,20180604,27,11,528.17,213.74,8.0,,,0,0,0,0,0,,0,0
4081,FRAME,CALFIRE-2018-00077,20180604,10,7,3.99,1.61,0.0,,,0,0,0,0,0,,0,0
4082,ONEALS,CALFIRE-2018-00078,20180604,22,2,432.86,175.17,3.0,,,0,0,0,0,0,,0,0
4083,PANOCHE 2,CALFIRE-2018-00079,20180604,27,9,266.1,107.69,2.0,,,0,0,0,0,0,,0,0
4084,STONE,CALFIRE-2018-00080,20180604,19,2,1350.65,546.59,1.0,,,0,0,0,0,0,,0,0
4085,TORREY,CALFIRE-2018-00081,20180604,56,2,1.53,0.62,0.0,,,0,0,0,0,0,,0,0
4086,JIM,CALFIRE-2018-00082,20180605,37,14,0.6,0.24,13.0,,,0,0,0,0,0,,0,0
4087,VISTA,CALFIRE-2018-00083,20180605,37,14,12.1,4.9,1.0,40.68334,-122.15937,0,0,0,0,0,,0,0
4088,DERBY,CALFIRE-2018-00084,20180606,15,14,19.21,7.77,0.0,,,0,0,0,0,0,,0,0
4089,LAGUNA,CALFIRE-2018-00085,20180606,30,14,1.12,0.45,0.0,,,0,0,0,0,0,,0,0
4090,MARTIN,CALFIRE-2018-00086,20180606,47,5,36.81,14.9,1.0,,,0,0,0,0,0,,0,0
4091,RECYCLE,CALFIRE-2018-00087,20180606,37,4,248.38,100.52,4.0,,,0,0,0,0,0,,0,0
4092,SANKEY,CALFIRE-2018-00088,20180606,58,11,77.71,31.45,0.0,,,0,0,0,0,0,,0,0
4093,CARTER,CALFIRE-2018-00089,20180607,5,9,20.33,8.23,4.0,,,0,0,0,0,0,,0,0
4094,INDIO,CALFIRE-2018-00090,20180608,9,10,13.11,5.31,0.0,,,0,0,0,0,0,,0,0
4095,PEPPER,CALFIRE-2018-00091,20180608,15,14,29.91,12.1,0.0,,,0,0,0,0,0,,0,0
4096,APPLE,CALFIRE-2018-00092,20180609,52,2,2725.73,1103.06,0.0,,,0,0,0,0,0,,0,0
4097,CHROME2,CALFIRE-2018-00093,20180609,52,9,2259.09,914.22,0.0,,,0,0,0,0,0,,0,0
4098,SOUTH,CALFIRE-2018-00094,20180609,19,14,175.12,70.87,3.0,,,0,0,0,0,0,,0,0
4099,CHURCH 2,CALFIRE-2018-00095,20180611,37,10,11.05,4.47,1.0,,,0,0,0,0,0,,0,0
4100,ELEPHANT,CALFIRE-2018-00096,20180611,10,2,11.75,4.75,0.0,,,0,0,0,0,0,,0,0
4101,SANTIAGO,CALFIRE-2018-00097,20180611,30,14,154.97,62.71,3.0,,,0,0,0,0,0,,0,0
4102,ARROYO,CALFIRE-2018-00098,20180612,56,14,2.01,0.81,0.0,,,0,0,0,0,0,,0,0
4103,BEAVER,CALFIRE-2018-00099,20180612,27,9,194.36,78.65,6.0,,,0,0,0,0,0,,0,0
4104,CORONADO,CALFIRE-2018-00100,20180612,56,14,1.85,0.75,0.0,,,0,0,0,0,0,,0,0
4105,LIBERTY,CALFIRE-2018-00101,20180612,9,5,63.64,25.75,0.0,,,0,0,0,0,0,,0,0
4106,OBERLIN,CALFIRE-2018-00102,20180612,47,2,2.2,0.89,0.0,,,0,0,0,0,0,,0,0
4107,TELEGRAPH,CALFIRE-2018-00103,20180612,56,14,7.06,2.86,0.0,,,0,0,0,0,0,,0,0
4108,TOWNSITE,CALFIRE-2018-00104,20180612,40,2,5.65,2.29,0.0,,,0,0,0,0,0,,0,0
4109,UTICA,CALFIRE-2018-00105,20180612,10,2,24.16,9.78,0.0,,,0,0,0,0,0,,0,0
4110,EUCLID,CALFIRE-2018-00106,20180613,33,14,156.38,63.28,10.0,,,0,0,0,0,0,,0,0
4111,LIVE OAK,CALFIRE-2018-00107,20180613,30,14,1.71,0.69,0.0,,,0,0,0,0,0,,0,0
4112,RESORT,CALFIRE-2018-00108,20180613,40,14,12.96,5.24,0.0,,,0,0,0,0,0,,0,0
4113,VISTA,CALFIRE-2018-00109,20180613,45,2,59.22,23.97,0.0,40.68334,-122.15937,0,0,0,0,0,,0,0
4114,CRESTON,CALFIRE-2018-00110,20180614,40,10,56.45,22.85,0.0,,,0,0,0,0,0,,0,0
4115,TREE,CALFIRE-2018-00111,20180614,56,2,0.72,0.29,0.0,,,0,0,0,0,0,,0,0
4116,TUMBLEWEED,CALFIRE-2018-00112,20180614,18,10,645.41,261.19,5.0,,,0,0,0,0,0,,0,0
4117,BOYER,CALFIRE-2018-00113,20180615,22,2,52.85,21.39,1.0,,,0,0,0,0,0,,0,0
4118,PLANADA,CALFIRE-2018-00114,20180615,22,2,4564.1,1847.03,0.0,,,0,0,0,0,0,,0,0
4119,RIVER,CALFIRE-2018-00115,20180616,56,14,0.88,0.36,0.0,39.06294,-122.96425,0,0,0,0,0,,0,0
4120,HOOPER,CALFIRE-2018-00116,20180618,15,9,12.81,5.18,18.0,,,0,0,0,0,0,,0,0
4121,LIONS,CALFIRE-2018-00117,20180618,59,1,13461.37,5447.63,163.0,,,0,0,0,0,0,,0,0
4122,SOUTH,CALFIRE-2018-00118,20180618,15,14,2.08,0.84,0.0,,,0,0,0,0,0,,0,0
4123,SYCAMORE,CALFIRE-2018-00119,20180618,10,14,10.56,4.28,1.0,,,0,0,0,0,0,,0,0
4124,WHEELER,CALFIRE-2018-00120,20180618,22,14,124.8,50.5,2.0,,,0,0,0,0,0,,0,0
4125,PERKINS,CALFIRE-2018-00121,20180619,56,14,0.3,0.12,0.0,,,0,0,0,0,0,,0,0
4126,RANCHITA,CALFIRE-2018-00122,20180619,27,10,12.86,5.2,0.0,,,0,0,0,0,0,,0,0
4127,WEST,CALFIRE-2018-00123,20180619,47,2,2.17,0.88,0.0,32.82945,-116.74702,0,0,0,0,0,,0,0
4128,AIRLINE,CALFIRE-2018-00124,20180621,27,11,1312.84,531.29,1.0,,,0,0,0,0,0,,0,0
4129,SUN,CALFIRE-2018-00125,20180621,19,14,0.91,0.37,0.0,,,0,0,0,0,0,,0,0
4130,BASCOM,CALFIRE-2018-00126,20180623,45,2,336.73,136.27,0.0,,,0,0,0,0,0,,0,0
4131,CANYON,CALFIRE-2018-00127,20180623,42,2,62.01,25.1,21.0,,,0,0,0,0,0,,0,0
4132,PAWNEE,CALFIRE-2018-00128,20180623,17,9,15196.92,6149.98,12.0,39.07836,-122.60071,22,6,0,0,0,,0,0
4133,CREEK,CALFIRE-2018-00129,20180624,45,7,71.65,29.0,2.0,40.47591,-122.49444,12,0,0,0,0,,0,0
4134,DUMP,CALFIRE-2018-00130,20180624,45,7,1220.09,493.75,3.0,,,0,0,0,0,0,,0,0
4135,FLAT,CALFIRE-2018-00131,20180624,5,14,163.38,66.12,10.0,,,0,0,0,0,0,,0,0
4136,GRIFFEN,CALFIRE-2018-00132,20180624,27,7,10.37,4.2,3.0,,,0,0,0,0,0,,0,0
4137,HONEYBEE,CALFIRE-2018-00133,20180624,45,7,7.64,3.09,0.0,,,0,0,0,0,0,,0,0
4138,LANE,CALFIRE-2018-00134,20180624,52,7,3416.66,1382.67,0.0,,,0,0,0,0,0,,0,0
4139,PANTHER,CALFIRE-2018-00135,20180624,45,7,386.11,156.25,3.0,,,0,0,0,0,0,,0,0
4140,STOLL,CALFIRE-2018-00136,20180624,52,14,258.69,104.69,0.0,40.17409,-122.26217,24,6,0,0,0,,0,0
4141,HORSE,CALFIRE-2018-00137,20180625,5,14,79.39,32.13,10.0,37.96522,-120.69422,2,0,0,0,0,,0,0
4142,SAN ARDO,CALFIRE-2018-00138,20180625,27,9,287.01,116.15,1.0,,,0,0,0,0,0,,0,0
4143,SHIPPEE,CALFIRE-2018-00139,20180626,4,11,357.34,144.61,0.0,,,0,0,0,0,0,,0,0
4144,ANCHOR,CALFIRE-2018-00140,20180627,10,7,78.96,31.95,2.0,,,0,0,0,0,0,,0,0
4145,CHERRY,CALFIRE-2018-00141,20180627,47,5,62.81,25.42,5.0,,,0,0,0,0,0,,0,0
4146,GOLD,CALFIRE-2018-00142,20180627,59,14,0.43,0.17,37.0,,,0,0,0,0,0,,0,0
4147,HYATT,CALFIRE-2018-00143,20180627,18,8,431.54,174.64,2.0,40.31746,-120.44914,4,0,0,0,0,,0,0
4148,OLSEN,CALFIRE-2018-00144,20180627,56,14,27.96,11.31,1.0,,,0,0,0,0,0,,0,0
4149,FLAT,CALFIRE-2018-00145,20180628,45,14,129.75,52.51,2.0,,,0,0,0,0,0,,0,0
4150,SULPHUR,CALFIRE-2018-00146,20180628,56,2,0.09,0.04,0.0,,,0,0,0,0,0,,0,0
4151,GRANT,CALFIRE-2018-00147,20180629,9,10,50.66,20.5,0.0,37.83595,-121.60298,0,0,0,0,0,,0,0
4152,NELSON,CALFIRE-2018-00148,20180629,58,14,30.21,12.22,4.0,,,0,0,0,0,0,,0,0
4153,RANCHO,CALFIRE-2018-00149,20180629,58,14,22.12,8.95,1.0,,,0,0,0,0,0,,0,0
4154,TESLA,CALFIRE-2018-00150,20180629,43,14,70.02,28.34,1.0,,,0,0,0,0,0,,0,0
4155,WAVERLY,CALFIRE-2018-00151,20180629,5,2,11759.62,4758.95,41.0,38.01407,-120.83817,1,0,0,0,0,,0,0
4156,BEACH,CALFIRE-2018-00152,20180630,56,9,0.52,0.21,0.0,,,0,0,0,0,0,,0,0
4157,COUNTY,CALFIRE-2018-00153,20180630,57,14,89831.15,36353.41,11.0,38.76687,-122.17939,29,4,0,1,0,,0,0
4158,CREEK,CALFIRE-2018-00154,20180630,36,9,32.7,13.24,20.0,40.47591,-122.49444,0,0,0,0,0,,0,0
4159,KNOLL,CALFIRE-2018-00155,20180630,56,14,0.13,0.05,0.0,,,0,0,0,0,0,,0,0
4160,RIDGE,CALFIRE-2018-00156,20180630,31,2,4.95,2.0,2.0,38.86791,-121.16237,0,1,0,0,0,,0,0
4161,NICOLAUS,CALFIRE-2018-00157,20180701,31,2,4.86,1.97,1.0,38.89659,-121.40182,0,1,0,0,0,,0,0
4162,PETERSBURG,CALFIRE-2018-00158,20180701,47,9,225.6,91.3,96.0,,,0,0,0,0,0,,0,0
4163,SPENCE,CALFIRE-2018-00159,20180701,58,9,22.57,9.13,5.0,,,0,0,0,0,0,,0,0
4164,VICTORIA,CALFIRE-2018-00160,20180702,56,14,0.66,0.27,0.0,,,0,0,0,0,0,,0,0
4165,BASELINE,CALFIRE-2018-00161,20180703,58,14,19.92,8.06,1.0,,,0,0,0,0,0,,0,0
4166,SHELL,CALFIRE-2018-00162,20180704,10,2,8.84,3.58,0.0,,,0,0,0,0,0,,0,0
4167,SHINGLE,CALFIRE-2018-00163,20180704,9,7,315.99,127.88,0.0,,,0,0,0,0,0,,0,0
4168,KLAMATHON,CALFIRE-2018-00164,20180705,47,5,38008.79,15381.63,16.0,41.90338,-122.56385,83,12,0,0,0,,0,0
4169,BOX,CALFIRE-2018-00165,20180706,36,2,61.23,24.78,14.0,,,0,0,0,0,0,,0,0
4170,BRIDAL,CALFIRE-2018-00166,20180706,43,14,120.34,48.7,1.0,,,0,0,0,0,0,,0,0
4171,BUILDING,CALFIRE-2018-00167,20180706,37,9,10.42,4.22,1.0,,,0,0,0,0,0,,0,0
4172,HOLIDAY,CALFIRE-2018-00168,20180706,42,14,118.01,47.76,3.0,34.46218,-119.8302,24,3,0,0,0,,0,0
4173,IRISH,CALFIRE-2018-00169,20180706,3,2,824.98,333.86,4.0,38.41122,-120.90696,1,1,0,0,0,,0,0
4174,LEMON,CALFIRE-2018-00170,20180706,56,14,0.17,0.07,0.0,,,0,0,0,0,0,,0,0
4175,PENDLETON,CALFIRE-2018-00171,20180706,59,14,1237.65,500.86,4.0,,,0,0,0,0,0,,0,0
4176,SOUTH MOUNTAIN,CALFIRE-2018-00172,20180706,56,14,0.02,0.01,0.0,,,0,0,0,0,0,,0,0
4177,VALLEY,CALFIRE-2018-00173,20180706,36,9,1343.21,543.58,14.0,,,0,0,0,0,0,,0,0
4178,WEST,CALFIRE-2018-00174,20180706,37,2,505.4,204.53,4.0,32.82945,-116.74702,48,14,0,1,0,,0,0
4179,TERMO,CALFIRE-2018-00175,20180707,18,10,13.89,5.62,0.0,,,0,0,0,0,0,,0,0
4180,BURSON,CALFIRE-2018-00176,20180708,56,2,0.14,0.06,0.0,,,0,0,0,0,0,,0,0
4181,GEORGES,CALFIRE-2018-00177,20180708,14,1,2942.35,1190.73,56.0,,,0,0,0,0,0,,0,0
4182,LEBEC,CALFIRE-2018-00178,20180708,15,14,45.5,18.41,1.0,,,0,0,0,0,0,,0,0
4183,AGUA CALIENTE,CALFIRE-2018-00179,20180709,15,11,108.66,43.97,1.0,,,0,0,0,0,0,,0,0
4184,ALICIA,CALFIRE-2018-00180,20180709,30,14,0.32,0.13,0.0,,,0,0,0,0,0,,0,0
4185,DALE,CALFIRE-2018-00181,20180709,52,14,722.36,292.33,0.0,,,0,0,0,0,0,,0,0
4186,GRANT,CALFIRE-2018-00182,20180709,7,9,632.33,255.89,0.0,37.83595,-121.60298,1,0,0,0,0,,0,0
4187,LIMANTOUR,CALFIRE-2018-00183,20180709,59,10,1.35,0.55,1.0,,,0,0,0,0,0,,0,0
4188,SPRING 2,CALFIRE-2018-00184,20180709,17,14,121.86,49.31,2.0,,,0,0,0,0,0,,0,0
4189,DARK,CALFIRE-2018-00185,20180710,4,2,10.92,4.42,0.0,,,0,0,0,0,0,,0,0
4190,PANOCHE,CALFIRE-2018-00186,20180711,27,14,213.35,86.34,4.0,,,0,0,0,0,0,,0,0
4191,SANTIAGO CANYON,CALFIRE-2018-00187,20180711,30,14,0.21,0.09,0.0,,,0,0,0,0,0,,0,0
4192,ALMOND,CALFIRE-2018-00188,20180712,40,11,3.66,1.48,0.0,,,0,0,0,0,0,,0,0
4193,IDRIA,CALFIRE-2018-00189,20180712,27,9,110.17,44.58,3.0,,,0,0,0,0,0,,0,0
4194,LOST,CALFIRE-2018-00190,20180712,59,9,6.8,2.75,18.0,,,0,0,0,0,0,,0,0
4195,STONEY,CALFIRE-2018-00191,20180712,4,14,954.61,386.32,57.0,,,0,0,0,0,0,,0,0
4196,DITCH,CALFIRE-2018-00192,20180713,56,14,0.13,0.05,0.0,,,0,0,0,0,0,,0,0
4197,FERGUSON,CALFIRE-2018-00193,20180713,59,9,96831.23,39186.24,138.0,,,0,0,2,28,0,,0,0
4198,TILTILL,CALFIRE-2018-00194,20180713,59,1,14.1,5.71,39.0,,,0,0,0,0,0,,0,0
4199,COYOTE,CALFIRE-2018-00195,20180714,18,1,15.43,6.24,5.0,,,0,0,0,0,0,,0,0
4200,EAGLE,CALFIRE-2018-00196,20180714,18,2,2097.88,848.98,23.0,,,0,0,0,0,0,,0,0
4201,KELLY,CALFIRE-2018-00197,20180714,25,1,52.76,21.35,20.0,,,0,0,0,0,0,,0,0
4202,LARIAT,CALFIRE-2018-00198,20180714,52,14,29.67,12.01,0.0,,,0,0,0,0,0,,0,0
4203,3-10 VALLEY,CALFIRE-2018-00199,20180715,18,1,57.04,23.08,3.0,,,0,0,0,0,0,,0,0
4204,3-13 MUCK,CALFIRE-2018-00200,20180715,18,1,9.69,3.92,5.0,,,0,0,0,0,0,,0,0
4205,3-16 PIT,CALFIRE-2018-00201,20180715,18,1,76.46,30.94,6.0,,,0,0,0,0,0,,0,0
4206,3-18 SNAG,CALFIRE-2018-00202,20180715,18,1,30.37,12.29,7.0,,,0,0,0,0,0,,0,0
4207,DUNES,CALFIRE-2018-00203,20180715,56,14,0.0,0.0,0.0,,,0,0,0,0,0,,0,0
4208,H-2 CAMP,CALFIRE-2018-00204,20180715,45,1,56.61,22.91,110.0,,,0,0,0,0,0,,0,0
4209,JOHNSON,CALFIRE-2018-00205,20180715,12,7,15.27,6.18,1.0,,,0,0,0,0,0,,0,0
4210,MEADOW,CALFIRE-2018-00206,20180715,25,1,60.64,24.54,21.0,,,0,0,0,0,0,,0,0
4211,STEAMBOAT,CALFIRE-2018-00207,20180715,47,1,223.86,90.59,5.0,,,0,0,0,0,0,,0,0
4212,COOPERSTOWN,CALFIRE-2018-00208,20180716,5,7,107.0,43.3,5.0,,,0,0,0,0,0,,0,0
4213,LUNA,CALFIRE-2018-00209,20180716,56,9,0.52,0.21,0.0,,,0,0,0,0,0,,0,0
4214,BORDER 8,CALFIRE-2018-00210,20180717,37,7,28.34,11.47,0.0,,,0,0,0,0,0,,0,0
4215,CAMP,CALFIRE-2018-00211,20180717,40,11,13.54,5.48,0.0,39.76354,-121.5988,0,0,0,0,0,,0,0
4216,MATTIE,CALFIRE-2018-00212,20180717,40,10,0.78,0.32,0.0,,,0,0,0,0,0,,0,0
4217,WOODCHOPPER 1,CALFIRE-2018-00213,20180717,42,11,19.24,7.79,0.0,,,0,0,0,0,0,,0,0
4218,CRUCES,CALFIRE-2018-00214,20180718,42,10,77.55,31.38,1.0,,,0,0,0,0,0,,0,0
4219,EIGHTY EIGHT,CALFIRE-2018-00215,20180718,17,14,822.23,332.74,3.0,,,0,0,0,0,0,,0,0
4220,JUNIPER,CALFIRE-2018-00216,20180718,25,1,79.81,32.3,13.0,,,0,0,0,0,0,,0,0
4221,SPRING,CALFIRE-2018-00217,20180718,45,1,20.04,8.11,42.0,37.34522,-121.6249,0,0,0,0,0,,0,0
4222,THOUSAND,CALFIRE-2018-00218,20180718,58,11,12.75,5.16,0.0,,,0,0,0,0,0,,0,0
4223,ADAMS,CALFIRE-2018-00219,20180719,42,1,19.0,7.69,13.0,,,0,0,0,0,0,,0,0
4224,HORSE CREEK,CALFIRE-2018-00220,20180719,59,1,34.52,13.97,49.0,,,0,0,0,0,0,,0,0
4225,SIMMONS,CALFIRE-2018-00221,20180719,4,7,32.68,13.22,0.0,,,0,0,0,0,0,,0,0
4226,SKYLINE,CALFIRE-2018-00222,20180719,37,9,281.62,113.97,15.0,,,0,0,0,0,0,,0,0
4227,SKYLINE LRA,CALFIRE-2018-00223,20180719,33,14,281.62,113.97,16.0,,,0,0,0,0,0,,0,0
4228,CINNAMON,CALFIRE-2018-00224,20180720,37,2,11.99,4.85,0.0,,,0,0,0,0,0,,0,0
4229,WINDMILL,CALFIRE-2018-00225,20180720,42,2,90.15,36.48,3.0,,,0,0,0,0,0,,0,0
4230,CARDER,CALFIRE-2018-00226,20180721,17,14,50.17,20.3,0.0,38.91321,-122.86848,1,0,0,0,0,,0,0
4231,ROBLAR,CALFIRE-2018-00227,20180721,56,14,1.53,0.62,0.0,,,0,0,0,0,0,,0,0
4232,BATTLE,CALFIRE-2018-00228,20180722,25,1,220.33,89.16,51.0,,,0,0,0,0,0,,0,0
4233,COUNTRY,CALFIRE-2018-00229,20180722,43,14,321.4,130.07,95.0,,,0,0,0,0,0,,0,0
4234,POKER,CALFIRE-2018-00230,20180722,59,14,4.84,1.96,149.0,,,0,0,0,0,0,,0,0
4235,CARR,CALFIRE-2018-00231,20180723,45,10,229651.4,92936.71,40.0,40.60253,-122.46657,1611,279,2,0,0,,0,0
4236,GULCH,CALFIRE-2018-00232,20180723,47,1,0.27,0.11,3.0,,,0,0,0,0,0,,0,0
4237,NORTH,CALFIRE-2018-00233,20180723,47,1,2.15,0.87,3.0,,,0,0,0,0,0,,0,0
4238,PICO,CALFIRE-2018-00234,20180723,19,14,111.35,45.06,1.0,,,0,0,0,0,0,,0,0
4239,ROLLING,CALFIRE-2018-00235,20180723,56,14,0.01,0.0,0.0,,,0,0,0,0,0,,0,0
4240,CRESTLINE,CALFIRE-2018-00236,20180724,45,14,60.49,24.48,0.0,,,0,0,0,0,0,,0,0
4241,CROCKER,CALFIRE-2018-00237,20180724,32,1,87.35,35.35,75.0,,,0,0,0,0,0,,0,0
4242,LAKE,CALFIRE-2018-00238,20180724,5,14,18.63,7.54,3.0,,,0,0,0,0,0,,0,0
4243,CRANSTON,CALFIRE-2018-00239,20180725,33,7,13229.16,5353.66,143.0,33.72895,-116.73172,12,5,0,0,0,,0,0
4244,HIDDEN,CALFIRE-2018-00240,20180725,27,14,38.79,15.7,0.0,,,0,0,0,0,0,,0,0
4245,MARTINEZ,CALFIRE-2018-00241,20180725,59,14,24.78,10.03,1.0,,,0,0,0,6,0,,0,0
4246,MARSH,CALFIRE-2018-00242,20180726,7,14,247.05,99.98,9.0,37.89181,-121.85482,1,0,0,0,0,,0,0
4247,ROXIE,CALFIRE-2018-00243,20180726,18,14,256.15,103.66,1.0,,,0,0,0,0,0,,0,0
4248,RANCH,CALFIRE-2018-00244,20180727,17,9,410202.5,166003.21,54.0,39.20782,-122.93535,246,27,0,0,0,,0,0
4249,RIVER,CALFIRE-2018-00245,20180727,17,14,48920.39,19797.4,14.0,39.06294,-122.96425,35,11,0,0,0,,0,0
4250,CORNER,CALFIRE-2018-00246,20180728,45,14,94.28,38.15,0.0,,,0,0,0,0,0,,0,0
4251,RIBBON,CALFIRE-2018-00247,20180728,36,14,222.28,89.95,6.0,,,0,0,0,0,0,,0,0
4252,ROCK 5,CALFIRE-2018-00248,20180728,37,14,206.26,83.47,5.0,,,0,0,0,0,0,,0,0
4253,STEELE,CALFIRE-2018-00249,20180728,28,14,136.8,55.36,4.0,38.5118,-122.18235,8,4,0,0,0,,0,0
4254,LAGUNA,CALFIRE-2018-00250,20180729,40,2,1.12,0.45,0.0,,,0,0,0,0,0,,0,0
4255,OIL,CALFIRE-2018-00251,20180729,15,14,2.93,1.19,0.0,,,0,0,0,0,0,,0,0
4256,PASQUAL,CALFIRE-2018-00252,20180729,37,14,327.59,132.57,142.0,,,0,0,0,0,0,,0,0
4257,UNICORN,CALFIRE-2018-00253,20180729,59,1,2.77,1.12,124.0,,,0,0,0,0,0,,0,0
4258,FAIRVIEW,CALFIRE-2018-00254,20180730,56,9,0.29,0.12,0.0,,,0,0,0,0,0,,0,0
4259,HUNTER,CALFIRE-2018-00255,20180730,59,9,4.4,1.78,0.0,,,0,0,0,0,0,,0,0
4260,NO NAME,CALFIRE-2018-00256,20180730,56,9,0.0,0.0,0.0,,,0,0,0,0,0,,0,0
4261,BUTTE,CALFIRE-2018-00257,20180731,58,14,1237.57,500.83,2.0,,,0,0,0,0,0,,0,0
4262,EEL,CALFIRE-2018-00258,20180731,17,9,939.28,380.12,72.0,,,0,0,0,0,0,,0,0
4263,HOT CREEK,CALFIRE-2018-00259,20180731,59,1,436.23,176.54,29.0,,,0,0,0,0,0,,0,0
4264,OWENS,CALFIRE-2018-00260,20180731,14,1,308.78,124.96,29.0,,,0,0,0,0,0,,0,0
4265,BUMPER,CALFIRE-2018-00261,20180801,9,14,66.74,27.01,2.0,,,0,0,0,0,0,,0,0
4266,DONNELL,CALFIRE-2018-00262,20180801,59,4,36461.42,14755.43,119.0,,,0,0,0,0,0,,0,0
4267,NORTH BUBBS,CALFIRE-2018-00263,20180801,59,1,173.52,70.22,36.0,,,0,0,0,0,0,,0,0
4268,OMEGA,CALFIRE-2018-00264,20180801,9,14,66.69,26.99,1.0,38.82599,-121.0344,1,6,0,0,0,,0,0
4269,SUNSET,CALFIRE-2018-00265,20180801,58,14,692.54,280.26,2.0,,,0,0,0,0,0,,0,0
4270,TAPO,CALFIRE-2018-00266,20180801,56,14,9.72,3.93,0.0,,,0,0,0,0,0,,0,0
4271,DUTCH,CALFIRE-2018-00267,20180802,9,14,197.55,79.95,3.0,,,0,0,0,0,0,,0,0
4272,SAN MATEO CAMPGROUND,CALFIRE-2018-00268,20180802,59,14,2.91,1.18,0.0,,,0,0,0,0,0,,0,0
4273,TARINA,CALFIRE-2018-00269,20180803,15,14,3516.18,1422.95,1.0,,,0,0,0,0,0,,0,0
4274,ROCKY,CALFIRE-2018-00270,20180804,56,9,0.05,0.02,0.0,,,0,0,0,0,0,,0,0
4275,UNNAMED,CALFIRE-2018-00271,20180804,15,14,17.67,7.15,0.0,,,0,0,0,0,0,,0,0
4276,WAGNER,CALFIRE-2018-00272,20180804,22,11,22.01,8.91,3.0,37.71228,-120.10882,7,0,0,0,0,,0,0
4277,CONSTANTIA,CALFIRE-2018-00273,20180805,18,14,11.73,4.75,1.0,,,0,0,0,0,0,,0,0
4278,COTO,CALFIRE-2018-00274,20180805,30,14,0.74,0.3,0.0,,,0,0,0,0,0,,0,0
4279,JAMBOREE,CALFIRE-2018-00275,20180805,30,14,0.07,0.03,0.0,,,0,0,0,0,0,,0,0
4280,LIKELY,CALFIRE-2018-00276,20180805,18,10,16.19,6.55,2.0,,,0,0,0,0,0,,0,0
4281,PARROTTS,CALFIRE-2018-00277,20180805,5,14,135.99,55.03,15.0,,,0,0,0,0,0,,0,0
4282,WHALEBACK,CALFIRE-2018-00278,20180805,45,14,18701.9,7568.4,1.0,,,0,0,0,0,0,,0,0
4283,CASNER 2,CALFIRE-2018-00279,20180806,37,2,13.92,5.63,0.0,,,0,0,0,0,0,,0,0
4284,HOLY,CALFIRE-2018-00280,20180806,30,9,23025.4,9318.06,72.0,33.68264,-117.43294,24,18,0,0,0,,0,0
4285,KING,CALFIRE-2018-00281,20180806,59,9,11.46,4.64,4.0,,,0,0,0,0,0,,0,0
4286,NEWTON,CALFIRE-2018-00282,20180806,58,14,62.27,25.2,2.0,,,0,0,0,0,0,,0,0
4287,SOUTH,CALFIRE-2018-00283,20180806,5,10,292.31,118.29,2.0,,,0,0,0,0,0,,0,0
4288,TURKEY,CALFIRE-2018-00284,20180806,27,9,2222.98,899.61,1.0,,,0,0,0,0,0,,0,0
4289,MURPHY,CALFIRE-2018-00285,20180807,32,9,117.08,47.38,61.0,,,0,0,0,0,0,,0,0
4290,EAST,CALFIRE-2018-00286,20180808,17,14,40.67,16.46,1.0,,,0,0,0,0,0,,0,0
4291,HAT,CALFIRE-2018-00287,20180809,45,9,1769.34,716.03,3.0,,,0,0,0,0,0,,0,0
4292,HIRZ,CALFIRE-2018-00288,20180809,45,9,40608.43,16433.66,37.0,,,0,0,0,0,0,,0,0
4293,MOORE,CALFIRE-2018-00289,20180809,45,9,5574.38,2255.87,37.0,,,0,0,0,0,0,,0,0
4294,SYAR,CALFIRE-2018-00290,20180809,17,14,10.19,4.12,0.0,,,0,0,0,0,0,,0,0
4295,NELSON,CALFIRE-2018-00291,20180810,17,9,2158.43,873.49,2.0,,,0,0,0,0,0,,0,0
4296,GULCH,CALFIRE-2018-00292,20180811,27,2,683.05,276.42,0.0,,,0,0,0,0,0,,0,0
4297,CASITAS,CALFIRE-2018-00293,20180812,56,14,15.86,6.42,1.0,,,0,0,0,0,0,,0,0
4298,OAK,CALFIRE-2018-00294,20180812,58,14,8.58,3.47,0.0,,,0,0,0,0,0,,0,0
4299,QUARANTINE,CALFIRE-2018-00295,20180815,25,1,27.65,11.19,14.0,,,0,0,0,0,0,,0,0
4300,RIVER_7,CALFIRE-2018-00296,20180815,54,14,496.2,200.8,3.0,,,0,0,0,0,0,,0,0
4301,STONE,CALFIRE-2018-00297,20180815,25,1,39584.29,16019.21,14.0,,,0,0,0,0,0,,0,0
4302,MADRONA,CALFIRE-2018-00298,20180816,17,14,12.98,5.25,0.0,,,0,0,0,0,0,,0,0
4303,PINE,CALFIRE-2018-00299,20180816,15,14,111.37,45.07,1.0,,,0,0,0,0,0,,0,0
4304,CALL,CALFIRE-2018-00300,20180818,15,9,367.65,148.78,22.0,,,0,0,0,0,0,,0,0
4305,DULCE,CALFIRE-2018-00301,20180818,19,15,9.18,3.71,0.0,,,0,0,0,0,0,,0,0
4306,CREEK,CALFIRE-2018-00302,20180819,40,2,3.04,1.23,0.0,40.47591,-122.49444,0,0,0,0,0,,0,0
4307,FRONT,CALFIRE-2018-00303,20180819,42,9,1013.33,410.08,80.0,,,0,0,0,0,0,,0,0
4308,GORGE,CALFIRE-2018-00304,20180819,45,14,154.56,62.55,365.0,,,0,0,0,0,0,,0,0
4309,ANNETTE,CALFIRE-2018-00305,20180820,15,14,2.23,0.9,0.0,,,0,0,0,0,0,,0,0
4310,SCHOOL,CALFIRE-2018-00306,20180820,12,9,7.96,3.22,0.0,,,0,0,0,0,0,,0,0
4311,BROMLEY,CALFIRE-2018-00307,20180825,56,9,0.08,0.03,0.0,,,0,0,0,0,0,,0,0
4312,CACHE,CALFIRE-2018-00308,20180826,17,14,103.55,41.91,2.0,,,0,0,0,0,0,,0,0
4313,CLIFF,CALFIRE-2018-00309,20180828,59,14,1.61,0.65,0.0,,,0,0,0,0,0,,0,0
4314,FISH,CALFIRE-2018-00310,20180830,10,9,1.01,0.41,0.0,,,0,0,0,0,0,,0,0
4315,GRADE,CALFIRE-2018-00311,20180830,17,14,58.44,23.65,0.0,,,0,0,0,0,0,,0,0
4316,MCGEE,CALFIRE-2018-00312,20180830,59,14,11.74,4.75,3.0,,,0,0,0,0,0,,0,0
4317,NATIONAL,CALFIRE-2018-00313,20180830,15,14,1.12,0.45,0.0,,,0,0,0,0,0,,0,0
4318,SILVER KING,CALFIRE-2018-00314,20180830,59,14,11.85,4.8,1.0,,,0,0,0,0,0,,0,0
4319,STERLING,CALFIRE-2018-00315,20180831,36,9,69.48,28.12,7.0,,,0,0,0,0,0,,0,0
4320,MANZANITA,CALFIRE-2018-00316,20180901,27,11,59.66,24.14,1.0,,,0,0,0,0,0,,0,0
4321,OGILVY,CALFIRE-2018-00317,20180901,42,1,165.26,66.88,45.0,,,0,0,0,0,0,,0,0
4322,ESSEX,CALFIRE-2018-00318,20180902,25,1,19.31,7.81,14.0,,,0,0,0,0,0,,0,0
4323,RIDGE,CALFIRE-2018-00319,20180902,17,14,35.2,14.25,1.0,38.86791,-121.16237,0,0,0,0,0,,0,0
4324,SPRING,CALFIRE-2018-00320,20180902,17,10,47.0,19.02,0.0,37.34522,-121.6249,2,0,0,0,0,,0,0
4325,KELSEY,CALFIRE-2018-00321,20180903,17,14,24.47,9.9,0.0,,,0,0,0,0,0,,0,0
4326,NORTH,CALFIRE-2018-00322,20180903,31,4,1119.77,453.16,44.0,,,0,0,0,0,0,,0,0
4327,INDIAN,CALFIRE-2018-00323,20180904,59,1,358.21,144.96,83.0,,,0,0,0,0,0,,0,0
4328,KERLIN,CALFIRE-2018-00324,20180904,45,9,1752.57,709.24,13.0,,,0,0,0,0,0,,0,0
4329,RICE,CALFIRE-2018-00325,20180904,18,14,13.5,5.46,4.0,,,0,0,0,0,0,,0,0
4330,SLIGER,CALFIRE-2018-00326,20180904,9,14,134.9,54.59,3.0,,,0,0,0,0,0,,0,0
4331,DELTA,CALFIRE-2018-00327,20180905,45,9,63505.61,25699.83,34.0,40.97902,-122.44349,42,4,0,0,0,,0,0
4332,MILL CREEK 1,CALFIRE-2018-00328,20180905,59,14,3676.68,1487.9,1.0,,,0,0,0,0,0,,0,0
4333,ANTELOPE,CALFIRE-2018-00329,20180906,40,10,0.41,0.17,0.0,,,0,0,0,0,0,,0,0
4334,PADDOCK,CALFIRE-2018-00330,20180906,59,10,0.92,0.37,0.0,,,0,0,0,0,0,,0,0
4335,RANCHERIA,CALFIRE-2018-00331,20180908,59,1,54.72,22.14,83.0,,,0,0,0,0,0,,0,0
4336,SNELL,CALFIRE-2018-00332,20180908,17,14,2488.22,1006.95,7.0,,,0,0,0,0,0,,0,0
4337,VANTAGE,CALFIRE-2018-00333,20180908,19,3,0.12,0.05,0.0,,,0,0,0,0,0,,0,0
4338,FAIRMONT,CALFIRE-2018-00334,20180909,19,14,219.3,88.75,0.0,,,0,0,0,0,0,,0,0
4339,FORK,CALFIRE-2018-00335,20180909,19,9,138.71,56.13,26.0,,,0,0,0,0,0,,0,0
4340,RIATA,CALFIRE-2018-00336,20180909,5,9,14.59,5.9,3.0,,,0,0,0,0,0,,0,0
4341,TULLOCH,CALFIRE-2018-00337,20180909,5,10,574.99,232.69,4.0,,,0,0,0,0,0,,0,0
4342,DEL,CALFIRE-2018-00338,20180911,19,10,12.19,4.93,3.0,,,0,0,0,0,0,,0,0
4343,DIRT,CALFIRE-2018-00339,20180911,15,14,2.37,0.96,0.0,,,0,0,0,0,0,,0,0
4344,ROUND,CALFIRE-2018-00340,20180912,15,14,201.61,81.59,2.0,,,0,0,0,0,0,,0,0
4345,METZ,CALFIRE-2018-00341,20180913,27,11,411.99,166.73,2.0,,,0,0,0,0,0,,0,0
4346,BOOT,CALFIRE-2018-00342,20180914,59,14,6972.25,2821.57,3.0,,,0,0,0,0,0,,0,0
4347,COLONY,CALFIRE-2018-00343,20180914,40,11,2.11,0.85,0.0,,,0,0,0,0,0,,0,0
4348,SOBOBA,CALFIRE-2018-00344,20180914,33,14,21.58,8.73,1.0,,,0,0,0,0,0,,0,0
4349,B2 - YORBA,CALFIRE-2018-00345,20180915,30,14,0.1,0.04,0.0,,,0,0,0,0,0,,0,0
4350,BASKET,CALFIRE-2018-00346,20180915,15,4,15.45,6.25,16.0,,,0,0,0,0,0,,0,0
4351,RESERVOIR,CALFIRE-2018-00347,20180916,40,11,51.22,20.73,0.0,,,0,0,0,0,0,,0,0
4352,CANADA,CALFIRE-2018-00348,20180918,56,14,0.0,0.0,0.0,,,0,0,0,0,0,,0,0
4353,YOSEMITE,CALFIRE-2018-00349,20180918,56,14,60.46,24.47,0.0,,,0,0,0,0,0,,0,0
4354,MYERS,CALFIRE-2018-00350,20180920,9,14,10.13,4.1,2.0,,,0,0,0,0,0,,0,0
4355,CHARLIE,CALFIRE-2018-00351,20180922,19,14,3350.53,1355.91,1.0,,,0,0,0,0,0,,0,0
4356,COPPER,CALFIRE-2018-00352,20180922,18,7,52.66,21.31,6.0,,,0,0,0,0,0,,0,0
4357,OAK,CALFIRE-2018-00353,20180922,22,8,359.31,145.41,7.0,,,0,0,0,0,0,,0,0
4358,THORNTREE,CALFIRE-2018-00354,20180925,58,14,25.01,10.12,0.0,,,0,0,0,0,0,,0,0
4359,COLLINS,CALFIRE-2018-00355,20180926,56,9,6.31,2.55,0.0,,,0,0,0,0,0,,0,0
4360,KENBROOK,CALFIRE-2018-00356,20180926,36,9,51.39,20.8,19.0,,,0,0,0,0,0,,0,0
4361,SILVER,CALFIRE-2018-00357,20180928,45,14,60.25,24.38,0.0,40.61224,-122.15312,1,0,0,0,0,,0,0
4362,WILSON,CALFIRE-2018-00358,20180928,45,9,261.37,105.77,63.0,,,0,0,0,0,0,,0,0
4363,COSTCO,CALFIRE-2018-00359,20180929,30,14,0.01,0.0,0.0,,,0,0,0,0,0,,0,0
4364,SHANDON,CALFIRE-2018-00360,20180929,40,14,80.1,32.42,0.0,,,0,0,0,0,0,,0,0
4365,EAGLE,CALFIRE-2018-00361,20181002,59,1,30.34,12.28,6.0,,,0,0,0,0,0,,0,0
4366,NACIMIENTO,CALFIRE-2018-00362,20181002,59,14,466.38,188.74,1.0,,,0,0,0,0,0,,0,0
4367,LOST,CALFIRE-2018-00363,20181003,14,1,46.23,18.71,56.0,,,0,0,0,0,0,,0,0
4368,ALDER,CALFIRE-2018-00364,20181004,15,1,4654.19,1883.48,74.0,,,0,0,0,0,0,,0,0
4369,EDEN,CALFIRE-2018-00365,20181004,59,1,1777.6,719.37,61.0,,,0,0,0,0,0,,0,0
4370,SUN,CALFIRE-2018-00366,20181008,52,10,3866.89,1564.88,0.0,,,0,0,0,0,0,,0,0
4371,IRON GATE,CALFIRE-2018-00367,20181010,47,2,15.11,6.12,2.0,,,0,0,0,0,0,,0,0
4372,MUREAU,CALFIRE-2018-00368,20181010,19,11,0.13,0.05,0.0,,,0,0,0,0,0,,0,0
4373,NORTH PARK,CALFIRE-2018-00369,20181012,59,9,34.77,14.07,3.0,,,0,0,0,0,0,,0,0
4374,THARPS,CALFIRE-2018-00370,20181012,59,1,1.36,0.55,47.0,,,0,0,0,0,0,,0,0
4375,WILDCAT,CALFIRE-2018-00371,20181012,5,9,26.82,10.85,1.0,,,0,0,0,0,0,,0,0
4376,DENNISON,CALFIRE-2018-00372,20181013,59,1,87.07,35.24,52.0,,,0,0,0,0,0,,0,0
4377,MOUNTAINEER,CALFIRE-2018-00373,20181013,15,1,1270.74,514.25,65.0,,,0,0,0,0,0,,0,0
4378,PRIEST,CALFIRE-2018-00374,20181013,27,2,171.94,69.58,0.0,,,0,0,0,0,0,,0,0
4379,WHISKEY,CALFIRE-2018-00375,20181015,5,14,9.71,3.93,11.0,,,0,0,0,0,0,,0,0
4380,MADERA,CALFIRE-2018-00376,20181016,56,14,0.06,0.03,0.0,,,0,0,0,0,0,,0,0
4381,QUAIL,CALFIRE-2018-00377,20181016,19,14,2.16,0.87,0.0,,,0,0,0,0,0,,0,0
4382,MOSES,CALFIRE-2018-00378,20181017,15,1,19.14,7.74,61.0,,,0,0,0,0,0,,0,0
4383,CAMINO,CALFIRE-2018-00379,20181019,40,10,58.53,23.69,0.0,,,0,0,0,0,0,,0,0
4384,KNOLLS,CALFIRE-2018-00380,20181019,59,4,1.21,0.49,1.0,,,0,0,0,0,0,,0,0
4385,NATCHEZ,CALFIRE-2018-00381,20181019,59,1,38117.85,15425.76,60.0,,,0,0,0,0,0,,0,0
4386,SOUTH,CALFIRE-2018-00382,20181019,56,14,5.84,2.36,0.0,,,0,0,0,0,0,,0,0
4387,MARIA,CALFIRE-2018-00383,20181022,56,14,0.38,0.15,0.0,,,0,0,0,0,0,,0,0
4388,RUTH,CALFIRE-2018-00384,20181024,10,2,14.02,5.68,0.0,,,0,0,0,0,0,,0,0
4389,ROCK,CALFIRE-2018-00385,20181029,15,14,1.74,0.7,1.0,,,0,0,0,0,0,,0,0
4390,FARM FIELD 3,CALFIRE-2018-00386,20181030,59,11,1.9,0.77,0.0,,,0,0,0,0,0,,0,0
4391,JUNES,CALFIRE-2018-00387,20181030,4,5,450.77,182.42,13.0,,,0,0,0,0,0,,0,0
4392,GRIMES,CALFIRE-2018-00388,20181031,56,2,0.2,0.08,1.0,,,0,0,0,0,0,,0,0
4393,SANTA MARIA,CALFIRE-2018-00389,20181031,19,14,1.35,0.55,0.0,,,0,0,0,0,0,,0,0
4394,WELDON,CALFIRE-2018-00390,20181101,19,2,0.09,0.03,0.0,,,0,0,0,0,0,,0,0
4395,SAN,CALFIRE-2018-00391,20181102,19,4,14.02,5.67,5.0,,,0,0,0,0,0,,0,0
4396,RINCON,CALFIRE-2018-00392,20181103,44,14,15.65,6.33,6.0,,,0,0,0,0,0,,0,0
4397,EDISON,CALFIRE-2018-00393,20181104,10,18,41.26,16.7,3.0,,,0,0,0,0,0,,0,0
4398,ADAMS,CALFIRE-2018-00394,20181105,52,11,55.53,22.47,0.0,,,0,0,0,0,0,,0,0
4399,COPCO,CALFIRE-2018-00395,20181107,19,9,6.98,2.82,7.0,,,0,0,0,0,0,,0,0
4400,CAMP,CALFIRE-2018-00396,20181108,4,11,153335.6,62052.77,18.0,39.76354,-121.5988,18804,754,86,12,0,,0,0
4401,HILL,CALFIRE-2018-00397,20181108,56,14,4310.06,1744.22,14.0,34.19613,-118.95935,4,2,0,0,0,,0,0
4402,ROADRUNNER,CALFIRE-2018-00398,20181108,56,14,0.61,0.25,0.0,,,0,0,0,0,0,,0,0
4403,STEARNS,CALFIRE-2018-00399,20181108,56,9,0.22,0.09,0.0,,,0,0,0,0,0,,0,0
4404,WOOLSEY,CALFIRE-2018-00400,20181108,19,11,89551.38,36240.19,12.0,34.06632,-118.81181,1643,364,3,0,0,,0,0
4405,SODA,CALFIRE-2018-00401,20181111,59,14,10.33,4.18,3.0,,,0,0,0,0,0,,0,0
4406,LYNN,CALFIRE-2018-00402,20181112,56,14,10.08,4.08,1.0,,,0,0,0,0,0,,0,0
4407,PEAK,CALFIRE-2018-00403,20181112,56,9,182.2,73.73,2.0,,,0,0,0,0,0,,0,0
4408,BUTTE_2,CALFIRE-2018-00404,20181113,58,14,40.3,16.31,0.0,,,0,0,0,0,0,,0,0
4409,BRIGGS,CALFIRE-2018-00405,20181115,56,14,154.46,62.51,1.0,,,0,0,0,0,0,,0,0
4410,BEAR,CALFIRE-2018-00406,20181116,44,14,9.02,3.65,0.0,,,0,0,0,0,0,,0,0
4411,PEKING,CALFIRE-2018-00407,20181116,56,9,0.04,0.02,0.0,,,0,0,0,0,0,,0,0
4412,SIGNBOARD,CALFIRE-2018-00408,20181116,59,14,81.15,32.84,1.0,,,0,0,0,0,0,,0,0
4413,VISTA,CALFIRE-2018-00409,20181116,56,2,1.4,0.57,0.0,40.68334,-122.15937,0,0,0,0,0,,0,0
4414,AMENO,CALFIRE-2018-00410,20181126,30,14,0.79,0.32,0.0,,,0,0,0,0,0,,0,0
4415,AGUA,CALFIRE-2018-00411,20181127,59,2,44.07,17.84,0.0,,,0,0,0,0,0,,0,0
4416,OAK,CALFIRE-2018-00412,20181225,19,11,2.18,0.88,0.0,,,0,0,0,0,0,,0,0
4417,DUNHAM,CALFIRE-2019-00001,20190313,15,14,30.29,12.26,3.0,,,0,0,0,0,0,,0,0
4418,GOOSE,CALFIRE-2019-00002,20190314,25,1,22.75,9.21,18.0,,,0,0,0,0,0,,0,0
4419,LINCOLN,CALFIRE-2019-00003,20190315,33,7,564.22,228.33,5.0,,,0,0,0,0,0,,0,0
4420,COTTONWOOD,CALFIRE-2019-00004,20190418,40,10,1.91,0.77,0.0,,,0,0,0,0,0,,0,0
4421,PANOCHE,CALFIRE-2019-00005,20190420,10,9,44.81,18.13,0.0,,,0,0,0,0,0,,0,0
4422,DEVIL,CALFIRE-2019-00006,20190424,10,11,50.14,20.29,0.0,,,0,0,0,0,0,,0,0
4423,ETNA,CALFIRE-2019-00007,20190425,47,5,3.24,1.31,0.0,,,0,0,0,0,0,,0,0
4424,YORK,CALFIRE-2019-00008,20190428,10,14,160.91,65.12,,,,0,0,0,0,0,,0,0
4425,VULCAN,CALFIRE-2019-00009,20190503,15,14,169.9,68.76,0.0,,,0,0,0,0,0,,0,0
4426,KECKS,CALFIRE-2019-00010,20190505,15,14,13.34,5.4,0.0,,,0,0,0,0,0,,0,0
4427,REFUGE,CALFIRE-2019-00011,20190507,59,2,3283.46,1328.77,2.0,,,0,0,0,0,0,,0,0
4428,BRADLEY,CALFIRE-2019-00012,20190508,45,5,12.6,5.1,9.0,,,0,0,0,0,0,,0,0
4429,SUGAR,CALFIRE-2019-00013,20190510,31,1,64.9,26.27,17.0,,,0,0,0,0,0,,0,0
4430,BORDER,CALFIRE-2019-00014,20190513,37,5,23.36,9.45,6.0,,,0,0,0,0,0,,0,0
4431,CRABTREE,CALFIRE-2019-00015,20190513,5,9,9.96,4.03,0.0,,,0,0,0,0,0,,0,0
4432,TRACY,CALFIRE-2019-00016,20190515,40,2,42.9,17.36,12.0,,,0,0,0,0,0,,0,0
4433,BARREL,CALFIRE-2019-00017,20190516,15,14,55.86,22.61,0.0,,,0,0,0,0,0,,0,0
4434,ROSASCO,CALFIRE-2019-00018,20190523,59,9,732.4,296.39,193.0,,,0,0,0,0,0,,0,0
4435,HIGH,CALFIRE-2019-00019,20190524,47,11,7.53,3.05,1.0,41.66965,-122.54402,1,0,0,0,0,,0,0
4436,OAK FLAT,CALFIRE-2019-00020,20190525,42,9,30.36,12.29,94.0,,,0,0,0,0,0,,0,0
4437,BELMONT,CALFIRE-2019-00021,20190529,40,1,838.86,339.48,155.0,,,0,0,0,0,0,,0,0
4438,BLUE DIAMOND,CALFIRE-2019-00022,20190529,30,16,2.3,0.93,0.0,,,0,0,0,0,0,,0,0
4439,GASOLINE,CALFIRE-2019-00023,20190529,37,14,29.54,11.95,1.0,,,0,0,0,0,0,,0,0
4440,HILLS,CALFIRE-2019-00024,20190529,10,2,120.64,48.82,3.0,,,0,0,0,0,0,,0,0
4441,SPEARHEAD,CALFIRE-2019-00025,20190529,10,11,13.48,5.45,1.0,,,0,0,0,0,0,,0,0
4442,CANYON,CALFIRE-2019-00026,20190530,43,9,135.34,54.77,0.0,,,0,0,0,0,0,,0,0
4443,DUDLEY,CALFIRE-2019-00027,20190530,27,2,13.47,5.45,0.0,,,0,0,0,0,0,,0,0
4444,ENTRANCE,CALFIRE-2019-00028,20190530,15,14,53.31,21.57,0.0,,,0,0,0,0,0,,0,0
4445,RANGE,CALFIRE-2019-00029,20190530,58,2,22.57,9.13,0.0,,,0,0,0,0,0,,0,0
4446,DALE,CALFIRE-2019-00030,20190602,15,10,14.7,5.95,0.0,,,0,0,0,0,0,,0,0
4447,MILTON_2,CALFIRE-2019-00031,20190602,5,14,84.14,34.05,0.0,,,0,0,0,0,0,,0,0
4448,TRESTLE,CALFIRE-2019-00032,20190602,59,14,0.55,0.22,0.0,,,0,0,0,0,0,,0,0
4449,VINEYARD,CALFIRE-2019-00033,20190602,27,5,32.39,13.11,0.0,,,0,0,0,0,0,,0,0
4450,BOULDER,CALFIRE-2019-00034,20190605,40,11,1110.84,449.54,0.0,,,0,0,0,0,0,,0,0
4451,HELIOS,CALFIRE-2019-00035,20190607,40,2,0.81,0.33,0.0,,,0,0,0,0,0,,0,0
4452,WATT,CALFIRE-2019-00036,20190607,58,14,26.64,10.78,0.0,,,0,0,0,0,0,,0,0
4453,22ND,CALFIRE-2019-00037,20190608,58,14,72.07,29.17,0.0,,,0,0,0,0,0,,0,0
4454,CRESTVIEW,CALFIRE-2019-00038,20190608,40,2,15.54,6.29,0.0,,,0,0,0,0,0,,0,0
4455,EUREKA,CALFIRE-2019-00039,20190608,40,2,12.0,4.86,0.0,,,0,0,0,0,0,,0,0
4456,HOLLOW,CALFIRE-2019-00040,20190608,40,2,0.76,0.31,0.0,,,0,0,0,0,0,,0,0
4457,LIGGETT,CALFIRE-2019-00041,20190608,27,14,10.38,4.2,0.0,,,0,0,0,0,0,,0,0
4458,ROCK,CALFIRE-2019-00042,20190608,40,14,3.8,1.54,0.0,,,0,0,0,0,0,,0,0
4459,SAND,CALFIRE-2019-00043,20190608,57,1,2422.02,980.16,5.0,38.90066,-122.24984,4,0,0,2,0,,0,0
4460,SODA,CALFIRE-2019-00044,20190608,59,14,18.75,7.59,3.0,,,0,0,0,0,0,,0,0
4461,WEST BUTTE,CALFIRE-2019-00045,20190608,58,14,647.99,262.23,2.0,,,0,0,0,0,0,,0,0
4462,HOLLYWOOD HILLS,CALFIRE-2019-00046,20190609,59,14,1.01,0.41,0.0,,,0,0,0,0,0,,0,0
4463,HUNTER,CALFIRE-2019-00047,20190609,27,2,74.5,30.15,0.0,,,0,0,0,0,0,,0,0
4464,JORDAN,CALFIRE-2019-00048,20190609,14,1,590.92,239.14,68.0,,,0,0,0,0,0,,0,0
4465,MALECH,CALFIRE-2019-00049,20190609,43,2,207.75,84.07,1.0,,,0,0,0,0,0,,0,0
4466,BITTER,CALFIRE-2019-00050,20190610,40,10,73.93,29.92,0.0,,,0,0,0,0,0,,0,0
4467,PAUMA 4,CALFIRE-2019-00051,20190610,37,9,22.02,8.91,14.0,,,0,0,0,0,0,,0,0
4468,MEADOW,CALFIRE-2019-00052,20190611,32,1,46.8,18.94,62.0,,,0,0,0,0,0,,0,0
4469,92ND,CALFIRE-2019-00053,20190612,15,14,30.29,12.26,0.0,,,0,0,0,0,0,,0,0
4470,ARDO,CALFIRE-2019-00054,20190612,27,11,42.76,17.3,0.0,,,0,0,0,0,0,,0,0
4471,CREEK,CALFIRE-2019-00055,20190612,47,14,4.96,2.01,0.0,,,0,0,0,0,0,,0,0
4472,MCMILLIAN,CALFIRE-2019-00056,20190612,40,2,1763.82,713.79,0.0,,,0,0,0,0,0,,0,0
4473,R2 SNOWSTORM,CALFIRE-2019-00057,20190613,18,1,23.71,9.6,6.0,,,0,0,0,0,0,,0,0
4474,DOMINGUEZ,CALFIRE-2019-00058,20190614,40,14,15.18,6.14,0.0,,,0,0,0,0,0,,0,0
4475,ROCKY,CALFIRE-2019-00059,20190614,47,11,16.38,6.63,4.0,,,0,0,0,0,0,,0,0
4476,HOLLISTER,CALFIRE-2019-00060,20190615,27,10,24.5,9.92,0.0,,,0,0,0,0,0,,0,0
4477,HAYNES,CALFIRE-2019-00061,20190616,17,1,23.59,9.55,99.0,,,0,0,0,0,0,,0,0
4478,IRONGATE,CALFIRE-2019-00062,20190616,47,3,9.7,3.92,13.0,,,0,0,0,0,0,,0,0
4479,BALD,CALFIRE-2019-00063,20190617,15,1,22.1,8.94,35.0,,,0,0,0,0,0,,0,0
4480,LUMGREY,CALFIRE-2019-00064,20190617,47,2,186.43,75.45,30.0,,,0,0,0,0,0,,0,0
4481,SADDLE BACK,CALFIRE-2019-00065,20190617,40,15,4.29,1.73,0.0,,,0,0,0,0,0,,0,0
4482,LOST,CALFIRE-2019-00066,20190618,15,1,121.29,49.09,41.0,,,0,0,0,0,0,,0,0
4483,HALF,CALFIRE-2019-00067,20190619,59,1,8.95,3.62,10.0,,,0,0,0,0,0,,0,0
4484,HERNANDEZ,CALFIRE-2019-00068,20190619,27,14,28.66,11.6,0.0,,,0,0,0,0,0,,0,0
4485,OLIVE,CALFIRE-2019-00069,20190619,17,11,16.02,6.48,1.0,,,0,0,0,0,0,,0,0
4486,COVE,CALFIRE-2019-00070,20190620,10,7,29.09,11.77,3.0,,,0,0,0,0,0,,0,0
4487,JERRY,CALFIRE-2019-00071,20190621,33,10,521.94,211.22,0.0,,,0,0,0,0,0,,0,0
4488,SNAKE,CALFIRE-2019-00072,20190621,32,1,8.9,3.6,11.0,,,0,0,0,0,0,,0,0
4489,BURSON,CALFIRE-2019-00073,20190622,5,14,1.4,0.57,0.0,,,0,0,0,0,0,,0,0
4490,DEER,CALFIRE-2019-00074,20190623,10,7,64.95,26.28,3.0,,,0,0,0,0,0,,0,0
4491,SCOTT,CALFIRE-2019-00075,20190623,47,5,5.65,2.29,0.0,,,0,0,0,0,0,,0,0
4492,TAMARACK,CALFIRE-2019-00076,20190623,59,14,67.22,27.2,35.0,,,0,0,0,0,0,,0,0
4493,TOPAZ,CALFIRE-2019-00077,20190623,40,2,47.89,19.38,0.0,,,0,0,0,0,0,,0,0
4494,SCOTT,CALFIRE-2019-00078,20190624,58,2,80.35,32.52,0.0,,,0,0,0,0,0,,0,0
4495,LONOAK,CALFIRE-2019-00079,20190625,27,11,2520.88,1020.16,0.0,,,0,0,0,0,0,,0,0
4496,O'DONOVAN,CALFIRE-2019-00080,20190625,40,10,10.88,4.4,0.0,,,0,0,0,0,0,,0,0
4497,TRINITY,CALFIRE-2019-00081,20190625,45,2,129.06,52.23,0.0,40.41841,-122.67306,1,0,0,0,0,,0,0
4498,DYER,CALFIRE-2019-00082,20190626,58,14,147.64,59.75,0.0,,,0,0,0,0,0,,0,0
4499,ROCK,CALFIRE-2019-00083,20190626,43,14,2233.89,904.02,4.0,,,0,0,0,0,0,,0,0
4500,TRACK,CALFIRE-2019-00084,20190627,59,10,105.0,42.49,0.0,,,0,0,0,0,0,,0,0
4501,BUENA,CALFIRE-2019-00085,20190628,40,8,1.67,0.68,0.0,,,0,0,0,0,0,,0,0
4502,FLOTO,CALFIRE-2019-00086,20190629,5,14,34.22,13.85,0.0,,,0,0,0,0,0,,0,0
4503,OTAY 11,CALFIRE-2019-00087,20190629,37,14,27.52,11.14,1.0,,,0,0,0,0,0,,0,0
4504,PARKFIELD,CALFIRE-2019-00088,20190630,27,11,13.85,5.61,0.0,,,0,0,0,0,0,,0,0
4505,DRUMHELLER SLOUGH,CALFIRE-2019-00089,20190702,59,9,4.38,1.77,0.0,,,0,0,0,0,0,,0,0
4506,BRANDT,CALFIRE-2019-00090,20190703,5,10,23.17,9.38,0.0,,,0,0,0,0,0,,0,0
4507,HOLLOW,CALFIRE-2019-00091,20190703,43,10,282.23,114.21,2.0,,,0,0,0,0,0,,0,0
4508,CAPTAIN,CALFIRE-2019-00092,20190704,45,9,17.79,7.2,10.0,,,0,0,0,0,0,,0,0
4509,PALMER,CALFIRE-2019-00093,20190704,10,11,14.61,5.91,0.0,,,0,0,0,0,0,,0,0
4510,VALLEY,CALFIRE-2019-00094,20190704,40,14,2.09,0.84,0.0,,,0,0,0,0,0,,0,0
4511,RANCH,CALFIRE-2019-00095,20190705,45,2,32.79,13.27,1.0,,,0,0,0,0,0,,0,0
4512,SNOWSTORM,CALFIRE-2019-00096,20190705,18,1,264.27,106.95,16.0,,,0,0,0,0,0,,0,0
4513,FAR,CALFIRE-2019-00097,20190706,58,14,34.73,14.05,0.0,,,0,0,0,0,0,,0,0
4514,DIXON,CALFIRE-2019-00098,20190708,59,1,8.95,3.62,71.0,,,0,0,0,0,0,,0,0
4515,GILLIS,CALFIRE-2019-00099,20190708,40,2,977.14,395.44,0.0,,,0,0,0,0,0,,0,0
4516,GLADE,CALFIRE-2019-00100,20190709,40,2,5.22,2.11,0.0,,,0,0,0,0,0,,0,0
4517,SARGENT,CALFIRE-2019-00101,20190709,27,11,171.95,69.58,0.0,,,0,0,0,0,0,,0,0
4518,RODDEN,CALFIRE-2019-00102,20190711,5,5,32.69,13.23,0.0,,,0,0,0,0,0,,0,0
4519,SUNRISE 2,CALFIRE-2019-00103,20190711,31,14,5.26,2.13,1.0,,,0,0,0,0,0,,0,0
4520,BORDER 6,CALFIRE-2019-00104,20190712,37,14,467.19,189.07,3.0,,,0,0,0,0,0,,0,0
4521,HORSE,CALFIRE-2019-00105,20190712,45,14,24.76,10.02,1.0,,,0,0,0,0,0,,0,0
4522,HAMMONTON,CALFIRE-2019-00106,20190713,58,14,9.35,3.78,0.0,,,0,0,0,0,0,,0,0
4523,SOUTH,CALFIRE-2019-00107,20190714,56,14,131.32,53.14,1.0,,,0,0,0,0,0,,0,0
4524,VINTAGE,CALFIRE-2019-00108,20190714,9,2,2.44,0.99,0.0,,,0,0,0,0,0,,0,0
4525,AIRPORT 2,CALFIRE-2019-00109,20190715,59,14,21.49,8.7,1.0,,,0,0,0,0,0,,0,0
4526,CERRITOS,CALFIRE-2019-00110,20190715,5,14,12.29,4.97,0.0,,,0,0,0,0,0,,0,0
4527,FISH,CALFIRE-2019-00111,20190715,59,2,76.83,31.09,4.0,,,0,0,0,0,0,,0,0
4528,MILTON,CALFIRE-2019-00112,20190715,5,14,200.08,80.97,0.0,,,0,0,0,0,0,,0,0
4529,MEADOWS,CALFIRE-2019-00113,20190716,33,10,81.65,33.04,1.0,,,0,0,0,0,0,,0,0
4530,GOOSE2,CALFIRE-2019-00114,20190717,25,1,132.09,53.45,35.0,,,0,0,0,0,0,,0,0
4531,HEADQUARTERS,CALFIRE-2019-00115,20190717,59,14,34.13,13.81,2.0,,,0,0,0,0,0,,0,0
4532,VISTA 5,CALFIRE-2019-00116,20190717,37,14,16.7,6.76,1.0,,,0,0,0,0,0,,0,0
4533,LUCAS,CALFIRE-2019-00117,20190721,27,10,18.16,7.35,0.0,,,0,0,0,0,0,,0,0
4534,REFUGE,CALFIRE-2019-00118,20190721,59,10,158.85,64.29,0.0,,,0,0,0,0,0,,0,0
4535,BOWLER,CALFIRE-2019-00119,20190722,59,1,36.59,14.81,10.0,,,0,0,0,0,0,,0,0
4536,CANYON,CALFIRE-2019-00120,20190722,17,2,48.0,19.43,3.0,,,0,0,0,0,0,,0,0
4537,PINENUT,CALFIRE-2019-00121,20190723,59,1,12.44,5.04,1.0,,,0,0,0,0,0,,0,0
4538,THOMPSON,CALFIRE-2019-00122,20190724,40,4,89.02,36.02,0.0,,,0,0,0,0,0,,0,0
4539,COW,CALFIRE-2019-00123,20190725,14,1,1875.99,759.19,119.0,,,0,0,0,0,0,,0,0
4540,KELTY,CALFIRE-2019-00124,20190726,14,14,4.61,1.87,55.0,,,0,0,0,0,0,,0,0
4541,POTRERO,CALFIRE-2019-00125,20190726,56,14,11.12,4.5,1.0,,,0,0,0,0,0,,0,0
4542,R3 RYE PATCH,CALFIRE-2019-00126,20190726,18,1,14.15,5.73,2.0,,,0,0,0,0,0,,0,0
4543,SPRINGS,CALFIRE-2019-00127,20190726,14,1,6614.63,2676.85,145.0,,,0,0,0,0,0,,0,0
4544,COMMUNITY,CALFIRE-2019-00128,20190727,47,2,12.06,4.88,11.0,,,0,0,0,0,0,,0,0
4545,TREE,CALFIRE-2019-00129,20190727,47,2,100.2,40.55,10.0,,,0,0,0,0,0,,0,0
4546,USAL,CALFIRE-2019-00130,20190727,23,9,110.74,44.82,184.0,,,0,0,0,0,0,,0,0
4547,DEHESA 8,CALFIRE-2019-00131,20190728,37,14,141.95,57.45,5.0,,,0,0,0,0,0,,0,0
4548,TUCKER,CALFIRE-2019-00132,20190728,25,9,14142.41,5723.24,50.0,,,0,0,0,0,0,,0,0
4549,LAKE,CALFIRE-2019-00133,20190729,27,10,305.68,123.71,0.0,,,0,0,0,0,0,,0,0
4550,RANGE,CALFIRE-2019-00134,20190729,42,9,99.08,40.1,7.0,,,0,0,0,0,0,,0,0
4551,CARSON,CALFIRE-2019-00135,20190730,9,2,13.19,5.34,0.0,,,0,0,0,0,0,,0,0
4552,MILL,CALFIRE-2019-00136,20190730,42,9,321.54,130.12,34.0,,,0,0,0,0,0,,0,0
4553,18,CALFIRE-2019-00137,20190731,15,4,16.13,6.53,1.0,,,0,0,0,0,0,,0,0
4554,BELLA COLLINA GOLF COURSE SCL,CALFIRE-2019-00138,20190731,30,14,3.76,1.52,0.0,,,0,0,0,0,0,,0,0
4555,MESA,CALFIRE-2019-00139,20190731,15,14,227.01,91.87,1.0,,,0,0,0,0,0,,0,0
4556,PATTERSON,CALFIRE-2019-00140,20190801,43,7,139.2,56.33,20.0,,,0,0,0,0,0,,0,0
4557,BROWNS,CALFIRE-2019-00141,20190802,9,9,84.32,34.12,0.0,,,0,0,0,0,0,,0,0
4558,LAKE 2,CALFIRE-2019-00142,20190802,19,14,1.01,0.41,0.0,,,0,0,0,0,0,,0,0
4559,MARSH 3,CALFIRE-2019-00143,20190802,43,7,339.92,137.56,7.0,,,0,0,0,0,0,,0,0
4560,MARSH 5,CALFIRE-2019-00144,20190802,43,7,226.62,91.71,7.0,,,0,0,0,0,0,,0,0
4561,MARSH 6,CALFIRE-2019-00145,20190802,43,7,173.93,70.39,7.0,,,0,0,0,0,0,,0,0
4562,FIVE,CALFIRE-2019-00146,20190803,19,2,156.4,63.29,6.0,,,0,0,0,0,0,,0,0
4563,GILBERT,CALFIRE-2019-00147,20190804,45,2,33.09,13.39,2.0,,,0,0,0,0,0,,0,0
4564,DELEVAN T28,CALFIRE-2019-00148,20190805,59,2,1.92,0.78,1.0,,,0,0,0,0,0,,0,0
4565,TORO,CALFIRE-2019-00149,20190805,33,14,88.17,35.68,1.0,,,0,0,0,0,0,,0,0
4566,R1 JUNIPER,CALFIRE-2019-00150,20190807,18,1,130.14,52.67,4.0,,,0,0,0,0,0,,0,0
4567,R2 RAVEN,CALFIRE-2019-00151,20190807,18,1,10.85,4.39,6.0,,,0,0,0,0,0,,0,0
4568,BRODER,CALFIRE-2019-00152,20190808,15,1,328.05,132.76,109.0,,,0,0,0,0,0,,0,0
4569,PRESTON,CALFIRE-2019-00153,20190808,5,8,20.17,8.16,0.0,,,0,0,0,0,0,,0,0
4570,W-1 MCDONALD,CALFIRE-2019-00154,20190808,18,1,1020.33,412.91,4.0,,,0,0,0,0,0,,0,0
4571,R4 RAILROAD,CALFIRE-2019-00155,20190810,18,1,24.11,9.76,3.0,,,0,0,0,0,0,,0,0
4572,LOWER,CALFIRE-2019-00156,20190812,45,1,46.41,18.78,0.0,,,0,0,0,0,0,,0,0
4573,MOOSE,CALFIRE-2019-00157,20190812,23,2,195.88,79.27,0.0,,,0,0,0,0,0,,0,0
4574,PALERMO,CALFIRE-2019-00158,20190813,59,14,1.82,0.73,0.0,,,0,0,0,0,0,,0,0
4575,RED,CALFIRE-2019-00159,20190814,59,1,36.58,14.8,105.0,,,0,0,0,0,0,,0,0
4576,SWEENEY,CALFIRE-2019-00160,20190814,42,14,16.98,6.87,0.0,,,0,0,0,0,0,,0,0
4577,BORDER 9,CALFIRE-2019-00161,20190815,37,7,67.37,27.26,1.0,,,0,0,0,0,0,,0,0
4578,COTTAGE,CALFIRE-2019-00162,20190815,45,2,112.29,45.44,2.0,,,0,0,0,0,0,,0,0
4579,HUNTER,CALFIRE-2019-00163,20190815,22,10,428.1,173.25,0.0,,,0,0,0,0,0,,0,0
4580,PATTERSON,CALFIRE-2019-00164,20190815,9,14,34.91,14.13,0.0,,,0,0,0,0,0,,0,0
4581,GAINES,CALFIRE-2019-00165,20190816,22,14,979.46,396.37,4.0,,,0,0,0,0,0,,0,0
4582,DOUGLAS,CALFIRE-2019-00166,20190818,58,2,22.34,9.04,0.0,,,0,0,0,0,0,,0,0
4583,VAN DUZEN,CALFIRE-2019-00167,20190818,12,7,21.87,8.85,7.0,,,0,0,0,0,0,,0,0
4584,PLANT,CALFIRE-2019-00168,20190821,40,10,22.36,9.05,0.0,,,0,0,0,0,0,,0,0
4585,GATE,CALFIRE-2019-00169,20190822,37,14,7.23,2.92,1.0,,,0,0,0,0,0,,0,0
4586,MORRETTI,CALFIRE-2019-00170,20190822,37,14,1.23,0.5,0.0,,,0,0,0,0,0,,0,0
4587,MOUNTAIN,CALFIRE-2019-00171,20190822,45,14,493.26,199.61,4.0,40.69916,-122.26316,14,7,0,3,0,,0,0
4588,TRAM,CALFIRE-2019-00172,20190822,15,14,22.7,9.19,3.0,,,0,0,0,0,0,,0,0
4589,HORSE,CALFIRE-2019-00173,20190824,18,1,177.62,71.88,53.0,,,0,0,0,0,0,,0,0
4590,LONG VALLEY,CALFIRE-2019-00174,20190824,59,14,2438.54,986.84,2.0,,,0,0,0,0,0,,0,0
4591,BORDER 10,CALFIRE-2019-00175,20190825,37,14,11.86,4.8,3.0,,,0,0,0,0,0,,0,0
4592,STAR,CALFIRE-2019-00176,20190825,59,14,66.59,26.95,,,,0,0,0,0,0,,0,0
4593,SPIRIT,CALFIRE-2019-00177,20190827,21,5,15.83,6.41,0.0,,,0,0,0,0,0,,0,0
4594,AIRPORT,CALFIRE-2019-00178,20190828,37,14,1.68,0.68,0.0,,,0,0,0,0,0,,0,0
4595,FOX,CALFIRE-2019-00179,20190828,25,1,13.16,5.33,6.0,,,0,0,0,0,0,,0,0
4596,R1 RANCH,CALFIRE-2019-00180,20190828,18,1,3379.29,1367.55,7.0,,,0,0,0,0,0,,0,0
4597,MCGINTY,CALFIRE-2019-00181,20190829,25,1,26.81,10.85,19.0,,,0,0,0,0,0,,0,0
4598,NORTH,CALFIRE-2019-00182,20190829,25,1,28.26,11.44,11.0,,,0,0,0,0,0,,0,0
4599,FORK,CALFIRE-2019-00183,20190830,25,1,71.19,28.81,60.0,,,0,0,0,0,0,,0,0
4600,SWEETWATER,CALFIRE-2019-00184,20190830,59,14,17.72,7.17,0.0,,,0,0,0,0,0,,0,0
4601,CREEK_4,CALFIRE-2019-00185,20190831,54,2,754.43,305.31,6.0,,,0,0,0,0,0,,0,0
4602,TELEPHONE,CALFIRE-2019-00186,20190831,25,1,25.46,10.3,8.0,,,0,0,0,0,0,,0,0
4603,JOLON,CALFIRE-2019-00187,20190901,27,11,61.59,24.93,0.0,,,0,0,0,0,0,,0,0
4604,SNAIL,CALFIRE-2019-00188,20190901,42,2,251.79,101.9,12.0,,,0,0,0,0,0,,0,0
4605,WARTHAN,CALFIRE-2019-00189,20190901,10,3,12.2,4.94,31.0,,,0,0,0,0,0,,0,0
4606,ANTELOPE,CALFIRE-2019-00190,20190902,27,9,167.33,67.72,0.0,,,0,0,0,0,0,,0,0
4607,LIBERTY,CALFIRE-2019-00191,20190902,9,2,10.67,4.32,0.0,,,0,0,0,0,0,,0,0
4608,RANCH,CALFIRE-2019-00192,20190902,40,10,4.68,1.89,0.0,,,0,0,0,0,0,,0,0
4609,COUNTRY,CALFIRE-2019-00193,20190903,9,14,85.6,34.64,0.0,,,0,0,0,0,0,,0,0
4610,DEER,CALFIRE-2019-00194,20190903,44,5,9.37,3.79,0.0,,,0,0,0,0,0,,0,0
4611,FRUDDEN,CALFIRE-2019-00195,20190903,27,2,11.79,4.77,0.0,,,0,0,0,0,0,,0,0
4612,GLASS,CALFIRE-2019-00196,20190904,17,14,23.92,9.68,0.0,,,0,0,0,0,0,,0,0
4613,HORSESHOE,CALFIRE-2019-00197,20190904,33,14,583.44,236.11,13.0,,,0,0,0,0,0,,0,0
4614,TABOOSE,CALFIRE-2019-00198,20190904,14,1,10267.63,4155.17,80.0,,,0,0,0,0,0,,0,0
4615,TENAJA,CALFIRE-2019-00199,20190904,33,1,1939.54,784.9,10.0,,,0,0,0,3,0,,0,0
4616,WALKER,CALFIRE-2019-00200,20190904,32,9,54614.9,22101.89,133.0,,,0,0,0,0,0,,0,0
4617,5-9,CALFIRE-2019-00201,20190905,45,1,14.63,5.92,1.0,,,0,0,0,0,0,,0,0
4618,CUTTHROAT,CALFIRE-2019-00202,20190905,45,1,17.78,7.2,7.0,,,0,0,0,0,0,,0,0
4619,DIXIE,CALFIRE-2019-00203,20190905,32,1,16.53,6.69,17.0,,,0,0,0,0,0,,0,0
4620,EAST,CALFIRE-2019-00204,20190905,17,1,400.73,162.17,18.0,,,0,0,0,0,0,,0,0
4621,FLOOD,CALFIRE-2019-00205,20190905,5,14,44.08,17.84,0.0,,,0,0,0,0,0,,0,0
4622,HENTHORNE,CALFIRE-2019-00206,20190905,17,1,244.66,99.01,56.0,,,0,0,0,0,0,,0,0
4623,JAKES,CALFIRE-2019-00207,20190905,45,1,8.92,3.61,86.0,,,0,0,0,0,0,,0,0
4624,KIDDER 2,CALFIRE-2019-00208,20190905,47,1,226.87,91.81,68.0,,,0,0,0,0,0,,0,0
4625,LIME,CALFIRE-2019-00209,20190905,47,1,1873.94,758.36,89.0,,,0,0,0,0,0,,0,0
4626,LONE,CALFIRE-2019-00210,20190905,25,1,5737.16,2321.75,88.0,,,0,0,0,0,0,,0,0
4627,MIDDLE,CALFIRE-2019-00211,20190905,45,1,1339.6,542.12,89.0,,,0,0,0,0,0,,0,0
4628,PATRICIA,CALFIRE-2019-00212,20190905,47,1,15.92,6.44,0.0,,,0,0,0,0,0,,0,0
4629,PHELPS,CALFIRE-2019-00213,20190905,10,11,61.31,24.81,0.0,,,0,0,0,0,0,,0,0
4630,RAMSHORN,CALFIRE-2019-00214,20190905,45,1,286.96,116.13,30.0,,,0,0,0,0,0,,0,0
4631,RED BANK,CALFIRE-2019-00215,20190905,52,1,8822.02,3570.15,10.0,40.17313,-122.67623,2,0,0,0,0,,0,0
4632,SKY,CALFIRE-2019-00216,20190905,10,11,138.99,56.25,0.0,,,0,0,0,0,0,,0,0
4633,SOUTH,CALFIRE-2019-00217,20190905,45,1,5333.99,2158.59,88.0,,,0,0,0,0,0,,0,0
4634,UKONOM,CALFIRE-2019-00218,20190905,47,1,12.07,4.89,49.0,,,0,0,0,0,0,,0,0
4635,AUBREY,CALFIRE-2019-00219,20190906,47,1,5.44,2.2,0.0,,,0,0,0,0,0,,0,0
4636,FORBESTOWN,CALFIRE-2019-00220,20190906,4,11,57.45,23.25,10.0,,,0,0,0,0,0,,0,0
4637,R6 CREEK,CALFIRE-2019-00221,20190906,18,1,66.48,26.9,7.0,,,0,0,0,0,0,,0,0
4638,SWEDES,CALFIRE-2019-00222,20190906,4,5,510.14,206.44,3.0,39.45464,-121.4137,2,1,0,0,0,,0,0
4639,DUZEL,CALFIRE-2019-00223,20190907,47,1,6.9,2.79,1.0,,,0,0,0,0,0,,0,0
4640,OAK,CALFIRE-2019-00224,20190907,17,2,53.12,21.5,3.0,,,0,0,0,0,0,,0,0
4641,SCHAEFFER,CALFIRE-2019-00225,20190908,15,1,287.18,116.22,89.0,,,0,0,0,0,0,,0,0
4642,BACHELOR,CALFIRE-2019-00226,20190909,17,2,15.84,6.41,0.0,,,0,0,0,0,0,,0,0
4643,MCMURRAY,CALFIRE-2019-00227,20190910,42,14,355.32,143.79,4.0,,,0,0,0,0,0,,0,0
4644,REEF,CALFIRE-2019-00228,20190911,10,11,103.76,41.99,0.0,,,0,0,0,0,0,,0,0
4645,STUHR,CALFIRE-2019-00229,20190912,43,10,190.16,76.96,0.0,,,0,0,0,0,0,,0,0
4646,ORTEGA,CALFIRE-2019-00230,20190913,30,14,26.38,10.67,2.0,,,0,0,0,0,0,,0,0
4647,SPRING,CALFIRE-2019-00231,20190913,40,14,3.05,1.23,0.0,,,0,0,0,0,0,,0,0
4648,BAUTISTA,CALFIRE-2019-00232,20190915,36,2,166.26,67.28,8.0,,,0,0,0,0,0,,0,0
4649,FOSSIL,CALFIRE-2019-00233,20190915,30,14,15.85,6.41,1.0,,,0,0,0,0,0,,0,0
4650,PYRAMID,CALFIRE-2019-00234,20190915,10,14,15.94,6.45,0.0,,,0,0,0,0,0,,0,0
4651,GRIZZLEY TUNNEL,CALFIRE-2019-00235,20190916,32,1,5.56,2.25,6.0,,,0,0,0,0,0,,0,0
4652,BAR,CALFIRE-2019-00236,20190917,47,9,91.71,37.11,43.0,,,0,0,0,0,0,,0,0
4653,WEST,CALFIRE-2019-00237,20190917,32,1,88.8,35.94,75.0,,,0,0,0,0,0,,0,0
4654,STAGE,CALFIRE-2019-00238,20190918,27,7,13.02,5.27,0.0,,,0,0,0,0,0,,0,0
4655,COULTER,CALFIRE-2019-00239,20190921,9,9,17.79,7.2,0.0,,,0,0,0,0,0,,0,0
4656,LOPEZ,CALFIRE-2019-00240,20190921,40,4,205.19,83.04,3.0,,,0,0,0,0,0,,0,0
4657,LOWE,CALFIRE-2019-00241,20190922,19,7,10.51,4.25,5.0,,,0,0,0,0,0,,0,0
4658,LYNETTE,CALFIRE-2019-00242,20190923,5,9,66.7,26.99,0.0,,,0,0,0,0,0,,0,0
4659,TULLOCH,CALFIRE-2019-00243,20190923,5,10,83.96,33.98,2.0,,,0,0,0,0,0,,0,0
4660,CORCORAN,CALFIRE-2019-00244,20190924,15,3,2.9,1.17,0.0,,,0,0,0,0,0,,0,0
4661,COW,CALFIRE-2019-00245,20190924,45,10,15.38,6.23,0.0,,,0,0,0,0,0,,0,0
4662,DEHESA 11,CALFIRE-2019-00246,20190924,37,14,225.65,91.32,8.0,,,0,0,0,0,0,,0,0
4663,ELECTRA,CALFIRE-2019-00247,20190925,9,7,10.24,4.14,0.0,,,0,0,0,0,0,,0,0
4664,WILLOWS 3,CALFIRE-2019-00248,20190925,37,14,57.42,23.24,0.0,,,0,0,0,0,0,,0,0
4665,OIL,CALFIRE-2019-00249,20190928,10,11,37.67,15.24,0.0,,,0,0,0,0,0,,0,0
4666,CHAPARRAL,CALFIRE-2019-00250,20190929,9,9,21.85,8.84,0.0,,,0,0,0,0,0,,0,0
4667,PALM,CALFIRE-2019-00251,20190929,10,11,89.73,36.31,0.0,,,0,0,0,0,0,,0,0
4668,RIDGE,CALFIRE-2019-00252,20190929,15,14,38.81,15.7,0.0,,,0,0,0,0,0,,0,0
4669,FRAME,CALFIRE-2019-00253,20190930,10,7,15.02,6.08,2.0,,,0,0,0,0,0,,0,0
4670,RANCH,CALFIRE-2019-00254,20191001,42,2,55.31,22.38,9.0,,,0,0,0,0,0,,0,0
4671,CATTLE,CALFIRE-2019-00255,20191005,15,9,92.25,37.33,10.0,,,0,0,0,0,0,,0,0
4672,SCOUT,CALFIRE-2019-00256,20191005,37,9,25.54,10.33,0.0,,,0,0,0,0,0,,0,0
4673,AMERICAN,CALFIRE-2019-00257,20191006,17,14,526.86,213.21,1.0,,,0,0,0,0,0,,0,0
4674,BRICEBURG,CALFIRE-2019-00258,20191006,22,10,5508.35,2229.15,14.0,,,0,0,0,0,0,,0,0
4675,LOMA,CALFIRE-2019-00259,20191006,58,2,0.97,0.39,0.0,,,0,0,0,0,0,,0,0
4676,WHITE,CALFIRE-2019-00260,20191007,15,14,61.08,24.72,1.0,,,0,0,0,0,0,,0,0
4677,CROSS,CALFIRE-2019-00261,20191008,27,14,289.15,117.02,3.0,,,0,0,0,0,0,,0,0
4678,CAPLES,CALFIRE-2019-00262,20191010,59,5,3441.77,1392.83,61.0,,,0,0,0,0,0,,0,0
4679,KING,CALFIRE-2019-00263,20191010,44,11,8.22,3.33,0.0,,,0,0,0,0,0,,0,0
4680,PLAINS,CALFIRE-2019-00264,20191010,45,10,42.18,17.07,0.0,,,0,0,0,0,0,,0,0
4681,SADDLE RIDGE,CALFIRE-2019-00265,20191010,59,14,8799.33,3560.96,21.0,,,0,0,0,0,0,,0,0
4682,SANDALWOOD,CALFIRE-2019-00266,20191010,36,14,1008.19,408.0,4.0,33.99613,-117.06675,73,16,2,0,0,,0,0
4683,WENDY,CALFIRE-2019-00267,20191010,59,14,80.33,32.51,4.0,,,0,0,0,0,0,,0,0
4684,AGUA,CALFIRE-2019-00268,20191011,59,8,31.13,12.6,1.0,,,0,0,0,0,0,,0,0
4685,OLIVAS,CALFIRE-2019-00269,20191011,56,14,171.42,69.37,2.0,,,0,0,0,0,0,,0,0
4686,SIERRA 2,CALFIRE-2019-00270,20191013,31,9,20.32,8.22,65.0,,,0,0,0,0,0,,0,0
4687,BRYSON,CALFIRE-2019-00271,20191015,10,7,13.84,5.6,0.0,,,0,0,0,0,0,,0,0
4688,REAL,CALFIRE-2019-00272,20191017,42,14,420.66,170.23,4.0,,,0,0,0,0,0,,0,0
4689,SEARS,CALFIRE-2019-00273,20191017,59,10,1.98,0.8,0.0,,,0,0,0,0,0,,0,0
4690,HORSE,CALFIRE-2019-00274,20191018,10,2,13.75,5.56,1.0,,,0,0,0,0,0,,0,0
4691,MUD,CALFIRE-2019-00275,20191018,10,11,137.22,55.53,1.0,,,0,0,0,0,0,,0,0
4692,RIVER,CALFIRE-2019-00276,20191018,15,9,29.22,11.82,2.0,,,0,0,0,0,0,,0,0
4693,46,CALFIRE-2019-00277,20191021,33,10,329.4,133.3,10.0,,,0,0,0,0,0,,0,0
4694,PALISADES 2,CALFIRE-2019-00278,20191021,59,14,45.09,18.25,0.0,,,0,0,0,0,0,,0,0
4695,KINCADE,CALFIRE-2019-00279,20191023,49,11,77762.14,31469.25,18.0,38.62688,-122.78921,374,60,0,8,0,,0,0
4696,BOMMER,CALFIRE-2019-00280,20191024,30,10,1.32,0.54,0.0,,,0,0,0,0,0,,0,0
4697,CABRILLO,CALFIRE-2019-00281,20191024,44,2,61.75,24.99,0.0,,,0,0,0,0,0,,0,0
4698,MUIR 2,CALFIRE-2019-00282,20191024,59,10,55.84,22.6,2.0,,,0,0,0,0,0,,0,0
4699,TICK,CALFIRE-2019-00283,20191024,19,14,4581.74,1854.17,7.0,34.45163,-118.38922,29,46,0,4,0,,0,0
4700,MILLER 2,CALFIRE-2019-00284,20191025,37,14,29.26,11.84,2.0,,,0,0,0,0,0,,0,0
4701,SAWDAY,CALFIRE-2019-00285,20191025,37,15,101.17,40.94,3.0,,,0,0,0,0,0,,0,0
4702,RAWSON,CALFIRE-2019-00286,20191026,52,10,605.49,245.03,1.0,,,0,0,0,0,0,,0,0
4703,BURRIS,CALFIRE-2019-00287,20191027,23,9,703.36,284.64,93.0,,,0,0,0,0,0,,0,0
4704,GETTY,CALFIRE-2019-00288,20191028,19,11,552.63,223.64,8.0,34.08233,-118.48565,13,19,0,0,0,,0,0
4705,OAK,CALFIRE-2019-00289,20191028,59,14,10.83,4.38,0.0,,,0,0,0,0,0,,0,0
4706,COPPER,CALFIRE-2019-00290,20191030,37,9,371.36,150.28,2.0,,,0,0,0,0,0,,0,0
4707,EASY,CALFIRE-2019-00291,20191030,56,14,1806.23,730.96,14.0,,,0,0,0,3,0,,0,0
4708,HILL,CALFIRE-2019-00292,20191030,33,14,435.95,176.42,3.0,,,0,0,0,0,0,,0,0
4709,MUREAU,CALFIRE-2019-00293,20191030,19,14,5.9,2.39,0.0,,,0,0,0,0,0,,0,0
4710,PHILLIPS,CALFIRE-2019-00294,20191030,15,14,4.65,1.88,0.0,,,0,0,0,0,0,,0,0
4711,HILLSIDE,CALFIRE-2019-00295,20191031,36,9,172.79,69.93,5.0,,,0,0,0,0,0,,0,0
4712,MARIA,CALFIRE-2019-00296,20191031,56,14,10042.46,4064.04,5.0,34.32351,-119.07616,4,0,0,0,0,,0,0
4713,CAMINO,CALFIRE-2019-00297,20191102,37,14,0.72,0.29,0.0,,,0,0,0,0,0,,0,0
4714,CRESTWOOD,CALFIRE-2019-00298,20191102,37,10,31.55,12.77,0.0,,,0,0,0,0,0,,0,0
4715,BORDER,CALFIRE-2019-00299,20191103,31,14,11.51,4.66,0.0,,,0,0,0,0,0,,0,0
4716,RANCH,CALFIRE-2019-00300,20191103,52,14,2534.21,1025.56,11.0,,,0,0,0,0,0,,0,0
4717,ROCK,CALFIRE-2019-00301,20191103,59,4,9.93,4.02,23.0,,,0,0,0,0,0,,0,0
4718,WILLIAMS,CALFIRE-2019-00302,20191103,30,14,2.15,0.87,1.0,,,0,0,0,0,0,,0,0
4719,EAGLE,CALFIRE-2019-00303,20191104,17,14,73.55,29.76,0.0,,,0,0,0,0,0,,0,0
4720,GREEN 3,CALFIRE-2019-00304,20191106,37,14,6.31,2.55,1.0,,,0,0,0,0,0,,0,0
4721,BARHAM,CALFIRE-2019-00305,20191109,59,14,72.63,29.39,1.0,,,0,0,0,0,0,,0,0
4722,BAR,CALFIRE-2019-00306,20191113,42,18,51.63,20.89,0.0,,,0,0,0,0,0,,0,0
4723,GROVE,CALFIRE-2019-00307,20191115,15,14,14.54,5.88,0.0,,,0,0,0,0,0,,0,0
4724,EAGLE,CALFIRE-2019-00308,20191116,45,9,10.59,4.28,16.0,,,0,0,0,0,0,,0,0
4725,TOPANGA 2,CALFIRE-2019-00309,20191116,19,14,3.96,1.6,0.0,,,0,0,0,0,0,,0,0
4726,RUSHING,CALFIRE-2019-00310,20191119,59,9,7.9,3.2,13.0,,,0,0,0,0,0,,0,0
4727,CREEK,CALFIRE-2019-00311,20191121,32,1,73.55,29.77,15.0,,,0,0,0,0,0,,0,0
4728,CAVE,CALFIRE-2019-00312,20191125,42,7,2597.29,1051.09,19.0,,,0,0,0,0,0,,0,0
4729,FOOTHILLS,CALFIRE-2019-00313,20191125,58,7,24.59,9.95,0.0,,,0,0,0,0,0,,0,0
4730,CONVERSE,CALFIRE-2019-00314,20191219,22,5,12.63,5.11,0.0,,,0,0,0,0,0,,0,0
4731,MESA,CALFIRE-2020-00001,20200121,15,14,100.55,40.69,,,,0,0,0,0,0,,0,0
4732,ANNAPOLIS,CALFIRE-2020-00002,20200212,17,14,2.16,0.87,0.0,,,0,0,0,0,0,,0,0
4733,BEAR,CALFIRE-2020-00003,20200215,12,5,10.47,4.24,0.0,,,0,0,0,0,0,,0,0
4734,ANTELOPE,CALFIRE-2020-00004,20200217,31,5,101.77,41.18,1.0,,,0,0,0,0,0,,0,0
4735,PARKER DAM,CALFIRE-2020-00005,20200217,15,9,13.99,5.66,7.0,,,0,0,0,0,0,,0,0
4736,BEEGUM,CALFIRE-2020-00006,20200222,52,18,181.44,73.43,1.0,,,0,0,0,0,0,,0,0
4737,WOOD,CALFIRE-2020-00007,20200223,18,5,54.36,22.0,0.0,,,0,0,0,0,0,,0,0
4738,BASEBALL,CALFIRE-2020-00008,20200225,17,18,215.53,87.22,7.0,,,0,0,0,0,0,,0,0
4739,ROSA,CALFIRE-2020-00009,20200226,45,5,13.27,5.37,0.0,,,0,0,0,0,0,,0,0
4740,GUYS,CALFIRE-2020-00010,20200227,47,5,2.8,1.13,0.0,,,0,0,0,0,0,,0,0
4741,BRUNO,CALFIRE-2020-00011,20200228,44,7,6.79,2.75,0.0,,,0,0,0,0,0,,0,0
4742,BLUE LAKES,CALFIRE-2020-00012,20200229,17,9,4.37,1.77,182.0,,,0,0,0,0,0,,0,0
4743,GRIZZLY,CALFIRE-2020-00013,20200302,52,14,155.27,62.84,4.0,,,0,0,0,0,0,,0,0
4744,BAKER,CALFIRE-2020-00014,20200303,31,5,47.62,19.27,4.0,,,0,0,0,0,0,,0,0
4745,SOUTH MAIN,CALFIRE-2020-00015,20200306,37,18,13.01,5.26,,,,0,0,0,0,0,,0,0
4746,WILLOW,CALFIRE-2020-00016,20200310,58,5,33.97,13.75,1.0,39.37526,-121.32724,11,5,0,0,0,,0,0
4747,DUNFIELD,CALFIRE-2020-00017,20200313,17,5,21.91,8.87,0.0,,,0,0,0,0,0,,0,0
4748,FLEMING,CALFIRE-2020-00018,20200331,58,9,12.93,5.23,1.0,,,0,0,0,0,0,,0,0
4749,SPRING,CALFIRE-2020-00019,20200403,47,5,1.75,0.71,0.0,,,0,0,0,0,0,,0,0
4750,MELANESE,CALFIRE-2020-00020,20200414,58,18,10.32,4.17,5.0,,,0,0,0,0,0,,0,0
4751,RED,CALFIRE-2020-00021,20200423,52,5,26.41,10.69,1.0,,,0,0,0,0,0,,0,0
4752,BAR,CALFIRE-2020-00022,20200425,45,5,57.79,23.39,1.0,,,0,0,0,0,0,,0,0
4753,GATOS,CALFIRE-2020-00023,20200426,10,2,31.96,12.93,0.0,,,0,0,0,0,0,,0,0
4754,HUASNA,CALFIRE-2020-00024,20200505,40,5,49.25,19.93,8.0,,,0,0,0,0,0,,0,0
4755,MILL,CALFIRE-2020-00025,20200505,17,11,1.7,0.69,0.0,,,0,0,0,0,0,,0,0
4756,GARDEN,CALFIRE-2020-00026,20200506,4,2,49.01,19.83,3.0,,,0,0,0,0,0,,0,0
4757,ADOBE,CALFIRE-2020-00027,20200507,36,4,15.18,6.14,0.0,,,0,0,0,0,0,,0,0
4758,HOLLISTER,CALFIRE-2020-00028,20200507,42,11,157.02,63.54,3.0,,,0,0,0,0,0,,0,0
4759,LAGO,CALFIRE-2020-00029,20200509,19,2,16.89,6.84,0.0,,,0,0,0,0,0,,0,0
4760,HARRIS,CALFIRE-2020-00030,20200511,45,2,10.62,4.3,0.0,,,0,0,0,0,0,,0,0
4761,PINEY,CALFIRE-2020-00031,20200511,59,2,21.87,8.85,12.0,,,0,0,0,0,0,,0,0
4762,JULIUS,CALFIRE-2020-00032,20200517,27,11,21.77,8.81,0.0,,,0,0,0,0,0,,0,0
4763,TOWNSEND,CALFIRE-2020-00033,20200517,47,5,13.73,5.56,0.0,,,0,0,0,0,0,,0,0
4764,AIRPORT,CALFIRE-2020-00034,20200521,19,10,3.0,1.21,0.0,,,0,0,0,0,0,,0,0
4765,33,CALFIRE-2020-00035,20200522,42,2,33.67,13.62,2.0,,,0,0,0,0,0,,0,0
4766,DEN,CALFIRE-2020-00036,20200523,10,11,42.88,17.35,0.0,,,0,0,0,0,0,,0,0
4767,METZ,CALFIRE-2020-00037,20200524,27,2,33.09,13.39,0.0,,,0,0,0,0,0,,0,0
4768,SIERRA,CALFIRE-2020-00038,20200524,17,10,17.9,7.25,0.0,,,0,0,0,0,0,,0,0
4769,SPANISH,CALFIRE-2020-00039,20200524,17,2,17.29,7.0,0.0,,,0,0,0,0,0,,0,0
4770,SUTTER,CALFIRE-2020-00040,20200524,10,11,26.96,10.91,0.0,,,0,0,0,0,0,,0,0
4771,BISHOP,CALFIRE-2020-00041,20200526,40,14,1.47,0.6,0.0,,,0,0,0,0,0,,0,0
4772,KARE,CALFIRE-2020-00042,20200527,36,9,5.77,2.33,3.0,,,0,0,0,0,0,,0,0
4773,PLEASANTS,CALFIRE-2020-00043,20200527,17,11,8.7,3.52,0.0,,,0,0,0,0,0,,0,0
4774,CREEK,CALFIRE-2020-00044,20200528,40,10,2.01,0.82,0.0,37.10362,-119.33511,0,0,0,0,0,,0,0
4775,KIRSCHEMANN,CALFIRE-2020-00045,20200528,42,2,28.75,11.64,0.0,,,0,0,0,0,0,,0,0
4776,OAT,CALFIRE-2020-00046,20200528,17,10,5.64,2.28,0.0,,,0,0,0,0,0,,0,0
4777,LINNE,CALFIRE-2020-00047,20200529,40,11,6.55,2.65,0.0,,,0,0,0,0,0,,0,0
4778,POWER,CALFIRE-2020-00048,20200529,59,14,17.05,6.9,14.0,,,0,0,0,0,0,,0,0
4779,LEOPARD,CALFIRE-2020-00049,20200531,45,7,16.63,6.73,0.0,,,0,0,0,0,0,,0,0
4780,PRICE,CALFIRE-2020-00050,20200531,40,10,1.06,0.43,0.0,,,0,0,0,0,0,,0,0
4781,RANCHO,CALFIRE-2020-00051,20200531,40,5,2.27,0.92,0.0,,,0,0,0,0,0,,0,0
4782,SCORPION,CALFIRE-2020-00052,20200531,59,2,1320.73,534.48,5.0,,,0,0,0,0,0,,0,0
4783,AMORUSO,CALFIRE-2020-00053,20200601,58,2,685.59,277.45,3.0,,,0,0,0,0,0,,0,0
4784,CEMENT,CALFIRE-2020-00054,20200602,17,14,3.51,1.42,0.0,,,0,0,0,0,0,,0,0
4785,HORN,CALFIRE-2020-00055,20200602,18,14,25.2,10.2,1.0,,,0,0,0,0,0,,0,0
4786,SMOKETREE,CALFIRE-2020-00056,20200602,15,8,129.99,52.61,3.0,,,0,0,0,0,0,,0,0
4787,FRUDDEN,CALFIRE-2020-00057,20200603,27,14,43.21,17.49,1.0,,,0,0,0,0,0,,0,0
4788,PLASKETT,CALFIRE-2020-00058,20200603,42,5,1.5,0.61,3.0,,,0,0,0,0,0,,0,0
4789,BROCK,CALFIRE-2020-00059,20200604,45,1,14.99,6.07,2.0,,,0,0,0,0,0,,0,0
4790,HILL,CALFIRE-2020-00060,20200604,19,14,3.49,1.41,0.0,,,0,0,0,0,0,,0,0
4791,KARCHNER,CALFIRE-2020-00061,20200605,58,2,30.02,12.15,1.0,,,0,0,0,0,0,,0,0
4792,LAKEVILLE,CALFIRE-2020-00062,20200605,17,2,159.68,64.62,0.0,,,0,0,0,0,0,,0,0
4793,COUNTY ROAD 2,CALFIRE-2020-00063,20200606,17,14,1.24,0.5,0.0,,,0,0,0,0,0,,0,0
4794,QUAIL,CALFIRE-2020-00064,20200606,48,14,1841.0,745.03,12.0,38.4799,-122.01199,5,12,0,0,0,,0,0
4795,SIERRA,CALFIRE-2020-00065,20200606,15,14,1.13,0.46,0.0,,,0,0,0,0,0,,0,0
4796,TWITCHELL,CALFIRE-2020-00066,20200606,42,1,28.68,11.61,0.0,,,0,0,0,0,0,,0,0
4797,VIEW,CALFIRE-2020-00067,20200606,42,11,77.06,31.18,1.0,,,0,0,0,0,0,,0,0
4798,BITTERWATER,CALFIRE-2020-00068,20200607,27,11,210.54,85.2,1.0,,,0,0,0,0,0,,0,0
4799,HUNTERS,CALFIRE-2020-00069,20200607,22,2,82.14,33.24,4.0,,,0,0,0,0,0,,0,0
4800,LAGO,CALFIRE-2020-00070,20200607,40,14,2.81,1.14,0.0,,,0,0,0,0,0,,0,0
4801,LYTLE,CALFIRE-2020-00071,20200607,36,9,10.51,4.25,13.0,,,0,0,0,0,0,,0,0
4802,SHERRY,CALFIRE-2020-00072,20200607,40,2,1.01,0.41,0.0,,,0,0,0,0,0,,0,0
4803,BRADLEY,CALFIRE-2020-00073,20200608,27,2,230.35,93.22,1.0,,,0,0,0,0,0,,0,0
4804,EQUESTRIAN,CALFIRE-2020-00074,20200608,19,11,83.62,33.84,1.0,,,0,0,0,0,0,,0,0
4805,GIFFORD,CALFIRE-2020-00075,20200608,42,10,16.8,6.8,2.0,,,0,0,0,0,0,,0,0
4806,OAKS,CALFIRE-2020-00076,20200608,33,9,16.57,6.71,0.0,,,0,0,0,0,0,,0,0
4807,SIERRA,CALFIRE-2020-00077,20200608,33,8,39.05,15.8,0.0,,,0,0,0,0,0,,0,0
4808,COLIMA,CALFIRE-2020-00078,20200609,19,14,6.25,2.53,0.0,,,0,0,0,0,0,,0,0
4809,CRONAN,CALFIRE-2020-00079,20200609,9,2,28.27,11.44,0.0,,,0,0,0,0,0,,0,0
4810,INDIA,CALFIRE-2020-00080,20200609,59,9,959.28,388.21,5.0,,,0,0,0,0,0,,0,0
4811,TORO,CALFIRE-2020-00081,20200609,40,11,2.02,0.82,0.0,,,0,0,0,0,0,,0,0
4812,VINEYARD,CALFIRE-2020-00082,20200609,23,2,150.49,60.9,9.0,,,0,0,0,0,0,,0,0
4813,CRESTA BLANCA,CALFIRE-2020-00083,20200610,40,10,18.42,7.46,0.0,,,0,0,0,0,0,,0,0
4814,ELIZABETH,CALFIRE-2020-00084,20200610,56,14,298.96,120.98,3.0,,,0,0,0,0,0,,0,0
4815,LIME,CALFIRE-2020-00085,20200610,56,14,802.55,324.78,7.0,,,0,0,0,0,0,,0,0
4816,SODA,CALFIRE-2020-00086,20200610,40,10,1805.7,730.74,23.0,,,0,0,0,0,0,,0,0
4817,BORDER 7,CALFIRE-2020-00087,20200611,37,14,70.65,28.59,2.0,,,0,0,0,0,0,,0,0
4818,CROSS,CALFIRE-2020-00088,20200611,15,14,6.08,2.46,0.0,,,0,0,0,0,0,,0,0
4819,HASLEY,CALFIRE-2020-00089,20200611,19,2,6.67,2.7,0.0,,,0,0,0,0,0,,0,0
4820,SKYLINE 3,CALFIRE-2020-00090,20200611,37,14,79.95,32.36,3.0,,,0,0,0,0,0,,0,0
4821,WATT,CALFIRE-2020-00091,20200611,58,14,39.87,16.13,2.0,,,0,0,0,0,0,,0,0
4822,GRANT,CALFIRE-2020-00092,20200612,34,2,5062.2,2048.6,0.0,38.55225,-121.17608,0,1,0,0,0,,0,0
4823,HOG,CALFIRE-2020-00093,20200612,59,14,527.49,213.47,6.0,40.40278,-120.78824,0,0,0,0,0,,0,0
4824,JACK,CALFIRE-2020-00094,20200612,40,14,5.8,2.35,0.0,,,0,0,0,0,0,,0,0
4825,LAGUNA,CALFIRE-2020-00095,20200612,30,10,7.16,2.9,0.0,,,0,0,0,0,0,,0,0
4826,MOCKINGBIRD,CALFIRE-2020-00096,20200612,42,7,8.89,3.6,0.0,,,0,0,0,0,0,,0,0
4827,MYER,CALFIRE-2020-00097,20200612,15,2,12.89,5.22,2.0,,,0,0,0,0,0,,0,0
4828,TOPAZ,CALFIRE-2020-00098,20200612,40,2,164.01,66.37,21.0,,,0,0,0,0,0,,0,0
4829,VISTA,CALFIRE-2020-00099,20200612,19,14,16.15,6.54,0.0,,,0,0,0,0,0,,0,0
4830,CAMATTA,CALFIRE-2020-00100,20200613,40,2,10.05,4.07,25.0,,,0,0,0,0,0,,0,0
4831,DRUM,CALFIRE-2020-00101,20200614,42,2,695.47,281.45,3.0,,,0,0,0,0,0,,0,0
4832,GREEN,CALFIRE-2020-00102,20200614,36,9,36.14,14.63,0.0,,,0,0,0,0,0,,0,0
4833,AVILA,CALFIRE-2020-00103,20200615,40,14,434.29,175.75,5.0,35.16344,-120.6837,0,1,0,0,0,,0,0
4834,MURPHY,CALFIRE-2020-00104,20200615,59,14,12.09,4.89,1.0,,,0,0,0,0,0,,0,0
4835,PUMICE,CALFIRE-2020-00105,20200615,14,1,43.03,17.41,6.0,,,0,0,0,0,0,,0,0
4836,RIOSA,CALFIRE-2020-00106,20200615,58,11,13.69,5.54,0.0,,,0,0,0,0,0,,0,0
4837,BITTER,CALFIRE-2020-00107,20200616,27,10,895.4,362.36,4.0,,,0,0,0,0,0,,0,0
4838,RIATA,CALFIRE-2020-00108,20200616,40,2,15.23,6.16,0.0,,,0,0,0,0,0,,0,0
4839,WALKER,CALFIRE-2020-00109,20200616,5,9,1398.0,565.75,7.0,,,0,0,0,0,0,,0,0
4840,BAKER,CALFIRE-2020-00110,20200617,15,14,165.18,66.85,1.0,,,0,0,0,0,0,,0,0
4841,DUNNIGAN,CALFIRE-2020-00111,20200617,17,11,7.98,3.23,23.0,,,0,0,0,0,0,,0,0
4842,LIBERTY,CALFIRE-2020-00112,20200617,9,5,88.69,35.89,0.0,,,0,0,0,0,0,,0,0
4843,MOUNTAIN,CALFIRE-2020-00113,20200617,17,11,28.2,11.41,0.0,,,0,0,0,0,0,,0,0
4844,NELSON,CALFIRE-2020-00114,20200617,4,14,103.33,41.82,8.0,39.51898,-121.60342,3,1,0,0,0,,0,0
4845,RIDGE,CALFIRE-2020-00115,20200617,42,10,82.71,33.47,3.0,,,0,0,0,0,0,,0,0
4846,SODA,CALFIRE-2020-00116,20200617,59,1,421.47,170.56,0.0,,,0,0,0,0,0,,0,0
4847,DONALD,CALFIRE-2020-00117,20200618,22,7,1.38,0.56,0.0,,,0,0,0,0,0,,0,0
4848,FORKS,CALFIRE-2020-00118,20200618,54,15,117.23,47.44,3.0,,,0,0,0,0,0,,0,0
4849,MOFFETT,CALFIRE-2020-00119,20200618,47,2,1.07,0.43,0.0,,,0,0,0,0,0,,0,0
4850,NELSON,CALFIRE-2020-00120,20200618,58,11,109.6,44.35,5.0,39.51898,-121.60342,0,0,0,0,0,,0,0
4851,ORR,CALFIRE-2020-00121,20200618,47,2,3.5,1.42,0.0,,,0,0,0,0,0,,0,0
4852,STONY,CALFIRE-2020-00122,20200618,17,14,6.59,2.67,0.0,,,0,0,0,0,0,,0,0
4853,TEDDY,CALFIRE-2020-00123,20200618,4,14,13.28,5.37,5.0,,,0,0,0,0,0,,0,0
4854,SPRINGS,CALFIRE-2020-00124,20200619,54,10,223.89,90.6,3.0,,,0,0,0,0,0,,0,0
4855,CREEK,CALFIRE-2020-00125,20200620,17,2,1.25,0.5,0.0,37.10362,-119.33511,0,0,0,0,0,,0,0
4856,HONCUT,CALFIRE-2020-00126,20200620,4,14,88.19,35.69,2.0,,,0,0,0,0,0,,0,0
4857,MULE,CALFIRE-2020-00127,20200620,17,9,7.36,2.98,0.0,,,0,0,0,0,0,,0,0
4858,QUARTER,CALFIRE-2020-00128,20200620,59,14,11.58,4.69,12.0,,,0,0,0,0,0,,0,0
4859,FARM,CALFIRE-2020-00129,20200621,40,2,2.24,0.91,0.0,,,0,0,0,0,0,,0,0
4860,HUNTER,CALFIRE-2020-00130,20200621,27,4,194.56,78.73,4.0,,,0,0,0,0,0,,0,0
4861,STAGE,CALFIRE-2020-00131,20200621,27,7,51.16,20.7,1.0,,,0,0,0,0,0,,0,0
4862,VISTA,CALFIRE-2020-00132,20200621,27,11,27.8,11.25,1.0,,,0,0,0,0,0,,0,0
4863,WEST,CALFIRE-2020-00133,20200621,19,14,46.84,18.95,0.0,,,0,0,0,0,0,,0,0
4864,GRADE,CALFIRE-2020-00134,20200622,54,7,1050.24,425.02,3.0,,,0,0,0,0,0,,0,0
4865,IVANPAH,CALFIRE-2020-00135,20200622,59,8,1051.48,425.52,4.0,,,0,0,0,0,0,,0,0
4866,RICO,CALFIRE-2020-00136,20200622,27,11,338.14,136.84,1.0,,,0,0,0,0,0,,0,0
4867,DAIRY,CALFIRE-2020-00137,20200623,40,2,2.58,1.04,0.0,,,0,0,0,0,0,,0,0
4868,FRONTIER,CALFIRE-2020-00138,20200623,10,7,21.71,8.79,0.0,,,0,0,0,0,0,,0,0
4869,HILL,CALFIRE-2020-00139,20200623,59,1,63.23,25.59,2.0,,,0,0,0,0,0,,0,0
4870,R-2 TRUMBULL,CALFIRE-2020-00140,20200623,18,1,576.66,233.37,5.0,,,0,0,0,0,0,,0,0
4871,R-3 SKEDDADLE,CALFIRE-2020-00141,20200623,18,1,197.51,79.93,5.0,,,0,0,0,0,0,,0,0
4872,R-5 DRY,CALFIRE-2020-00142,20200623,18,1,45.46,18.4,5.0,,,0,0,0,0,0,,0,0
4873,RAILROAD,CALFIRE-2020-00143,20200623,59,1,131.88,53.37,2.0,,,0,0,0,0,0,,0,0
4874,SYCAMORE,CALFIRE-2020-00144,20200623,10,7,26.59,10.76,2.0,,,0,0,0,0,0,,0,0
4875,BASIC,CALFIRE-2020-00145,20200624,59,1,116.18,47.02,0.0,,,0,0,0,0,0,,0,0
4876,BEND,CALFIRE-2020-00146,20200625,59,14,264.31,106.96,2.0,,,0,0,0,0,0,,0,0
4877,AURORA,CALFIRE-2020-00147,20200626,59,1,238.28,96.43,6.0,,,0,0,0,0,0,,0,0
4878,INDIAN,CALFIRE-2020-00148,20200626,33,9,29.49,11.93,2.0,,,0,0,0,0,0,,0,0
4879,PARISH,CALFIRE-2020-00149,20200627,17,14,57.63,23.32,0.0,,,0,0,0,0,0,,0,0
4880,GAGE,CALFIRE-2020-00150,20200628,40,2,33.06,13.38,0.0,,,0,0,0,0,0,,0,0
4881,GEORGE,CALFIRE-2020-00151,20200628,17,9,1.35,0.54,0.0,,,0,0,0,0,0,,0,0
4882,LULU,CALFIRE-2020-00152,20200628,59,14,11.38,4.61,0.0,,,0,0,0,0,0,,0,0
4883,PASS,CALFIRE-2020-00153,20200628,22,11,2163.7,875.62,3.0,,,0,0,0,0,0,,0,0
4884,COAST,CALFIRE-2020-00154,20200629,44,7,20.21,8.18,0.0,,,0,0,0,0,0,,0,0
4885,NEWELL,CALFIRE-2020-00155,20200629,17,7,2.56,1.04,0.0,,,0,0,0,0,0,,0,0
4886,TRAMWAY,CALFIRE-2020-00156,20200629,15,2,11.14,4.51,0.0,,,0,0,0,0,0,,0,0
4887,AVOCADO,CALFIRE-2020-00157,20200630,4,14,137.58,55.68,11.0,,,0,0,0,0,0,,0,0
4888,CALGROVE,CALFIRE-2020-00158,20200630,19,2,4.23,1.71,0.0,,,0,0,0,0,0,,0,0
4889,FLAT,CALFIRE-2020-00159,20200630,45,10,62.04,25.11,53.0,,,0,0,0,0,0,,0,0
4890,BENA,CALFIRE-2020-00160,20200701,15,14,2884.41,1167.28,4.0,,,0,0,0,0,0,,0,0
4891,ROWHER,CALFIRE-2020-00161,20200701,19,7,648.18,262.31,8.0,,,0,0,0,0,0,,0,0
4892,MOUNT R,CALFIRE-2020-00162,20200703,36,2,61.77,25.0,3.0,,,0,0,0,0,0,,0,0
4893,BOOMER,CALFIRE-2020-00163,20200704,27,14,10.93,4.42,1.0,,,0,0,0,0,0,,0,0
4894,LAKE,CALFIRE-2020-00164,20200704,40,10,567.01,229.46,0.0,34.69499,-118.49878,0,0,0,0,0,,0,0
4895,PARK,CALFIRE-2020-00165,20200704,43,2,342.52,138.61,6.0,,,0,0,0,0,0,,0,0
4896,UNNAMED,CALFIRE-2020-00166,20200704,15,14,9.18,3.72,0.0,,,0,0,0,0,0,,0,0
4897,210TH,CALFIRE-2020-00167,20200705,19,14,7.07,2.86,0.0,,,0,0,0,0,0,,0,0
4898,3 POINTS,CALFIRE-2020-00168,20200705,19,14,11.79,4.77,0.0,,,0,0,0,0,0,,0,0
4899,CREWS,CALFIRE-2020-00169,20200705,43,8,5513.19,2231.11,10.0,37.01893,-121.47044,4,0,0,0,0,,0,0
4900,JUAN,CALFIRE-2020-00170,20200705,40,11,33.28,13.47,0.0,,,0,0,0,0,0,,0,0
4901,KINGS,CALFIRE-2020-00171,20200705,10,2,65.95,26.69,0.0,,,0,0,0,0,0,,0,0
4902,PARK,CALFIRE-2020-00172,20200705,30,14,24.1,9.75,2.0,,,0,0,0,0,0,,0,0
4903,PFE,CALFIRE-2020-00173,20200705,58,14,36.7,14.85,0.0,,,0,0,0,0,0,,0,0
4904,SOLEDAD,CALFIRE-2020-00174,20200705,19,9,1525.54,617.36,2.0,,,0,0,0,0,0,,0,0
4905,STANDARD,CALFIRE-2020-00175,20200705,59,14,23.78,9.62,0.0,,,0,0,0,0,0,,0,0
4906,CACHE,CALFIRE-2020-00176,20200706,17,4,44.8,18.13,0.0,,,0,0,0,0,0,,0,0
4907,DYER,CALFIRE-2020-00177,20200706,58,8,194.66,78.78,0.0,,,0,0,0,0,0,,0,0
4908,WEBSTER,CALFIRE-2020-00178,20200706,40,8,4.87,1.97,0.0,,,0,0,0,0,0,,0,0
4909,ELLIOT,CALFIRE-2020-00179,20200707,15,14,102.64,41.54,6.0,,,0,0,0,0,0,,0,0
4910,KUEHNER 2,CALFIRE-2020-00180,20200707,56,14,22.43,9.08,0.0,,,0,0,0,0,0,,0,0
4911,NAIL,CALFIRE-2020-00181,20200707,17,14,14.59,5.9,3.0,,,0,0,0,0,0,,0,0
4912,DIGGER/QUAIL,CALFIRE-2020-00182,20200708,17,2,5.71,2.31,0.0,,,0,0,0,0,0,,0,0
4913,HEATHER,CALFIRE-2020-00183,20200708,17,9,1.91,0.77,0.0,,,0,0,0,0,0,,0,0
4914,LAMB,CALFIRE-2020-00184,20200708,17,9,1.71,0.69,0.0,,,0,0,0,0,0,,0,0
4915,LAWLEY,CALFIRE-2020-00185,20200708,17,2,2.02,0.82,0.0,,,0,0,0,0,0,,0,0
4916,FLAT,CALFIRE-2020-00186,20200709,15,14,40.13,16.24,3.0,,,0,0,0,0,0,,0,0
4917,NICHOLS,CALFIRE-2020-00187,20200709,30,3,8.12,3.29,1.0,,,0,0,0,0,0,,0,0
4918,SMARTSVILLE,CALFIRE-2020-00188,20200709,58,2,8.09,3.27,0.0,,,0,0,0,0,0,,0,0
4919,TRIPP,CALFIRE-2020-00189,20200709,33,2,59.73,24.17,0.0,,,0,0,0,0,0,,0,0
4920,WALDO,CALFIRE-2020-00190,20200709,58,9,10.1,4.09,3.0,,,0,0,0,0,0,,0,0
4921,MUSTARD,CALFIRE-2020-00191,20200710,40,11,1.81,0.73,0.0,,,0,0,0,0,0,,0,0
4922,EXTENSION INC,CALFIRE-2020-00192,20200711,15,14,3.25,1.31,1.0,,,0,0,0,0,0,,0,0
4923,MACK,CALFIRE-2020-00193,20200711,40,10,1.2,0.49,0.0,,,0,0,0,0,0,,0,0
4924,POWER,CALFIRE-2020-00194,20200711,22,11,151.55,61.33,4.0,,,0,0,0,0,0,,0,0
4925,VENICE,CALFIRE-2020-00195,20200711,40,2,3.36,1.36,0.0,,,0,0,0,0,0,,0,0
4926,COCHRAN,CALFIRE-2020-00196,20200712,56,14,6.86,2.78,0.0,,,0,0,0,0,0,,0,0
4927,GOODENOUGH,CALFIRE-2020-00197,20200712,56,14,8.42,3.41,0.0,,,0,0,0,0,0,,0,0
4928,GREEN,CALFIRE-2020-00198,20200712,40,10,6.08,2.46,0.0,,,0,0,0,0,0,,0,0
4929,CASINO,CALFIRE-2020-00199,20200713,33,7,91.58,37.06,0.0,,,0,0,0,0,0,,0,0
4930,MESA,CALFIRE-2020-00200,20200713,19,11,1.25,0.51,0.0,,,0,0,0,0,0,,0,0
4931,MINERAL,CALFIRE-2020-00201,20200713,10,14,29666.96,12005.8,13.0,,,0,0,0,0,0,,0,0
4932,BEN,CALFIRE-2020-00202,20200715,22,11,48.13,19.48,2.0,,,0,0,0,0,0,,0,0
4933,CAMELOT,CALFIRE-2020-00203,20200715,15,14,9.62,3.89,0.0,,,0,0,0,0,0,,0,0
4934,COYOTE,CALFIRE-2020-00204,20200715,35,14,1485.08,600.99,3.0,36.67237,-120.99703,1,0,0,0,0,,0,0
4935,UNNAMED,CALFIRE-2020-00205,20200715,15,14,1.81,0.73,0.0,,,0,0,0,0,0,,0,0
4936,VALLEY,CALFIRE-2020-00206,20200715,59,14,376.91,152.53,1.0,32.75594,-116.72802,0,0,0,0,0,,0,0
4937,OUTLET,CALFIRE-2020-00207,20200716,15,14,1.07,0.43,0.0,,,0,0,0,0,0,,0,0
4938,UNNAMED,CALFIRE-2020-00208,20200716,15,14,1.41,0.57,0.0,,,0,0,0,0,0,,0,0
4939,PITZER,CALFIRE-2020-00209,20200717,36,9,118.78,48.07,1.0,,,0,0,0,0,0,,0,0
4940,BADGER,CALFIRE-2020-00210,20200718,47,10,557.31,225.53,1.0,,,0,0,0,0,0,,0,0
4941,HOG,CALFIRE-2020-00211,20200718,18,14,9566.36,3871.37,41.0,40.40278,-120.78824,2,0,0,0,0,,0,0
4942,BRIM,CALFIRE-2020-00212,20200719,17,9,21.92,8.87,0.0,,,0,0,0,0,0,,0,0
4943,DAVIS,CALFIRE-2020-00213,20200719,40,10,4.38,1.77,109.0,,,0,0,0,0,0,,0,0
4944,GIBSON,CALFIRE-2020-00214,20200719,45,9,41.67,16.86,1.0,,,0,0,0,0,0,,0,0
4945,PLATINA,CALFIRE-2020-00215,20200719,45,9,339.47,137.38,2.0,,,0,0,0,0,0,,0,0
4946,STANDING ROCK,CALFIRE-2020-00216,20200719,15,14,90.21,36.51,1.0,,,0,0,0,0,0,,0,0
4947,EASTON,CALFIRE-2020-00217,20200720,36,7,56.8,22.99,1.0,,,0,0,0,0,0,,0,0
4948,FEATHER,CALFIRE-2020-00218,20200720,4,14,14.74,5.97,2.0,,,0,0,0,0,0,,0,0
4949,GOLD,CALFIRE-2020-00219,20200720,18,14,22652.56,9167.17,101.0,41.08841,-120.85397,13,5,0,0,0,,0,0
4950,LIBERTY,CALFIRE-2020-00220,20200720,47,14,8.06,3.26,0.0,,,0,0,0,0,0,,0,0
4951,MP 21,CALFIRE-2020-00221,20200720,59,14,93.05,37.66,,,,0,0,0,0,0,,0,0
4952,ALLEN,CALFIRE-2020-00222,20200721,25,1,1034.8,418.77,37.0,,,0,0,0,0,0,,0,0
4953,BIRD,CALFIRE-2020-00223,20200721,32,1,25.05,10.14,2.0,,,0,0,0,0,0,,0,0
4954,IRIS,CALFIRE-2020-00224,20200721,14,1,125.0,50.59,14.0,,,0,0,0,0,0,,0,0
4955,R-3 LITTLE FREDOYNER,CALFIRE-2020-00225,20200721,18,1,187.34,75.82,5.0,,,0,0,0,0,0,,0,0
4956,CALDWELL,CALFIRE-2020-00226,20200722,59,1,81224.68,32870.49,41.0,,,0,0,0,0,0,,0,0
4957,MEADOW,CALFIRE-2020-00227,20200722,40,8,5.03,2.04,0.0,,,0,0,0,0,0,,0,0
4958,TOPANGA,CALFIRE-2020-00228,20200722,19,10,9.35,3.78,48.0,,,0,0,0,0,0,,0,0
4959,DALTON,CALFIRE-2020-00229,20200723,25,1,1367.08,553.24,23.0,,,0,0,0,0,0,,0,0
4960,LEWIS,CALFIRE-2020-00230,20200723,56,14,3.97,1.61,0.0,,,0,0,0,0,0,,0,0
4961,FARRIER,CALFIRE-2020-00231,20200724,58,8,22.63,9.16,7.0,,,0,0,0,0,0,,0,0
4962,HILL,CALFIRE-2020-00232,20200724,17,10,139.13,56.3,0.0,,,0,0,0,0,0,,0,0
4963,RED 3-1,CALFIRE-2020-00233,20200724,47,1,1.29,0.52,0.0,,,0,0,0,0,0,,0,0
4964,178,CALFIRE-2020-00234,20200725,15,14,7.22,2.92,0.0,,,0,0,0,0,0,,0,0
4965,BLUEJAY,CALFIRE-2020-00235,20200725,59,1,6922.01,2801.24,117.0,,,0,0,0,0,0,,0,0
4966,FLAT,CALFIRE-2020-00236,20200725,25,14,13.65,5.52,12.0,,,0,0,0,0,0,,0,0
4967,MINER,CALFIRE-2020-00237,20200725,47,14,23.14,9.36,0.0,,,0,0,0,0,0,,0,0
4968,ADAMS,CALFIRE-2020-00238,20200726,32,1,901.67,364.89,5.0,,,0,0,0,0,0,,0,0
4969,COMANCHE,CALFIRE-2020-00239,20200726,15,14,66.16,26.77,1.0,,,0,0,0,0,0,,0,0
4970,H - 8 WELL,CALFIRE-2020-00240,20200726,45,1,60.99,24.68,,,,0,0,0,0,0,,0,0
4971,KENWOOD,CALFIRE-2020-00241,20200726,36,9,10.37,4.2,0.0,,,0,0,0,0,0,,0,0
4972,L-2 YELLOW,CALFIRE-2020-00242,20200726,45,1,14.9,6.03,,,,0,0,0,0,0,,0,0
4973,MOBILE,CALFIRE-2020-00243,20200726,17,2,1.12,0.45,0.0,,,0,0,0,0,0,,0,0
4974,POND,CALFIRE-2020-00244,20200726,35,8,7.09,2.87,0.0,35.40942,-120.44927,1,0,0,0,0,,0,0
4975,TODD,CALFIRE-2020-00245,20200726,10,2,13.1,5.3,0.0,,,0,0,0,0,0,,0,0
4976,BRIDGE,CALFIRE-2020-00246,20200727,45,1,14.59,5.9,1.0,,,0,0,0,0,0,,0,0
4977,COTTONWOOD,CALFIRE-2020-00247,20200727,22,10,788.08,318.93,2.0,,,0,0,0,0,0,,0,0
4978,FOX,CALFIRE-2020-00248,20200727,17,4,1.7,0.69,0.0,,,0,0,0,0,0,,0,0
4979,JENNY 2-3,CALFIRE-2020-00249,20200727,47,1,14.64,5.92,0.0,,,0,0,0,0,0,,0,0
4980,KIRKLAND,CALFIRE-2020-00250,20200727,17,11,21.1,8.54,0.0,,,0,0,0,0,0,,0,0
4981,LAKE VIEW,CALFIRE-2020-00251,20200727,17,14,2.31,0.93,0.0,,,0,0,0,0,0,,0,0
4982,RED SALMON,CALFIRE-2020-00252,20200727,12,1,143836.4,58208.58,115.0,,,0,0,0,0,0,,0,0
4983,RIDGE,CALFIRE-2020-00253,20200727,19,14,320.84,129.84,1.0,,,0,0,0,0,0,,0,0
4984,BALD,CALFIRE-2020-00254,20200728,45,1,17.92,7.25,4.0,,,0,0,0,0,0,,0,0
4985,BELL,CALFIRE-2020-00255,20200728,59,1,44.9,18.17,,,,0,0,0,0,0,,0,0
4986,BORDER 11,CALFIRE-2020-00256,20200728,37,14,59.77,24.19,2.0,,,0,0,0,0,0,,0,0
4987,BRANCH,CALFIRE-2020-00257,20200728,40,10,2922.2,1182.58,6.0,35.30759,-120.00779,8,0,0,0,0,,0,0
4988,HILLS,CALFIRE-2020-00258,20200728,10,1,2165.12,876.19,61.0,,,0,0,1,0,0,,0,0
4989,LITTLE SODA,CALFIRE-2020-00259,20200728,47,1,53.09,21.48,,,,0,0,0,0,0,,0,0
4990,NOYES 1-14,CALFIRE-2020-00260,20200728,47,1,8.12,3.29,0.0,,,0,0,0,0,0,,0,0
4991,PINE,CALFIRE-2020-00261,20200728,45,1,11.31,4.58,2.0,,,0,0,0,0,0,,0,0
4992,R-6 TUNNISON,CALFIRE-2020-00262,20200728,18,1,175.15,70.88,2.0,,,0,0,0,0,0,,0,0
4993,BROOK,CALFIRE-2020-00263,20200729,36,9,183.21,74.14,3.0,,,0,0,0,0,0,,0,0
4994,CLAY,CALFIRE-2020-00264,20200729,9,3,740.11,299.51,0.0,,,0,0,0,0,0,,0,0
4995,NADEAU,CALFIRE-2020-00265,20200729,15,14,9150.4,3703.04,6.0,,,0,0,0,0,0,,0,0
4996,DAM,CALFIRE-2020-00266,20200730,19,14,226.37,91.61,63.0,,,0,0,0,0,0,,0,0
4997,SHEEP,CALFIRE-2020-00267,20200730,15,14,233.06,94.31,0.0,40.35649,-120.6759,0,0,0,0,0,,0,0
4998,APPLE,CALFIRE-2020-00268,20200731,36,2,33235.8,13450.06,107.0,33.99623,-116.91346,13,8,0,0,0,,0,0
4999,GATO,CALFIRE-2020-00269,20200731,42,14,10.24,4.14,0.0,,,0,0,0,0,0,,0,0
5000,INWOOD,CALFIRE-2020-00270,20200731,45,11,10.82,4.38,0.0,,,0,0,0,0,0,,0,0
5001,WINDY RIDGE,CALFIRE-2020-00271,20200731,30,14,1.74,0.71,0.0,,,0,0,0,0,0,,0,0
5002,BERRY,CALFIRE-2020-00272,20200801,40,2,24.21,9.8,0.0,,,0,0,0,0,0,,0,0
5003,CASTAIC,CALFIRE-2020-00273,20200801,19,14,178.31,72.16,0.0,,,0,0,0,0,0,,0,0
5004,POND,CALFIRE-2020-00274,20200801,40,7,1962.33,794.13,8.0,35.40942,-120.44927,3,1,0,1,0,,0,0
5005,STUMP,CALFIRE-2020-00275,20200801,45,14,325.41,131.69,10.0,,,0,0,0,0,0,,0,0
5006,MARTIN,CALFIRE-2020-00276,20200802,47,11,2.36,0.96,0.0,,,0,0,0,0,0,,0,0
5007,NORTH,CALFIRE-2020-00277,20200802,59,10,6882.29,2785.17,8.0,,,0,0,0,0,0,,0,0
5008,PAVE PAWS,CALFIRE-2020-00278,20200802,59,11,532.77,215.61,0.0,,,0,0,0,0,0,,0,0
5009,RANCHO,CALFIRE-2020-00279,20200802,42,11,1.53,0.62,0.0,,,0,0,0,0,0,,0,0
5010,SITES,CALFIRE-2020-00280,20200802,17,14,569.51,230.47,0.0,,,0,0,0,0,0,,0,0
5011,WATER,CALFIRE-2020-00281,20200802,33,14,36.02,14.58,0.0,,,0,0,0,0,0,,0,0
5012,166,CALFIRE-2020-00282,20200803,42,14,120.72,48.85,1.0,,,0,0,0,0,0,,0,0
5013,ELSMERE,CALFIRE-2020-00283,20200803,19,14,159.21,64.43,0.0,,,0,0,0,0,0,,0,0
5014,SKYLINE,CALFIRE-2020-00284,20200803,33,14,47.93,19.4,13.0,,,0,0,0,0,0,,0,0
5015,STAGECOACH,CALFIRE-2020-00285,20200803,15,14,7750.64,3136.57,0.0,35.44722,-118.50294,31,4,0,0,0,,0,0
5016,TRAIL,CALFIRE-2020-00286,20200803,15,14,2.48,1.0,0.0,,,0,0,0,0,0,,0,0
5017,TRIMMER,CALFIRE-2020-00287,20200803,59,14,593.86,240.33,29.0,,,0,0,0,0,0,,0,0
5018,JOHNSON,CALFIRE-2020-00288,20200804,27,14,39.92,16.15,1.0,,,0,0,0,0,0,,0,0
5019,PASS,CALFIRE-2020-00289,20200804,40,10,323.18,130.78,1.0,,,0,0,0,0,0,,0,0
5020,RESERVE,CALFIRE-2020-00290,20200804,15,14,11.5,4.65,1.0,,,0,0,0,0,0,,0,0
5021,JOHNSON,CALFIRE-2020-00291,20200805,15,14,38.07,15.41,1.0,,,0,0,0,0,0,,0,0
5022,SHED,CALFIRE-2020-00292,20200805,40,10,6.07,2.46,0.0,,,0,0,0,0,0,,0,0
5023,TEXAS,CALFIRE-2020-00293,20200806,19,2,209.95,84.96,5.0,,,0,0,0,0,0,,0,0
5024,WILLIAMS,CALFIRE-2020-00294,20200807,30,2,7.81,3.16,1.0,,,0,0,0,0,0,,0,0
5025,ARROW,CALFIRE-2020-00295,20200808,17,2,6.73,2.72,0.0,,,0,0,0,0,0,,0,0
5026,JONES POINT,CALFIRE-2020-00296,20200808,59,14,136.59,55.28,,,,0,0,0,0,0,,0,0
5027,ISLAND,CALFIRE-2020-00297,20200809,21,4,1.44,0.58,0.0,,,0,0,0,0,0,,0,0
5028,SPRINGS,CALFIRE-2020-00298,20200809,45,8,10.3,4.17,0.0,,,0,0,0,0,0,,0,0
5029,ATHENS,CALFIRE-2020-00299,20200810,58,14,27.3,11.05,1.0,,,0,0,0,0,0,,0,0
5030,DULUTH,CALFIRE-2020-00300,20200810,58,10,71.95,29.12,2.0,,,0,0,0,0,0,,0,0
5031,MINA,CALFIRE-2020-00301,20200810,23,4,158.87,64.29,5.0,,,0,0,0,0,0,,0,0
5032,R-1 MAPES,CALFIRE-2020-00302,20200810,18,1,258.96,104.8,3.0,,,0,0,0,0,0,,0,0
5033,WOLF,CALFIRE-2020-00303,20200810,59,1,2057.3,832.56,101.0,,,0,0,0,0,0,,0,0
5034,HILLS,CALFIRE-2020-00304,20200811,40,10,1.18,0.48,0.0,,,0,0,0,0,0,,0,0
5035,PEAK,CALFIRE-2020-00305,20200811,19,10,26.73,10.82,0.0,,,0,0,0,0,0,,0,0
5036,CARRIZO,CALFIRE-2020-00306,20200812,40,10,184.92,74.83,0.0,,,0,0,0,0,0,,0,0
5037,LAKE,CALFIRE-2020-00307,20200812,12,14,30999.4,12545.02,18.0,34.69499,-118.49878,34,6,0,4,0,,0,0
5038,SPRING,CALFIRE-2020-00308,20200812,40,10,3.96,1.6,0.0,,,0,0,0,0,0,,0,0
5039,FEATHER,CALFIRE-2020-00309,20200813,32,2,39.7,16.07,4.0,,,0,0,0,0,0,,0,0
5040,MEISS,CALFIRE-2020-00310,20200813,9,9,509.15,206.04,0.0,,,0,0,0,0,0,,0,0
5041,PINES,CALFIRE-2020-00311,20200813,45,9,15.74,6.37,0.0,,,0,0,0,0,0,,0,0
5042,RANCH2,CALFIRE-2020-00312,20200813,19,14,4119.2,1666.98,49.0,,,0,0,0,0,0,,0,0
5043,TAR,CALFIRE-2020-00313,20200813,10,1,20.49,8.29,5.0,,,0,0,0,0,0,,0,0
5044,CLARK,CALFIRE-2020-00314,20200814,4,14,106.78,43.21,0.0,,,0,0,0,0,0,,0,0
5045,GROVE,CALFIRE-2020-00315,20200814,19,14,1.8,0.73,0.0,,,0,0,0,0,0,,0,0
5046,LOYALTON,CALFIRE-2020-00316,20200814,31,1,46720.91,18907.3,13.0,,,0,0,0,0,0,,0,0
5047,WOODY,CALFIRE-2020-00317,20200814,15,14,90.52,36.63,0.0,,,0,0,0,0,0,,0,0
5048,DOME,CALFIRE-2020-00318,20200815,59,1,44211.25,17891.67,28.0,,,0,0,0,0,0,,0,0
5049,FRANCISCAN,CALFIRE-2020-00319,20200815,45,2,15.78,6.39,0.0,,,0,0,0,0,0,,0,0
5050,II-2,CALFIRE-2020-00320,20200815,40,1,64.88,26.25,0.0,,,0,0,0,0,0,,0,0
5051,III_2,CALFIRE-2020-00321,20200815,40,1,20.43,8.27,0.0,,,0,0,0,0,0,,0,0
5052,IV_1,CALFIRE-2020-00322,20200815,40,1,3.05,1.23,0.0,,,0,0,0,0,0,,0,0
5053,RALPH,CALFIRE-2020-00323,20200815,36,1,9.39,3.8,3.0,,,0,0,0,0,0,,0,0
5054,REDWOOD,CALFIRE-2020-00324,20200815,17,2,2.18,0.88,0.0,,,0,0,0,0,0,,0,0
5055,WHALE,CALFIRE-2020-00325,20200815,40,1,322.34,130.45,3.0,,,0,0,0,0,0,,0,0
5056,13-1,CALFIRE-2020-00326,20200816,17,1,1.2,0.49,0.0,,,0,0,0,0,0,,0,0
5057,AUGUST,CALFIRE-2020-00327,20200816,53,1,1032700.0,417919.23,87.0,,,89,10,0,0,0,,0,0
5058,BEACH,CALFIRE-2020-00328,20200816,14,1,3668.43,1484.56,11.0,,,0,0,0,0,0,,0,0
5059,BLUE,CALFIRE-2020-00329,20200816,15,14,19.95,8.07,1.0,,,0,0,0,0,0,,0,0
5060,BRIDLE,CALFIRE-2020-00330,20200816,40,1,2.06,0.83,0.0,,,0,0,0,0,0,,0,0
5061,CZU LIGHTNING,CALFIRE-2020-00331,20200816,44,1,86553.46,35026.97,39.0,,,1490,140,1,3,0,,0,0
5062,DEVILS GULCH,CALFIRE-2020-00332,20200816,21,1,16.95,6.86,0.0,,,0,0,0,0,0,,0,0
5063,ELK,CALFIRE-2020-00333,20200816,52,1,730.48,295.62,1.0,,,0,0,0,0,0,,0,0
5064,RATTLESNAKE,CALFIRE-2020-00334,20200816,59,1,8422.87,3408.62,134.0,,,0,0,0,0,0,,0,0
5065,RIVER,CALFIRE-2020-00335,20200816,27,1,50213.82,20320.83,19.0,,,0,0,0,4,0,,0,0
5066,ROCK POOL,CALFIRE-2020-00336,20200816,19,14,92.72,37.52,1.0,,,0,0,0,0,0,,0,0
5067,SCU LIGHTNING,CALFIRE-2020-00337,20200816,43,1,396824.5,160589.32,26.0,,,225,26,0,6,0,,0,0
5068,1-11,CALFIRE-2020-00338,20200817,4,1,12.21,4.94,24.0,,,0,0,0,0,0,,0,0
5069,1-7,CALFIRE-2020-00339,20200817,4,1,174.79,70.73,40.0,,,0,0,0,0,0,,0,0
5070,1-8,CALFIRE-2020-00340,20200817,4,1,92.4,37.39,24.0,,,0,0,0,0,0,,0,0
5071,17-7,CALFIRE-2020-00341,20200817,17,1,1.84,0.75,0.0,,,0,0,0,0,0,,0,0
5072,2-26,CALFIRE-2020-00342,20200817,4,1,27.64,11.19,24.0,,,0,0,0,0,0,,0,0
5073,2-28,CALFIRE-2020-00343,20200817,4,1,21.37,8.65,24.0,,,0,0,0,0,0,,0,0
5074,2-30,CALFIRE-2020-00344,20200817,4,1,6.26,2.53,24.0,,,0,0,0,0,0,,0,0
5075,4-8,CALFIRE-2020-00345,20200817,52,1,278.01,112.51,1.0,,,0,0,0,0,0,,0,0
5076,5-4 POTTERS,CALFIRE-2020-00346,20200817,4,1,925.4,374.5,24.0,,,0,0,0,0,0,,0,0
5077,5-6 CASCADE CREEK,CALFIRE-2020-00347,20200817,4,1,260.18,105.29,24.0,,,0,0,0,0,0,,0,0
5078,HENNESSEY,CALFIRE-2020-00348,20200817,17,1,305351.9,123571.64,30.0,,,0,0,3,5,0,,0,0
5079,HOLSER,CALFIRE-2020-00349,20200817,56,14,2188.63,885.71,5.0,,,0,0,0,0,0,,0,0
5080,IRON,CALFIRE-2020-00350,20200817,32,1,37.9,15.34,5.0,,,0,0,0,0,0,,0,0
5081,JONES,CALFIRE-2020-00351,20200817,29,1,705.55,285.52,42.0,39.27201,-121.10492,18,3,0,0,0,,0,0
5082,MEYERS,CALFIRE-2020-00352,20200817,17,1,2360.25,955.16,16.0,,,0,0,0,0,0,,0,0
5083,MURPHY,CALFIRE-2020-00353,20200817,9,11,13.25,5.36,0.0,,,0,0,0,0,0,,0,0
5084,NORTH,CALFIRE-2020-00354,20200817,4,1,318797.3,129012.8,108.0,,,2352,119,16,0,0,,0,0
5085,R-5 SNOWSTORM,CALFIRE-2020-00355,20200817,18,1,471.72,190.9,1.0,,,0,0,0,0,0,,0,0
5086,SHEEP,CALFIRE-2020-00356,20200817,18,1,29541.14,11954.89,21.0,40.35649,-120.6759,26,2,0,0,0,,0,0
5087,SPRING,CALFIRE-2020-00357,20200817,45,1,228.83,92.61,10.0,,,0,0,0,0,0,,0,0
5088,W-4 TERMO,CALFIRE-2020-00358,20200817,18,1,265.58,107.48,3.0,,,0,0,0,0,0,,0,0
5089,WALBRIDGE,CALFIRE-2020-00359,20200817,17,1,55208.94,22342.29,25.0,,,0,0,0,0,0,,0,0
5090,3-19,CALFIRE-2020-00360,20200818,23,1,65.01,26.31,64.0,,,0,0,0,0,0,,0,0
5091,CARMEL,CALFIRE-2020-00361,20200818,27,10,6996.94,2831.57,19.0,,,0,0,0,0,0,,0,0
5092,CHOLAME,CALFIRE-2020-00362,20200818,40,14,3.23,1.31,0.0,,,0,0,0,0,0,,0,0
5093,COPPER,CALFIRE-2020-00363,20200818,32,1,54.71,22.14,4.0,,,0,0,0,0,0,,0,0
5094,CORNELL,CALFIRE-2020-00364,20200818,40,2,1.81,0.73,0.0,,,0,0,0,0,0,,0,0
5095,CREEK,CALFIRE-2020-00365,20200818,23,10,834.24,337.61,8.0,37.10362,-119.33511,0,0,0,0,0,,0,0
5096,DOLAN,CALFIRE-2020-00366,20200818,42,14,124527.4,50394.5,135.0,,,0,0,0,0,0,,0,0
5097,SALT,CALFIRE-2020-00367,20200818,5,9,1593.73,644.96,10.0,,,0,0,0,0,0,,0,0
5098,W-5 COLD SPRINGS,CALFIRE-2020-00368,20200818,18,1,84817.6,34324.5,26.0,,,0,0,0,0,0,,0,0
5099,WOODWARD,CALFIRE-2020-00369,20200818,59,1,4901.73,1983.66,94.0,,,0,0,0,0,0,,0,0
5100,CASTLE,CALFIRE-2020-00370,20200819,15,1,170647.9,69058.82,138.0,,,0,0,0,0,0,,0,0
5101,SHOTGUN,CALFIRE-2020-00371,20200819,15,1,840.85,340.28,138.0,,,0,0,0,0,0,,0,0
5102,TAYLOR,CALFIRE-2020-00372,20200819,17,14,1.73,0.7,0.0,,,0,0,0,0,0,,0,0
5103,MOC,CALFIRE-2020-00373,20200820,5,9,2857.61,1156.43,16.0,,,0,0,0,0,0,,0,0
5104,VOLCANO,CALFIRE-2020-00374,20200820,37,9,46.39,18.77,2.0,,,0,0,0,0,0,,0,0
5105,FISH CREEK,CALFIRE-2020-00375,20200821,15,1,29.78,12.05,,,,0,0,0,0,0,,0,0
5106,MORAINE,CALFIRE-2020-00376,20200821,59,1,1316.04,532.58,130.0,,,0,0,0,0,0,,0,0
5107,LIVE OAK,CALFIRE-2020-00377,20200822,30,10,1.67,0.68,0.0,,,0,0,0,0,0,,0,0
5108,RAYBURN,CALFIRE-2020-00378,20200822,19,14,12.39,5.01,0.0,,,0,0,0,0,0,,0,0
5109,HORSE,CALFIRE-2020-00379,20200823,59,1,30.19,12.22,88.0,,,0,0,0,0,0,,0,0
5110,1-12,CALFIRE-2020-00380,20200824,4,1,946.58,383.07,17.0,,,0,0,0,0,0,,0,0
5111,R-8 PINECODE,CALFIRE-2020-00381,20200824,18,1,566.49,229.25,5.0,,,0,0,0,0,0,,0,0
5112,NORTH WHIZZ DOME,CALFIRE-2020-00382,20200825,59,1,199.98,80.93,86.0,,,0,0,0,0,0,,0,0
5113,PLACER,CALFIRE-2020-00383,20200825,40,2,53.16,21.51,0.0,,,0,0,0,0,0,,0,0
5114,INDIAN,CALFIRE-2020-00384,20200826,17,14,20.43,8.27,0.0,,,0,0,0,0,0,,0,0
5115,EAGLE,CALFIRE-2020-00385,20200827,17,7,1.48,0.6,0.0,,,0,0,0,0,0,,0,0
5116,JOHNSON,CALFIRE-2020-00386,20200828,19,10,291.95,118.15,1.0,,,0,0,0,0,0,,0,0
5117,MEDIO,CALFIRE-2020-00387,20200828,56,14,16.06,6.5,0.0,,,0,0,0,0,0,,0,0
5118,ENERGY,CALFIRE-2020-00388,20200829,40,11,6.93,2.8,0.0,,,0,0,0,0,0,,0,0
5119,SHERWOOD,CALFIRE-2020-00389,20200829,15,14,44.6,18.05,0.0,,,0,0,0,0,0,,0,0
5120,SLINK,CALFIRE-2020-00390,20200829,59,14,26751.78,10826.07,76.0,,,0,0,0,0,0,,0,0
5121,BARNES,CALFIRE-2020-00391,20200830,15,14,79.42,32.14,3.0,,,0,0,0,0,0,,0,0
5122,HENSLEY,CALFIRE-2020-00392,20200830,22,7,398.48,161.26,3.0,,,0,0,0,0,0,,0,0
5123,MONTICELLO,CALFIRE-2020-00393,20200830,17,14,1.09,0.44,0.0,,,0,0,0,0,0,,0,0
5124,SPRING,CALFIRE-2020-00394,20200830,17,14,2.99,1.21,15.0,,,0,0,0,0,0,,0,0
5125,THERMAL,CALFIRE-2020-00395,20200830,10,11,11.43,4.62,0.0,,,0,0,0,0,0,,0,0
5126,CATHOLIC,CALFIRE-2020-00396,20200901,17,10,22.23,9.0,0.0,,,0,0,0,0,0,,0,0
5127,HOBO,CALFIRE-2020-00397,20200901,45,11,413.53,167.35,9.0,,,0,0,0,0,0,,0,0
5128,CIMA,CALFIRE-2020-00398,20200904,15,14,32.44,13.13,2.0,,,0,0,0,0,0,,0,0
5129,CREEK,CALFIRE-2020-00399,20200904,10,14,379842.4,153716.9,111.0,37.10362,-119.33511,858,71,0,0,0,,0,0
5130,BULL,CALFIRE-2020-00400,20200905,59,10,14.09,5.7,0.0,,,0,0,0,0,0,,0,0
5131,EL DORADO,CALFIRE-2020-00401,20200905,36,14,22503.71,9106.94,72.0,34.05115,-116.94599,14,2,0,0,0,,0,0
5132,VALLEY,CALFIRE-2020-00402,20200905,37,14,16389.54,6632.62,19.0,32.75594,-116.72802,64,11,0,0,0,,0,0
5133,BOBCAT,CALFIRE-2020-00403,20200906,19,14,115998.0,46942.77,43.0,34.43407,-117.91805,169,47,0,0,0,,0,0
5134,LITO,CALFIRE-2020-00404,20200907,42,9,25.82,10.45,0.0,,,0,0,0,0,0,,0,0
5135,OAK,CALFIRE-2020-00405,20200907,23,9,1146.47,463.96,21.0,39.48944,-123.38181,56,1,0,0,0,,0,0
5136,BULLFROG,CALFIRE-2020-00406,20200908,59,14,654.64,264.92,62.0,,,0,0,0,0,0,,0,0
5137,CANAL,CALFIRE-2020-00407,20200908,17,14,4.07,1.65,0.0,,,0,0,0,0,0,,0,0
5138,FORK,CALFIRE-2020-00408,20200908,59,14,1668.45,675.2,61.0,,,0,0,0,0,0,,0,0
5139,SANDY,CALFIRE-2020-00409,20200908,59,10,22.69,9.18,0.0,,,0,0,0,0,0,,0,0
5140,SLATER,CALFIRE-2020-00410,20200908,47,14,157429.9,63709.68,95.0,41.82965,-123.38476,353,24,0,0,0,,0,0
5141,DAVIS 3,CALFIRE-2020-00411,20200909,32,7,11.43,4.63,0.0,,,0,0,0,0,0,,0,0
5142,DEVIL,CALFIRE-2020-00412,20200909,47,14,8871.94,3590.35,,,,0,0,0,0,0,,0,0
5143,SCHOOLHOUSE,CALFIRE-2020-00413,20200909,47,14,37.06,15.0,0.0,,,0,0,0,0,0,,0,0
5144,VISTA,CALFIRE-2020-00414,20200909,15,14,34.72,14.05,0.0,,,0,0,0,0,0,,0,0
5145,WILLOWS,CALFIRE-2020-00415,20200909,58,7,1309.09,529.77,34.0,,,0,0,0,0,0,,0,0
5146,SALMON,CALFIRE-2020-00416,20200910,17,2,5.43,2.2,0.0,,,0,0,0,0,0,,0,0
5147,AHA MACAV,CALFIRE-2020-00417,20200911,59,9,42.1,17.04,0.0,,,0,0,0,0,0,,0,0
5148,PALM,CALFIRE-2020-00418,20200911,19,14,8.41,3.4,0.0,,,0,0,0,0,0,,0,0
5149,SHACKLEFORD,CALFIRE-2020-00419,20200911,47,14,37.65,15.24,0.0,,,0,0,0,0,0,,0,0
5150,HIGHLAND,CALFIRE-2020-00420,20200912,30,14,1.15,0.47,0.0,,,0,0,0,0,0,,0,0
5151,FOX,CALFIRE-2020-00421,20200914,47,4,2027.55,820.52,14.0,,,0,0,0,0,0,,0,0
5152,RIDGE,CALFIRE-2020-00422,20200914,45,10,17.11,6.92,122.0,,,0,0,0,0,0,,0,0
5153,COUNTRY,CALFIRE-2020-00423,20200917,40,8,1.02,0.41,0.0,,,0,0,0,0,0,,0,0
5154,SNOW,CALFIRE-2020-00424,20200917,33,10,6253.44,2530.68,7.0,,,0,0,0,0,0,,0,0
5155,GARCES,CALFIRE-2020-00425,20200919,15,14,10.85,4.39,0.0,,,0,0,0,0,0,,0,0
5156,ORANGE,CALFIRE-2020-00426,20200919,15,14,35.98,14.56,17.0,,,0,0,0,0,0,,0,0
5157,LUCERNE,CALFIRE-2020-00427,20200920,17,7,4.12,1.67,0.0,,,0,0,0,0,0,,0,0
5158,URSULINE,CALFIRE-2020-00428,20200921,17,2,11.93,4.83,0.0,,,0,0,0,0,0,,0,0
5159,BROWN,CALFIRE-2020-00429,20200922,27,11,18.35,7.43,1.0,,,0,0,0,0,0,,0,0
5160,STAGE,CALFIRE-2020-00430,20200923,17,11,26.57,10.75,0.0,,,0,0,0,0,0,,0,0
5161,NO NAME,CALFIRE-2020-00431,20200926,19,10,3.01,1.22,0.0,,,0,0,0,0,0,,0,0
5162,GLASS,CALFIRE-2020-00432,20200927,28,14,67484.41,27310.0,23.0,38.52332,-122.53814,1528,282,0,0,0,,0,0
5163,PIERCE,CALFIRE-2020-00433,20200927,21,2,5.64,2.28,0.0,,,0,0,0,0,0,,0,0
5164,ZOGG,CALFIRE-2020-00434,20200927,45,14,56338.05,22799.22,16.0,40.48488,-122.60925,204,27,4,1,0,,0,0
5165,ACTON,CALFIRE-2020-00435,20200928,19,9,13.84,5.6,0.0,,,0,0,0,0,0,,0,0
5166,MARTINDALE,CALFIRE-2020-00436,20200928,19,14,233.35,94.43,1.0,,,0,0,0,0,0,,0,0
5167,WOFFORD,CALFIRE-2020-00437,20200928,15,14,5.79,2.34,0.0,,,0,0,0,0,0,,0,0
5168,COPPER,CALFIRE-2020-00438,20200930,9,3,46.58,18.85,0.0,,,0,0,0,0,0,,0,0
5169,LUCY,CALFIRE-2020-00439,20201002,40,14,2.14,0.87,0.0,,,0,0,0,0,0,,0,0
5170,TULE,CALFIRE-2020-00440,20201002,59,2,43.2,17.48,0.0,,,0,0,0,0,0,,0,0
5171,LYTTON,CALFIRE-2020-00441,20201003,17,7,1.93,0.78,0.0,,,0,0,0,0,0,,0,0
5172,BACCARAT,CALFIRE-2020-00442,20201004,59,14,10456.4,4231.56,7.0,,,0,0,0,0,0,,0,0
5173,DELTA,CALFIRE-2020-00443,20201004,40,9,7.6,3.08,0.0,,,0,0,0,0,0,,0,0
5174,LAMBERT,CALFIRE-2020-00444,20201004,9,9,21.82,8.83,0.0,,,0,0,0,0,0,,0,0
5175,SALT,CALFIRE-2020-00445,20201005,17,10,86.66,35.07,0.0,,,0,0,0,0,0,,0,0
5176,FIELDS,CALFIRE-2020-00446,20201006,58,5,55.33,22.39,3.0,,,0,0,0,0,0,,0,0
5177,CIRCLE,CALFIRE-2020-00447,20201007,27,8,32.2,13.03,1.0,,,0,0,0,0,0,,0,0
5178,CROSS,CALFIRE-2020-00448,20201007,27,2,24.5,9.91,0.0,,,0,0,0,0,0,,0,0
5179,QUAIL,CALFIRE-2020-00449,20201009,19,5,12.86,5.2,0.0,38.4799,-122.01199,0,0,0,0,0,,0,0
5180,HUBCAP,CALFIRE-2020-00450,20201010,17,2,2.02,0.82,0.0,,,0,0,0,0,0,,0,0
5181,WAVE,CALFIRE-2020-00451,20201010,19,14,5.21,2.11,0.0,,,0,0,0,0,0,,0,0
5182,MENTONE,CALFIRE-2020-00452,20201012,36,10,47.27,19.13,1.0,,,0,0,0,0,0,,0,0
5183,LYONS,CALFIRE-2020-00453,20201013,17,10,25.59,10.35,0.0,,,0,0,0,0,0,,0,0
5184,BRUDER,CALFIRE-2020-00454,20201014,36,14,169.55,68.61,1.0,,,0,0,0,0,0,,0,0
5185,GRAND,CALFIRE-2020-00455,20201015,4,14,31.06,12.57,5.0,,,0,0,0,0,0,,0,0
5186,SIMPSON,CALFIRE-2020-00456,20201015,58,14,28.57,11.56,2.0,,,0,0,0,0,0,,0,0
5187,BLUE,CALFIRE-2020-00457,20201016,19,1,5.15,2.08,4.0,,,0,0,0,0,0,,0,0
5188,CAMERON,CALFIRE-2020-00458,20201018,9,10,14.43,5.84,0.0,38.65903,-120.95284,2,1,0,0,0,,0,0
5189,COLEMAN,CALFIRE-2020-00459,20201018,42,14,562.91,227.8,28.0,,,0,0,0,0,0,,0,0
5190,LILAC,CALFIRE-2020-00460,20201018,15,14,52.85,21.39,1.0,,,0,0,0,0,0,,0,0
5191,SABODAN,CALFIRE-2020-00461,20201020,15,14,3.02,1.22,0.0,,,0,0,0,0,0,,0,0
5192,POPE,CALFIRE-2020-00462,20201023,17,10,64.28,26.01,0.0,,,0,0,0,0,0,,0,0
5193,REDWOOD,CALFIRE-2020-00463,20201023,12,2,101.4,41.04,0.0,,,0,0,0,0,0,,0,0
5194,DERSCH,CALFIRE-2020-00464,20201025,45,7,133.3,53.94,92.0,40.48808,-122.16201,3,0,0,0,0,,0,0
5195,POINT,CALFIRE-2020-00465,20201025,45,9,276.66,111.96,2.0,,,0,0,0,0,0,,0,0
5196,BLUE RIDGE,CALFIRE-2020-00466,20201026,36,14,13694.53,5541.98,7.0,33.88855,-117.70357,1,12,0,0,0,,0,0
5197,COPPERHEAD,CALFIRE-2020-00467,20201026,27,2,22.67,9.17,0.0,,,0,0,0,0,0,,0,0
5198,POINT,CALFIRE-2020-00468,20201026,59,14,93.22,37.73,10.0,,,0,0,0,0,0,,0,0
5199,SILVERADO,CALFIRE-2020-00469,20201026,30,14,12469.21,5046.11,7.0,33.69948,-117.71379,5,11,0,2,0,,0,0
5200,BALLARD,CALFIRE-2020-00470,20201031,42,14,17.3,7.0,0.0,,,0,0,0,0,0,,0,0
5201,BITTER,CALFIRE-2020-00471,20201101,59,10,1.39,0.56,0.0,,,0,0,0,0,0,,0,0
5202,RESERVOIR,CALFIRE-2020-00472,20201102,40,8,8.03,3.25,0.0,,,0,0,0,0,0,,0,0
5203,SAN DIMAS,CALFIRE-2020-00473,20201106,19,7,128.17,51.87,0.0,,,0,0,0,0,0,,0,0
5204,LAURA 2,CALFIRE-2020-00474,20201117,18,14,2729.03,1104.4,6.0,40.03809,-120.10981,42,7,0,0,0,,0,0
5205,MOUNTAIN VIEW,CALFIRE-2020-00475,20201117,59,14,20374.56,8245.3,13.0,,,0,0,1,0,0,,0,0
5206,CHABLIS,CALFIRE-2020-00476,20201122,17,8,1.33,0.54,0.0,,,0,0,0,0,0,,0,0
5207,DUTARD,CALFIRE-2020-00477,20201123,42,14,13.63,5.52,0.0,,,0,0,0,0,0,,0,0
5208,TWIN,CALFIRE-2020-00478,20201123,17,5,1.04,0.42,0.0,,,0,0,0,0,0,,0,0
5209,GULCH,CALFIRE-2020-00479,20201127,36,4,7.51,3.04,4.0,,,0,0,0,0,0,,0,0
5210,GAREY,CALFIRE-2020-00480,20201129,42,2,12.15,4.92,2.0,,,0,0,0,0,0,,0,0
5211,AIRPORT,CALFIRE-2020-00481,20201201,33,14,1085.7,439.37,12.0,,,0,0,0,0,0,,0,0
5212,WATER,CALFIRE-2020-00482,20201202,15,14,22.27,9.01,1.0,,,0,0,0,0,0,,0,0
5213,WILLOWS,CALFIRE-2020-00483,20201202,37,14,58.15,23.53,1.0,,,0,0,0,0,0,,0,0
5214,BOND,CALFIRE-2020-00484,20201203,30,14,6681.1,2703.75,4.0,33.73131,-117.63566,31,21,0,0,0,,0,0
5215,HUTTON,CALFIRE-2020-00485,20201207,40,14,22.71,9.19,0.0,,,0,0,0,0,0,,0,0
5216,PERKIN,CALFIRE-2020-00486,20201208,56,14,39.83,16.12,3.0,,,0,0,0,0,0,,0,0
5217,CANYON,CALFIRE-2020-00487,20201213,19,11,7.27,2.94,0.0,,,0,0,0,0,0,,0,0
5218,SANDERSON,CALFIRE-2020-00488,20201213,33,4,1954.65,791.02,1.0,,,0,0,0,0,0,,0,0
5219,CLARK,CALFIRE-2020-00489,20201216,42,7,18.83,7.62,0.0,,,0,0,0,0,0,,0,0
5220,BANNING,CALFIRE-2020-00490,20201220,19,11,1.53,0.62,0.0,,,0,0,0,0,0,,0,0
5221,CREEK 5,CALFIRE-2020-00491,20201224,59,14,3052.17,1235.17,7.0,,,0,0,0,0,0,,0,0
5222,MINE,CALFIRE-2020-00492,20201224,12,5,11.07,4.48,0.0,,,0,0,0,0,0,,0,0
5223,AIRLINE,CALFIRE-2020-00493,20201225,27,7,62.41,25.26,0.0,,,0,0,0,0,0,,0,0
5224,PITMAN,CALFIRE-2020-00494,20201226,36,2,39.67,16.05,0.0,,,0,0,0,0,0,,0,0
5225,LOCUST,CALFIRE-2020-00495,20201231,58,5,15.86,6.42,0.0,,,0,0,0,0,0,,0,0
5226,MIGUEL 3,CALFIRE-2021-00001,20210107,59,14,21.32,8.63,0.0,,,0,0,0,0,0,,0,0
5227,NEWTON,CALFIRE-2021-00002,20210108,19,14,2.27,0.92,0.0,,,0,0,0,0,0,,0,0
5228,NEWTON,CALFIRE-2021-00003,20210108,59,14,1.87,0.76,0.0,,,0,0,0,0,0,,0,0
5229,BORDER,CALFIRE-2021-00004,20210110,37,9,1.85,0.75,11.0,,,0,0,0,0,0,,0,0
5230,BORDER 2,CALFIRE-2021-00005,20210113,37,5,18.64,7.55,8.0,,,0,0,0,0,0,,0,0
5231,TIFFANY,CALFIRE-2021-00006,20210113,40,5,2.45,0.99,0.0,,,0,0,0,0,0,,0,0
5232,ERBES,CALFIRE-2021-00007,20210114,56,14,27.63,11.18,1.0,,,0,0,0,0,0,,0,0
5233,BONITA,CALFIRE-2021-00008,20210115,33,14,681.18,275.66,54.0,,,0,0,0,0,0,,0,0
5234,PACIFICO,CALFIRE-2021-00009,20210117,19,15,2.88,1.17,0.0,,,0,0,0,0,0,,0,0
5235,ADOBE,CALFIRE-2021-00010,20210118,40,2,1.44,0.58,0.0,,,0,0,0,0,0,,0,0
5236,OLD,CALFIRE-2021-00011,20210118,17,11,3.87,1.57,0.0,,,0,0,0,0,0,,0,0
5237,ABERNATHY,CALFIRE-2021-00012,20210119,59,11,373.54,151.17,7.0,,,0,0,0,0,0,,0,0
5238,BLOOM,CALFIRE-2021-00013,20210119,44,9,8.61,3.48,2.0,,,0,0,0,0,0,,0,0
5239,BONNY,CALFIRE-2021-00014,20210119,44,9,20.31,8.22,3.0,,,0,0,0,0,0,,0,0
5240,BUTANO,CALFIRE-2021-00015,20210119,44,1,169.87,68.74,2.0,,,0,0,0,0,0,,0,0
5241,CHINA,CALFIRE-2021-00016,20210119,44,9,21.94,8.88,2.0,,,0,0,0,0,0,,0,0
5242,COLD,CALFIRE-2021-00017,20210119,59,5,34.51,13.97,1.0,,,0,0,0,0,0,,0,0
5243,FREEDOM,CALFIRE-2021-00018,20210119,44,11,33.26,13.46,3.0,,,0,0,0,0,0,,0,0
5244,KELLOGG,CALFIRE-2021-00019,20210119,19,14,12.26,4.96,0.0,,,0,0,0,0,0,,0,0
5245,MANZANITA,CALFIRE-2021-00020,20210119,22,5,22.38,9.06,0.0,,,0,0,0,0,0,,0,0
5246,PANTHER RIDGE,CALFIRE-2021-00021,20210119,44,11,19.73,7.98,3.0,,,0,0,0,0,0,,0,0
5247,SPRING,CALFIRE-2021-00022,20210119,17,9,2.93,1.18,171.0,,,0,0,0,0,0,,0,0
5248,SPRINGS,CALFIRE-2021-00023,20210119,19,14,2.71,1.1,0.0,,,0,0,0,0,0,,0,0
5249,TOWSLEY,CALFIRE-2021-00024,20210119,19,14,183.89,74.42,3.0,,,0,0,0,0,0,,0,0
5250,UNION,CALFIRE-2021-00025,20210119,59,14,20.38,8.25,1.0,,,0,0,0,0,0,,0,0
5251,WOLF,CALFIRE-2021-00026,20210119,15,14,674.13,272.81,1.0,,,0,0,0,0,0,,0,0
5252,CAMPO,CALFIRE-2021-00027,20210120,59,14,8.98,3.63,0.0,,,0,0,0,0,0,,0,0
5253,COYOTE,CALFIRE-2021-00028,20210121,40,5,4.89,1.98,0.0,,,0,0,0,0,0,,0,0
5254,RYE,CALFIRE-2021-00029,20210202,19,2,1.17,0.47,0.0,,,0,0,0,0,0,,0,0
5255,YUHA,CALFIRE-2021-00030,20210220,15,14,106.2,42.98,12.0,,,0,0,0,0,0,,0,0
5256,FERRIS,CALFIRE-2021-00031,20210221,27,5,13.8,5.58,0.0,,,0,0,0,0,0,,0,0
5257,FLAT,CALFIRE-2021-00032,20210224,25,14,21.96,8.89,1.0,,,0,0,0,0,0,,0,0
5258,KNOLLS,CALFIRE-2021-00033,20210228,19,14,5.08,2.06,0.0,,,0,0,0,0,0,,0,0
5259,CALVERT,CALFIRE-2021-00034,20210301,36,18,257.83,104.34,0.0,,,0,0,0,0,0,,0,0
5260,GRANITE INC,CALFIRE-2021-00035,20210301,15,11,2.38,0.96,0.0,,,0,0,0,0,0,,0,0
5261,BOYDEN 1,CALFIRE-2021-00036,20210303,15,5,14.57,5.9,15.0,,,0,0,0,0,0,,0,0
5262,VIRGINIA,CALFIRE-2021-00037,20210305,56,14,4.26,1.72,1.0,,,0,0,0,0,0,,0,0
5263,GRAPEVINE,CALFIRE-2021-00038,20210314,15,5,86.21,34.89,6.0,,,0,0,0,0,0,,0,0
5264,CASTLE,CALFIRE-2021-00039,20210319,59,4,5.14,2.08,2.0,,,0,0,0,0,0,,0,0
5265,HORSE,CALFIRE-2021-00040,20210326,47,9,10.61,4.29,6.0,,,0,0,0,0,0,,0,0
5266,REFUGE,CALFIRE-2021-00041,20210327,47,5,856.4,346.57,1.0,,,0,0,0,0,0,,0,0
5267,LINE,CALFIRE-2021-00042,20210328,5,5,21.61,8.75,0.0,,,0,0,0,0,0,,0,0
5268,MADERA 2,CALFIRE-2021-00043,20210401,56,2,14.22,5.75,0.0,,,0,0,0,0,0,,0,0
5269,WOODMAN,CALFIRE-2021-00044,20210401,45,5,24.85,10.06,0.0,,,0,0,0,0,0,,0,0
5270,ELK,CALFIRE-2021-00045,20210404,47,14,45.01,18.21,9.0,,,0,0,0,0,0,,0,0
5271,WESTWOOD,CALFIRE-2021-00046,20210404,56,14,22.98,9.3,0.0,,,0,0,0,0,0,,0,0
5272,CORRAL,CALFIRE-2021-00047,20210405,42,14,17.29,7.0,1.0,,,0,0,0,0,0,,0,0
5273,MEISS,CALFIRE-2021-00048,20210405,47,5,21.86,8.85,0.0,,,0,0,0,0,0,,0,0
5274,SPRINGS,CALFIRE-2021-00049,20210405,19,14,62.08,25.12,7.0,,,0,0,0,0,0,,0,0
5275,ONION,CALFIRE-2021-00050,20210408,14,14,85.54,34.62,4.0,,,0,0,0,0,0,,0,0
5276,TRAIL,CALFIRE-2021-00051,20210410,40,14,8.89,3.6,0.0,,,0,0,0,0,0,,0,0
5277,PASO,CALFIRE-2021-00052,20210412,37,18,26.8,10.84,1.0,,,0,0,0,0,0,,0,0
5278,BROWNELL,CALFIRE-2021-00053,20210413,47,5,4.15,1.68,0.0,,,0,0,0,0,0,,0,0
5279,GREENHORN,CALFIRE-2021-00054,20210413,32,14,9.6,3.88,0.0,,,0,0,0,0,0,,0,0
5280,RANCH,CALFIRE-2021-00055,20210415,56,14,1.8,0.73,0.0,,,0,0,0,0,0,,0,0
5281,FREEWAY,CALFIRE-2021-00056,20210417,15,10,3.82,1.55,0.0,,,0,0,0,0,0,,0,0
5282,SODA,CALFIRE-2021-00057,20210417,17,5,1.21,0.49,0.0,,,0,0,0,0,0,,0,0
5283,SULPHUR,CALFIRE-2021-00058,20210417,56,14,4.33,1.75,0.0,,,0,0,0,0,0,,0,0
5284,WILLOW,CALFIRE-2021-00059,20210417,15,14,31.77,12.86,12.0,,,0,0,0,0,0,,0,0
5285,BACKUS,CALFIRE-2021-00060,20210418,15,14,26.61,10.77,1.0,,,0,0,0,0,0,,0,0
5286,CERRITO,CALFIRE-2021-00061,20210418,17,9,1.06,0.43,0.0,,,0,0,0,0,0,,0,0
5287,HIGHLINE,CALFIRE-2021-00062,20210418,15,9,40.43,16.36,6.0,,,0,0,0,0,0,,0,0
5288,TURNBULL,CALFIRE-2021-00063,20210418,19,14,1.47,0.59,0.0,,,0,0,0,0,0,,0,0
5289,TURNOUT,CALFIRE-2021-00064,20210418,23,18,191.65,77.56,7.0,,,0,0,0,0,0,,0,0
5290,GRAPEVINE,CALFIRE-2021-00065,20210420,15,10,5.19,2.1,0.0,,,0,0,0,0,0,,0,0
5291,MUNIZ,CALFIRE-2021-00066,20210420,17,5,2.23,0.9,0.0,,,0,0,0,0,0,,0,0
5292,MARY,CALFIRE-2021-00067,20210422,47,18,4.06,1.64,0.0,,,0,0,0,0,0,,0,0
5293,WOLVES,CALFIRE-2021-00068,20210422,15,18,26.07,10.55,0.0,,,0,0,0,0,0,,0,0
5294,BACKUS 2,CALFIRE-2021-00069,20210425,15,14,2.9,1.17,0.0,,,0,0,0,0,0,,0,0
5295,LAURIE,CALFIRE-2021-00070,20210425,56,14,3.04,1.23,0.0,,,0,0,0,0,0,,0,0
5296,VISTA,CALFIRE-2021-00071,20210427,40,5,5.14,2.08,0.0,,,0,0,0,0,0,,0,0
5297,NORTH,CALFIRE-2021-00072,20210428,19,14,552.2,223.47,2.0,,,0,0,0,0,0,,0,0
5298,SCOTTS,CALFIRE-2021-00073,20210428,17,9,8.72,3.53,0.0,,,0,0,0,0,0,,0,0
5299,TULLEY,CALFIRE-2021-00074,20210428,17,5,62.66,25.36,2.0,,,0,0,0,0,0,,0,0
5300,CAMPO,CALFIRE-2021-00075,20210429,5,5,159.98,64.74,5.0,,,0,0,0,0,0,,0,0
5301,COUNTRY,CALFIRE-2021-00076,20210429,56,8,26.54,10.74,1.0,,,0,0,0,0,0,,0,0
5302,SKY,CALFIRE-2021-00077,20210429,17,5,58.35,23.61,0.0,,,0,0,0,0,0,,0,0
5303,VIRGENES,CALFIRE-2021-00078,20210429,19,14,6.46,2.61,0.0,,,0,0,0,0,0,,0,0
5304,WILSON,CALFIRE-2021-00079,20210429,17,5,1.55,0.63,0.0,,,0,0,0,0,0,,0,0
5305,COYOTE,CALFIRE-2021-00080,20210430,56,14,15.36,6.21,1.0,,,0,0,0,0,0,,0,0
5306,OWENS,CALFIRE-2021-00081,20210501,15,9,1390.02,562.52,0.0,,,0,0,0,0,0,,0,0
5307,SALMON,CALFIRE-2021-00082,20210501,9,14,31.74,12.84,0.0,,,0,0,0,0,0,,0,0
5308,SOUTHERN,CALFIRE-2021-00083,20210502,37,2,5365.9,2171.51,,32.99932,-116.48321,3,0,0,0,0,,0,0
5309,ANTELOPE,CALFIRE-2021-00084,20210504,40,10,10.67,4.32,0.0,41.58417,-121.91244,0,0,0,0,0,,0,0
5310,CREEK,CALFIRE-2021-00085,20210504,33,14,31.87,12.9,0.0,,,0,0,0,0,0,,0,0
5311,DEVORE,CALFIRE-2021-00086,20210504,36,9,13.81,5.59,0.0,,,0,0,0,0,0,,0,0
5312,HOVEY,CALFIRE-2021-00087,20210505,47,5,4.77,1.93,0.0,,,0,0,0,0,0,,0,0
5313,RANCH,CALFIRE-2021-00088,20210505,47,5,1.68,0.68,0.0,,,0,0,0,0,0,,0,0
5314,WATTS,CALFIRE-2021-00089,20210505,10,9,11.89,4.81,0.0,,,0,0,0,0,0,,0,0
5315,CARY,CALFIRE-2021-00090,20210506,33,14,14.01,5.67,4.0,,,0,0,0,0,0,,0,0
5316,IRON,CALFIRE-2021-00091,20210506,40,9,1.25,0.51,0.0,,,0,0,0,0,0,,0,0
5317,BROADWAY,CALFIRE-2021-00092,20210508,19,14,60.4,24.44,0.0,,,0,0,0,0,0,,0,0
5318,COUNTY,CALFIRE-2021-00093,20210508,17,11,2.85,1.16,0.0,,,0,0,0,0,0,,0,0
5319,GREEN,CALFIRE-2021-00094,20210508,17,5,8.66,3.5,0.0,,,0,0,0,0,0,,0,0
5320,GUNNISON,CALFIRE-2021-00095,20210508,4,2,548.99,222.17,4.0,,,0,0,0,0,0,,0,0
5321,LOPEZ,CALFIRE-2021-00096,20210508,17,2,55.25,22.36,3.0,,,0,0,0,0,0,,0,0
5322,DRY,CALFIRE-2021-00097,20210509,15,14,31.51,12.75,5.0,,,0,0,0,0,0,,0,0
5323,TWITCHELL,CALFIRE-2021-00098,20210510,40,10,8.93,3.61,0.0,,,0,0,0,0,0,,0,0
5324,BLUE,CALFIRE-2021-00099,20210511,36,9,10.41,4.21,8.0,,,0,0,0,0,0,,0,0
5325,BUZZARD,CALFIRE-2021-00100,20210511,54,2,70.25,28.43,0.0,,,0,0,0,0,0,,0,0
5326,PINE,CALFIRE-2021-00101,20210512,19,14,441.25,178.57,2.0,,,0,0,0,0,0,,0,0
5327,QUAIL,CALFIRE-2021-00102,20210512,58,9,25.35,10.26,0.0,,,0,0,0,0,0,,0,0
5328,R-1 ROCK,CALFIRE-2021-00103,20210514,18,1,12.33,4.99,4.0,,,0,0,0,0,0,,0,0
5329,PALISADES,CALFIRE-2021-00104,20210515,19,14,1202.65,486.69,6.0,,,0,0,0,0,0,,0,0
5330,MOODY,CALFIRE-2021-00105,20210516,17,9,20.24,8.19,1.0,,,0,0,0,0,0,,0,0
5331,HANDLINE,CALFIRE-2021-00106,20210518,59,14,19.11,7.73,1.0,,,0,0,0,0,0,,0,0
5332,SETTLERS,CALFIRE-2021-00107,20210519,9,2,45.35,18.35,0.0,,,0,0,0,0,0,,0,0
5333,WISE,CALFIRE-2021-00108,20210519,58,11,18.26,7.39,1.0,,,0,0,0,0,0,,0,0
5334,BELL,CALFIRE-2021-00109,20210520,9,2,18.61,7.53,0.0,,,0,0,0,0,0,,0,0
5335,TOMKI,CALFIRE-2021-00110,20210521,23,14,18.17,7.35,3.0,,,0,0,0,0,0,,0,0
5336,GIBRALTAR,CALFIRE-2021-00111,20210522,42,14,25.37,10.27,5.0,,,0,0,0,0,0,,0,0
5337,FIDDYMENT,CALFIRE-2021-00112,20210523,58,14,55.12,22.3,0.0,,,0,0,0,0,0,,0,0
5338,LAVAL,CALFIRE-2021-00113,20210523,15,14,2.93,1.19,0.0,,,0,0,0,0,0,,0,0
5339,INDEPENDENCE,CALFIRE-2021-00114,20210524,40,2,1.92,0.78,0.0,,,0,0,0,0,0,,0,0
5340,GROVE,CALFIRE-2021-00115,20210526,17,14,8.77,3.55,0.0,,,0,0,0,0,0,,0,0
5341,MOUNTAIN,CALFIRE-2021-00116,20210526,15,14,15.71,6.36,0.0,,,0,0,0,0,0,,0,0
5342,WEST,CALFIRE-2021-00117,20210526,17,10,2.59,1.05,0.0,,,0,0,0,0,0,,0,0
5343,WINDY RIDGE,CALFIRE-2021-00118,20210526,30,14,1.66,0.67,0.0,,,0,0,0,0,0,,0,0
5344,BAKER,CALFIRE-2021-00119,20210527,10,7,24.95,10.1,3.0,,,0,0,0,0,0,,0,0
5345,GRAHAM,CALFIRE-2021-00120,20210527,52,2,14.36,5.81,0.0,40.42223,-121.83764,3,1,0,0,0,,0,0
5346,MILE,CALFIRE-2021-00121,20210527,5,7,507.85,205.52,1.0,,,0,0,0,0,0,,0,0
5347,BORDER 9,CALFIRE-2021-00122,20210528,37,9,15.37,6.22,3.0,,,0,0,0,0,0,,0,0
5348,ACACIA,CALFIRE-2021-00123,20210529,17,2,6.08,2.46,0.0,,,0,0,0,0,0,,0,0
5349,MEAMBER,CALFIRE-2021-00124,20210530,47,5,2.3,0.93,0.0,,,0,0,0,0,0,,0,0
5350,SARGENT,CALFIRE-2021-00125,20210530,27,5,1117.9,452.4,1.0,,,0,0,0,0,0,,0,0
5351,HUTTO,CALFIRE-2021-00126,20210531,58,2,11.46,4.64,0.0,,,0,0,0,0,0,,0,0
5352,SLOPE,CALFIRE-2021-00127,20210531,10,11,24.0,9.71,3.0,,,0,0,0,0,0,,0,0
5353,SPENCEVILLE,CALFIRE-2021-00128,20210531,58,14,21.82,8.83,4.0,,,0,0,0,0,0,,0,0
5354,SABODAN,CALFIRE-2021-00129,20210601,15,2,1.75,0.71,0.0,,,0,0,0,0,0,,0,0
5355,COYOTE,CALFIRE-2021-00130,20210602,33,9,42.75,17.3,4.0,,,0,0,0,0,0,,0,0
5356,LAND,CALFIRE-2021-00131,20210603,15,14,3.06,1.24,0.0,,,0,0,0,0,0,,0,0
5357,REGIONAL,CALFIRE-2021-00132,20210605,27,9,2.64,1.07,0.0,,,0,0,0,0,0,,0,0
5358,STUHR,CALFIRE-2021-00133,20210605,43,9,21.64,8.76,0.0,,,0,0,0,0,0,,0,0
5359,TOWER,CALFIRE-2021-00134,20210605,40,14,16.29,6.59,0.0,,,0,0,0,0,0,,0,0
5360,OWENS,CALFIRE-2021-00135,20210606,10,9,17.97,7.27,2.0,,,0,0,0,0,0,,0,0
5361,RUTH 2,CALFIRE-2021-00136,20210606,10,2,13.31,5.38,2.0,,,0,0,0,0,0,,0,0
5362,KIWI,CALFIRE-2021-00137,20210607,17,2,1.76,0.71,0.0,,,0,0,0,0,0,,0,0
5363,BALLARD,CALFIRE-2021-00138,20210608,42,5,37.16,15.04,1.0,,,0,0,0,0,0,,0,0
5364,INTANKO,CALFIRE-2021-00139,20210608,58,14,938.94,379.98,8.0,39.08677,-121.32375,2,0,0,0,0,,0,0
5365,ROUND,CALFIRE-2021-00140,20210608,18,14,1.7,0.69,0.0,,,0,0,0,0,0,,0,0
5366,CREEK WEST,CALFIRE-2021-00141,20210609,17,7,18.52,7.5,1.0,,,0,0,0,0,0,,0,0
5367,DESERT,CALFIRE-2021-00142,20210609,15,9,216.62,87.66,8.0,,,0,0,0,0,0,,0,0
5368,FARMINGTON,CALFIRE-2021-00143,20210609,36,14,248.62,100.61,2.0,,,0,0,0,0,0,,0,0
5369,GOLD,CALFIRE-2021-00144,20210609,10,14,60.24,24.38,1.0,,,0,0,0,0,0,,0,0
5370,SIERRA,CALFIRE-2021-00145,20210609,59,14,968.27,391.84,2.0,,,0,0,0,0,0,,0,0
5371,TURKEY,CALFIRE-2021-00146,20210610,59,14,171.39,69.36,1.0,,,0,0,0,0,0,,0,0
5372,MALLARD,CALFIRE-2021-00147,20210611,45,2,4.22,1.71,0.0,40.51064,-122.21079,5,1,0,0,0,,0,0
5373,SMITH,CALFIRE-2021-00148,20210611,59,2,9.45,3.82,0.0,,,0,0,0,0,0,,0,0
5374,PARK,CALFIRE-2021-00149,20210612,15,10,2.09,0.85,0.0,,,0,0,0,0,0,,0,0
5375,SPRING,CALFIRE-2021-00150,20210612,58,2,18.21,7.37,4.0,,,0,0,0,0,0,,0,0
5376,BEALE,CALFIRE-2021-00151,20210613,58,11,201.3,81.46,6.0,,,0,0,0,0,0,,0,0
5377,CLOUD,CALFIRE-2021-00152,20210613,36,9,16.94,6.85,0.0,,,0,0,0,0,0,,0,0
5378,FLATS,CALFIRE-2021-00153,20210613,33,9,342.57,138.63,16.0,33.58573,-116.4446,3,1,0,0,0,,0,0
5379,GOOSE,CALFIRE-2021-00154,20210613,9,2,65.68,26.58,0.0,,,0,0,0,0,0,,0,0
5380,MUSTANG,CALFIRE-2021-00155,20210613,17,7,7.73,3.13,0.0,,,0,0,0,0,0,,0,0
5381,CASITAS,CALFIRE-2021-00156,20210614,56,14,188.18,76.15,1.0,,,0,0,0,0,0,,0,0
5382,OAK,CALFIRE-2021-00157,20210614,17,2,2.84,1.15,0.0,,,0,0,0,0,0,,0,0
5383,PIERCY,CALFIRE-2021-00158,20210614,43,14,39.47,15.97,0.0,,,0,0,0,0,0,,0,0
5384,RIVER,CALFIRE-2021-00159,20210614,59,4,57.38,23.22,0.0,39.11421,-120.97095,0,0,0,0,0,,0,0
5385,DAIRY,CALFIRE-2021-00160,20210615,59,18,161.23,65.25,8.0,,,0,0,0,0,0,,0,0
5386,KATHRYN,CALFIRE-2021-00161,20210615,33,14,18.47,7.47,0.0,,,0,0,0,0,0,,0,0
5387,ROCK,CALFIRE-2021-00162,20210615,45,2,107.16,43.37,4.0,33.48518,-116.65919,0,0,0,0,0,,0,0
5388,YANKEE,CALFIRE-2021-00163,20210615,59,10,35.21,14.25,1.0,,,0,0,0,0,0,,0,0
5389,LAGUNA,CALFIRE-2021-00164,20210616,30,14,10.63,4.3,0.0,,,0,0,0,0,0,,0,0
5390,CASJR STRINGER,CALFIRE-2021-00165,20210617,59,11,2.73,1.11,0.0,,,0,0,0,0,0,,0,0
5391,MOJAVE,CALFIRE-2021-00166,20210617,59,1,2490.5,1007.87,8.0,,,0,0,0,0,0,,0,0
5392,OLD WOMAN,CALFIRE-2021-00167,20210617,15,1,47.48,19.21,10.0,,,0,0,0,0,0,,0,0
5393,WILLOW,CALFIRE-2021-00168,20210617,42,9,2877.87,1164.63,25.0,,,0,0,0,0,0,,0,0
5394,ALABAMA,CALFIRE-2021-00169,20210618,36,1,566.59,229.29,3.0,,,0,0,0,0,0,,0,0
5395,CRANE,CALFIRE-2021-00170,20210618,15,14,46.84,18.95,2.0,,,0,0,0,0,0,,0,0
5396,CRESTON,CALFIRE-2021-00171,20210618,40,14,11.02,4.46,0.0,,,0,0,0,0,0,,0,0
5397,MOUNTAIN,CALFIRE-2021-00172,20210618,15,1,124.16,50.24,1.0,,,0,0,0,0,0,,0,0
5398,NETTLE,CALFIRE-2021-00173,20210618,59,14,1265.75,512.23,28.0,,,0,0,0,0,0,,0,0
5399,SUCCESS 2,CALFIRE-2021-00174,20210618,54,1,423.56,171.41,3.0,,,0,0,0,0,0,,0,0
5400,UNNAMED,CALFIRE-2021-00175,20210618,56,2,1.12,0.45,0.0,,,0,0,0,0,0,,0,0
5401,BEALE,CALFIRE-2021-00176,20210619,15,10,8.95,3.62,0.0,,,0,0,0,0,0,,0,0
5402,INYO CREEK,CALFIRE-2021-00177,20210619,14,1,601.61,243.46,17.0,,,0,0,0,0,0,,0,0
5403,OVERLAND,CALFIRE-2021-00178,20210619,37,4,559.15,226.28,5.0,,,0,0,0,0,0,,0,0
5404,CLEVENGER,CALFIRE-2021-00179,20210620,37,14,53.04,21.47,1.0,,,0,0,0,0,0,,0,0
5405,COW,CALFIRE-2021-00180,20210620,45,2,761.11,308.01,6.0,,,0,0,0,0,0,,0,0
5406,OLD WOMAN 2,CALFIRE-2021-00181,20210620,15,1,25.38,10.27,0.0,,,0,0,0,0,0,,0,0
5407,BLACKSTONE,CALFIRE-2021-00182,20210621,9,9,34.86,14.11,0.0,,,0,0,0,0,0,,0,0
5408,HILL NORTH DIVISION,CALFIRE-2021-00183,20210621,15,14,6.11,2.47,0.0,,,0,0,0,0,0,,0,0
5409,KIRK,CALFIRE-2021-00184,20210621,23,9,23.06,9.33,1.0,,,0,0,0,0,0,,0,0
5410,ONE,CALFIRE-2021-00185,20210621,42,5,37.05,15.0,1.0,,,0,0,0,0,0,,0,0
5411,WATT,CALFIRE-2021-00186,20210621,58,14,39.57,16.01,2.0,,,0,0,0,0,0,,0,0
5412,ANTELOPE,CALFIRE-2021-00187,20210622,25,1,111.51,45.13,7.0,41.58417,-121.91244,0,0,0,0,0,,0,0
5413,1-4 BIZZ,CALFIRE-2021-00188,20210623,18,1,13.9,5.62,2.0,,,0,0,0,0,0,,0,0
5414,DREAM,CALFIRE-2021-00189,20210623,17,7,4.77,1.93,0.0,,,0,0,0,0,0,,0,0
5415,FAIRCHILD,CALFIRE-2021-00190,20210623,25,1,19.53,7.9,3.0,,,0,0,0,0,0,,0,0
5416,MESA 3,CALFIRE-2021-00191,20210623,37,14,277.87,112.45,4.0,,,0,0,0,0,0,,0,0
5417,PANOCHE,CALFIRE-2021-00192,20210623,27,10,146.43,59.26,0.0,,,0,0,0,0,0,,0,0
5418,PINE,CALFIRE-2021-00193,20210623,45,2,50.94,20.61,0.0,,,0,0,0,0,0,,0,0
5419,4-3 PUMA,CALFIRE-2021-00194,20210624,18,1,132.49,53.62,1.0,,,0,0,0,0,0,,0,0
5420,PECK,CALFIRE-2021-00195,20210624,56,14,2.24,0.91,0.0,,,0,0,0,0,0,,0,0
5421,HENRY,CALFIRE-2021-00196,20210625,59,1,36.15,14.63,54.0,,,0,0,0,0,0,,0,0
5422,LAVA,CALFIRE-2021-00197,20210625,47,1,26328.9,10654.94,123.0,41.57121,-122.31912,23,2,0,0,0,,0,0
5423,PASEO,CALFIRE-2021-00198,20210625,43,2,37.57,15.2,0.0,,,0,0,0,0,0,,0,0
5424,SCENIC,CALFIRE-2021-00199,20210625,15,14,80.04,32.39,3.0,,,0,0,0,0,0,,0,0
5425,AROMAS,CALFIRE-2021-00200,20210626,27,10,3.19,1.29,0.0,,,0,0,0,0,0,,0,0
5426,CANYON,CALFIRE-2021-00201,20210626,15,14,216.53,87.63,1.0,,,0,0,0,0,0,,0,0
5427,STEINS,CALFIRE-2021-00202,20210626,9,9,13.73,5.56,0.0,38.66037,-120.87365,4,2,0,0,0,,0,0
5428,PORT,CALFIRE-2021-00203,20210627,59,14,57.03,23.08,,,,0,0,0,0,0,,0,0
5429,SCALES,CALFIRE-2021-00204,20210627,15,10,3.22,1.3,0.0,,,0,0,0,0,0,,0,0
5430,SHELL,CALFIRE-2021-00205,20210627,15,14,1828.04,739.78,5.0,,,0,0,0,0,0,,0,0
5431,SKY,CALFIRE-2021-00206,20210627,45,14,79.92,32.34,32.0,,,0,0,0,0,0,,0,0
5432,BESWICK,CALFIRE-2021-00207,20210628,47,14,118.0,47.75,5.0,,,0,0,0,0,0,,0,0
5433,DOYLE,CALFIRE-2021-00208,20210628,15,14,1.02,0.41,0.0,,,0,0,0,0,0,,0,0
5434,PEAK,CALFIRE-2021-00209,20210628,36,9,26.09,10.56,1.0,,,0,0,0,0,0,,0,0
5435,TENNANT,CALFIRE-2021-00210,20210628,47,14,10591.03,4286.04,189.0,,,0,0,0,0,0,,0,0
5436,BLUE,CALFIRE-2021-00211,20210629,59,14,291.13,117.81,4.0,,,0,0,0,0,0,,0,0
5437,HARTMAN,CALFIRE-2021-00212,20210629,32,14,53.54,21.67,15.0,,,0,0,0,0,0,,0,0
5438,KING,CALFIRE-2021-00213,20210629,59,1,11.13,4.51,7.0,,,0,0,0,0,0,,0,0
5439,DOTTA,CALFIRE-2021-00214,20210630,32,14,531.91,215.26,22.0,,,0,0,0,0,0,,0,0
5440,EDMONSON,CALFIRE-2021-00215,20210630,15,10,9.16,3.71,0.0,,,0,0,0,0,0,,0,0
5441,OAK,CALFIRE-2021-00216,20210630,15,14,29.94,12.12,3.0,,,0,0,0,0,0,,0,0
5442,SALT,CALFIRE-2021-00217,20210630,45,2,12599.14,5098.7,118.0,40.87556,-122.35783,43,4,0,0,0,,0,0
5443,BOAT,CALFIRE-2021-00218,20210701,19,10,1.5,0.61,0.0,,,0,0,0,0,0,,0,0
5444,COUNTY LINE,CALFIRE-2021-00219,20210701,59,1,224.93,91.02,45.0,,,0,0,0,0,0,,0,0
5445,EAST FORK,CALFIRE-2021-00220,20210701,59,1,1135.74,459.62,10.0,,,0,0,0,0,0,,0,0
5446,FORK,CALFIRE-2021-00221,20210701,59,1,8.56,3.46,11.0,,,0,0,0,0,0,,0,0
5447,LUKENS,CALFIRE-2021-00222,20210701,59,1,918.17,371.57,49.0,,,0,0,0,0,0,,0,0
5448,R-1 RYE,CALFIRE-2021-00223,20210701,18,1,64.69,26.18,0.0,,,0,0,0,0,0,,0,0
5449,PORCUPINE,CALFIRE-2021-00224,20210702,59,1,11.2,4.53,33.0,,,0,0,0,0,0,,0,0
5450,SUGAR,CALFIRE-2021-00225,20210702,32,14,105003.9,42493.61,118.0,,,0,0,0,0,0,,0,0
5451,LEESVILLE,CALFIRE-2021-00226,20210703,17,8,5.56,2.25,0.0,,,0,0,0,0,0,,0,0
5452,LITTLE,CALFIRE-2021-00227,20210703,45,9,15.33,6.2,1.0,,,0,0,0,0,0,,0,0
5453,MAIN,CALFIRE-2021-00228,20210703,54,14,378.47,153.16,1.0,,,0,0,0,0,0,,0,0
5454,PAN,CALFIRE-2021-00229,20210703,59,1,38.76,15.69,6.0,,,0,0,0,0,0,,0,0
5455,YSABEL 2,CALFIRE-2021-00230,20210703,37,14,428.24,173.3,3.0,,,0,0,0,0,0,,0,0
5456,DULCE,CALFIRE-2021-00231,20210704,19,14,12.19,4.93,0.0,,,0,0,0,0,0,,0,0
5457,FISH,CALFIRE-2021-00232,20210704,10,3,65.27,26.42,2.0,,,0,0,0,0,0,,0,0
5458,KIRKER,CALFIRE-2021-00233,20210704,43,10,83.55,33.81,0.0,,,0,0,0,0,0,,0,0
5459,LONE,CALFIRE-2021-00234,20210704,36,9,8.43,3.41,1.0,,,0,0,0,0,0,,0,0
5460,TAMARACK,CALFIRE-2021-00235,20210704,2,1,67054.51,27136.02,114.0,38.69306,-119.79842,15,2,0,0,0,,0,0
5461,TUMBLEWEED,CALFIRE-2021-00236,20210704,19,14,856.87,346.76,4.0,,,0,0,0,0,0,,0,0
5462,JUNIPER,CALFIRE-2021-00237,20210705,25,1,882.02,356.94,16.0,,,0,0,0,0,0,,0,0
5463,POLELINE,CALFIRE-2021-00238,20210705,15,14,83.93,33.97,0.0,,,0,0,0,0,0,,0,0
5464,TANGLE,CALFIRE-2021-00239,20210705,45,9,11.05,4.47,8.0,,,0,0,0,0,0,,0,0
5465,HARRIS,CALFIRE-2021-00240,20210706,12,14,16.4,6.64,0.0,,,0,0,0,0,0,,0,0
5466,LIMA,CALFIRE-2021-00241,20210706,19,14,61.52,24.9,0.0,,,0,0,0,0,0,,0,0
5467,PICO,CALFIRE-2021-00242,20210706,30,2,7.3,2.96,0.0,,,0,0,0,0,0,,0,0
5468,BROILER,CALFIRE-2021-00243,20210707,23,2,69.57,28.15,1.0,39.25801,-123.22531,6,1,0,0,0,,0,0
5469,GRANGE,CALFIRE-2021-00244,20210707,17,2,6.61,2.68,0.0,,,0,0,0,0,0,,0,0
5470,PINE,CALFIRE-2021-00245,20210707,14,14,24.69,9.99,3.0,,,0,0,0,0,0,,0,0
5471,AROSA,CALFIRE-2021-00246,20210708,15,14,6.57,2.66,0.0,,,0,0,0,0,0,,0,0
5472,COYOTE,CALFIRE-2021-00247,20210709,25,2,132.28,53.53,10.0,,,0,0,0,0,0,,0,0
5473,TUNA,CALFIRE-2021-00248,20210709,19,14,4.54,1.84,0.0,,,0,0,0,0,0,,0,0
5474,LOST,CALFIRE-2021-00249,20210710,59,1,100.78,40.79,8.0,,,0,0,0,0,0,,0,0
5475,ROAD,CALFIRE-2021-00250,20210710,37,2,83.56,33.82,8.0,,,0,0,0,0,0,,0,0
5476,BRADLEY,CALFIRE-2021-00251,20210711,45,9,356.87,144.42,106.0,,,0,0,0,0,0,,0,0
5477,DIABLO,CALFIRE-2021-00252,20210711,43,14,127.66,51.66,0.0,,,0,0,0,0,0,,0,0
5478,MARRON 4,CALFIRE-2021-00253,20210711,37,10,37.32,15.1,4.0,,,0,0,0,0,0,,0,0
5479,RIVER,CALFIRE-2021-00254,20210711,20,14,9655.19,3907.32,8.0,39.11421,-120.97095,12,2,0,0,0,,0,0
5480,CALIENTE,CALFIRE-2021-00255,20210712,15,6,18.6,7.53,0.0,,,0,0,0,0,0,,0,0
5481,CREEKSIDE,CALFIRE-2021-00256,20210712,45,9,23.23,9.4,1.0,40.37952,-122.45839,2,0,0,0,0,,0,0
5482,DEXTER,CALFIRE-2021-00257,20210712,14,1,2967.83,1201.04,112.0,,,0,0,0,0,0,,0,0
5483,DIXIE,CALFIRE-2021-00258,20210713,4,11,963405.4,389876.68,104.0,40.14439,-120.95173,1311,94,1,3,0,,0,0
5484,CANNON,CALFIRE-2021-00259,20210714,52,7,43.34,17.54,0.0,,,0,0,0,0,0,,0,0
5485,BORDER 13,CALFIRE-2021-00260,20210715,37,11,23.33,9.44,1.0,,,0,0,0,0,0,,0,0
5486,CECIL,CALFIRE-2021-00261,20210715,30,10,6.26,2.53,0.0,,,0,0,0,0,0,,0,0
5487,GLACIER NORTH,CALFIRE-2021-00262,20210715,14,1,37.26,15.08,36.0,,,0,0,0,0,0,,0,0
5488,FORK,CALFIRE-2021-00263,20210717,52,9,40.83,16.52,0.0,,,0,0,0,0,0,,0,0
5489,ROOST,CALFIRE-2021-00264,20210717,15,14,12.1,4.9,0.0,,,0,0,0,0,0,,0,0
5490,CHICKEN,CALFIRE-2021-00265,20210718,18,2,117.69,47.63,2.0,,,0,0,0,0,0,,0,0
5491,COLEMAN,CALFIRE-2021-00266,20210718,17,7,2.71,1.1,0.0,,,0,0,0,0,0,,0,0
5492,FLORES,CALFIRE-2021-00267,20210719,19,14,6.92,2.8,0.0,,,0,0,0,0,0,,0,0
5493,HOOVER,CALFIRE-2021-00268,20210719,59,1,58.59,23.71,5.0,,,0,0,0,0,0,,0,0
5494,FRENCHTOWN,CALFIRE-2021-00269,20210720,58,10,54.11,21.9,2.0,,,0,0,0,0,0,,0,0
5495,GIBSON,CALFIRE-2021-00270,20210720,17,7,29.98,12.13,2.0,,,0,0,0,0,0,,0,0
5496,PEAK,CALFIRE-2021-00271,20210720,59,14,2096.64,848.48,11.0,,,0,0,0,0,0,,0,0
5497,PEAK,CALFIRE-2021-00272,20210720,59,10,1.28,0.52,0.0,,,0,0,0,0,0,,0,0
5498,SUMMIT,CALFIRE-2021-00273,20210720,59,1,22.27,9.01,98.0,,,0,0,0,0,0,,0,0
5499,YOSEMITE,CALFIRE-2021-00274,20210722,56,14,1.37,0.55,1.0,,,0,0,0,0,0,,0,0
5500,MOUNTAIN,CALFIRE-2021-00275,20210723,12,7,44.34,17.94,64.0,,,0,0,0,0,0,,0,0
5501,BONITA,CALFIRE-2021-00276,20210724,30,10,1.01,0.41,0.0,,,0,0,0,0,0,,0,0
5502,JOLON,CALFIRE-2021-00277,20210725,27,2,28.45,11.51,0.0,,,0,0,0,0,0,,0,0
5503,GROVE,CALFIRE-2021-00278,20210728,40,10,24.02,9.72,0.0,,,0,0,0,0,0,,0,0
5504,PINNACLES,CALFIRE-2021-00279,20210728,27,9,170.73,69.09,2.0,,,0,0,0,0,0,,0,0
5505,SENTINEL,CALFIRE-2021-00280,20210729,59,1,12.49,5.05,88.0,,,0,0,0,0,0,,0,0
5506,DIMOND,CALFIRE-2021-00281,20210730,17,7,4.77,1.93,0.0,,,0,0,0,0,0,,0,0
5507,MCFARLAND,CALFIRE-2021-00282,20210730,45,1,122447.7,49552.87,88.0,40.29552,-122.82512,46,1,0,0,0,,0,0
5508,HUNGRY,CALFIRE-2021-00283,20210731,56,10,365.77,148.02,2.0,,,0,0,0,0,0,,0,0
5509,MONUMENT,CALFIRE-2021-00284,20210731,53,1,223107.9,90288.64,95.0,40.73116,-123.10133,28,2,0,0,0,,0,0
5510,RIVER,CALFIRE-2021-00285,20210731,47,1,199354.1,80675.81,86.0,39.11421,-120.97095,0,0,0,0,0,,0,0
5511,TILTILL,CALFIRE-2021-00286,20210731,59,1,2348.53,950.42,15.0,,,0,0,0,0,0,,0,0
5512,TOBIN,CALFIRE-2021-00287,20210731,40,10,64.71,26.19,0.0,,,0,0,0,0,0,,0,0
5513,ANTELOPE,CALFIRE-2021-00288,20210801,47,1,145631.8,58935.15,155.0,41.58417,-121.91244,20,4,0,0,0,,0,0
5514,CREEK,CALFIRE-2021-00289,20210801,17,7,4.98,2.02,28.0,,,0,0,0,0,0,,0,0
5515,HIDING,CALFIRE-2021-00290,20210801,45,2,41.51,16.8,1.0,,,0,0,0,0,0,,0,0
5516,MCCASH,CALFIRE-2021-00291,20210801,12,1,94970.47,38433.22,87.0,,,0,0,0,0,0,,0,0
5517,QUEEN,CALFIRE-2021-00292,20210801,37,2,32.82,13.28,8.0,,,0,0,0,0,0,,0,0
5518,STUBBS,CALFIRE-2021-00293,20210802,17,7,1.38,0.56,0.0,,,0,0,0,0,0,,0,0
5519,SYCAMORE,CALFIRE-2021-00294,20210802,19,10,3.27,1.33,0.0,,,0,0,0,0,0,,0,0
5520,ANTONIO,CALFIRE-2021-00295,20210803,19,2,49.9,20.19,1.0,,,0,0,0,0,0,,0,0
5521,EASTSIDE,CALFIRE-2021-00296,20210803,17,2,10.86,4.39,1.0,,,0,0,0,0,0,,0,0
5522,HOUSE,CALFIRE-2021-00297,20210804,45,3,59.12,23.92,5.0,,,0,0,0,0,0,,0,0
5523,RIVER,CALFIRE-2021-00298,20210804,29,14,2618.79,1059.79,9.0,39.11421,-120.97095,142,21,0,0,0,,0,0
5524,HAMBONE,CALFIRE-2021-00299,20210806,45,1,50.7,20.52,17.0,,,0,0,0,0,0,,0,0
5525,LAKIN,CALFIRE-2021-00300,20210806,45,1,20.8,8.42,17.0,,,0,0,0,0,0,,0,0
5526,LONE ROCK,CALFIRE-2021-00301,20210806,32,14,78.31,31.69,4.0,,,0,0,0,0,0,,0,0
5527,RIDGE,CALFIRE-2021-00302,20210806,30,2,5.65,2.29,0.0,,,0,0,0,0,0,,0,0
5528,VASQUEZ,CALFIRE-2021-00303,20210806,19,14,1.5,0.61,0.0,,,0,0,0,0,0,,0,0
5529,GOLDEN,CALFIRE-2021-00304,20210807,19,10,19.89,8.05,0.0,,,0,0,0,0,0,,0,0
5530,PLYE,CALFIRE-2021-00305,20210807,17,7,6.29,2.55,0.0,,,0,0,0,0,0,,0,0
5531,LOMA,CALFIRE-2021-00306,20210808,58,2,12.1,4.9,2.0,,,0,0,0,0,0,,0,0
5532,HOBART,CALFIRE-2021-00307,20210809,59,9,25.82,10.45,9.0,,,0,0,0,0,0,,0,0
5533,COLDWATER,CALFIRE-2021-00308,20210810,36,9,25.11,10.16,1.0,,,0,0,0,0,0,,0,0
5534,BAMBI,CALFIRE-2021-00309,20210811,37,4,7.52,3.04,7.0,,,0,0,0,0,0,,0,0
5535,GLEN,CALFIRE-2021-00310,20210811,58,10,184.07,74.49,0.0,39.40963,-121.30264,10,0,0,0,0,,0,0
5536,GULCH,CALFIRE-2021-00311,20210812,25,1,52.51,21.25,1.0,,,0,0,0,0,0,,0,0
5537,MESA,CALFIRE-2021-00312,20210812,15,14,5.92,2.4,0.0,,,0,0,0,0,0,,0,0
5538,MYRNA,CALFIRE-2021-00313,20210812,19,14,15.83,6.41,0.0,,,0,0,0,0,0,,0,0
5539,WILLOW VALLEY,CALFIRE-2021-00314,20210812,59,1,823.85,333.4,19.0,,,0,0,0,0,0,,0,0
5540,COLD,CALFIRE-2021-00315,20210813,59,1,6.58,2.66,51.0,,,0,0,0,0,0,,0,0
5541,MIDDLE,CALFIRE-2021-00316,20210813,17,11,25.12,10.16,0.0,,,0,0,0,0,0,,0,0
5542,CALDOR,CALFIRE-2021-00317,20210814,9,14,221786.4,89753.85,96.0,38.79744,-120.14256,1005,81,0,0,0,,0,0
5543,MARLAR,CALFIRE-2021-00318,20210815,10,10,29.36,11.88,3.0,,,0,0,0,0,0,,0,0
5544,WALKERS,CALFIRE-2021-00319,20210815,15,1,8778.78,3552.65,115.0,,,0,0,0,0,0,,0,0
5545,I-80 LYNCH,CALFIRE-2021-00320,20210817,17,10,1.09,0.44,0.0,,,0,0,0,0,0,,0,0
5546,68,CALFIRE-2021-00321,20210818,59,9,219.73,88.92,0.0,,,0,0,0,0,0,,0,0
5547,FRENCH,CALFIRE-2021-00322,20210818,15,14,26535.06,10738.37,62.0,35.71973,-118.54422,49,6,0,0,0,,0,0
5548,ROCKY 3,CALFIRE-2021-00323,20210818,19,14,2.24,0.91,0.0,,,0,0,0,0,0,,0,0
5549,SYD,CALFIRE-2021-00324,20210819,45,9,204.83,82.89,82.0,,,0,0,0,0,0,,0,0
5550,POINT,CALFIRE-2021-00325,20210820,59,2,22.16,8.97,0.0,,,0,0,0,0,0,,0,0
5551,MOUNTAIN,CALFIRE-2021-00326,20210822,17,7,1.04,0.42,0.0,,,0,0,0,0,0,,0,0
5552,ROCK,CALFIRE-2021-00327,20210824,33,7,318.41,128.86,3.0,33.48518,-116.65919,7,1,0,0,0,,0,0
5553,AIROLA,CALFIRE-2021-00328,20210825,5,14,644.34,260.75,1.0,,,0,0,0,0,0,,0,0
5554,BENNETT,CALFIRE-2021-00329,20210825,58,14,50.27,20.34,9.0,,,0,0,0,0,0,,0,0
5555,CRYSTAL,CALFIRE-2021-00330,20210825,36,4,1.73,0.7,0.0,,,0,0,0,0,0,,0,0
5556,SOUTH,CALFIRE-2021-00331,20210825,36,14,810.97,328.19,8.0,,,0,0,0,0,0,,0,0
5557,WESTWARD,CALFIRE-2021-00332,20210825,33,14,88.36,35.76,1.0,,,0,0,0,0,0,,0,0
5558,CLOVER,CALFIRE-2021-00333,20210826,17,14,6.76,2.74,0.0,,,0,0,0,0,0,,0,0
5559,WASHINGTON,CALFIRE-2021-00334,20210826,55,14,135.78,54.95,5.0,37.96742,-120.3973,18,1,0,0,0,,0,0
5560,AMERICAN,CALFIRE-2021-00335,20210827,10,7,14.4,5.83,0.0,,,0,0,0,0,0,,0,0
5561,MOSS,CALFIRE-2021-00336,20210827,45,9,11.18,4.52,4.0,,,0,0,0,0,0,,0,0
5562,CHAPARRAL,CALFIRE-2021-00337,20210828,37,9,1427.29,577.61,12.0,,,0,0,0,1,0,,0,0
5563,RIDGE,CALFIRE-2021-00338,20210828,15,14,9.0,3.64,1.0,,,0,0,0,0,0,,0,0
5564,ROADSIDE,CALFIRE-2021-00339,20210828,36,2,66.24,26.81,12.0,,,0,0,0,0,0,,0,0
5565,KNOB,CALFIRE-2021-00340,20210829,12,14,2421.24,979.84,52.0,,,0,0,0,0,0,,0,0
5566,RAILROAD,CALFIRE-2021-00341,20210829,36,9,61.73,24.98,7.0,,,0,0,0,0,0,,0,0
5567,MARRON 6,CALFIRE-2021-00342,20210830,37,5,28.45,11.51,5.0,,,0,0,0,0,0,,0,0
5568,POND,CALFIRE-2021-00343,20210830,59,1,490.74,198.59,5.0,,,0,0,0,0,0,,0,0
5569,HART,CALFIRE-2021-00344,20210831,59,1,6.54,2.65,4.0,,,0,0,0,0,0,,0,0
5570,DOOLITTLE,CALFIRE-2021-00345,20210903,58,10,13.62,5.51,1.0,,,0,0,0,0,0,,0,0
5571,ARUBA,CALFIRE-2021-00346,20210905,37,14,54.23,21.94,4.0,,,0,0,0,0,0,,0,0
5572,BRIDGE,CALFIRE-2021-00347,20210905,58,14,415.95,168.33,11.0,,,0,0,0,0,0,,0,0
5573,FLATS,CALFIRE-2021-00348,20210905,15,2,38.58,15.61,0.0,33.58573,-116.4446,0,0,0,0,0,,0,0
5574,LAWRENCE,CALFIRE-2021-00349,20210905,9,14,45.94,18.59,0.0,,,0,0,0,0,0,,0,0
5575,CABALLO,CALFIRE-2021-00350,20210906,42,2,69.52,28.13,1.0,,,0,0,0,0,0,,0,0
5576,KIBBIE,CALFIRE-2021-00351,20210906,58,14,9.58,3.88,6.0,,,0,0,0,0,0,,0,0
5577,MANOR,CALFIRE-2021-00352,20210906,15,14,1.2,0.49,0.0,,,0,0,0,0,0,,0,0
5578,TIVY,CALFIRE-2021-00353,20210907,10,2,25.03,10.13,365.0,,,0,0,0,0,0,,0,0
5579,LITTLE MARBLE,CALFIRE-2021-00354,20210908,47,4,14.0,5.67,6.0,,,0,0,0,0,0,,0,0
5580,KNP,CALFIRE-2021-00355,20210909,59,1,88257.13,35716.42,98.0,,,0,0,0,0,0,,0,0
5581,WINDY,CALFIRE-2021-00356,20210909,54,1,97528.27,39468.33,63.0,35.873,-118.60123,21,0,0,0,0,,0,0
5582,FRANKLIN,CALFIRE-2021-00357,20210910,40,5,40.32,16.32,0.0,,,0,0,0,0,0,,0,0
5583,DANTONI,CALFIRE-2021-00358,20210911,19,14,24.35,9.86,1.0,,,0,0,0,0,0,,0,0
5584,ROUTE,CALFIRE-2021-00359,20210911,19,4,455.35,184.27,5.0,,,0,0,0,0,0,,0,0
5585,HERMOSA,CALFIRE-2021-00360,20210912,15,14,7.57,3.06,0.0,,,0,0,0,0,0,,0,0
5586,HOPKINS,CALFIRE-2021-00361,20210912,23,7,253.91,102.75,7.0,39.23209,-123.18831,46,5,0,0,0,,0,0
5587,RIVER,CALFIRE-2021-00362,20210912,19,10,70.8,28.65,1.0,39.11421,-120.97095,0,0,0,0,0,,0,0
5588,EMIGRANT,CALFIRE-2021-00363,20210917,19,2,221.03,89.45,10.0,,,0,0,0,0,0,,0,0
5589,FAWN,CALFIRE-2021-00364,20210922,45,7,8576.49,3470.79,7.0,40.69174,-122.30709,185,26,0,0,0,,0,0
5590,DALTON,CALFIRE-2021-00365,20210924,19,10,2.21,0.9,0.0,,,0,0,0,0,0,,0,0
5591,OLD HIGHWAY 80 / LA POSTA RD,CALFIRE-2021-00366,20210924,37,1,1.38,0.56,0.0,,,0,0,0,0,0,,0,0
5592,SUTTER,CALFIRE-2021-00367,20210927,59,2,141.52,57.27,0.0,,,0,0,0,0,0,,0,0
5593,TONNER,CALFIRE-2021-00368,20210930,19,14,1.97,0.8,0.0,,,0,0,0,0,0,,0,0
5594,MILLAR,CALFIRE-2021-00369,20211001,59,11,0.4,0.16,0.0,,,0,0,0,0,0,,0,0
5595,NIGUEL,CALFIRE-2021-00370,20211003,30,14,21.61,8.75,0.0,,,0,0,0,0,0,,0,0
5596,PRESERVE,CALFIRE-2021-00371,20211003,15,14,10.05,4.07,0.0,,,0,0,0,0,0,,0,0
5597,ABERDEEN,CALFIRE-2021-00372,20211005,36,14,45.55,18.43,3.0,,,0,0,0,0,0,,0,0
5598,DOW,CALFIRE-2021-00373,20211005,45,9,12.5,5.06,6.0,,,0,0,0,0,0,,0,0
5599,MAXWELL,CALFIRE-2021-00374,20211005,45,7,76.48,30.95,5.0,,,0,0,0,0,0,,0,0
5600,STAR BEND,CALFIRE-2021-00375,20211005,19,14,41.6,16.83,0.0,,,0,0,0,0,0,,0,0
5601,HIGUERA,CALFIRE-2021-00376,20211010,40,14,1.04,0.42,0.0,,,0,0,0,0,0,,0,0
5602,ALISAL,CALFIRE-2021-00377,20211011,42,1,16953.24,6860.74,51.0,34.48382,-120.07,12,1,0,0,0,,0,0
5603,KETTLE,CALFIRE-2021-00378,20211011,10,14,92.35,37.37,0.0,,,0,0,0,0,0,,0,0
5604,NEWELL,CALFIRE-2021-00379,20211011,17,10,137.13,55.5,0.0,,,0,0,0,0,0,,0,0
5605,BEALE2,CALFIRE-2021-00380,20211012,59,11,55.49,22.46,0.0,,,0,0,0,0,0,,0,0
5606,ESTRADA,CALFIRE-2021-00381,20211015,44,18,124.72,50.47,1.0,,,0,0,0,0,0,,0,0
5607,GRAVEL,CALFIRE-2021-00382,20211015,25,9,169.49,68.59,2.0,,,0,0,0,0,0,,0,0
5608,MIDDLE,CALFIRE-2021-00383,20211111,19,11,17.06,6.9,0.0,,,0,0,0,0,0,,0,0
5609,MINERAL,CALFIRE-2021-00384,20211126,15,14,122.87,49.72,3.0,,,0,0,0,0,0,,0,0
5610,VICTORIA,CALFIRE-2021-00385,20211211,56,14,31.7,12.83,1.0,,,0,0,0,0,0,,0,0
5611,PRICE,CALFIRE-2022-00001,20220101,40,4,0.07,0.03,0.0,,,0,0,0,0,0,,0,0
5612,COLORADO,CALFIRE-2022-00002,20220121,27,5,687.42,278.19,12.0,36.38576,-121.88634,1,1,0,0,0,,0,0
5613,EMERALD,CALFIRE-2022-00003,20220210,30,14,154.62,62.57,9.0,33.55777,-117.80767,0,0,0,0,0,,0,0
5614,SYCAMORE,CALFIRE-2022-00004,20220210,19,14,3.74,1.51,1.0,,,0,0,0,0,0,,0,0
5615,AIRPORT,CALFIRE-2022-00005,20220216,36,14,4140.06,1675.42,10.0,,,0,0,0,0,0,,0,0
5616,ALPINE,CALFIRE-2022-00006,20220301,17,7,18.44,7.46,0.0,,,0,0,0,0,0,,0,0
5617,BLOOMFIELD,CALFIRE-2022-00007,20220302,58,18,39.55,16.01,0.0,,,0,0,0,0,0,,0,0
5618,JIM,CALFIRE-2022-00008,20220302,37,14,552.54,223.6,25.0,,,0,0,0,0,0,,0,0
5619,FLANAGAN,CALFIRE-2022-00009,20220304,45,5,88.69,35.89,0.0,,,0,0,0,0,0,,0,0
5620,WILDERNESS,CALFIRE-2022-00010,20220307,47,5,1.89,0.77,0.0,,,0,0,0,0,0,,0,0
5621,PAYMASTER,CALFIRE-2022-00011,20220308,59,9,15.14,6.13,3.0,,,0,0,0,0,0,,0,0
5622,BARNEY,CALFIRE-2022-00012,20220311,45,9,31.46,12.73,34.0,,,0,0,0,0,0,,0,0
5623,EVERGREEN,CALFIRE-2022-00013,20220312,47,14,12.58,5.09,0.0,,,0,0,0,0,0,,0,0
5624,GULCH,CALFIRE-2022-00014,20220312,47,14,113.43,45.9,2.0,,,0,0,0,0,0,,0,0
5625,HOLLISTER,CALFIRE-2022-00015,20220312,42,7,123.77,50.09,5.0,,,0,0,0,0,0,,0,0
5626,CHAMBERS,CALFIRE-2022-00016,20220316,56,14,1.55,0.63,1.0,,,0,0,0,0,0,,0,0
5627,ESTRELLA,CALFIRE-2022-00017,20220323,40,11,1.97,0.8,0.0,,,0,0,0,0,0,,0,0
5628,FIVE,CALFIRE-2022-00018,20220323,59,14,0.61,0.25,0.0,,,0,0,0,0,0,,0,0
5629,WHITLOW,CALFIRE-2022-00019,20220325,47,14,9.16,3.71,1.0,,,0,0,0,0,0,,0,0
5630,CANYON,CALFIRE-2022-00020,20220406,19,9,2.59,1.05,0.0,,,0,0,0,0,0,,0,0
5631,CA-WSF-22000274 GRAYSON,CALFIRE-2022-00021,20220410,59,4,182.03,73.67,0.0,,,0,0,0,0,0,,0,0
5632,ROBERTS,CALFIRE-2022-00022,20220412,15,14,1.88,0.76,0.0,,,0,0,0,0,0,,0,0
5633,BEAR,CALFIRE-2022-00023,20220417,15,10,18.11,7.33,46.0,,,0,0,0,0,0,,0,0
5634,FELIPE,CALFIRE-2022-00024,20220423,37,5,1.16,0.47,0.0,,,0,0,0,0,0,,0,0
5635,CENTER,CALFIRE-2022-00025,20220426,15,14,13.85,5.6,0.0,,,0,0,0,0,0,,0,0
5636,COBBLE,CALFIRE-2022-00026,20220426,10,2,20.61,8.34,0.0,,,0,0,0,0,0,,0,0
5637,COMANCHE,CALFIRE-2022-00027,20220427,15,14,50.66,20.5,0.0,,,0,0,0,0,0,,0,0
5638,WILSON,CALFIRE-2022-00028,20220428,40,5,1.26,0.51,0.0,,,0,0,0,0,0,,0,0
5639,CACTUS,CALFIRE-2022-00029,20220430,36,9,26.49,10.72,8.0,,,0,0,0,0,0,,0,0
5640,COASTAL,CALFIRE-2022-00030,20220505,30,11,202.09,81.78,12.0,33.52082,-117.72664,20,11,0,0,0,,0,0
5641,MESA 4,CALFIRE-2022-00031,20220507,37,9,4.03,1.63,0.0,,,0,0,0,0,0,,0,0
5642,NAVAJO,CALFIRE-2022-00032,20220508,42,9,31.54,12.77,10.0,,,0,0,0,0,0,,0,0
5643,RAIL,CALFIRE-2022-00033,20220508,4,9,9.84,3.98,0.0,,,0,0,0,0,0,,0,0
5644,CASTILE,CALFIRE-2022-00034,20220510,36,9,9.86,3.99,1.0,,,0,0,0,0,0,,0,0
5645,HOUSE,CALFIRE-2022-00035,20220511,10,2,159.21,64.43,4.0,,,0,0,0,0,0,,0,0
5646,ALPAUGH 2,CALFIRE-2022-00036,20220512,59,14,30.1,12.18,1.0,,,0,0,0,0,0,,0,0
5647,JEWEL,CALFIRE-2022-00037,20220514,37,2,29.14,11.79,1.0,,,0,0,0,0,0,,0,0
5648,BORDER 10,CALFIRE-2022-00038,20220515,37,4,4.81,1.95,0.0,,,0,0,0,0,0,,0,0
5649,FLYNN,CALFIRE-2022-00039,20220515,43,10,305.67,123.7,65.0,,,0,0,0,0,0,,0,0
5650,LOPER,CALFIRE-2022-00040,20220515,10,14,36.93,14.94,1.0,,,0,0,0,0,0,,0,0
5651,EVITA,CALFIRE-2022-00041,20220518,4,14,17.28,6.99,0.0,,,0,0,0,0,0,,0,0
5652,PASS,CALFIRE-2022-00042,20220518,43,10,103.83,42.02,72.0,,,0,0,0,0,0,,0,0
5653,EDMONSTON,CALFIRE-2022-00043,20220519,15,14,682.04,276.01,5.0,,,0,0,0,0,0,,0,0
5654,FREEWAY,CALFIRE-2022-00044,20220519,15,14,3.37,1.36,0.0,,,0,0,0,0,0,,0,0
5655,GOLDEN,CALFIRE-2022-00045,20220520,31,9,19.44,7.87,11.0,,,0,0,0,0,0,,0,0
5656,OWENS,CALFIRE-2022-00046,20220520,23,9,34.02,13.77,0.0,,,0,0,0,0,0,,0,0
5657,WILLOW,CALFIRE-2022-00047,20220520,43,2,28.56,11.56,0.0,,,0,0,0,0,0,,0,0
5658,SUEY,CALFIRE-2022-00048,20220522,40,2,15.1,6.11,2.0,,,0,0,0,0,0,,0,0
5659,WAGON TRAIN,CALFIRE-2022-00049,20220522,36,9,10.86,4.4,4.0,,,0,0,0,0,0,,0,0
5660,HIGHLAND,CALFIRE-2022-00050,20220523,43,9,91.53,37.04,0.0,,,0,0,0,0,0,,0,0
5661,BRUNS,CALFIRE-2022-00051,20220524,43,2,12.17,4.93,0.0,,,0,0,0,0,0,,0,0
5662,BULL,CALFIRE-2022-00052,20220524,40,2,50.93,20.61,1.0,,,0,0,0,0,0,,0,0
5663,DENIZ,CALFIRE-2022-00053,20220524,4,14,29.85,12.08,0.0,,,0,0,0,0,0,,0,0
5664,KING,CALFIRE-2022-00054,20220525,27,7,79.61,32.22,1.0,,,0,0,0,0,0,,0,0
5665,ELK TRAIL,CALFIRE-2022-00055,20220526,36,7,414.11,167.58,5.0,,,0,0,0,0,0,,0,0
5666,LOST LAKE,CALFIRE-2022-00056,20220526,59,14,5856.57,2370.07,10.0,,,0,0,0,0,0,,0,0
5667,WATER,CALFIRE-2022-00057,20220526,15,14,4.56,1.84,0.0,,,0,0,0,0,0,,0,0
5668,JUMPER,CALFIRE-2022-00058,20220528,15,14,5.99,2.42,0.0,,,0,0,0,0,0,,0,0
5669,BOUQUET,CALFIRE-2022-00059,20220530,19,14,48.4,19.59,6.0,,,0,0,0,0,0,,0,0
5670,BROOME,CALFIRE-2022-00060,20220531,15,10,1.09,0.44,0.0,,,0,0,0,0,0,,0,0
5671,LATROBE,CALFIRE-2022-00061,20220531,9,2,26.75,10.82,0.0,,,0,0,0,0,0,,0,0
5672,OLD,CALFIRE-2022-00062,20220531,17,14,375.91,152.13,3.0,,,0,0,0,0,0,,0,0
5673,RANGE,CALFIRE-2022-00063,20220603,15,14,93.08,37.67,0.0,,,0,0,0,0,0,,0,0
5674,TOWER,CALFIRE-2022-00064,20220603,44,7,28.68,11.61,0.0,,,0,0,0,0,0,,0,0
5675,EAGLE,CALFIRE-2022-00065,20220606,40,14,49.81,20.16,0.0,,,0,0,0,0,0,,0,0
5676,HESPERIA,CALFIRE-2022-00066,20220606,36,2,96.89,39.21,3.0,,,0,0,0,0,0,,0,0
5677,LOPEZ,CALFIRE-2022-00067,20220606,40,9,16.42,6.65,4.0,,,0,0,0,0,0,,0,0
5678,NELDA,CALFIRE-2022-00068,20220606,34,14,29.0,11.73,0.0,38.29377,-121.15729,3,1,0,0,0,,0,0
5679,UPLAND,CALFIRE-2022-00069,20220606,15,14,1.29,0.52,0.0,,,0,0,0,0,0,,0,0
5680,HOPE,CALFIRE-2022-00070,20220607,10,2,13.11,5.31,2.0,,,0,0,0,0,0,,0,0
5681,SAND,CALFIRE-2022-00071,20220608,15,14,3.0,1.21,1.0,,,0,0,0,0,0,,0,0
5682,BIANCHI,CALFIRE-2022-00072,20220610,27,2,38.15,15.44,0.0,,,0,0,0,0,0,,0,0
5683,GRAHAM,CALFIRE-2022-00073,20220610,45,14,177.5,71.83,7.0,,,0,0,0,0,0,,0,0
5684,GRAPE,CALFIRE-2022-00074,20220610,15,14,19.35,7.83,1.0,,,0,0,0,0,0,,0,0
5685,KERTO,CALFIRE-2022-00075,20220610,15,14,31.69,12.83,1.0,,,0,0,0,0,0,,0,0
5686,SCARFACE,CALFIRE-2022-00076,20220610,47,14,5.56,2.25,2.0,,,0,0,0,0,0,,0,0
5687,TOPAZ,CALFIRE-2022-00077,20220610,40,9,3.16,1.28,0.0,,,0,0,0,0,0,,0,0
5688,BRANDIE,CALFIRE-2022-00078,20220611,58,2,71.88,29.09,8.0,,,0,0,0,0,0,,0,0
5689,PLANT,CALFIRE-2022-00079,20220611,15,14,484.86,196.21,3.0,,,0,0,0,0,0,,0,0
5690,BARRETT 4,CALFIRE-2022-00080,20220612,37,7,49.22,19.92,4.0,,,0,0,0,0,0,,0,0
5691,LERDO,CALFIRE-2022-00081,20220612,15,14,1.22,0.49,0.0,,,0,0,0,0,0,,0,0
5692,SHEEP,CALFIRE-2022-00082,20220612,19,14,865.14,350.11,7.0,,,0,0,0,0,0,,0,0
5693,BORDER 13,CALFIRE-2022-00083,20220613,37,7,568.21,229.95,4.0,,,0,0,0,0,0,,0,0
5694,CANYON,CALFIRE-2022-00084,20220613,43,9,66.78,27.03,10.0,,,0,0,0,0,0,,0,0
5695,CHERRY,CALFIRE-2022-00085,20220613,19,14,14.31,5.79,1.0,,,0,0,0,0,0,,0,0
5696,OREGON,CALFIRE-2022-00086,20220613,4,7,14.32,5.8,0.0,,,0,0,0,0,0,,0,0
5697,RANCHO,CALFIRE-2022-00087,20220613,52,14,589.87,238.71,6.0,40.00373,-122.45259,7,2,0,0,0,,0,0
5698,BETABEL,CALFIRE-2022-00088,20220614,27,10,47.0,19.02,0.0,,,0,0,0,0,0,,0,0
5699,SIERRA,CALFIRE-2022-00089,20220615,19,14,10.23,4.14,1.0,,,0,0,0,0,0,,0,0
5700,DUNE,CALFIRE-2022-00090,20220616,18,7,11.37,4.6,2.0,,,0,0,0,0,0,,0,0
5701,CANYON,CALFIRE-2022-00091,20220617,40,7,17.28,6.99,0.0,,,0,0,0,0,0,,0,0
5702,RIVER,CALFIRE-2022-00092,20220617,15,14,8.02,3.25,0.0,,,0,0,0,0,0,,0,0
5703,SNOW,CALFIRE-2022-00093,20220617,59,4,24.05,9.73,15.0,,,0,0,0,0,0,,0,0
5704,NISEMAN,CALFIRE-2022-00094,20220618,58,2,17.07,6.91,3.0,,,0,0,0,0,0,,0,0
5705,WINEMAN,CALFIRE-2022-00095,20220619,40,7,56.78,22.98,0.0,,,0,0,0,0,0,,0,0
5706,BORDER 15,CALFIRE-2022-00096,20220620,37,14,28.95,11.71,1.0,,,0,0,0,0,0,,0,0
5707,BORDER 16,CALFIRE-2022-00097,20220621,37,7,25.23,10.21,1.0,,,0,0,0,0,0,,0,0
5708,EDGEWOOD,CALFIRE-2022-00098,20220621,44,11,20.55,8.32,1.0,,,0,0,0,0,0,,0,0
5709,MARIA,CALFIRE-2022-00099,20220621,40,9,1.4,0.57,0.0,,,0,0,0,0,0,,0,0
5710,MIDWAY,CALFIRE-2022-00100,20220621,43,10,13.51,5.47,0.0,,,0,0,0,0,0,,0,0
5711,NINETY-NINE,CALFIRE-2022-00101,20220622,4,14,65.67,26.58,0.0,,,0,0,0,0,0,,0,0
5712,THUNDER,CALFIRE-2022-00102,20220622,15,1,2465.18,997.63,11.0,,,0,0,0,0,0,,0,0
5713,CANFIELD,CALFIRE-2022-00103,20220623,4,14,9.55,3.87,0.0,,,0,0,0,0,0,,0,0
5714,JACK,CALFIRE-2022-00104,20220623,15,1,21.39,8.66,2.0,,,0,0,0,0,0,,0,0
5715,PINECREST,CALFIRE-2022-00105,20220623,4,2,16.9,6.84,0.0,,,0,0,0,0,0,,0,0
5716,ROMERO,CALFIRE-2022-00106,20220623,22,14,344.16,139.28,1.0,,,0,0,0,0,0,,0,0
5717,SCENIC,CALFIRE-2022-00107,20220623,43,10,120.5,48.76,0.0,,,0,0,0,0,0,,0,0
5718,TESLA,CALFIRE-2022-00108,20220623,43,10,551.78,223.3,0.0,,,0,0,0,0,0,,0,0
5719,BORDER 18,CALFIRE-2022-00109,20220624,37,14,2.85,1.15,0.0,,,0,0,0,0,0,,0,0
5720,BORDER 19,CALFIRE-2022-00110,20220624,37,7,16.97,6.87,2.0,,,0,0,0,0,0,,0,0
5721,HART,CALFIRE-2022-00111,20220624,15,14,1.57,0.63,0.0,,,0,0,0,0,0,,0,0
5722,KIRKER,CALFIRE-2022-00112,20220624,43,10,84.79,34.32,0.0,,,0,0,0,0,0,,0,0
5723,SHERIDAN,CALFIRE-2022-00113,20220624,58,10,55.71,22.55,1.0,,,0,0,0,0,0,,0,0
5724,GENERAL,CALFIRE-2022-00114,20220625,15,14,1.99,0.81,1.0,,,0,0,0,0,0,,0,0
5725,RIDGE,CALFIRE-2022-00115,20220625,47,14,10.26,4.15,13.0,,,0,0,0,0,0,,0,0
5726,UNION,CALFIRE-2022-00116,20220625,33,5,144.87,58.63,4.0,,,0,0,0,0,0,,0,0
5727,BECKWITH,CALFIRE-2022-00117,20220627,59,14,274.18,110.96,5.0,,,0,0,0,0,0,,0,0
5728,MIRABELLE,CALFIRE-2022-00118,20220627,58,15,18.67,7.56,1.0,,,0,0,0,0,0,,0,0
5729,REDWOOD,CALFIRE-2022-00119,20220627,21,10,106.16,42.96,0.0,,,0,0,0,0,0,,0,0
5730,ROBLAR,CALFIRE-2022-00120,20220627,17,2,63.27,25.6,0.0,,,0,0,0,0,0,,0,0
5731,BURROWS,CALFIRE-2022-00121,20220628,52,18,309.48,125.24,1.0,,,0,0,0,0,0,,0,0
5732,CAMINO,CALFIRE-2022-00122,20220628,40,9,386.98,156.61,6.0,,,0,0,0,0,0,,0,0
5733,RICES,CALFIRE-2022-00123,20220628,29,15,920.92,372.68,15.0,39.31629,-121.18164,4,0,0,0,0,,0,0
5734,BARREL,CALFIRE-2022-00124,20220629,19,9,7.61,3.08,1.0,,,0,0,0,0,0,,0,0
5735,OAKS,CALFIRE-2022-00125,20220629,15,14,5.59,2.26,0.0,,,0,0,0,0,0,,0,0
5736,BEALE,CALFIRE-2022-00126,20220630,15,14,7.94,3.21,1.0,,,0,0,0,0,0,,0,0
5737,NELSON,CALFIRE-2022-00127,20220630,4,14,470.54,190.42,97.0,,,0,0,0,0,0,,0,0
5738,SANDRA,CALFIRE-2022-00128,20220630,4,2,34.4,13.92,0.0,39.48219,-121.36855,5,0,0,0,0,,0,0
5739,TABLE,CALFIRE-2022-00129,20220701,10,14,51.98,21.04,3.0,,,0,0,0,0,0,,0,0
5740,BORDER 21,CALFIRE-2022-00130,20220703,37,14,8.02,3.25,0.0,,,0,0,0,0,0,,0,0
5741,CASUSE,CALFIRE-2022-00131,20220703,25,14,29.27,11.84,1.0,,,0,0,0,0,0,,0,0
5742,GARRISON,CALFIRE-2022-00132,20220703,27,11,147.49,59.69,2.0,,,0,0,0,0,0,,0,0
5743,ELECTRA,CALFIRE-2022-00133,20220704,9,14,4466.22,1807.42,24.0,,,0,0,0,0,0,,0,0
5744,JAN-DAR,CALFIRE-2022-00134,20220704,4,14,30.51,12.35,0.0,,,0,0,0,0,0,,0,0
5745,ALL AMERICAN,CALFIRE-2022-00135,20220705,59,14,25.0,10.12,4.0,,,0,0,0,0,0,,0,0
5746,LOST HILLS,CALFIRE-2022-00136,20220705,15,2,2.51,1.01,0.0,,,0,0,0,0,0,,0,0
5747,NOME,CALFIRE-2022-00137,20220705,23,9,16.68,6.75,0.0,,,0,0,0,0,0,,0,0
5748,ROW,CALFIRE-2022-00138,20220705,15,14,7.05,2.85,0.0,,,0,0,0,0,0,,0,0
5749,TULE,CALFIRE-2022-00139,20220706,15,14,21.69,8.78,0.0,,,0,0,0,0,0,,0,0
5750,BUTTERFIELD,CALFIRE-2022-00140,20220707,58,14,12.37,5.0,6.0,,,0,0,0,0,0,,0,0
5751,WASHBURN,CALFIRE-2022-00141,20220707,59,7,4886.12,1977.35,85.0,,,0,0,0,0,0,,0,0
5752,BAYBERRY,CALFIRE-2022-00142,20220708,58,7,30.11,12.19,10.0,,,0,0,0,0,0,,0,0
5753,BORDER 22,CALFIRE-2022-00143,20220708,37,7,7.28,2.95,0.0,,,0,0,0,0,0,,0,0
5754,FAIRVIEW,CALFIRE-2022-00144,20220708,36,11,11.74,4.75,2.0,33.69655,-116.9271,0,0,0,0,0,,0,0
5755,WOLFSEN,CALFIRE-2022-00145,20220708,59,10,25.12,10.16,0.0,,,0,0,0,0,0,,0,0
5756,PARK,CALFIRE-2022-00146,20220709,4,14,56.34,22.8,0.0,,,0,0,0,0,0,,0,0
5757,PORTER,CALFIRE-2022-00147,20220709,58,2,166.6,67.42,3.0,,,0,0,0,0,0,,0,0
5758,ROBERT,CALFIRE-2022-00148,20220709,33,14,2.65,1.07,0.0,,,0,0,0,0,0,,0,0
5759,CUT OFF,CALFIRE-2022-00149,20220710,19,14,2.5,1.01,0.0,,,0,0,0,0,0,,0,0
5760,HARBISON 2,CALFIRE-2022-00150,20220712,37,2,26.86,10.87,1.0,,,0,0,0,0,0,,0,0
5761,MORGAN,CALFIRE-2022-00151,20220712,18,14,22.02,8.91,0.0,,,0,0,0,0,0,,0,0
5762,LONESTAR,CALFIRE-2022-00152,20220713,37,14,18.63,7.54,0.0,,,0,0,0,0,0,,0,0
5763,GRANT,CALFIRE-2022-00153,20220714,34,7,73.11,29.59,0.0,38.55388,-121.13585,0,3,0,0,0,,0,0
5764,PETER,CALFIRE-2022-00154,20220714,45,15,303.67,122.89,6.0,40.45263,-122.32976,16,4,0,0,0,,0,0
5765,TEFT,CALFIRE-2022-00155,20220715,40,10,25.53,10.33,2.0,,,0,0,0,0,0,,0,0
5766,VINE,CALFIRE-2022-00156,20220715,15,14,1.99,0.8,0.0,,,0,0,0,0,0,,0,0
5767,DONICA,CALFIRE-2022-00157,20220716,18,10,129.16,52.27,2.0,,,0,0,0,0,0,,0,0
5768,FORT,CALFIRE-2022-00158,20220716,15,10,1.5,0.61,0.0,,,0,0,0,0,0,,0,0
5769,RAINBOW,CALFIRE-2022-00159,20220716,52,7,66.33,26.84,7.0,40.01534,-122.43812,2,1,0,0,0,,0,0
5770,BELL,CALFIRE-2022-00160,20220717,23,2,42.92,17.37,2.0,,,0,0,0,0,0,,0,0
5771,BORDER 26,CALFIRE-2022-00161,20220717,37,7,4.54,1.84,0.0,,,0,0,0,0,0,,0,0
5772,BORDER 27,CALFIRE-2022-00162,20220717,37,14,98.15,39.72,1.0,,,0,0,0,0,0,,0,0
5773,ESTATES,CALFIRE-2022-00163,20220717,17,16,0.78,0.31,0.0,,,0,0,0,0,0,,0,0
5774,RIOSA,CALFIRE-2022-00164,20220717,58,3,37.56,15.2,0.0,,,0,0,0,0,0,,0,0
5775,AGUA,CALFIRE-2022-00165,20220718,22,10,396.77,160.57,5.0,37.50162,-120.03754,3,0,0,0,0,,0,0
5776,AVALANCHE,CALFIRE-2022-00166,20220718,59,1,28.93,11.71,115.0,,,0,0,0,0,0,,0,0
5777,DEER,CALFIRE-2022-00167,20220718,43,7,14.51,5.87,0.0,,,0,0,0,0,0,,0,0
5778,WINDING,CALFIRE-2022-00168,20220718,58,11,81.78,33.1,11.0,39.31649,-121.2756,4,2,0,0,0,,0,0
5779,MEADOW,CALFIRE-2022-00169,20220719,23,2,16.55,6.7,0.0,,,0,0,0,0,0,,0,0
5780,ANZAR,CALFIRE-2022-00170,20220721,35,11,101.1,40.91,6.0,36.89401,-121.59669,2,0,0,0,0,,0,0
5781,SLATE 2,CALFIRE-2022-00171,20220721,5,6,63.71,25.78,0.0,,,0,0,0,0,0,,0,0
5782,SLOUGH,CALFIRE-2022-00172,20220721,47,14,24.96,10.1,0.0,,,0,0,0,0,0,,0,0
5783,OAK,CALFIRE-2022-00173,20220722,22,14,18957.5,7671.83,19.0,37.51314,-119.889,194,10,0,0,0,,0,0
5784,SYCAMORE,CALFIRE-2022-00174,20220722,15,14,25.55,10.34,0.0,,,0,0,0,0,0,,0,0
5785,VIEWLAND,CALFIRE-2022-00175,20220722,18,14,10.53,4.26,0.0,,,0,0,0,0,0,,0,0
5786,TULARE,CALFIRE-2022-00176,20220725,52,10,134.47,54.42,0.0,,,0,0,0,0,0,,0,0
5787,APPLE,CALFIRE-2022-00177,20220727,58,11,41.1,16.63,6.0,,,0,0,0,0,0,,0,0
5788,POINT,CALFIRE-2022-00178,20220727,59,10,58.68,23.74,0.0,,,0,0,0,0,0,,0,0
5789,SPENCEVILLE,CALFIRE-2022-00179,20220727,58,9,21.82,8.83,4.0,,,0,0,0,0,0,,0,0
5790,BEAR,CALFIRE-2022-00180,20220728,58,2,9.67,3.92,2.0,,,0,0,0,0,0,,0,0
5791,PASS,CALFIRE-2022-00181,20220728,15,14,5.05,2.04,0.0,,,0,0,0,0,0,,0,0
5792,HIGHWAY,CALFIRE-2022-00182,20220729,36,7,28.1,11.37,2.0,,,0,0,0,0,0,,0,0
5793,MCKINNEY,CALFIRE-2022-00183,20220729,47,14,60102.26,24322.54,105.0,41.84169,-122.84139,185,11,0,0,0,,0,0
5794,WINDWOOD,CALFIRE-2022-00184,20220729,40,10,6.37,2.58,0.0,,,0,0,0,0,0,,0,0
5795,YETI,CALFIRE-2022-00185,20220729,47,14,7886.01,3191.36,36.0,,,0,0,0,0,0,,0,0
5796,AIRPORT,CALFIRE-2022-00186,20220730,58,14,38.26,15.49,0.0,,,0,0,0,0,0,,0,0
5797,MESA,CALFIRE-2022-00187,20220730,59,14,222.08,89.87,1.0,,,0,0,0,0,0,,0,0
5798,SHACKLEFORD,CALFIRE-2022-00188,20220730,47,1,30.95,12.52,1.0,,,0,0,0,0,0,,0,0
5799,SIXTY,CALFIRE-2022-00189,20220730,59,18,21.09,8.54,0.0,,,0,0,0,0,0,,0,0
5800,ALEX,CALFIRE-2022-00190,20220731,47,14,150.4,60.87,3.0,,,0,0,0,0,0,,0,0
5801,KELSEY,CALFIRE-2022-00191,20220731,47,14,84.64,34.25,24.0,,,0,0,0,0,0,,0,0
5802,MEAMBER,CALFIRE-2022-00192,20220731,47,1,62.63,25.35,1.0,,,0,0,0,0,0,,0,0
5803,PEBBLE,CALFIRE-2022-00193,20220731,10,15,54.41,22.02,3.0,36.67615,-119.17899,6,0,0,0,0,,0,0
5804,R-1 PIT,CALFIRE-2022-00194,20220731,18,1,67.82,27.45,1.0,,,0,0,0,0,0,,0,0
5805,EMPIRE,CALFIRE-2022-00195,20220801,47,1,3.14,1.27,1.0,,,0,0,0,0,0,,0,0
5806,MARMOT,CALFIRE-2022-00196,20220802,54,14,126.6,51.23,6.0,,,0,0,0,0,0,,0,0
5807,CAMINO,CALFIRE-2022-00197,20220803,43,14,19.18,7.76,0.0,,,0,0,0,0,0,,0,0
5808,CURVE,CALFIRE-2022-00198,20220803,15,14,7.13,2.89,0.0,,,0,0,0,0,0,,0,0
5809,SUMMIT,CALFIRE-2022-00199,20220803,59,1,1394.44,564.31,77.0,,,0,0,0,0,0,,0,0
5810,BIGGS,CALFIRE-2022-00200,20220804,4,2,15.77,6.38,0.0,,,0,0,0,0,0,,0,0
5811,MCGINTY,CALFIRE-2022-00201,20220804,25,1,48.15,19.48,3.0,,,0,0,0,0,0,,0,0
5812,PURPLE,CALFIRE-2022-00202,20220804,15,14,4.19,1.69,0.0,,,0,0,0,0,0,,0,0
5813,RED,CALFIRE-2022-00203,20220804,59,1,8432.42,3412.48,94.0,,,0,0,0,0,0,,0,0
5814,SMOKEY,CALFIRE-2022-00204,20220804,47,14,33.67,13.63,5.0,,,0,0,0,0,0,,0,0
5815,WILLOW,CALFIRE-2022-00205,20220804,25,1,35.42,14.33,3.0,,,0,0,0,0,0,,0,0
5816,AMMON,CALFIRE-2022-00206,20220805,12,14,11464.9,4639.68,32.0,,,0,0,0,0,0,,0,0
5817,CAMPBELL,CALFIRE-2022-00207,20220805,12,14,30132.85,12194.34,35.0,,,0,0,0,0,0,,0,0
5818,HUGHES,CALFIRE-2022-00208,20220806,19,10,7.94,3.21,0.0,,,0,0,0,0,0,,0,0
5819,COAL,CALFIRE-2022-00209,20220807,9,7,16.75,6.78,0.0,,,0,0,0,0,0,,0,0
5820,3-8 DIXON,CALFIRE-2022-00210,20220808,18,1,11.37,4.6,1.0,,,0,0,0,0,0,,0,0
5821,RODGERS,CALFIRE-2022-00211,20220808,59,1,2839.68,1149.18,90.0,,,0,0,0,0,0,,0,0
5822,HURLETON,CALFIRE-2022-00212,20220809,4,14,6.64,2.69,0.0,,,0,0,0,0,0,,0,0
5823,SAM,CALFIRE-2022-00213,20220810,19,14,125.33,50.72,1.0,,,0,0,0,0,0,,0,0
5824,GEORGE,CALFIRE-2022-00214,20220811,47,14,13.57,5.49,13.0,,,0,0,0,0,0,,0,0
5825,PLUM,CALFIRE-2022-00215,20220811,31,9,12.28,4.97,11.0,,,0,0,0,0,0,,0,0
5826,MOON,CALFIRE-2022-00216,20220814,56,14,1.42,0.58,0.0,,,0,0,0,0,0,,0,0
5827,RAIL,CALFIRE-2022-00217,20220814,15,14,216.21,87.5,3.0,,,0,0,0,0,0,,0,0
5828,EDEN,CALFIRE-2022-00218,20220815,43,10,58.32,23.6,0.0,,,0,0,0,0,0,,0,0
5829,OAK,CALFIRE-2022-00219,20220815,58,10,24.02,9.72,31.0,37.51314,-119.889,0,0,0,0,0,,0,0
5830,WISHON,CALFIRE-2022-00220,20220815,15,14,317.82,128.62,14.0,,,0,0,0,0,0,,0,0
5831,BRONCO,CALFIRE-2022-00221,20220817,36,9,89.57,36.25,5.0,,,0,0,0,0,0,,0,0
5832,KING,CALFIRE-2022-00222,20220817,15,14,1.57,0.64,0.0,,,0,0,0,0,0,,0,0
5833,QUAIL,CALFIRE-2022-00223,20220817,19,14,60.45,24.46,1.0,,,0,0,0,0,0,,0,0
5834,TIERRA,CALFIRE-2022-00224,20220817,19,14,2.1,0.85,0.0,,,0,0,0,0,0,,0,0
5835,RIDGE,CALFIRE-2022-00225,20220818,19,14,4.83,1.96,1.0,,,0,0,0,0,0,,0,0
5836,BORDER 31,CALFIRE-2022-00226,20220819,37,14,14.65,5.93,1.0,,,0,0,0,0,0,,0,0
5837,OWL,CALFIRE-2022-00227,20220820,58,10,49.95,20.21,11.0,,,0,0,0,0,0,,0,0
5838,VALLEY,CALFIRE-2022-00228,20220822,20,14,188.48,76.28,19.0,37.38914,-119.71531,0,0,0,0,0,,0,0
5839,ALTA,CALFIRE-2022-00229,20220825,10,14,11.93,4.83,0.0,,,0,0,0,0,0,,0,0
5840,ANA,CALFIRE-2022-00230,20220825,56,14,1.84,0.75,0.0,,,0,0,0,0,0,,0,0
5841,EAST,CALFIRE-2022-00231,20220825,19,14,147.66,59.76,17.0,,,0,0,0,0,0,,0,0
5842,STILL,CALFIRE-2022-00232,20220827,29,2,43.21,17.49,7.0,39.05753,-121.11899,1,0,0,0,0,,0,0
5843,GULCH,CALFIRE-2022-00233,20220829,19,14,113.42,45.9,13.0,,,0,0,0,0,0,,0,0
5844,MCCOVEY,CALFIRE-2022-00234,20220829,12,14,28.42,11.5,6.0,,,0,0,0,0,0,,0,0
5845,RANCH,CALFIRE-2022-00235,20220829,12,14,26.32,10.65,6.0,,,0,0,0,0,0,,0,0
5846,BORDER 32,CALFIRE-2022-00236,20220831,37,14,4456.34,1803.42,5.0,32.61145,-116.68572,30,8,0,0,0,,0,0
5847,BRANSTETTER,CALFIRE-2022-00237,20220831,45,4,33.78,13.67,0.0,,,0,0,0,0,0,,0,0
5848,ROUTE,CALFIRE-2022-00238,20220831,19,14,5227.92,2115.67,7.0,,,0,0,0,0,0,,0,0
5849,AIRLINE,CALFIRE-2022-00239,20220901,27,10,13.9,5.63,0.0,,,0,0,0,0,0,,0,0
5850,WALKER,CALFIRE-2022-00240,20220901,23,10,123.34,49.91,15.0,,,0,0,0,0,0,,0,0
5851,WOODS,CALFIRE-2022-00241,20220901,55,14,22.17,8.97,2.0,37.96981,-120.40039,1,0,0,0,0,,0,0
5852,MILL,CALFIRE-2022-00242,20220902,47,14,3939.38,1594.21,9.0,41.49503,-122.38486,118,26,2,0,0,,0,0
5853,MOUNTAIN,CALFIRE-2022-00243,20220902,47,14,13440.71,5439.27,30.0,41.45889,-122.63261,4,0,0,0,0,,0,0
5854,ASPEN,CALFIRE-2022-00244,20220904,59,7,25.89,10.48,26.0,,,0,0,0,0,0,,0,0
5855,CANYON,CALFIRE-2022-00245,20220904,12,14,17.1,6.92,1.0,,,0,0,0,0,0,,0,0
5856,RANCH,CALFIRE-2022-00246,20220904,15,14,62.03,25.1,1.0,,,0,0,0,0,0,,0,0
5857,SANDIA,CALFIRE-2022-00247,20220904,37,10,29.23,11.83,1.0,,,0,0,0,0,0,,0,0
5858,CAESAR,CALFIRE-2022-00248,20220905,37,10,47.7,19.31,0.0,,,0,0,0,0,0,,0,0
5859,FRANKLIN,CALFIRE-2022-00249,20220905,43,10,50.13,20.29,0.0,,,0,0,0,0,0,,0,0
5860,RADFORD,CALFIRE-2022-00250,20220905,36,9,1079.28,436.77,65.0,,,0,0,0,0,0,,0,0
5861,BARRY,CALFIRE-2022-00251,20220906,43,9,40.31,16.31,0.0,,,0,0,0,0,0,,0,0
5862,FAIRVIEW,CALFIRE-2022-00252,20220906,33,14,28097.87,11370.81,24.0,33.69655,-116.9271,37,8,2,3,0,,0,0
5863,HILL,CALFIRE-2022-00253,20220906,58,5,13.29,5.38,9.0,,,0,0,0,0,0,,0,0
5864,MOSQUITO,CALFIRE-2022-00254,20220906,9,9,76771.45,31068.33,46.0,39.01801,-120.76932,78,14,0,2,0,,0,0
5865,POWER,CALFIRE-2022-00255,20220906,10,10,133.75,54.13,0.0,,,0,0,0,0,0,,0,0
5866,ROSA,CALFIRE-2022-00256,20220906,40,9,16.23,6.57,0.0,,,0,0,0,0,0,,0,0
5867,BARNES,CALFIRE-2022-00257,20220907,25,1,5840.57,2363.6,55.0,,,0,0,0,0,0,,0,0
5868,CHESEBORO,CALFIRE-2022-00258,20220907,19,14,1.09,0.44,1.0,,,0,0,0,0,0,,0,0
5869,COYOTE,CALFIRE-2022-00259,20220907,47,1,296.95,120.17,1.0,,,0,0,0,0,0,,0,0
5870,FORK,CALFIRE-2022-00260,20220907,20,10,818.43,331.21,6.0,37.22021,-119.49163,43,1,0,0,0,,0,0
5871,FURY,CALFIRE-2022-00261,20220908,59,14,1.72,0.69,0.0,,,0,0,0,0,0,,0,0
5872,ELIZA,CALFIRE-2022-00262,20220909,47,14,19.21,7.78,7.0,,,0,0,0,0,0,,0,0
5873,FORWARD,CALFIRE-2022-00263,20220909,52,10,159.99,64.74,13.0,,,0,0,0,0,0,,0,0
5874,SANDY,CALFIRE-2022-00264,20220909,59,10,27.54,11.15,0.0,,,0,0,0,0,0,,0,0
5875,TEXAS,CALFIRE-2022-00265,20220909,45,14,12.91,5.23,1.0,,,0,0,0,0,0,,0,0
5876,DUTCH,CALFIRE-2022-00266,20220913,58,14,26.79,10.84,6.0,,,0,0,0,0,0,,0,0
5877,MUNZ,CALFIRE-2022-00267,20220913,19,14,1.85,0.75,1.0,,,0,0,0,0,0,,0,0
5878,BENITO,CALFIRE-2022-00268,20220914,27,14,89.95,36.4,1.0,,,0,0,0,0,0,,0,0
5879,R-3 VINCENT,CALFIRE-2022-00269,20220914,18,1,2.81,1.14,0.0,,,0,0,0,0,0,,0,0
5880,SCRAPER,CALFIRE-2022-00270,20220915,15,14,6.64,2.69,0.0,,,0,0,0,0,0,,0,0
5881,GARDEN BAR,CALFIRE-2022-00271,20220917,58,7,28.28,11.44,2.0,,,0,0,0,0,0,,0,0
5882,HAUSER,CALFIRE-2022-00272,20220917,37,14,25.71,10.4,1.0,,,0,0,0,0,0,,0,0
5883,NADER,CALFIRE-2022-00273,20220917,58,10,16.17,6.54,2.0,,,0,0,0,0,0,,0,0
5884,CUMMINGS,CALFIRE-2022-00274,20220921,15,14,1.31,0.53,0.0,,,0,0,0,0,0,,0,0
5885,MANZANITA,CALFIRE-2022-00275,20220923,36,9,26.87,10.87,7.0,,,0,0,0,0,0,,0,0
5886,LOBO,CALFIRE-2022-00276,20220924,19,14,10.8,4.37,1.0,,,0,0,0,0,0,,0,0
5887,EDISON,CALFIRE-2022-00277,20220925,15,14,13.66,5.53,0.0,,,0,0,0,0,0,,0,0
5888,PIGEON,CALFIRE-2022-00278,20220926,44,9,14.82,6.0,0.0,,,0,0,0,0,0,,0,0
5889,97,CALFIRE-2022-00279,20220927,47,14,30.08,12.17,2.0,,,0,0,0,0,0,,0,0
5890,CASNER,CALFIRE-2022-00280,20220927,37,2,178.27,72.14,2.0,,,0,0,0,0,0,,0,0
5891,OAKWILDE,CALFIRE-2022-00281,20221001,19,10,2.11,0.85,1.0,,,0,0,0,0,0,,0,0
5892,AGUAJITO,CALFIRE-2022-00282,20221002,27,11,5.26,2.13,1.0,,,0,0,0,0,0,,0,0
5893,HOBBY,CALFIRE-2022-00283,20221006,45,14,12.32,4.99,0.0,,,0,0,0,0,0,,0,0
5894,HOWARD 2,CALFIRE-2022-00284,20221008,42,9,74.61,30.2,2.0,,,0,0,0,0,0,,0,0
5895,VALE,CALFIRE-2022-00285,20221008,4,2,27.99,11.33,0.0,,,0,0,0,0,0,,0,0
5896,CHIMNEY,CALFIRE-2022-00286,20221009,59,14,3.57,1.45,1.0,,,0,0,0,0,0,,0,0
5897,BIG BAR,CALFIRE-2022-00287,20221012,12,14,11.88,4.81,11.0,,,0,0,0,0,0,,0,0
5898,WATT,CALFIRE-2022-00288,20221015,58,11,42.43,17.17,6.0,,,0,0,0,0,0,,0,0
5899,SPLAWN,CALFIRE-2022-00289,20221019,18,14,7.12,2.88,0.0,,,0,0,0,0,0,,0,0
5900,SYLVANDALE,CALFIRE-2022-00290,20221020,12,14,21.18,8.57,0.0,,,0,0,0,0,0,,0,0
5901,WILLOW 8,CALFIRE-2022-00291,20221020,59,14,1.32,0.53,0.0,,,0,0,0,0,0,,0,0
5902,PYRAMID,CALFIRE-2022-00292,20221021,19,10,6.76,2.73,1.0,,,0,0,0,0,0,,0,0
5903,PLEASANT,CALFIRE-2022-00293,20221023,36,10,49.57,20.06,1.0,,,0,0,0,0,0,,0,0
5904,POWER,CALFIRE-2022-00294,20221023,9,11,21.01,8.5,3.0,,,0,0,0,0,0,,0,0
5905,RIVER,CALFIRE-2022-00295,20221025,59,4,98.26,39.76,0.0,,,0,0,0,0,0,,0,0
5906,RUN,CALFIRE-2022-00296,20221029,58,2,11.9,4.81,4.0,,,0,0,0,0,0,,0,0
5907,WALL,CALFIRE-2022-00297,20221107,4,2,13.76,5.57,0.0,,,0,0,0,0,0,,0,0
5908,PROVENZA,CALFIRE-2022-00298,20221113,58,5,7.86,3.18,3.0,,,0,0,0,0,0,,0,0
5909,WILLOW 9,CALFIRE-2022-00299,20221116,59,15,8.23,3.33,1.0,,,0,0,0,0,0,,0,0
5910,LYNN,CALFIRE-2022-00300,20221117,56,14,5.76,2.33,0.0,,,0,0,0,0,0,,0,0
5911,WINTERHAVEN,CALFIRE-2023-00001,20230311,59,14,15.25,6.17,1.0,,,0,0,0,0,0,,0,0
5912,MAIN,CALFIRE-2023-00002,20230406,36,11,54.55,22.07,0.0,,,0,0,0,0,0,,0,0
5913,IMVITE,CALFIRE-2023-00003,20230417,15,10,62.93,25.47,5.0,,,0,0,0,0,0,,0,0
5914,LAGUNA,CALFIRE-2023-00004,20230420,59,14,19.9,8.05,2.0,,,0,0,0,0,0,,0,0
5915,NOB,CALFIRE-2023-00005,20230426,36,14,226.98,91.85,15.0,,,0,0,0,0,0,,0,0
5916,HOSTLY,CALFIRE-2023-00006,20230501,15,11,83.71,33.88,0.0,,,0,0,0,0,0,,0,0
5917,ADOBE,CALFIRE-2023-00007,20230503,15,14,5.95,2.41,0.0,,,0,0,0,0,0,,0,0
5918,LAZY,CALFIRE-2023-00008,20230510,15,14,3.27,1.32,0.0,,,0,0,0,0,0,,0,0
5919,FANO,CALFIRE-2023-00009,20230511,15,14,3.0,1.21,0.0,,,0,0,0,0,0,,0,0
5920,BITTER,CALFIRE-2023-00010,20230512,15,14,225.64,91.31,0.0,,,0,0,0,0,0,,0,0
5921,LAVENDER,CALFIRE-2023-00011,20230514,15,2,14.74,5.97,0.0,,,0,0,0,0,0,,0,0
5922,66,CALFIRE-2023-00012,20230515,33,14,127.0,51.4,2.0,,,0,0,0,0,0,,0,0
5923,ARROW,CALFIRE-2023-00013,20230515,59,10,121.16,49.03,0.0,,,0,0,0,0,0,,0,0
5924,POND,CALFIRE-2023-00014,20230518,15,14,6.76,2.74,0.0,,,0,0,0,0,0,,0,0
5925,GIFFORD,CALFIRE-2023-00015,20230519,42,14,48.99,19.83,1.0,,,0,0,0,0,0,,0,0
5926,JOHNSON,CALFIRE-2023-00016,20230520,33,14,37.28,15.09,1.0,,,0,0,0,0,0,,0,0
5927,ELK,CALFIRE-2023-00017,20230521,15,14,15.35,6.21,23.0,,,0,0,0,0,0,,0,0
5928,JANES,CALFIRE-2023-00018,20230522,25,14,8.5,3.44,1.0,,,0,0,0,0,0,,0,0
5929,RAMONA,CALFIRE-2023-00019,20230522,33,2,337.93,136.76,4.0,,,0,0,0,0,0,,0,0
5930,TOLL,CALFIRE-2023-00020,20230522,15,14,6.86,2.78,0.0,,,0,0,0,0,0,,0,0
5931,JESS,CALFIRE-2023-00021,20230524,25,14,56.06,22.69,2.0,,,0,0,0,0,0,,0,0
5932,STODDARD,CALFIRE-2023-00022,20230524,15,14,81.68,33.06,3.0,,,0,0,0,0,0,,0,0
5933,GOLF,CALFIRE-2023-00023,20230526,59,14,15.1,6.11,0.0,,,0,0,0,0,0,,0,0
5934,HORN,CALFIRE-2023-00024,20230528,59,14,14.8,5.99,0.0,,,0,0,0,0,0,,0,0
5935,KERTO,CALFIRE-2023-00025,20230528,59,14,13.72,5.55,0.0,,,0,0,0,0,0,,0,0
5936,CORCORAN,CALFIRE-2023-00026,20230530,59,10,2.55,1.03,0.0,,,0,0,0,0,0,,0,0
5937,PISTOL,CALFIRE-2023-00027,20230530,10,9,127.15,51.45,0.0,,,0,0,0,0,0,,0,0
5938,SICARD,CALFIRE-2023-00028,20230530,58,11,13.73,5.56,0.0,,,0,0,0,0,0,,0,0
5939,ORANGE,CALFIRE-2023-00029,20230601,10,2,108.17,43.77,1.0,,,0,0,0,0,0,,0,0
5940,ROCK,CALFIRE-2023-00030,20230601,40,2,3.37,1.36,0.0,,,0,0,0,0,0,,0,0
5941,KAISER,CALFIRE-2023-00031,20230602,4,5,13.6,5.5,0.0,,,0,0,0,0,0,,0,0
5942,JARDINE,CALFIRE-2023-00032,20230603,40,3,3.32,1.34,43.0,,,0,0,0,0,0,,0,0
5943,PANOCHE,CALFIRE-2023-00033,20230603,22,9,67.26,27.22,0.0,,,0,0,0,0,0,,0,0
5944,DANNY,CALFIRE-2023-00034,20230604,19,14,1531.35,619.71,,,,0,0,0,0,0,,0,0
5945,MINERAL,CALFIRE-2023-00035,20230604,59,14,10.08,4.08,0.0,,,0,0,0,0,0,,0,0
5946,POINT,CALFIRE-2023-00036,20230604,15,2,4.92,1.99,0.0,,,0,0,0,0,0,,0,0
5947,PENTLAND,CALFIRE-2023-00037,20230605,15,14,83.48,33.78,1.0,,,0,0,0,0,0,,0,0
5948,MONTE,CALFIRE-2023-00038,20230606,12,14,5.49,2.22,1.0,,,0,0,0,0,0,,0,0
5949,GEORGE,CALFIRE-2023-00039,20230608,10,10,25.74,10.42,0.0,,,0,0,0,0,0,,0,0
5950,LITTLE,CALFIRE-2023-00040,20230608,15,5,59.27,23.98,0.0,,,0,0,0,0,0,,0,0
5951,ERIC,CALFIRE-2023-00041,20230609,58,14,44.0,17.81,0.0,,,0,0,0,0,0,,0,0
5952,RODEO,CALFIRE-2023-00042,20230609,10,7,20.1,8.14,1.0,,,0,0,0,0,0,,0,0
5953,ESTRELLA,CALFIRE-2023-00043,20230610,40,3,1.18,0.48,0.0,,,0,0,0,0,0,,0,0
5954,GEOLOGY,CALFIRE-2023-00044,20230610,36,10,1033.31,418.17,8.0,,,0,0,0,0,0,,0,0
5955,BONE,CALFIRE-2023-00045,20230615,59,14,1180.62,477.78,33.0,,,0,0,0,0,0,,0,0
5956,PINE,CALFIRE-2023-00046,20230615,45,2,11.92,4.82,0.0,,,0,0,0,0,0,,0,0
5957,SCOTT,CALFIRE-2023-00047,20230615,58,14,94.28,38.15,0.0,,,0,0,0,0,0,,0,0
5958,NEAL,CALFIRE-2023-00048,20230616,40,2,2.21,0.9,0.0,,,0,0,0,0,0,,0,0
5959,SNELL,CALFIRE-2023-00049,20230616,17,7,97.12,39.3,0.0,,,0,0,0,0,0,,0,0
5960,VALLEY,CALFIRE-2023-00050,20230617,59,1,28.64,11.59,6.0,,,0,0,0,0,0,,0,0
5961,WHITWORTH,CALFIRE-2023-00051,20230617,47,5,5.73,2.32,0.0,,,0,0,0,0,0,,0,0
5962,WILDCAT,CALFIRE-2023-00052,20230617,59,1,46.66,18.88,10.0,,,0,0,0,0,0,,0,0
5963,CLAY,CALFIRE-2023-00053,20230618,9,14,28.64,11.59,0.0,,,0,0,0,0,0,,0,0
5964,BLACKWOOD,CALFIRE-2023-00054,20230620,37,14,37.4,15.14,1.0,,,0,0,0,0,0,,0,0
5965,BORDER 13,CALFIRE-2023-00055,20230620,37,14,17.95,7.26,0.0,,,0,0,0,0,0,,0,0
5966,TANK,CALFIRE-2023-00056,20230620,15,14,5.78,2.34,1.0,,,0,0,0,0,0,,0,0
5967,WHIPPLE,CALFIRE-2023-00057,20230620,59,4,26.82,10.86,0.0,,,0,0,0,0,0,,0,0
5968,WILDCAT 2,CALFIRE-2023-00058,20230620,37,14,12.2,4.94,1.0,,,0,0,0,0,0,,0,0
5969,BORDER 14,CALFIRE-2023-00059,20230621,37,14,61.07,24.71,1.0,,,0,0,0,0,0,,0,0
5970,VIRGINIA,CALFIRE-2023-00060,20230621,4,4,10.07,4.08,0.0,,,0,0,0,0,0,,0,0
5971,FAMOSO,CALFIRE-2023-00061,20230623,15,14,6.42,2.6,0.0,,,0,0,0,0,0,,0,0
5972,PEOIRA,CALFIRE-2023-00062,20230623,58,14,58.01,23.48,0.0,,,0,0,0,0,0,,0,0
5973,GRADE,CALFIRE-2023-00063,20230624,59,9,228.48,92.46,1.0,,,0,0,0,0,0,,0,0
5974,LAST,CALFIRE-2023-00064,20230624,15,14,3.33,1.35,0.0,,,0,0,0,0,0,,0,0
5975,CRANE,CALFIRE-2023-00065,20230627,10,2,23.89,9.67,0.0,,,0,0,0,0,0,,0,0
5976,POST,CALFIRE-2023-00066,20230627,15,14,5.97,2.41,0.0,,,0,0,0,0,0,,0,0
5977,WATER,CALFIRE-2023-00067,20230627,15,14,7.96,3.22,0.0,,,0,0,0,0,0,,0,0
5978,BOULDER,CALFIRE-2023-00068,20230628,40,11,70.79,28.65,0.0,,,0,0,0,0,0,,0,0
5979,PIKA,CALFIRE-2023-00069,20230629,59,1,841.0,340.34,47.0,,,0,0,0,0,0,,0,0
5980,CHAMPAGNE,CALFIRE-2023-00070,20230630,15,11,107.85,43.64,0.0,,,0,0,0,0,0,,0,0
5981,TRUCK,CALFIRE-2023-00071,20230630,15,14,17.16,6.94,1.0,,,0,0,0,0,0,,0,0
5982,JACKSON,CALFIRE-2023-00072,20230701,9,2,27.81,11.26,1.0,,,0,0,0,0,0,,0,0
5983,CANYON,CALFIRE-2023-00073,20230702,15,14,9.06,3.67,1.0,,,0,0,0,0,0,,0,0
5984,GANN,CALFIRE-2023-00074,20230702,5,14,106.0,42.9,0.0,,,0,0,0,0,0,,0,0
5985,MULE,CALFIRE-2023-00075,20230702,45,14,5.7,2.31,1.0,,,0,0,0,0,0,,0,0
5986,PARK,CALFIRE-2023-00076,20230703,54,10,0.07,0.03,0.0,,,0,0,0,0,0,,0,0
5987,ROUND,CALFIRE-2023-00077,20230703,15,14,536.02,216.92,0.0,,,0,0,0,0,0,,0,0
5988,SOUTH 2,CALFIRE-2023-00078,20230703,15,14,9.61,3.89,0.0,,,0,0,0,0,0,,0,0
5989,STINE,CALFIRE-2023-00079,20230703,15,14,8.33,3.37,0.0,,,0,0,0,0,0,,0,0
5990,WHISKEY,CALFIRE-2023-00080,20230703,22,2,83.0,33.59,0.0,,,0,0,0,0,0,,0,0
5991,LANE,CALFIRE-2023-00081,20230704,15,14,23.0,9.31,0.0,,,0,0,0,0,0,,0,0
5992,RIVER,CALFIRE-2023-00082,20230704,59,9,3.31,1.34,0.0,,,0,0,0,0,0,,0,0
5993,TREE,CALFIRE-2023-00083,20230704,15,14,6.17,2.5,0.0,,,0,0,0,0,0,,0,0
5994,VILLANOVA,CALFIRE-2023-00084,20230705,56,14,13.01,5.27,1.0,,,0,0,0,0,0,,0,0
5995,BRIDGE,CALFIRE-2023-00085,20230707,10,10,30.39,12.3,0.0,,,0,0,0,0,0,,0,0
5996,DISTRICT,CALFIRE-2023-00086,20230707,15,14,1043.66,422.36,5.0,,,0,0,0,0,0,,0,0
5997,VINEYARD,CALFIRE-2023-00087,20230709,27,14,391.37,158.38,1.0,,,0,0,0,0,0,,0,0
5998,VISTA,CALFIRE-2023-00088,20230710,19,14,25.91,10.48,1.0,,,0,0,0,0,0,,0,0
5999,BAKER,CALFIRE-2023-00089,20230711,15,14,3.72,1.51,0.0,,,0,0,0,0,0,,0,0
6000,BREWER,CALFIRE-2023-00090,20230711,58,14,11.63,4.71,0.0,,,0,0,0,0,0,,0,0
6001,CARBON,CALFIRE-2023-00091,20230711,9,9,58.76,23.78,0.0,,,0,0,0,0,0,,0,0
6002,COTTON,CALFIRE-2023-00092,20230711,59,9,23.56,9.53,3.0,,,0,0,0,0,0,,0,0
6003,LIBERTY,CALFIRE-2023-00093,20230711,9,14,70.98,28.72,1.0,,,0,0,0,0,0,,0,0
6004,DRY,CALFIRE-2023-00094,20230712,19,14,16.76,6.78,9.0,,,0,0,0,0,0,,0,0
6005,DURA,CALFIRE-2023-00095,20230712,45,2,28.96,11.72,0.0,,,0,0,0,0,0,,0,0
6006,MID,CALFIRE-2023-00096,20230713,15,14,4.99,2.02,0.0,,,0,0,0,0,0,,0,0
6007,PAICINES,CALFIRE-2023-00097,20230713,27,10,13.59,5.5,0.0,,,0,0,0,0,0,,0,0
6008,GRANITE,CALFIRE-2023-00098,20230714,59,4,178.16,72.1,9.0,,,0,0,0,0,0,,0,0
6009,HIGHLAND,CALFIRE-2023-00099,20230714,33,9,2591.02,1048.55,117.0,33.45662,-116.85112,20,6,0,2,0,,0,0
6010,PECK,CALFIRE-2023-00100,20230714,10,10,14.4,5.83,1.0,,,0,0,0,0,0,,0,0
6011,RABBIT,CALFIRE-2023-00101,20230714,33,10,8354.78,3381.06,9.0,,,0,0,0,0,0,,0,0
6012,RECHE,CALFIRE-2023-00102,20230714,33,7,435.68,176.32,9.0,33.98464,-117.21912,1,0,0,0,0,,0,0
6013,GAVILAN,CALFIRE-2023-00103,20230715,33,14,334.58,135.4,8.0,,,0,0,0,0,0,,0,0
6014,SLACKS,CALFIRE-2023-00104,20230715,27,10,40.42,16.36,2.0,,,0,0,0,0,0,,0,0
6015,TANWOODS,CALFIRE-2023-00105,20230716,58,14,9.53,3.86,0.0,,,0,0,0,0,0,,0,0
6016,COUSER 2,CALFIRE-2023-00106,20230718,37,14,3.5,1.42,0.0,,,0,0,0,0,0,,0,0
6017,JUNIPER,CALFIRE-2023-00107,20230718,10,10,11.14,4.51,1.0,,,0,0,0,0,0,,0,0
6018,WINTERHAVEN DRIVE,CALFIRE-2023-00108,20230718,59,14,62.32,25.22,3.0,,,0,0,0,0,0,,0,0
6019,BODFISH,CALFIRE-2023-00109,20230719,15,14,52.76,21.35,1.0,,,0,0,0,0,0,,0,0
6020,IDRIA,CALFIRE-2023-00110,20230719,27,14,296.64,120.05,0.0,,,0,0,0,0,0,,0,0
6021,COWTRACK,CALFIRE-2023-00111,20230720,14,14,322.96,130.7,0.0,,,0,0,0,0,0,,0,0
6022,WINCHELL,CALFIRE-2023-00112,20230723,10,14,16.72,6.77,0.0,,,0,0,0,0,0,,0,0
6023,WONDER,CALFIRE-2023-00113,20230724,45,6,161.81,65.48,4.0,,,0,0,0,0,0,,0,0
6024,AGUA,CALFIRE-2023-00114,20230725,19,14,426.2,172.48,14.0,,,0,0,0,0,0,,0,0
6025,LONG,CALFIRE-2023-00115,20230725,10,15,27.6,11.17,2.0,36.68528,-119.1453,3,0,0,0,0,,0,0
6026,OAK,CALFIRE-2023-00116,20230725,40,5,0.11,0.05,0.0,,,0,0,0,0,0,,0,0
6027,VICTOR,CALFIRE-2023-00117,20230725,19,4,57.49,23.27,2.0,,,0,0,0,0,0,,0,0
6028,BONNY,CALFIRE-2023-00118,20230726,33,14,2323.11,940.13,12.0,33.47186,-116.66055,3,0,0,1,0,,0,0
6029,SPENCEVILLE,CALFIRE-2023-00119,20230726,58,2,10.8,4.37,5.0,,,0,0,0,0,0,,0,0
6030,TRAIL,CALFIRE-2023-00120,20230726,56,14,1.66,0.67,1.0,,,0,0,0,0,0,,0,0
6031,TURKEY,CALFIRE-2023-00121,20230726,4,7,52.17,21.11,5.0,,,0,0,0,0,0,,0,0
6032,SCODIE,CALFIRE-2023-00122,20230728,15,14,20.61,8.34,3.0,,,0,0,0,0,0,,0,0
6033,YORK,CALFIRE-2023-00123,20230728,59,14,93077.87,37667.31,23.0,,,0,0,0,0,0,,0,0
6034,GREY,CALFIRE-2023-00124,20230729,5,2,11.02,4.46,0.0,,,0,0,0,0,0,,0,0
6035,OLIVE,CALFIRE-2023-00125,20230729,45,2,20.67,8.36,0.0,,,0,0,0,0,0,,0,0
6036,SHELL,CALFIRE-2023-00126,20230730,40,10,114.8,46.46,4.0,,,0,0,0,0,0,,0,0
6037,BEALE,CALFIRE-2023-00127,20230731,15,14,60.63,24.53,1.0,,,0,0,0,0,0,,0,0
6038,BREEZE,CALFIRE-2023-00128,20230731,15,14,22.56,9.13,4.0,,,0,0,0,0,0,,0,0
6039,DOOLITTLE,CALFIRE-2023-00129,20230731,58,14,16.6,6.72,0.0,,,0,0,0,0,0,,0,0
6040,HABERKERN,CALFIRE-2023-00130,20230731,15,14,34.75,14.06,1.0,,,0,0,0,0,0,,0,0
6041,COMANCHE,CALFIRE-2023-00131,20230801,15,14,4.39,1.78,0.0,,,0,0,0,0,0,,0,0
6042,EAST,CALFIRE-2023-00132,20230801,15,14,1291.17,522.52,0.0,,,0,0,0,0,0,,0,0
6043,ALMOND,CALFIRE-2023-00133,20230802,33,14,14.44,5.84,1.0,,,0,0,0,0,0,,0,0
6044,TECUYA,CALFIRE-2023-00134,20230802,42,14,76.2,30.84,18.0,,,0,0,0,0,0,,0,0
6045,EDMONSTON,CALFIRE-2023-00135,20230803,15,14,14.59,5.9,1.0,,,0,0,0,0,0,,0,0
6046,BOULEVARD,CALFIRE-2023-00136,20230804,15,14,89.46,36.21,3.0,,,0,0,0,0,0,,0,0
6047,FOOTHILLS,CALFIRE-2023-00137,20230805,58,14,25.0,10.12,0.0,,,0,0,0,0,0,,0,0
6048,NONAME,CALFIRE-2023-00138,20230805,15,14,1113.9,450.78,3.0,,,0,0,0,0,0,,0,0
6049,ALMOND,CALFIRE-2023-00139,20230806,15,14,5228.87,2116.05,1.0,,,0,0,0,0,0,,0,0
6050,BROADWAY,CALFIRE-2023-00140,20230806,33,14,1.6,0.65,2.0,,,0,0,0,0,0,,0,0
6051,PECWAN,CALFIRE-2023-00141,20230808,12,14,12.89,5.22,0.0,,,0,0,0,0,0,,0,0
6052,BRITE,CALFIRE-2023-00142,20230809,15,14,3.82,1.54,0.0,,,0,0,0,0,0,,0,0
6053,BUNNIE,CALFIRE-2023-00143,20230809,37,14,183.92,74.43,2.0,,,0,0,0,0,0,,0,0
6054,CEMETERY,CALFIRE-2023-00144,20230809,4,14,74.1,29.99,0.0,,,0,0,0,0,0,,0,0
6055,ROCK,CALFIRE-2023-00145,20230809,33,14,531.02,214.9,1.0,,,0,0,0,0,0,,0,0
6056,QUAIL 2,CALFIRE-2023-00146,20230810,54,7,300.79,121.73,0.0,,,0,0,0,0,0,,0,0
6057,ROBIN,CALFIRE-2023-00147,20230810,54,7,138.21,55.93,0.0,,,0,0,0,0,0,,0,0
6058,RINCONADA,CALFIRE-2023-00148,20230811,42,14,96.38,39.0,2.0,,,0,0,0,0,0,,0,0
6059,STRIKE,CALFIRE-2023-00149,20230812,10,1,19.13,7.74,1.0,,,0,0,0,0,0,,0,0
6060,GENERAL,CALFIRE-2023-00150,20230813,15,1,16.05,6.5,0.0,,,0,0,0,0,0,,0,0
6061,WILLIAMS,CALFIRE-2023-00151,20230813,27,9,58.4,23.63,57.0,,,0,0,0,0,0,,0,0
6062,GROVE,CALFIRE-2023-00152,20230814,15,14,4.71,1.91,0.0,,,0,0,0,0,0,,0,0
6063,TROTTER,CALFIRE-2023-00153,20230814,15,14,52.55,21.27,3.0,,,0,0,0,0,0,,0,0
6064,1-10,CALFIRE-2023-00154,20230815,23,1,56.88,23.02,3.0,,,0,0,0,0,0,,0,0
6065,BITTER,CALFIRE-2023-00155,20230815,40,10,695.87,281.61,16.0,,,0,0,0,0,0,,0,0
6066,CORRAL,CALFIRE-2023-00156,20230815,12,14,1090.28,441.22,91.0,,,0,0,0,0,0,,0,0
6067,DEEP,CALFIRE-2023-00157,20230815,45,14,4198.19,1698.95,49.0,,,0,0,0,0,0,,0,0
6068,DEVIL,CALFIRE-2023-00158,20230815,59,1,12.4,5.02,65.0,,,0,0,0,0,0,,0,0
6069,DIAMOND,CALFIRE-2023-00159,20230815,12,14,550.06,222.6,91.0,,,0,0,0,0,0,,0,0
6070,ELLIOT,CALFIRE-2023-00160,20230815,47,1,13875.25,5615.12,69.0,,,0,0,0,0,0,,0,0
6071,HEAD,CALFIRE-2023-00161,20230815,47,1,6953.81,2814.11,23.0,,,0,0,0,0,0,,0,0
6072,HURDY GURDY,CALFIRE-2023-00162,20230815,12,14,2677.78,1083.66,91.0,,,0,0,0,0,0,,0,0
6073,ISLAND,CALFIRE-2023-00163,20230815,12,14,378.42,153.14,91.0,,,0,0,0,0,0,,0,0
6074,KELLY,CALFIRE-2023-00164,20230815,12,14,89326.05,36149.0,91.0,,,0,0,0,0,0,,0,0
6075,L-1 BRANCH FISH,CALFIRE-2023-00165,20230815,45,14,8.92,3.61,1.0,,,0,0,0,0,0,,0,0
6076,LAKE,CALFIRE-2023-00166,20230815,47,1,200.21,81.02,23.0,,,0,0,0,0,0,,0,0
6077,LONE PINE,CALFIRE-2023-00167,20230815,12,1,1684.73,681.79,31.0,,,0,0,0,0,0,,0,0
6078,LONG,CALFIRE-2023-00168,20230815,47,1,29.75,12.04,13.0,36.68528,-119.1453,0,0,0,0,0,,0,0
6079,LOST,CALFIRE-2023-00169,20230815,59,1,739.82,299.39,27.0,,,0,0,0,0,0,,0,0
6080,MARLOW,CALFIRE-2023-00170,20230815,12,1,1997.21,808.24,49.0,,,0,0,0,0,0,,0,0
6081,MOSQUITO,CALFIRE-2023-00171,20230815,12,1,34188.45,13835.59,71.0,,,0,0,0,0,0,,0,0
6082,PILOT,CALFIRE-2023-00172,20230815,12,1,1055.17,427.01,18.0,,,0,0,0,0,0,,0,0
6083,PILOT,CALFIRE-2023-00173,20230815,12,14,76.79,31.08,147.0,,,0,0,0,0,0,,0,0
6084,PRESCOTT,CALFIRE-2023-00174,20230815,12,14,599.34,242.55,91.0,,,0,0,0,0,0,,0,0
6085,RANCH,CALFIRE-2023-00175,20230815,47,1,792.97,320.9,13.0,,,0,0,0,0,0,,0,0
6086,REDWOOD,CALFIRE-2023-00176,20230815,59,1,2248.45,909.92,121.0,,,0,0,0,0,0,,0,0
6087,SCOTT,CALFIRE-2023-00177,20230815,47,1,1935.95,783.45,20.0,,,0,0,0,0,0,,0,0
6088,SLIDE 1,CALFIRE-2023-00178,20230815,17,1,472.72,191.3,8.0,,,0,0,0,0,0,,0,0
6089,SULPHER,CALFIRE-2023-00179,20230815,45,14,31.22,12.63,138.0,,,0,0,0,0,0,,0,0
6090,TITUS,CALFIRE-2023-00180,20230815,47,1,71.8,29.05,16.0,,,0,0,0,0,0,,0,0
6091,TOWNSEND,CALFIRE-2023-00181,20230815,47,1,81.23,32.87,8.0,,,0,0,0,0,0,,0,0
6092,3-9,CALFIRE-2023-00182,20230816,12,14,2836.39,1147.85,78.0,,,0,0,0,0,0,,0,0
6093,ASH,CALFIRE-2023-00183,20230816,47,1,14.56,5.89,2.0,,,0,0,0,0,0,,0,0
6094,CATTLE,CALFIRE-2023-00184,20230816,40,9,0.82,0.33,0.0,,,0,0,0,0,0,,0,0
6095,HIGHWAY,CALFIRE-2023-00185,20230816,31,14,44.8,18.13,1.0,,,0,0,0,0,0,,0,0
6096,UFISH,CALFIRE-2023-00186,20230816,47,1,7850.58,3177.02,43.0,,,0,0,0,0,0,,0,0
6097,WILLOW,CALFIRE-2023-00187,20230816,40,10,5.27,2.13,0.0,,,0,0,0,0,0,,0,0
6098,COYOTE,CALFIRE-2023-00188,20230817,37,14,466.5,188.79,2.0,32.63749,-116.63697,3,1,0,0,0,,0,0
6099,LET ER-BUCK,CALFIRE-2023-00189,20230817,12,1,95.92,38.82,42.0,,,0,0,0,0,0,,0,0
6100,PEARCH,CALFIRE-2023-00190,20230817,12,1,12152.45,4917.93,69.0,,,0,0,0,0,0,,0,0
6101,R-1 SPENCER BASIN,CALFIRE-2023-00191,20230817,18,1,27.64,11.19,1.0,,,0,0,0,0,0,,0,0
6102,DEN,CALFIRE-2023-00192,20230818,47,1,294.85,119.32,6.0,,,0,0,0,0,0,,0,0
6103,TOPAZ,CALFIRE-2023-00193,20230818,40,11,5.66,2.29,0.0,,,0,0,0,0,0,,0,0
6104,BLACKWELL,CALFIRE-2023-00194,20230819,15,1,34.65,14.02,0.0,,,0,0,0,0,0,,0,0
6105,IRON,CALFIRE-2023-00195,20230819,12,1,20.02,8.1,14.0,,,0,0,0,0,0,,0,0
6106,PLANT,CALFIRE-2023-00196,20230819,42,11,5761.52,2331.61,12.0,,,0,0,0,0,0,,0,0
6107,HANCOCK,CALFIRE-2023-00197,20230821,12,1,1728.14,699.35,35.0,,,0,0,0,0,0,,0,0
6108,HOMESTEAD,CALFIRE-2023-00198,20230823,33,14,8.13,3.29,1.0,,,0,0,0,0,0,,0,0
6109,BRIDGE RIDGE,CALFIRE-2023-00199,20230825,59,1,16.54,6.69,55.0,,,0,0,0,0,0,,0,0
6110,CREEK,CALFIRE-2023-00200,20230826,12,14,8.37,3.39,,,,0,0,0,0,0,,0,0
6111,SPRING,CALFIRE-2023-00201,20230826,25,14,12.35,5.0,0.0,,,0,0,0,0,0,,0,0
6112,WINEMAN,CALFIRE-2023-00202,20230826,40,7,1.68,0.68,0.0,,,0,0,0,0,0,,0,0
6113,CREST,CALFIRE-2023-00203,20230827,40,5,2.42,0.98,0.0,,,0,0,0,0,0,,0,0
6114,SEMI,CALFIRE-2023-00204,20230827,15,10,4.02,1.63,0.0,,,0,0,0,0,0,,0,0
6115,CARAWAY,CALFIRE-2023-00205,20230828,45,1,11.84,4.79,3.0,,,0,0,0,0,0,,0,0
6116,DEN,CALFIRE-2023-00206,20230828,15,14,33.32,13.48,0.0,,,0,0,0,0,0,,0,0
6117,HAZEL,CALFIRE-2023-00207,20230829,23,15,0.46,0.19,0.0,,,0,0,0,0,0,,0,0
6118,VEGA,CALFIRE-2023-00208,20230830,27,7,1.98,0.8,0.0,,,0,0,0,0,0,,0,0
6119,SHORES,CALFIRE-2023-00209,20230901,40,2,14.84,6.0,0.0,,,0,0,0,0,0,,0,0
6120,POWER,CALFIRE-2023-00210,20230907,10,9,60.44,24.46,0.0,,,0,0,0,0,0,,0,0
6121,QUARRY,CALFIRE-2023-00211,20230909,35,14,8645.43,3498.68,60.0,36.891,-121.64058,3,0,0,0,0,,0,0
6122,ROLLING,CALFIRE-2023-00212,20230909,15,14,7.91,3.2,0.0,,,0,0,0,0,0,,0,0
6123,TULE,CALFIRE-2023-00213,20230909,15,14,7.31,2.96,1.0,,,0,0,0,0,0,,0,0
6124,GENESEO,CALFIRE-2023-00214,20230910,40,14,1.7,0.69,0.0,,,0,0,0,0,0,,0,0
6125,KNOLL,CALFIRE-2023-00215,20230910,59,14,34.18,13.83,0.0,,,0,0,0,0,0,,0,0
6126,TOWNSITE,CALFIRE-2023-00216,20230910,40,10,8.69,3.52,0.0,,,0,0,0,0,0,,0,0
6127,PEAK,CALFIRE-2023-00217,20230911,59,14,836.85,338.66,66.0,,,0,0,0,0,0,,0,0
6128,MOSS,CALFIRE-2023-00218,20230913,40,2,1.9,0.77,0.0,,,0,0,0,0,0,,0,0
6129,WOLF CREEK,CALFIRE-2023-00219,20230913,59,14,32.59,13.19,7.0,,,0,0,0,0,0,,0,0
6130,RUBY,CALFIRE-2023-00220,20230914,45,2,2.58,1.04,0.0,40.6931,-122.40506,2,4,0,0,0,,0,0
6131,ROAD,CALFIRE-2023-00221,20230915,42,14,12.56,5.08,0.0,,,0,0,0,0,0,,0,0
6132,CALIENTE,CALFIRE-2023-00222,20230916,15,14,55.03,22.27,1.0,,,0,0,0,0,0,,0,0
6133,CANA,CALFIRE-2023-00223,20230916,4,11,19.29,7.81,0.0,,,0,0,0,0,0,,0,0
6134,RANGE,CALFIRE-2023-00224,20230916,40,5,16.14,6.53,0.0,,,0,0,0,0,0,,0,0
6135,RIM,CALFIRE-2023-00225,20230919,25,14,20.04,8.11,4.0,,,0,0,0,0,0,,0,0
6136,FLAT,CALFIRE-2023-00226,20230921,15,14,10.38,4.2,0.0,,,0,0,0,0,0,,0,0
6137,POSO,CALFIRE-2023-00227,20230922,15,14,5.0,2.02,0.0,,,0,0,0,0,0,,0,0
6138,TOWER,CALFIRE-2023-00228,20230922,15,14,5.18,2.09,0.0,,,0,0,0,0,0,,0,0
6139,MAJORS,CALFIRE-2023-00229,20230925,59,14,12.75,5.16,0.0,,,0,0,0,0,0,,0,0
6140,BEAR,CALFIRE-2023-00230,20230926,40,4,0.31,0.12,0.0,,,0,0,0,0,0,,0,0
6141,BLUE BARN,CALFIRE-2023-00231,20230926,15,14,7.97,3.23,1.0,,,0,0,0,0,0,,0,0
6142,MEADOW,CALFIRE-2023-00232,20230926,15,14,22.09,8.94,1.0,,,0,0,0,0,0,,0,0
6143,CORNER,CALFIRE-2023-00233,20230927,15,14,6.43,2.6,0.0,,,0,0,0,0,0,,0,0
6144,ROCK,CALFIRE-2023-00234,20230927,15,14,13.72,5.55,0.0,,,0,0,0,0,0,,0,0
6145,RABBIT,CALFIRE-2023-00235,20230930,15,14,2857.99,1156.59,30.0,,,0,0,0,0,0,,0,0
6146,GRADE,CALFIRE-2023-00236,20231006,42,10,95.67,38.71,1.0,,,0,0,0,0,0,,0,0
6147,GREEN,CALFIRE-2023-00237,20231006,40,11,251.76,101.88,35.0,,,0,0,0,0,0,,0,0
6148,SKY,CALFIRE-2023-00238,20231006,15,14,4.44,1.8,0.0,,,0,0,0,0,0,,0,0
6149,BORDER 30,CALFIRE-2023-00239,20231007,37,14,10.51,4.25,0.0,,,0,0,0,0,0,,0,0
6150,FRONT,CALFIRE-2023-00240,20231007,15,14,7.26,2.94,0.0,,,0,0,0,0,0,,0,0
6151,LIERLY,CALFIRE-2023-00241,20231007,15,14,3.03,1.23,0.0,,,0,0,0,0,0,,0,0
6152,AVENALES,CALFIRE-2023-00242,20231012,42,14,259.89,105.17,2.0,,,0,0,0,0,0,,0,0
6153,KING,CALFIRE-2023-00243,20231014,20,9,118.55,47.97,2.0,37.21276,-119.36553,0,0,0,0,0,,0,0
6154,MISTY,CALFIRE-2023-00244,20231014,9,2,11.7,4.73,0.0,,,0,0,0,0,0,,0,0
6155,SYCAMORE,CALFIRE-2023-00245,20231016,59,2,23.93,9.68,4.0,,,0,0,0,0,0,,0,0
6156,ANNETTE,CALFIRE-2023-00246,20231018,15,14,5.23,2.12,0.0,,,0,0,0,0,0,,0,0
6157,HOLLOW,CALFIRE-2023-00247,20231018,15,14,13.33,5.39,0.0,,,0,0,0,0,0,,0,0
6158,AIRPORT,CALFIRE-2023-00248,20231020,23,10,0.14,0.06,0.0,,,0,0,0,0,0,,0,0
6159,HILL,CALFIRE-2023-00249,20231021,40,10,6.25,2.53,0.0,,,0,0,0,0,0,,0,0
6160,HILL,CALFIRE-2023-00250,20231025,59,14,52.93,21.42,0.0,,,0,0,0,0,0,,0,0
6161,CREEK,CALFIRE-2023-00251,20231026,15,14,6.32,2.56,0.0,,,0,0,0,0,0,,0,0
6162,TRAM,CALFIRE-2023-00252,20231027,15,14,90.48,36.62,1.0,,,0,0,0,0,0,,0,0
6163,SHERWOOD,CALFIRE-2023-00253,20231028,15,14,8.5,3.44,0.0,,,0,0,0,0,0,,0,0
6164,BORDER 34,CALFIRE-2023-00254,20231029,37,14,23.67,9.58,1.0,,,0,0,0,0,0,,0,0
6165,BRONZE,CALFIRE-2023-00255,20231029,15,14,5.49,2.22,0.0,,,0,0,0,0,0,,0,0
6166,CROCKER,CALFIRE-2023-00256,20231029,15,14,8.2,3.32,0.0,,,0,0,0,0,0,,0,0
6167,DIABLO,CALFIRE-2023-00257,20231030,40,2,25.73,10.41,0.0,,,0,0,0,0,0,,0,0
6168,KERN,CALFIRE-2023-00258,20231102,15,14,16.76,6.78,0.0,,,0,0,0,0,0,,0,0
6169,PLYMOUTH,CALFIRE-2023-00259,20231102,9,5,11.1,4.49,0.0,,,0,0,0,0,0,,0,0
6170,LINE,CALFIRE-2023-00260,20231108,15,14,86.28,34.91,0.0,,,0,0,0,0,0,,0,0
6171,SUN,CALFIRE-2023-00261,20231109,42,2,211.19,85.47,4.0,,,0,0,0,0,0,,0,0
6172,FIELD,CALFIRE-2023-00262,20231110,15,14,15.04,6.09,0.0,,,0,0,0,0,0,,0,0
6173,SUMMIT,CALFIRE-2023-00263,20231110,40,14,6.74,2.73,1.0,,,0,0,0,0,0,,0,0
6174,BRIDGE,CALFIRE-2023-00264,20231112,40,4,1.52,0.61,0.0,,,0,0,0,0,0,,0,0
6175,MIDWAY,CALFIRE-2023-00265,20231112,59,14,63.7,25.78,2.0,,,0,0,0,0,0,,0,0
6176,WALL,CALFIRE-2023-00266,20231112,4,7,11.12,4.5,0.0,,,0,0,0,0,0,,0,0
6177,ALMOND,CALFIRE-2023-00267,20231113,40,2,31.01,12.55,0.0,,,0,0,0,0,0,,0,0
6178,VALLEY,CALFIRE-2023-00268,20231120,40,2,9.53,3.86,0.0,,,0,0,0,0,0,,0,0
6179,FANO 2,CALFIRE-2023-00269,20231121,15,14,3.43,1.39,0.0,,,0,0,0,0,0,,0,0
6180,SAGE,CALFIRE-2023-00270,20231123,59,14,39.37,15.93,5.0,,,0,0,0,0,0,,0,0
6181,TULE 2,CALFIRE-2023-00271,20231203,15,14,3.12,1.26,0.0,,,0,0,0,0,0,,0,0
6182,RANCHO,CALFIRE-2023-00272,20231204,52,14,2.26,0.92,0.0,40.01129,-122.44641,0,2,0,0,0,,0,0
6183,BORDER 38,CALFIRE-2023-00273,20231205,15,14,12.77,5.17,0.0,,,0,0,0,0,0,,0,0
6184,SOUTH,CALFIRE-2023-00274,20231209,56,14,2715.4,1098.88,3.0,,,0,0,0,0,0,,0,0
6185,PINE,CALFIRE-2023-00275,20231215,15,14,169.97,68.79,1.0,,,0,0,0,0,0,,0,0
6186,58 CARRIZO,CALFIRE-2023-00276,20231216,40,10,13.34,5.4,0.0,,,0,0,0,0,0,,0,0
6187,FRANKLIN,CALFIRE-2023-00277,20231216,40,14,1.01,0.41,0.0,,,0,0,0,0,0,,0,0
6188,PANZA,CALFIRE-2023-00278,20231216,40,10,3.07,1.24,0.0,,,0,0,0,0,0,,0,0
6189,BORDER 42,CALFIRE-2023-00279,20231222,37,14,38.61,15.62,0.0,,,0,0,0,0,0,,0,0
6190,IRIS,CALFIRE-2024-00001,20240211,15,14,10.41,4.21,5.0,,,0,0,0,0,0,,0,0
6191,PALMAS,CALFIRE-2024-00002,20240220,15,18,239.12,96.77,5.0,,,0,0,0,0,0,,0,0
6192,CARTAGO,CALFIRE-2024-00003,20240404,14,11,101.34,41.01,5.0,36.31221,-118.0238,4,0,0,0,0,,0,0
6193,BURBANK,CALFIRE-2024-00004,20240412,15,14,62.28,25.2,0.0,,,0,0,0,0,0,,0,0
6194,GARDNER,CALFIRE-2024-00005,20240412,15,14,254.98,103.19,1.0,,,0,0,0,0,0,,0,0
6195,JAMES,CALFIRE-2024-00006,20240413,15,14,2.69,1.09,0.0,,,0,0,0,0,0,,0,0
6196,EDISON,CALFIRE-2024-00007,20240421,15,14,4.05,1.64,0.0,,,0,0,0,0,0,,0,0
6197,PENDOLA,CALFIRE-2024-00008,20240421,31,5,18.56,7.51,1.0,,,0,0,0,0,0,,0,0
6198,YORK,CALFIRE-2024-00009,20240421,10,11,256.36,103.75,75.0,,,0,0,0,0,0,,0,0
6199,HIGHWAY,CALFIRE-2024-00010,20240422,52,5,16.6,6.72,0.0,,,0,0,0,0,0,,0,0
6200,AVE 80,CALFIRE-2024-00011,20240427,15,14,272.99,110.48,1.0,,,0,0,0,0,0,,0,0
6201,POND,CALFIRE-2024-00012,20240427,15,14,133.39,53.98,150.0,,,0,0,0,0,0,,0,0
6202,CREEK,CALFIRE-2024-00013,20240428,23,2,0.08,0.03,0.0,,,0,0,0,0,0,,0,0
6203,SNAKE,CALFIRE-2024-00014,20240428,15,14,17.7,7.16,1.0,,,0,0,0,0,0,,0,0
6204,HAMILTON,CALFIRE-2024-00015,20240501,15,14,5.84,2.36,1.0,,,0,0,0,0,0,,0,0
6205,ELK,CALFIRE-2024-00016,20240502,59,14,15.85,6.41,0.0,,,0,0,0,0,0,,0,0
6206,SCHOOL,CALFIRE-2024-00017,20240502,15,14,1489.87,602.93,112.0,,,0,0,0,0,0,,0,0
6207,CANYON,CALFIRE-2024-00018,20240504,15,14,8.11,3.28,0.0,37.97536,-120.22216,0,0,0,0,0,,0,0
6208,BURRO,CALFIRE-2024-00019,20240505,15,9,1.16,0.47,1.0,,,0,0,0,0,0,,0,0
6209,DAWN,CALFIRE-2024-00020,20240505,15,14,12.17,4.93,0.0,,,0,0,0,0,0,,0,0
6210,TRAM,CALFIRE-2024-00021,20240505,15,14,14.17,5.73,0.0,,,0,0,0,0,0,,0,0
6211,LAKE,CALFIRE-2024-00022,20240506,15,14,3.94,1.59,0.0,,,0,0,0,0,0,,0,0
6212,RIO,CALFIRE-2024-00023,20240506,15,14,9.24,3.74,0.0,,,0,0,0,0,0,,0,0
6213,MELCHER,CALFIRE-2024-00024,20240507,15,14,22.14,8.96,76.0,,,0,0,0,0,0,,0,0
6214,FORTY-SIX,CALFIRE-2024-00025,20240508,15,14,3.31,1.34,0.0,,,0,0,0,0,0,,0,0
6215,RIVER,CALFIRE-2024-00026,20240508,15,14,9.75,3.95,1.0,,,0,0,0,0,0,,0,0
6216,CHESTER,CALFIRE-2024-00027,20240509,15,14,9.12,3.69,0.0,,,0,0,0,0,0,,0,0
6217,LAVAL 2,CALFIRE-2024-00028,20240509,15,14,45.57,18.44,0.0,,,0,0,0,0,0,,0,0
6218,TANK,CALFIRE-2024-00029,20240509,15,14,8.43,3.41,0.0,,,0,0,0,0,0,,0,0
6219,TULE,CALFIRE-2024-00030,20240509,15,14,9.95,4.03,0.0,,,0,0,0,0,0,,0,0
6220,SHERWOOD,CALFIRE-2024-00031,20240510,15,14,352.23,142.54,1.0,,,0,0,0,0,0,,0,0
6221,BORDER 44,CALFIRE-2024-00032,20240511,37,7,17.85,7.23,2.0,,,0,0,0,0,0,,0,0
6222,CANYON 2,CALFIRE-2024-00033,20240511,15,14,15.12,6.12,1.0,,,0,0,0,0,0,,0,0
6223,DOM,CALFIRE-2024-00034,20240511,10,10,24.31,9.84,0.0,,,0,0,0,0,0,,0,0
6224,MORNING,CALFIRE-2024-00035,20240511,15,14,33.76,13.66,1.0,,,0,0,0,0,0,,0,0
6225,PANAMA,CALFIRE-2024-00036,20240511,15,14,78.09,31.6,0.0,,,0,0,0,0,0,,0,0
6226,PINK,CALFIRE-2024-00037,20240511,15,9,5.73,2.32,0.0,,,0,0,0,0,0,,0,0
6227,RED,CALFIRE-2024-00038,20240511,15,9,141.74,57.36,1.0,,,0,0,0,0,0,,0,0
6228,VOLCANOVILLE,CALFIRE-2024-00039,20240511,59,14,5.83,2.36,1.0,,,0,0,0,0,0,,0,0
6229,NEURALIA,CALFIRE-2024-00040,20240512,15,14,12.52,5.07,0.0,,,0,0,0,0,0,,0,0
6230,LOVE 2,CALFIRE-2024-00041,20240513,37,9,17.89,7.24,0.0,,,0,0,0,0,0,,0,0
6231,ROCK PILE,CALFIRE-2024-00042,20240514,15,14,42.59,17.24,1.0,,,0,0,0,0,0,,0,0
6232,SPRINGS,CALFIRE-2024-00043,20240514,15,14,4.78,1.94,0.0,,,0,0,0,0,0,,0,0
6233,BITTER,CALFIRE-2024-00044,20240515,15,14,28.4,11.49,0.0,,,0,0,0,0,0,,0,0
6234,COW,CALFIRE-2024-00045,20240515,15,14,370.88,150.09,3.0,,,0,0,0,0,0,,0,0
6235,IDRIA,CALFIRE-2024-00046,20240515,27,5,29.11,11.78,0.0,,,0,0,0,0,0,,0,0
6236,RANCH,CALFIRE-2024-00047,20240515,4,7,8.49,3.44,2.0,,,0,0,0,0,0,,0,0
6237,HESS,CALFIRE-2024-00048,20240516,15,10,10.15,4.11,0.0,,,0,0,0,0,0,,0,0
6238,SARDIS,CALFIRE-2024-00049,20240516,59,14,10.83,4.38,0.0,,,0,0,0,0,0,,0,0
6239,SNAKE 2,CALFIRE-2024-00050,20240516,15,9,33.08,13.39,0.0,,,0,0,0,0,0,,0,0
6240,LOST 2,CALFIRE-2024-00051,20240517,15,14,22.82,9.24,0.0,,,0,0,0,0,0,,0,0
6241,PANAMA 2,CALFIRE-2024-00052,20240517,15,14,9.29,3.76,0.0,,,0,0,0,0,0,,0,0
6242,PETROL,CALFIRE-2024-00053,20240517,10,11,157.66,63.8,1.0,,,0,0,0,0,0,,0,0
6243,BAILEY,CALFIRE-2024-00054,20240518,37,7,0.22,0.09,0.0,,,0,0,0,0,0,,0,0
6244,RIG,CALFIRE-2024-00055,20240518,59,14,5.08,2.05,1.0,,,0,0,0,0,0,,0,0
6245,TOWER,CALFIRE-2024-00056,20240518,15,11,15.25,6.17,0.0,,,0,0,0,0,0,,0,0
6246,WOODY,CALFIRE-2024-00057,20240518,15,14,6.46,2.61,0.0,,,0,0,0,0,0,,0,0
6247,FAMOSO,CALFIRE-2024-00058,20240519,15,14,65.44,26.48,1.0,,,0,0,0,0,0,,0,0
6248,JAWBONE,CALFIRE-2024-00059,20240519,15,14,1.26,0.51,0.0,,,0,0,0,0,0,,0,0
6249,ROWLEE,CALFIRE-2024-00060,20240519,15,14,215.42,87.18,1.0,,,0,0,0,0,0,,0,0
6250,FRONT,CALFIRE-2024-00061,20240520,15,14,19.33,7.82,40.0,,,0,0,0,0,0,,0,0
6251,HALL,CALFIRE-2024-00062,20240520,52,7,14.52,5.88,55.0,,,0,0,0,0,0,,0,0
6252,WIND,CALFIRE-2024-00063,20240520,15,14,119.02,48.17,1.0,,,0,0,0,0,0,,0,0
6253,CYMRIC,CALFIRE-2024-00064,20240521,15,14,4.82,1.95,0.0,,,0,0,0,0,0,,0,0
6254,EDMONDS,CALFIRE-2024-00065,20240521,15,14,31.22,12.64,0.0,,,0,0,0,0,0,,0,0
6255,ELK,CALFIRE-2024-00066,20240521,52,2,19.13,7.74,0.0,,,0,0,0,0,0,,0,0
6256,VALLEY,CALFIRE-2024-00067,20240521,25,9,536.61,217.16,8.0,,,0,0,0,0,0,,0,0
6257,GENERAL,CALFIRE-2024-00068,20240522,15,14,5.37,2.17,0.0,,,0,0,0,0,0,,0,0
6258,SCHUSTER,CALFIRE-2024-00069,20240522,15,14,6.16,2.49,1.0,,,0,0,0,0,0,,0,0
6259,SEVEN,CALFIRE-2024-00070,20240523,4,5,10.8,4.37,0.0,,,0,0,0,0,0,,0,0
6260,BAY,CALFIRE-2024-00071,20240524,15,11,32.85,13.29,0.0,,,0,0,0,0,0,,0,0
6261,RIVER 2,CALFIRE-2024-00072,20240524,15,14,3.29,1.33,1.0,,,0,0,0,0,0,,0,0
6262,HOLIDAY,CALFIRE-2024-00073,20240525,15,14,428.49,173.4,1.0,,,0,0,0,0,0,,0,0
6263,PANAMA 3,CALFIRE-2024-00074,20240525,15,14,18.62,7.53,0.0,,,0,0,0,0,0,,0,0
6264,PANOCHE,CALFIRE-2024-00075,20240525,27,4,191.37,77.45,3.0,,,0,0,0,0,0,,0,0
6265,SHERWOOD 2,CALFIRE-2024-00076,20240525,15,14,163.13,66.01,1.0,,,0,0,0,0,0,,0,0
6266,SHIRLEON,CALFIRE-2024-00077,20240525,15,9,33.51,13.56,0.0,,,0,0,0,0,0,,0,0
6267,BENA 3,CALFIRE-2024-00078,20240526,15,14,7.37,2.98,0.0,,,0,0,0,0,0,,0,0
6268,BORDER 51,CALFIRE-2024-00079,20240526,37,5,6.61,2.67,0.0,,,0,0,0,0,0,,0,0
6269,ROSE,CALFIRE-2024-00080,20240527,15,14,6.24,2.52,0.0,,,0,0,0,0,0,,0,0
6270,WEST,CALFIRE-2024-00081,20240527,42,10,36.68,14.85,0.0,,,0,0,0,0,0,,0,0
6271,HAUL,CALFIRE-2024-00082,20240528,15,14,3.11,1.26,0.0,,,0,0,0,0,0,,0,0
6272,HILL,CALFIRE-2024-00083,20240528,42,2,1383.06,559.7,3.0,40.78896,-123.67796,0,0,0,0,0,,0,0
6273,JORDAN,CALFIRE-2024-00084,20240528,40,9,1.36,0.55,0.0,,,0,0,0,0,0,,0,0
6274,MOCAL,CALFIRE-2024-00085,20240528,15,14,116.14,47.0,2.0,,,0,0,0,0,0,,0,0
6275,PEPPER,CALFIRE-2024-00086,20240528,10,9,28.02,11.34,2.0,,,0,0,0,0,0,,0,0
6276,TULE 2,CALFIRE-2024-00087,20240528,15,14,52.22,21.13,0.0,,,0,0,0,0,0,,0,0
6277,MATEO,CALFIRE-2024-00088,20240529,10,10,750.89,303.87,2.0,,,0,0,0,0,0,,0,0
6278,SHIRLEON 2,CALFIRE-2024-00089,20240529,15,14,5.89,2.38,0.0,,,0,0,0,0,0,,0,0
6279,SWR MCINTOSH SOUTH,CALFIRE-2024-00090,20240529,59,14,1.34,0.54,0.0,,,0,0,0,0,0,,0,0
6280,CANAL,CALFIRE-2024-00091,20240530,22,2,899.7,364.09,1.0,,,0,0,0,0,0,,0,0
6281,CROCKER,CALFIRE-2024-00092,20240530,15,11,17.28,6.99,0.0,,,0,0,0,0,0,,0,0
6282,FIREBAUGH,CALFIRE-2024-00093,20240530,22,7,1267.99,513.14,0.0,,,0,0,0,0,0,,0,0
6283,GREAT 3,CALFIRE-2024-00094,20240530,37,2,186.74,75.57,1.0,,,0,0,0,0,0,,0,0
6284,PANEL,CALFIRE-2024-00095,20240530,15,14,56.98,23.06,0.0,,,0,0,0,0,0,,0,0
6285,RRU/HOWARD,CALFIRE-2024-00096,20240530,36,15,30.44,12.32,0.0,,,0,0,0,0,0,,0,0
6286,46,CALFIRE-2024-00097,20240531,15,14,5.26,2.13,0.0,,,0,0,0,0,0,,0,0
6287,BEAR,CALFIRE-2024-00098,20240531,15,14,7.12,2.88,0.0,,,0,0,0,0,0,,0,0
6288,LAKE 2,CALFIRE-2024-00099,20240531,15,14,179.67,72.71,0.0,,,0,0,0,0,0,,0,0
6289,PEPPER,CALFIRE-2024-00100,20240531,15,14,3.28,1.33,0.0,,,0,0,0,0,0,,0,0
6290,RED,CALFIRE-2024-00101,20240531,59,14,97.8,39.58,3.0,,,0,0,0,0,0,,0,0
6291,WINDMILL,CALFIRE-2024-00102,20240531,15,14,9.28,3.75,0.0,,,0,0,0,0,0,,0,0
6292,BORDER 53,CALFIRE-2024-00103,20240601,37,14,403.24,163.19,2.0,,,0,0,0,0,0,,0,0
6293,CORRAL,CALFIRE-2024-00104,20240601,39,14,14166.77,5733.09,5.0,37.63536,-121.40648,2,2,0,0,0,,0,0
6294,HILL,CALFIRE-2024-00105,20240601,15,3,40.77,16.5,0.0,40.78896,-123.67796,0,0,0,0,0,,0,0
6295,HORSE,CALFIRE-2024-00106,20240601,15,9,3.18,1.29,0.0,,,0,0,0,0,0,,0,0
6296,LOST,CALFIRE-2024-00107,20240601,15,14,52.75,21.35,50.0,,,0,0,0,0,0,,0,0
6297,RANCH,CALFIRE-2024-00108,20240601,15,14,616.93,249.66,1.0,,,0,0,0,0,0,,0,0
6298,MORNING 3,CALFIRE-2024-00109,20240603,15,14,58.64,23.73,1.0,,,0,0,0,0,0,,0,0
6299,PATTERSON,CALFIRE-2024-00110,20240603,43,14,95.85,38.79,0.0,,,0,0,0,0,0,,0,0
6300,WASCO POND,CALFIRE-2024-00111,20240603,15,14,6.07,2.46,0.0,,,0,0,0,0,0,,0,0
6301,WEST,CALFIRE-2024-00112,20240603,15,14,1575.73,637.68,3.0,,,0,0,0,0,0,,0,0
6302,SORREL,CALFIRE-2024-00113,20240604,15,14,39.97,16.18,0.0,,,0,0,0,0,0,,0,0
6303,BITTERWATER,CALFIRE-2024-00114,20240605,40,2,331.2,134.03,0.0,,,0,0,0,0,0,,0,0
6304,ROAD,CALFIRE-2024-00115,20240605,15,14,1074.77,434.94,0.0,,,0,0,0,0,0,,0,0
6305,155,CALFIRE-2024-00116,20240606,15,14,55.41,22.42,3.0,,,0,0,0,0,0,,0,0
6306,DEVIL,CALFIRE-2024-00117,20240606,10,2,208.75,84.48,0.0,,,0,0,0,0,0,,0,0
6307,GASKELL 2,CALFIRE-2024-00118,20240606,15,14,392.98,159.03,1.0,,,0,0,0,0,0,,0,0
6308,LITTLE,CALFIRE-2024-00119,20240606,10,14,47.34,19.16,27.0,,,0,0,0,0,0,,0,0
6309,LOST 3,CALFIRE-2024-00120,20240606,15,14,3283.2,1328.67,1.0,,,0,0,0,0,0,,0,0
6310,SPRINGS,CALFIRE-2024-00121,20240606,15,14,3.23,1.31,0.0,,,0,0,0,0,0,,0,0
6311,GARLOCK,CALFIRE-2024-00122,20240607,10,2,48.95,19.81,2.0,,,0,0,0,0,0,,0,0
6312,MORNING 4,CALFIRE-2024-00123,20240607,15,14,14.8,5.99,0.0,,,0,0,0,0,0,,0,0
6313,PAN,CALFIRE-2024-00124,20240607,10,1,33.29,13.47,0.0,,,0,0,0,0,0,,0,0
6314,CODY,CALFIRE-2024-00125,20240608,15,14,890.58,360.4,1.0,,,0,0,0,0,0,,0,0
6315,ELK 3,CALFIRE-2024-00126,20240608,15,14,4.26,1.72,0.0,,,0,0,0,0,0,,0,0
6316,HONOLULU,CALFIRE-2024-00127,20240608,15,14,10.6,4.29,0.0,,,0,0,0,0,0,,0,0
6317,SPRINGS,CALFIRE-2024-00128,20240608,47,1,11.8,4.77,4.0,,,0,0,0,0,0,,0,0
6318,CREEK,CALFIRE-2024-00129,20240609,15,14,47.47,19.21,3.0,,,0,0,0,0,0,,0,0
6319,STATION,CALFIRE-2024-00130,20240609,15,14,5.35,2.16,0.0,,,0,0,0,0,0,,0,0
6320,BERKSHIRE,CALFIRE-2024-00131,20240610,15,14,27.84,11.27,0.0,,,0,0,0,0,0,,0,0
6321,COD,CALFIRE-2024-00132,20240610,47,2,27.88,11.28,0.0,,,0,0,0,0,0,,0,0
6322,DELFERN,CALFIRE-2024-00133,20240610,15,14,4.03,1.63,0.0,,,0,0,0,0,0,,0,0
6323,KARCHNER,CALFIRE-2024-00134,20240610,58,11,9.08,3.67,0.0,,,0,0,0,0,0,,0,0
6324,RAWSON,CALFIRE-2024-00135,20240610,52,2,25.64,10.38,0.0,,,0,0,0,0,0,,0,0
6325,SPENCEVILLE,CALFIRE-2024-00136,20240610,58,9,22.32,9.03,0.0,,,0,0,0,0,0,,0,0
6326,TWISSLEMAN,CALFIRE-2024-00137,20240610,15,14,5.12,2.07,0.0,,,0,0,0,0,0,,0,0
6327,CARMEN,CALFIRE-2024-00138,20240611,33,7,64.26,26.01,0.0,,,0,0,0,0,0,,0,0
6328,GRANITE,CALFIRE-2024-00139,20240611,15,14,5.15,2.08,0.0,,,0,0,0,0,0,,0,0
6329,JAMES 2,CALFIRE-2024-00140,20240611,15,14,141.15,57.12,1.0,,,0,0,0,0,0,,0,0
6330,JELLYS,CALFIRE-2024-00141,20240611,52,9,18.42,7.45,0.0,,,0,0,0,0,0,,0,0
6331,OIL,CALFIRE-2024-00142,20240611,15,14,73.68,29.82,1.0,,,0,0,0,0,0,,0,0
6332,STODDARD 3,CALFIRE-2024-00143,20240611,15,14,472.79,191.33,3.0,,,0,0,0,0,0,,0,0
6333,BEAR,CALFIRE-2024-00144,20240612,40,11,1403.64,568.03,2.0,,,0,0,0,0,0,,0,0
6334,CUMMINGS,CALFIRE-2024-00145,20240612,15,2,3.39,1.37,1.0,,,0,0,0,0,0,,0,0
6335,GRANT,CALFIRE-2024-00146,20240612,9,10,120.04,48.58,0.0,,,0,0,0,0,0,,0,0
6336,GASKELL 3,CALFIRE-2024-00147,20240613,15,14,13.13,5.31,0.0,,,0,0,0,0,0,,0,0
6337,WOOLLOMES,CALFIRE-2024-00148,20240613,15,14,4.86,1.97,0.0,,,0,0,0,0,0,,0,0
6338,FIVE 5,CALFIRE-2024-00149,20240614,15,14,197.06,79.75,1.0,,,0,0,0,0,0,,0,0
6339,HIGH,CALFIRE-2024-00150,20240614,15,14,16.17,6.54,1.0,,,0,0,0,0,0,,0,0
6340,HWY,CALFIRE-2024-00151,20240614,45,14,0.02,0.01,0.0,,,0,0,0,0,0,,0,0
6341,LOOP,CALFIRE-2024-00152,20240614,15,14,3.52,1.43,0.0,,,0,0,0,0,0,,0,0
6342,PANAMA 4,CALFIRE-2024-00153,20240614,15,14,15.92,6.44,1.0,,,0,0,0,0,0,,0,0
6343,TROPICO,CALFIRE-2024-00154,20240614,15,14,4.29,1.74,1.0,,,0,0,0,0,0,,0,0
6344,HERNANDEZ,CALFIRE-2024-00155,20240615,27,14,642.21,259.89,6.0,,,0,0,0,0,0,,0,0
6345,JUNES,CALFIRE-2024-00156,20240615,4,14,1060.48,429.16,3.0,39.36836,-121.51994,2,1,0,0,0,,0,0
6346,POST,CALFIRE-2024-00157,20240615,19,14,15563.13,6298.18,11.0,34.7222,-118.80992,3,6,0,0,0,,0,0
6347,QUINN,CALFIRE-2024-00158,20240615,15,14,69.36,28.07,0.0,,,0,0,0,0,0,,0,0
6348,SARDIS 2,CALFIRE-2024-00159,20240615,59,14,5.35,2.16,0.0,,,0,0,0,0,0,,0,0
6349,TRAVEL,CALFIRE-2024-00160,20240615,15,14,38.01,15.38,1.0,,,0,0,0,0,0,,0,0
6350,HESPERIA,CALFIRE-2024-00161,20240616,36,7,1130.46,457.48,3.0,,,0,0,0,0,0,,0,0
6351,HIDDEN,CALFIRE-2024-00162,20240616,45,2,44.98,18.2,2.0,,,0,0,0,0,0,,0,0
6352,INKOPAH 5,CALFIRE-2024-00163,20240616,15,14,32.37,13.1,0.0,,,0,0,0,0,0,,0,0
6353,LISA,CALFIRE-2024-00164,20240616,33,2,889.62,360.02,2.0,,,0,0,0,0,0,,0,0
6354,POINT,CALFIRE-2024-00165,20240616,49,9,1207.01,488.46,1.0,38.69144,-122.96638,10,4,0,0,0,,0,0
6355,QUARTZ,CALFIRE-2024-00166,20240616,9,2,15.76,6.38,0.0,,,0,0,0,0,0,,0,0
6356,AERO,CALFIRE-2024-00167,20240617,5,2,5284.86,2138.71,10.0,37.9822,-120.64178,3,1,0,0,0,,0,0
6357,BRANSCOMB,CALFIRE-2024-00168,20240617,23,2,1.71,0.69,4.0,,,0,0,0,0,0,,0,0
6358,COAST,CALFIRE-2024-00169,20240617,42,2,16.58,6.71,2.0,,,0,0,0,0,0,,0,0
6359,HABECKER,CALFIRE-2024-00170,20240617,15,14,9.4,3.8,0.0,,,0,0,0,0,0,,0,0
6360,SITES,CALFIRE-2024-00171,20240617,6,11,19132.36,7742.6,9.0,39.19037,-122.43545,0,0,0,0,0,,0,0
6361,TURKEY,CALFIRE-2024-00172,20240617,40,10,2.54,1.03,0.0,,,0,0,0,0,0,,0,0
6362,TUSCANY,CALFIRE-2024-00173,20240617,15,14,126.07,51.02,3.0,,,0,0,0,0,0,,0,0
6363,DAYTONA,CALFIRE-2024-00174,20240618,15,14,6.21,2.51,1.0,,,0,0,0,0,0,,0,0
6364,GRANITE 2,CALFIRE-2024-00175,20240618,15,14,10.53,4.26,0.0,,,0,0,0,0,0,,0,0
6365,DAYTONA 2,CALFIRE-2024-00176,20240619,15,14,124.17,50.25,1.0,,,0,0,0,0,0,,0,0
6366,JAMACHA,CALFIRE-2024-00177,20240619,59,11,1.0,0.4,0.0,,,0,0,0,0,0,,0,0
6367,KRN-24-26623,CALFIRE-2024-00178,20240619,15,14,4.21,1.7,0.0,,,0,0,0,0,0,,0,0
6368,LOOP 2,CALFIRE-2024-00179,20240619,15,14,4.33,1.75,2.0,,,0,0,0,0,0,,0,0
6369,ROSAMOND,CALFIRE-2024-00180,20240619,15,14,17.21,6.96,74.0,,,0,0,0,0,0,,0,0
6370,SKY,CALFIRE-2024-00181,20240619,15,14,526.37,213.01,1.0,,,0,0,0,0,0,,0,0
6371,DOUBLE,CALFIRE-2024-00182,20240620,58,14,11.46,4.64,0.0,,,0,0,0,0,0,,0,0
6372,NORMAN,CALFIRE-2024-00183,20240620,47,9,8.56,3.46,1.0,,,0,0,0,0,0,,0,0
6373,JOLON,CALFIRE-2024-00184,20240621,27,10,10.16,4.11,1.0,,,0,0,0,0,0,,0,0
6374,PFE,CALFIRE-2024-00185,20240621,58,7,8.4,3.4,0.0,,,0,0,0,0,0,,0,0
6375,WATER,CALFIRE-2024-00186,20240621,15,14,542.59,219.58,1.0,,,0,0,0,0,0,,0,0
6376,BORDER 58,CALFIRE-2024-00187,20240622,37,14,136.51,55.24,2.0,,,0,0,0,0,0,,0,0
6377,SHENANDOAH,CALFIRE-2024-00188,20240622,9,10,0.77,0.31,0.0,,,0,0,0,0,0,,0,0
6378,WATTS,CALFIRE-2024-00189,20240622,10,8,91.03,36.84,13.0,,,0,0,0,0,0,,0,0
6379,WILBUR,CALFIRE-2024-00190,20240622,59,14,1.97,0.8,0.0,,,0,0,0,0,0,,0,0
6380,WILLOW,CALFIRE-2024-00191,20240622,22,10,212.52,86.0,3.0,,,0,0,0,0,0,,0,0
6381,GATE,CALFIRE-2024-00192,20240623,42,2,12.37,5.01,0.0,,,0,0,0,0,0,,0,0
6382,10TH,CALFIRE-2024-00193,20240624,15,14,131.96,53.4,1.0,,,0,0,0,0,0,,0,0
6383,APACHE,CALFIRE-2024-00194,20240624,4,5,695.37,281.41,35.0,39.43021,-121.50141,17,6,0,0,0,,0,0
6384,FRESNO JUNE LIGHTNING,CALFIRE-2024-00195,20240624,10,1,10641.13,4306.32,10.0,,,0,0,0,0,0,,0,0
6385,GREENFIELD,CALFIRE-2024-00196,20240624,15,14,39.78,16.1,0.0,,,0,0,0,0,0,,0,0
6386,PEPPER 2,CALFIRE-2024-00197,20240624,15,14,3.61,1.46,0.0,,,0,0,0,0,0,,0,0
6387,WHITE,CALFIRE-2024-00198,20240624,22,1,39.02,15.79,2.0,34.98756,-118.51488,0,0,0,0,0,,0,0
6388,AMORUSO,CALFIRE-2024-00199,20240625,58,10,432.63,175.08,0.0,,,0,0,0,0,0,,0,0
6389,LAGUNA,CALFIRE-2024-00200,20240625,15,14,10.42,4.22,1.0,,,0,0,0,0,0,,0,0
6390,LAVENDER,CALFIRE-2024-00201,20240625,15,14,209.71,84.87,1.0,,,0,0,0,0,0,,0,0
6391,LOMA,CALFIRE-2024-00202,20240625,15,14,9.11,3.69,1.0,,,0,0,0,0,0,,0,0
6392,RESERVE,CALFIRE-2024-00203,20240625,15,14,3.45,1.4,0.0,,,0,0,0,0,0,,0,0
6393,SHEERING,CALFIRE-2024-00204,20240625,59,1,493.96,199.9,23.0,,,0,0,0,0,0,,0,0
6394,BASIN,CALFIRE-2024-00205,20240626,59,1,14020.15,5673.76,23.0,,,0,0,0,0,0,,0,0
6395,BORDER 59,CALFIRE-2024-00206,20240626,15,14,259.94,105.19,0.0,,,0,0,0,0,0,,0,0
6396,CLEAR,CALFIRE-2024-00207,20240626,25,14,909.14,367.92,3.0,,,0,0,0,0,0,,0,0
6397,PIZONA,CALFIRE-2024-00208,20240626,14,1,2160.58,874.36,9.0,,,0,0,0,0,0,,0,0
6398,ROUND,CALFIRE-2024-00209,20240626,15,14,93.49,37.83,0.0,,,0,0,0,0,0,,0,0
6399,BAR,CALFIRE-2024-00210,20240627,4,4,33.55,13.58,4.0,,,0,0,0,0,0,,0,0
6400,TAFT,CALFIRE-2024-00211,20240627,15,14,5.06,2.05,0.0,,,0,0,0,0,0,,0,0
6401,VETERANS,CALFIRE-2024-00212,20240627,45,10,85.31,34.52,3.0,,,0,0,0,0,0,,0,0
6402,FIVE,CALFIRE-2024-00213,20240628,15,14,17.32,7.01,17.0,,,0,0,0,0,0,,0,0
6403,FRAZIER,CALFIRE-2024-00214,20240628,10,2,10.83,4.38,0.0,,,0,0,0,0,0,,0,0
6404,LONOAK,CALFIRE-2024-00215,20240628,27,9,252.97,102.37,1.0,,,0,0,0,0,0,,0,0
6405,SENTINEL,CALFIRE-2024-00216,20240628,56,14,5.03,2.03,1.0,,,0,0,0,0,0,,0,0
6406,SPRING,CALFIRE-2024-00217,20240628,52,10,101.54,41.09,0.0,,,0,0,0,0,0,,0,0
6407,SUNRISE,CALFIRE-2024-00218,20240628,19,14,7.61,3.08,2.0,,,0,0,0,0,0,,0,0
6408,TRACTOR,CALFIRE-2024-00219,20240628,15,14,21.81,8.83,0.0,,,0,0,0,0,0,,0,0
6409,BAKER,CALFIRE-2024-00220,20240629,15,14,15.53,6.28,0.0,,,0,0,0,0,0,,0,0
6410,CREEK,CALFIRE-2024-00221,20240629,9,9,15.52,6.28,0.0,,,0,0,0,0,0,,0,0
6411,ROUND,CALFIRE-2024-00222,20240629,33,14,343.63,139.06,1.0,,,0,0,0,0,0,,0,0
6412,SUMMIT,CALFIRE-2024-00223,20240629,15,5,19.68,7.96,0.0,,,0,0,0,0,0,,0,0
6413,BRENTWOOD,CALFIRE-2024-00224,20240630,40,2,28.25,11.43,0.0,,,0,0,0,0,0,,0,0
6414,CANYON,CALFIRE-2024-00225,20240630,43,9,71.74,29.03,21.0,37.97536,-120.22216,0,0,0,0,0,,0,0
6415,CEMENT,CALFIRE-2024-00226,20240630,15,14,4.63,1.88,0.0,,,0,0,0,0,0,,0,0
6416,EL PASO,CALFIRE-2024-00227,20240630,15,14,472.03,191.02,2.0,,,0,0,0,0,0,,0,0
6417,KNOLLS,CALFIRE-2024-00228,20240630,56,14,0.69,0.28,0.0,,,0,0,0,0,0,,0,0
6418,RACEWAY,CALFIRE-2024-00229,20240630,15,14,15.78,6.39,0.0,,,0,0,0,0,0,,0,0
6419,ROLLING,CALFIRE-2024-00230,20240630,15,14,24.41,9.88,0.0,,,0,0,0,0,0,,0,0
6420,ALMOND,CALFIRE-2024-00231,20240701,15,14,30.18,12.22,1.0,,,0,0,0,0,0,,0,0
6421,BONITA,CALFIRE-2024-00232,20240701,59,8,4.09,1.65,2.0,,,0,0,0,0,0,,0,0
6422,KERN,CALFIRE-2024-00233,20240701,15,14,9.74,3.94,1.0,,,0,0,0,0,0,,0,0
6423,KITCHEN,CALFIRE-2024-00234,20240701,37,11,42.96,17.39,1.0,,,0,0,0,0,0,,0,0
6424,MCCAIN 4,CALFIRE-2024-00235,20240701,37,10,1596.66,646.14,5.0,,,0,0,0,0,0,,0,0
6425,PEAK,CALFIRE-2024-00236,20240701,43,7,0.38,0.15,0.0,,,0,0,0,0,0,,0,0
6426,STODDARD 4,CALFIRE-2024-00237,20240701,15,14,4.01,1.62,0.0,,,0,0,0,0,0,,0,0
6427,SUNRISE 2,CALFIRE-2024-00238,20240701,19,10,35.32,14.29,1.0,,,0,0,0,0,0,,0,0
6428,AIRLINE,CALFIRE-2024-00239,20240702,27,14,1295.25,524.17,3.0,,,0,0,0,0,0,,0,0
6429,BORDER 60,CALFIRE-2024-00240,20240702,37,14,22.57,9.14,1.0,,,0,0,0,0,0,,0,0
6430,BOWMAN,CALFIRE-2024-00241,20240702,15,14,13.6,5.5,0.0,,,0,0,0,0,0,,0,0
6431,MOCCASIN,CALFIRE-2024-00242,20240702,9,9,51.06,20.66,3.0,,,0,0,0,0,0,,0,0
6432,THOMPSON,CALFIRE-2024-00243,20240702,4,7,3782.47,1530.71,7.0,39.52425,-121.49596,26,8,0,0,0,,0,0
6433,TOLL,CALFIRE-2024-00244,20240702,17,2,40.68,16.46,0.0,,,0,0,0,0,0,,0,0
6434,YOLLA,CALFIRE-2024-00245,20240702,45,5,20.64,8.35,0.0,,,0,0,0,0,0,,0,0
6435,BERRY,CALFIRE-2024-00246,20240703,15,14,59.5,24.08,1.0,,,0,0,0,0,0,,0,0
6436,GRUBBS,CALFIRE-2024-00247,20240703,4,2,12.83,5.19,1.0,,,0,0,0,0,0,,0,0
6437,OLINDA,CALFIRE-2024-00248,20240703,45,10,92.35,37.37,1.0,40.43284,-122.414,1,1,0,0,0,,0,0
6438,OLIVE WEST,CALFIRE-2024-00249,20240703,15,14,1357.2,549.24,2.0,,,0,0,0,0,0,,0,0
6439,POWER,CALFIRE-2024-00250,20240703,15,14,76.63,31.01,2.0,,,0,0,0,0,0,,0,0
6440,SHARP,CALFIRE-2024-00251,20240703,56,14,132.89,53.78,2.0,,,0,0,0,0,0,,0,0
6441,SHELLY,CALFIRE-2024-00252,20240703,47,14,15519.74,6280.62,34.0,,,0,0,0,0,0,,0,0
6442,ATLANTIC,CALFIRE-2024-00253,20240704,15,14,15.81,6.4,1.0,,,0,0,0,0,0,,0,0
6443,BUTTON,CALFIRE-2024-00254,20240704,15,14,20.97,8.49,0.0,,,0,0,0,0,0,,0,0
6444,CANYON,CALFIRE-2024-00255,20240704,40,9,7.53,3.05,1.0,37.97536,-120.22216,0,0,0,0,0,,0,0
6445,DEER,CALFIRE-2024-00256,20240704,52,14,31.89,12.91,0.0,40.2033,-122.30013,2,0,0,0,0,,0,0
6446,DI GIORGIO,CALFIRE-2024-00257,20240704,15,14,55.66,22.53,0.0,,,0,0,0,0,0,,0,0
6447,EAGLE,CALFIRE-2024-00258,20240704,23,10,0.11,0.04,0.0,,,0,0,0,0,0,,0,0
6448,FRENCH,CALFIRE-2024-00259,20240704,22,2,908.04,367.47,9.0,37.49565,-119.97145,11,7,0,0,0,,0,0
6449,GRANDE,CALFIRE-2024-00260,20240704,43,7,322.65,130.57,0.0,,,0,0,0,0,0,,0,0
6450,HIGHWAY,CALFIRE-2024-00261,20240704,15,14,42.81,17.33,1.0,,,0,0,0,0,0,,0,0
6451,DERSCH,CALFIRE-2024-00262,20240705,45,10,60.22,24.37,3.0,,,0,0,0,0,0,,0,0
6452,HILLS,CALFIRE-2024-00263,20240705,33,14,70.25,28.43,0.0,,,0,0,0,0,0,,0,0
6453,LAKE,CALFIRE-2024-00264,20240705,42,14,38610.38,15625.08,30.0,,,0,0,0,0,0,,0,0
6454,LINCOLN,CALFIRE-2024-00265,20240705,15,14,0.32,0.13,0.0,,,0,0,0,0,0,,0,0
6455,RANCHO,CALFIRE-2024-00266,20240705,56,14,13.6,5.5,1.0,,,0,0,0,0,0,,0,0
6456,VESTAL,CALFIRE-2024-00267,20240705,52,11,19.34,7.83,0.0,40.22696,-122.52317,6,0,0,0,0,,0,0
6457,BLUE WATER,CALFIRE-2024-00268,20240706,59,8,215.1,87.05,9.0,,,0,0,0,0,0,,0,0
6458,CLEAR,CALFIRE-2024-00269,20240706,45,2,8.17,3.31,0.0,,,0,0,0,0,0,,0,0
6459,GRANITE,CALFIRE-2024-00270,20240706,22,7,51.05,20.66,1.0,,,0,0,0,0,0,,0,0
6460,HAY,CALFIRE-2024-00271,20240706,45,3,0.02,0.01,0.0,,,0,0,0,0,0,,0,0
6461,LUCERNE,CALFIRE-2024-00272,20240706,15,14,419.83,169.9,9.0,,,0,0,0,0,0,,0,0
6462,PAY,CALFIRE-2024-00273,20240706,9,11,61.64,24.94,4.0,38.72238,-120.76369,1,10,0,0,0,,0,0
6463,VIEW,CALFIRE-2024-00274,20240706,56,14,14.18,5.74,3.0,,,0,0,0,0,0,,0,0
6464,MESA,CALFIRE-2024-00275,20240707,15,2,0.31,0.13,0.0,,,0,0,0,0,0,,0,0
6465,MINA,CALFIRE-2024-00276,20240707,23,5,95.55,38.67,1.0,,,0,0,0,0,0,,0,0
6466,NORTH,CALFIRE-2024-00277,20240707,18,10,4379.46,1772.3,7.0,,,0,0,0,0,0,,0,0
6467,ROYAL,CALFIRE-2024-00278,20240707,31,14,211.27,85.5,16.0,,,0,0,0,0,0,,0,0
6468,SOUTH,CALFIRE-2024-00279,20240707,15,14,24.78,10.03,0.0,,,0,0,0,0,0,,0,0
6469,VISTA,CALFIRE-2024-00280,20240707,36,14,2935.85,1188.1,,,,0,0,0,0,0,,0,0
6470,BOGUS,CALFIRE-2024-00281,20240708,47,2,411.56,166.55,7.0,41.8832,-122.38507,4,1,0,0,0,,0,0
6471,CALIENTE,CALFIRE-2024-00282,20240708,15,14,53.36,21.59,1.0,,,0,0,0,0,0,,0,0
6472,BRECKENRIDGE,CALFIRE-2024-00283,20240709,15,14,276.52,111.9,1.0,,,0,0,0,0,0,,0,0
6473,COW 2,CALFIRE-2024-00284,20240709,59,14,512.27,207.31,18.0,,,0,0,0,0,0,,0,0
6474,MAIN,CALFIRE-2024-00285,20240709,15,14,7.41,3.0,3.0,,,0,0,0,0,0,,0,0
6475,REEDER,CALFIRE-2024-00286,20240709,15,14,0.73,0.29,1.0,,,0,0,0,0,0,,0,0
6476,SPRINGS,CALFIRE-2024-00287,20240709,23,9,2.91,1.18,4.0,,,0,0,0,0,0,,0,0
6477,RANCH,CALFIRE-2024-00288,20240710,59,14,19.75,7.99,0.0,,,0,0,0,0,0,,0,0
6478,CARRIZO 5,CALFIRE-2024-00289,20240711,15,14,9.52,3.85,0.0,,,0,0,0,0,0,,0,0
6479,RAILBRIDGE,CALFIRE-2024-00290,20240711,4,2,144.28,58.39,2.0,39.40738,-121.49091,9,0,0,0,0,,0,0
6480,WEST,CALFIRE-2024-00291,20240711,47,14,4.85,1.96,0.0,,,0,0,0,0,0,,0,0
6481,FREEDOM,CALFIRE-2024-00292,20240712,58,14,1.72,0.7,0.0,,,0,0,0,0,0,,0,0
6482,PAUBA,CALFIRE-2024-00293,20240712,33,14,101.47,41.06,2.0,,,0,0,0,0,0,,0,0
6483,PILOT,CALFIRE-2024-00294,20240712,15,14,217.47,88.01,1.0,,,0,0,0,0,0,,0,0
6484,GOLD,CALFIRE-2024-00295,20240713,15,14,27.21,11.01,0.0,,,0,0,0,0,0,,0,0
6485,HORSE 3-7,CALFIRE-2024-00296,20240713,18,1,41.53,16.81,9.0,,,0,0,0,0,0,,0,0
6486,HURRICANE,CALFIRE-2024-00297,20240713,59,14,13279.43,5374.0,4.0,,,0,0,0,0,0,,0,0
6487,PACKSADDLE,CALFIRE-2024-00298,20240713,15,1,46.64,18.87,7.0,,,0,0,0,0,0,,0,0
6488,RANCHO,CALFIRE-2024-00299,20240713,15,14,9637.18,3900.03,2.0,,,0,0,0,0,0,,0,0
6489,RIM 3-6,CALFIRE-2024-00300,20240713,18,1,1262.5,510.91,10.0,,,0,0,0,0,0,,0,0
6490,SODA,CALFIRE-2024-00301,20240713,59,1,161.03,65.17,2.0,,,0,0,0,0,0,,0,0
6491,TROUT,CALFIRE-2024-00302,20240713,15,1,23822.11,9640.47,55.0,,,0,0,0,0,0,,0,0
6492,WHITE,CALFIRE-2024-00303,20240713,15,14,5562.29,2250.98,13.0,34.98756,-118.51488,2,2,0,0,0,,0,0
6493,ACORN,CALFIRE-2024-00304,20240714,15,14,5.04,2.04,2.0,,,0,0,0,0,0,,0,0
6494,I5,CALFIRE-2024-00305,20240714,15,14,356.64,144.33,3.0,,,0,0,0,0,0,,0,0
6495,QUALITY,CALFIRE-2024-00306,20240714,36,9,51.0,20.64,3.0,,,0,0,0,0,0,,0,0
6496,SENTINEL,CALFIRE-2024-00307,20240714,59,14,260.66,105.49,117.0,,,0,0,0,0,0,,0,0
6497,18,CALFIRE-2024-00308,20240715,36,10,0.01,0.0,0.0,,,0,0,0,0,0,,0,0
6498,5,CALFIRE-2024-00309,20240715,15,14,347.29,140.54,1.0,,,0,0,0,0,0,,0,0
6499,DEWEY,CALFIRE-2024-00310,20240715,47,1,115.77,46.85,2.0,,,0,0,0,0,0,,0,0
6500,HALLS,CALFIRE-2024-00311,20240715,25,1,11.03,4.47,2.0,,,0,0,0,0,0,,0,0
6501,HOLLOWAY,CALFIRE-2024-00312,20240715,15,14,121.71,49.26,0.0,,,0,0,0,0,0,,0,0
6502,LONG,CALFIRE-2024-00313,20240715,59,1,9204.34,3724.87,64.0,,,0,0,0,0,0,,0,0
6503,LOST HILLS,CALFIRE-2024-00314,20240715,15,14,4044.12,1636.6,0.0,,,0,0,0,0,0,,0,0
6504,PARADISE,CALFIRE-2024-00315,20240715,47,14,101.78,41.19,0.0,,,0,0,0,0,0,,0,0
6505,POINT,CALFIRE-2024-00316,20240715,25,1,299.61,121.25,2.0,38.69144,-122.96638,0,0,0,0,0,,0,0
6506,ROCKY,CALFIRE-2024-00317,20240715,4,2,17.69,7.16,3.0,39.54843,-121.35194,1,1,0,0,0,,0,0
6507,WILLOW,CALFIRE-2024-00318,20240715,15,14,305.37,123.58,2.0,,,0,0,0,0,0,,0,0
6508,HAPPY,CALFIRE-2024-00319,20240716,15,1,12543.15,5076.04,122.0,,,0,0,0,0,0,,0,0
6509,HILL,CALFIRE-2024-00320,20240716,12,1,7224.25,2923.55,29.0,40.78896,-123.67796,1,0,0,0,0,,0,0
6510,SKYLINE,CALFIRE-2024-00321,20240716,15,14,26.22,10.61,99.0,,,0,0,0,0,0,,0,0
6511,KECKS,CALFIRE-2024-00322,20240717,15,14,5.88,2.38,0.0,,,0,0,0,0,0,,0,0
6512,PLANTATION,CALFIRE-2024-00323,20240717,25,1,31.24,12.64,1.0,,,0,0,0,0,0,,0,0
6513,SLOANE,CALFIRE-2024-00324,20240717,37,14,12.84,5.2,2.0,,,0,0,0,0,0,,0,0
6514,GRAPE,CALFIRE-2024-00325,20240718,15,14,19.12,7.74,1.0,,,0,0,0,0,0,,0,0
6515,KING,CALFIRE-2024-00326,20240718,15,14,3.54,1.43,1.0,,,0,0,0,0,0,,0,0
6516,ABBEY,CALFIRE-2024-00327,20240719,15,14,56.57,22.89,4.0,,,0,0,0,0,0,,0,0
6517,FORK,CALFIRE-2024-00328,20240719,19,14,298.12,120.65,16.0,,,0,0,0,0,0,,0,0
6518,LIBERTY,CALFIRE-2024-00329,20240719,39,10,104.14,42.14,0.0,38.23836,-121.08251,6,1,0,0,0,,0,0
6519,PEACH,CALFIRE-2024-00330,20240720,27,9,53.43,21.62,3.0,,,0,0,0,0,0,,0,0
6520,PEPPERWOOD,CALFIRE-2024-00331,20240720,23,1,14.03,5.68,3.0,,,0,0,0,0,0,,0,0
6521,RIDGE,CALFIRE-2024-00332,20240720,17,14,2755.28,1115.02,7.0,,,0,0,0,0,0,,0,0
6522,EAGLE,CALFIRE-2024-00333,20240721,33,14,1710.17,692.08,2.0,,,0,0,0,0,0,,0,0
6523,LOW,CALFIRE-2024-00334,20240721,15,14,6.17,2.5,1.0,,,0,0,0,0,0,,0,0
6524,R-2 HOMESTEAD,CALFIRE-2024-00335,20240721,18,1,1.65,0.67,0.0,,,0,0,0,0,0,,0,0
6525,GOLF,CALFIRE-2024-00336,20240722,15,14,11.69,4.73,0.0,,,0,0,0,0,0,,0,0
6526,GROVE,CALFIRE-2024-00337,20240722,15,14,66.57,26.94,72.0,,,0,0,0,0,0,,0,0
6527,MEADOW,CALFIRE-2024-00338,20240722,15,14,0.13,0.05,0.0,,,0,0,0,0,0,,0,0
6528,MILL,CALFIRE-2024-00339,20240722,32,1,2936.69,1188.44,14.0,,,0,0,0,0,0,,0,0
6529,PENCIL,CALFIRE-2024-00340,20240722,25,1,395.56,160.08,5.0,,,0,0,0,0,0,,0,0
6530,SMITH,CALFIRE-2024-00341,20240722,32,14,55.7,22.54,14.0,,,0,0,0,0,0,,0,0
6531,TAR,CALFIRE-2024-00342,20240722,10,2,31.95,12.93,2.0,,,0,0,0,0,0,,0,0
6532,BORDER 63,CALFIRE-2024-00343,20240723,37,5,9.97,4.03,0.0,,,0,0,0,0,0,,0,0
6533,CIRCLE,CALFIRE-2024-00344,20240723,20,2,45.8,18.53,1.0,37.15378,-119.66056,5,0,0,0,0,,0,0
6534,HARRY,CALFIRE-2024-00345,20240723,47,14,11.38,4.6,0.0,,,0,0,0,0,0,,0,0
6535,MARIA,CALFIRE-2024-00346,20240723,5,7,71.04,28.75,5.0,,,0,0,0,0,0,,0,0
6536,METZ,CALFIRE-2024-00347,20240723,27,2,1054.96,426.93,1.0,,,0,0,0,0,0,,0,0
6537,APACHE,CALFIRE-2024-00348,20240724,42,14,1496.34,605.55,12.0,39.43021,-121.50141,0,0,0,0,0,,0,0
6538,BOREL,CALFIRE-2024-00349,20240724,15,14,59288.54,23993.24,53.0,35.49105,-118.52226,223,29,0,0,0,,0,0
6539,BULLION,CALFIRE-2024-00350,20240724,22,5,49.61,20.07,1.0,37.5095,-120.04631,3,0,0,0,0,,0,0
6540,GROVE 2,CALFIRE-2024-00351,20240724,37,1,863.48,349.44,5.0,,,0,0,0,0,0,,0,0
6541,HORSE,CALFIRE-2024-00352,20240724,25,1,13.29,5.38,1.0,,,0,0,0,0,0,,0,0
6542,PARK,CALFIRE-2024-00353,20240724,4,7,429602.8,173854.24,45.0,39.93154,-121.73572,713,57,0,0,0,,0,0
6543,PENTZ,CALFIRE-2024-00354,20240724,4,11,176.42,71.39,1.0,,,0,0,0,0,0,,0,0
6544,R-6 RODEO,CALFIRE-2024-00355,20240724,18,1,21.51,8.71,2.0,,,0,0,0,0,0,,0,0
6545,STONEY,CALFIRE-2024-00356,20240724,40,2,5.19,2.1,0.0,,,0,0,0,0,0,,0,0
6546,FLYNN,CALFIRE-2024-00357,20240725,43,10,429.15,173.67,0.0,,,0,0,0,0,0,,0,0
6547,GRANGE,CALFIRE-2024-00358,20240725,23,10,84.78,34.31,0.0,,,0,0,0,0,0,,0,0
6548,GRANGE 2,CALFIRE-2024-00359,20240725,23,10,5.15,2.08,0.0,,,0,0,0,0,0,,0,0
6549,GRANGE 3,CALFIRE-2024-00360,20240725,23,10,0.36,0.15,0.0,,,0,0,0,0,0,,0,0
6550,MACY,CALFIRE-2024-00361,20240725,33,14,134.31,54.35,3.0,,,0,0,0,0,0,,0,0
6551,PHILLIPS,CALFIRE-2024-00362,20240725,15,14,6.51,2.63,0.0,,,0,0,0,0,0,,0,0
6552,RIDGE,CALFIRE-2024-00363,20240725,15,14,14.19,5.74,0.0,,,0,0,0,0,0,,0,0
6553,ATHENS,CALFIRE-2024-00364,20240726,58,14,262.41,106.19,0.0,,,0,0,0,0,0,,0,0
6554,CREEK,CALFIRE-2024-00365,20240726,43,2,744.1,301.13,8.0,,,0,0,0,0,0,,0,0
6555,POINT,CALFIRE-2024-00366,20240726,43,11,461.66,186.83,5.0,38.69144,-122.96638,0,0,0,0,0,,0,0
6556,SIMPSON,CALFIRE-2024-00367,20240726,59,14,52.11,21.09,38.0,,,0,0,0,0,0,,0,0
6557,MORNING 2,CALFIRE-2024-00368,20240727,15,14,56.4,22.83,0.0,,,0,0,0,0,0,,0,0
6558,RILEY,CALFIRE-2024-00369,20240727,23,14,13.89,5.62,4.0,,,0,0,0,0,0,,0,0
6559,SAWMILL,CALFIRE-2024-00370,20240727,15,14,160.83,65.09,2.0,,,0,0,0,0,0,,0,0
6560,TRAIL 4,CALFIRE-2024-00371,20240728,37,14,11.66,4.72,0.0,,,0,0,0,0,0,,0,0
6561,WALNUT,CALFIRE-2024-00372,20240728,15,7,22.61,9.15,0.0,,,0,0,0,0,0,,0,0
6562,ITALIAN,CALFIRE-2024-00373,20240729,59,14,50.31,20.36,2.0,,,0,0,0,0,0,,0,0
6563,NIXON,CALFIRE-2024-00374,20240729,33,11,5221.29,2112.98,9.0,33.47242,-116.75718,40,5,0,0,0,,0,0
6564,BORDER 66,CALFIRE-2024-00375,20240730,37,14,296.42,119.96,1.0,,,0,0,0,0,0,,0,0
6565,PEDRO,CALFIRE-2024-00376,20240730,22,8,3819.05,1545.52,7.0,37.68477,-120.30908,2,0,0,0,0,,0,0
6566,POLE,CALFIRE-2024-00377,20240730,15,14,317.06,128.31,6.0,,,0,0,0,0,0,,0,0
6567,VISTA,CALFIRE-2024-00378,20240730,47,9,0.6,0.24,0.0,,,0,0,0,0,0,,0,0
6568,COFFEE POT,CALFIRE-2024-00379,20240803,54,1,14103.92,5707.66,135.0,36.41647,-118.78879,1,0,0,0,0,,0,0
6569,DESERT,CALFIRE-2024-00380,20240803,15,14,7.8,3.16,1.0,,,0,0,0,0,0,,0,0
6570,ECHO,CALFIRE-2024-00381,20240803,59,1,55.62,22.51,90.0,,,0,0,0,0,0,,0,0
6571,SIERRA,CALFIRE-2024-00382,20240803,15,10,4.19,1.7,2.0,,,0,0,0,0,0,,0,0
6572,SUSAN,CALFIRE-2024-00383,20240803,15,14,4.68,1.89,0.0,,,0,0,0,0,0,,0,0
6573,FOX,CALFIRE-2024-00384,20240804,42,14,5.67,2.29,2.0,,,0,0,0,0,0,,0,0
6574,MIDDLE,CALFIRE-2024-00385,20240804,59,1,310.03,125.47,16.0,,,0,0,0,0,0,,0,0
6575,MORRISON,CALFIRE-2024-00386,20240804,59,1,29.56,11.96,47.0,,,0,0,0,0,0,,0,0
6576,BELLA,CALFIRE-2024-00387,20240805,15,5,453.81,183.65,8.0,,,0,0,0,0,0,,0,0
6577,SANDLIN,CALFIRE-2024-00388,20240805,15,14,17.89,7.24,1.0,,,0,0,0,0,0,,0,0
6578,WOOD,CALFIRE-2024-00389,20240805,15,14,6.68,2.7,0.0,,,0,0,0,0,0,,0,0
6579,CROZIER,CALFIRE-2024-00390,20240806,9,7,1955.33,791.29,14.0,,,0,0,0,0,0,,0,0
6580,PURPLE,CALFIRE-2024-00391,20240807,4,5,12.45,5.04,1.0,39.45893,-121.35861,1,0,0,0,0,,0,0
6581,BOISE,CALFIRE-2024-00392,20240809,12,1,12912.65,5225.57,42.0,,,0,0,0,0,0,,0,0
6582,CAL,CALFIRE-2024-00393,20240809,15,14,59.79,24.2,7.0,,,0,0,0,0,0,,0,0
6583,CANYON,CALFIRE-2024-00394,20240809,55,7,79.89,32.33,26.0,37.97536,-120.22216,0,0,0,0,0,,0,0
6584,DELANO,CALFIRE-2024-00395,20240809,15,14,28.35,11.47,0.0,,,0,0,0,0,0,,0,0
6585,ELK,CALFIRE-2024-00396,20240809,15,14,4.94,2.0,1.0,,,0,0,0,0,0,,0,0
6586,BLUE,CALFIRE-2024-00397,20240810,15,14,427.29,172.92,5.0,,,0,0,0,0,0,,0,0
6587,GORILLA,CALFIRE-2024-00398,20240810,15,14,5.69,2.3,1.0,,,0,0,0,0,0,,0,0
6588,MEISS,CALFIRE-2024-00399,20240811,9,10,124.91,50.55,47.0,,,0,0,0,0,0,,0,0
6589,STUMPFIELD,CALFIRE-2024-00400,20240811,22,7,7.6,3.08,1.0,,,0,0,0,0,0,,0,0
6590,ANITA,CALFIRE-2024-00401,20240812,59,10,20.24,8.19,1.0,,,0,0,0,0,0,,0,0
6591,GOLDEN,CALFIRE-2024-00402,20240812,15,10,4.15,1.68,0.0,,,0,0,0,0,0,,0,0
6592,TURBINE,CALFIRE-2024-00403,20240812,15,11,329.22,133.23,4.0,,,0,0,0,0,0,,0,0
6593,MOON,CALFIRE-2024-00404,20240813,19,10,14.84,6.0,1.0,,,0,0,0,0,0,,0,0
6594,KRN-24-36893,CALFIRE-2024-00405,20240815,15,14,3.71,1.5,0.0,,,0,0,0,0,0,,0,0
6595,SADDLE,CALFIRE-2024-00406,20240815,42,14,0.36,0.14,0.0,,,0,0,0,0,0,,0,0
6596,CYPRESS,CALFIRE-2024-00407,20240817,40,14,92.62,37.48,9.0,,,0,0,0,0,0,,0,0
6597,MARYSVILLE,CALFIRE-2024-00408,20240817,4,2,23.84,9.65,0.0,,,0,0,0,0,0,,0,0
6598,DUCK,CALFIRE-2024-00409,20240818,15,14,9.55,3.87,0.0,,,0,0,0,0,0,,0,0
6599,99,CALFIRE-2024-00410,20240819,15,14,5.36,2.17,0.0,,,0,0,0,0,0,,0,0
6600,QUIMBY,CALFIRE-2024-00411,20240819,43,7,32.96,13.34,0.0,,,0,0,0,0,0,,0,0
6601,BISHOP,CALFIRE-2024-00412,20240820,40,7,15.33,6.21,0.0,,,0,0,0,0,0,,0,0
6602,GRADE,CALFIRE-2024-00413,20240820,42,10,23.58,9.54,2.0,,,0,0,0,0,0,,0,0
6603,RANCHO,CALFIRE-2024-00414,20240820,40,2,9.84,3.98,0.0,,,0,0,0,0,0,,0,0
6604,VIDA,CALFIRE-2024-00415,20240820,15,11,2.51,1.02,1.0,,,0,0,0,0,0,,0,0
6605,CANYON,CALFIRE-2024-00416,20240822,19,7,17.17,6.95,2.0,37.97536,-120.22216,0,0,0,0,0,,0,0
6606,FAR,CALFIRE-2024-00417,20240823,58,11,12.68,5.13,0.0,,,0,0,0,0,0,,0,0
6607,MOTOR,CALFIRE-2024-00418,20240823,19,10,12.19,4.93,2.0,,,0,0,0,0,0,,0,0
6608,REFUGIO,CALFIRE-2024-00419,20240823,42,14,72.72,29.43,4.0,,,0,0,0,0,0,,0,0
6609,PROCTOR 8,CALFIRE-2024-00420,20240824,37,9,27.26,11.03,0.0,,,0,0,0,0,0,,0,0
6610,RANGE,CALFIRE-2024-00421,20240824,15,14,15.91,6.44,0.0,,,0,0,0,0,0,,0,0
6611,WILD WASH,CALFIRE-2024-00422,20240824,15,14,23.12,9.36,1.0,,,0,0,0,0,0,,0,0
6612,PIONEER,CALFIRE-2024-00423,20240825,15,14,23.76,9.61,0.0,,,0,0,0,0,0,,0,0
6613,TENAJA,CALFIRE-2024-00424,20240825,37,14,99.13,40.12,9.0,,,0,0,0,0,0,,0,0
6614,ESTRELLA,CALFIRE-2024-00425,20240826,40,10,2.69,1.09,0.0,,,0,0,0,0,0,,0,0
6615,WELLER,CALFIRE-2024-00426,20240827,15,14,77.52,31.37,1.0,,,0,0,0,0,0,,0,0
6616,JOHNSON,CALFIRE-2024-00427,20240828,36,14,67.26,27.22,1.0,,,0,0,0,0,0,,0,0
6617,KEYS,CALFIRE-2024-00428,20240828,37,14,18.04,7.3,0.0,,,0,0,0,0,0,,0,0
6618,VERNON,CALFIRE-2024-00429,20240829,59,14,13.73,5.55,3.0,,,0,0,0,0,0,,0,0
6619,ARGYLE,CALFIRE-2024-00430,20240901,27,14,88.37,35.76,3.0,,,0,0,0,0,0,,0,0
6620,RECORD,CALFIRE-2024-00431,20240901,33,7,517.03,209.23,4.0,,,0,0,0,0,0,,0,0
6621,BEAR,CALFIRE-2024-00432,20240902,31,14,3322.56,1344.59,22.0,,,0,0,0,0,0,,0,0
6622,CENTERVILLE,CALFIRE-2024-00433,20240902,4,7,62.47,25.28,2.0,,,0,0,0,0,0,,0,0
6623,SOLAR,CALFIRE-2024-00434,20240902,15,2,5.02,2.03,0.0,,,0,0,0,0,0,,0,0
6624,BACKUS,CALFIRE-2024-00435,20240903,15,14,37.61,15.22,1.0,,,0,0,0,0,0,,0,0
6625,BOONE,CALFIRE-2024-00436,20240903,10,2,17614.5,7128.34,18.0,36.23007,-120.57675,0,0,0,0,0,,0,0
6626,HAWK,CALFIRE-2024-00437,20240903,40,10,13.65,5.53,1.0,,,0,0,0,0,0,,0,0
6627,CHAPMAN,CALFIRE-2024-00438,20240904,15,14,18.19,7.36,2.0,,,0,0,0,0,0,,0,0
6628,MIDWAY,CALFIRE-2024-00439,20240904,15,14,3.06,1.24,0.0,,,0,0,0,0,0,,0,0
6629,POST,CALFIRE-2024-00440,20240904,15,14,264.24,106.94,2.0,34.7222,-118.80992,0,0,0,0,0,,0,0
6630,DORADO,CALFIRE-2024-00441,20240905,10,7,512.18,207.27,2.0,,,0,0,0,0,0,,0,0
6631,LINE,CALFIRE-2024-00442,20240905,36,14,43975.61,17796.31,109.0,34.19292,-117.12706,2,5,0,0,0,,0,0
6632,GRAVIER,CALFIRE-2024-00443,20240906,18,1,5.76,2.33,0.0,,,0,0,0,0,0,,0,0
6633,PINE,CALFIRE-2024-00444,20240906,23,9,23.98,9.7,6.0,,,0,0,0,0,0,,0,0
6634,CHURCH 2,CALFIRE-2024-00445,20240907,37,7,33.48,13.55,0.0,,,0,0,0,0,0,,0,0
6635,ROBLAR,CALFIRE-2024-00446,20240907,37,13,856.15,346.47,5.0,,,0,0,0,0,0,,0,0
6636,BRIDGE,CALFIRE-2024-00447,20240908,36,14,55724.17,22550.79,114.0,34.36086,-117.65559,81,17,0,0,0,,0,0
6637,AIRPORT,CALFIRE-2024-00448,20240909,30,2,23526.35,9520.78,27.0,33.6483,-117.41982,160,34,0,0,0,,0,0
6638,RICE 2,CALFIRE-2024-00449,20240909,37,11,19.77,8.0,0.0,,,0,0,0,0,0,,0,0
6639,TRAIN,CALFIRE-2024-00450,20240909,15,14,47.84,19.36,1.0,,,0,0,0,0,0,,0,0
6640,WICKLOW 2,CALFIRE-2024-00451,20240909,9,7,71.59,28.97,0.0,,,0,0,0,0,0,,0,0
6641,KIRBY,CALFIRE-2024-00452,20240911,59,10,1.32,0.54,0.0,,,0,0,0,0,0,,0,0
6642,QUINCY,CALFIRE-2024-00453,20240912,4,2,98.74,39.96,5.0,,,0,0,0,0,0,,0,0
6643,BELL,CALFIRE-2024-00454,20240914,9,2,14.13,5.72,0.0,,,0,0,0,0,0,,0,0
6644,EAST,CALFIRE-2024-00455,20240914,40,10,0.12,0.05,0.0,,,0,0,0,0,0,,0,0
6645,RAMP,CALFIRE-2024-00456,20240914,40,14,0.0,0.0,0.0,,,0,0,0,0,0,,0,0
6646,BUFORD,CALFIRE-2024-00457,20240915,15,14,6.73,2.72,0.0,,,0,0,0,0,0,,0,0
6647,RIPPLE,CALFIRE-2024-00458,20240915,10,10,14.84,6.01,1.0,,,0,0,0,0,0,,0,0
6648,MAGNOLIA,CALFIRE-2024-00459,20240916,15,14,5.32,2.15,0.0,,,0,0,0,0,0,,0,0
6649,ROSA,CALFIRE-2024-00460,20240916,42,11,46.51,18.82,0.0,,,0,0,0,0,0,,0,0
6650,EXECUTIVE,CALFIRE-2024-00461,20240917,52,11,60.24,24.38,0.0,,,0,0,0,0,0,,0,0
6651,PRADO,CALFIRE-2024-00462,20240918,56,14,0.74,0.3,0.0,,,0,0,0,0,0,,0,0
6652,SUNNY,CALFIRE-2024-00463,20240918,15,14,2.75,1.11,0.0,,,0,0,0,0,0,,0,0
6653,PHELPS,CALFIRE-2024-00464,20240919,10,11,36.47,14.76,0.0,,,0,0,0,0,0,,0,0
6654,FRIO,CALFIRE-2024-00465,20240921,15,14,19.79,8.01,1.0,,,0,0,0,0,0,,0,0
6655,BEAR,CALFIRE-2024-00466,20240926,47,9,2.27,0.92,1.0,,,0,0,0,0,0,,0,0
6656,CARISSA,CALFIRE-2024-00467,20240926,15,14,6.4,2.59,0.0,,,0,0,0,0,0,,0,0
6657,PLYMIRE,CALFIRE-2024-00468,20240926,52,14,14.02,5.67,0.0,,,0,0,0,0,0,,0,0
6658,PINNACLES,CALFIRE-2024-00469,20240927,59,11,16.84,6.82,0.0,,,0,0,0,0,0,,0,0
6659,CHASE,CALFIRE-2024-00470,20240928,15,14,56.73,22.96,0.0,,,0,0,0,0,0,,0,0
6660,RIDGE,CALFIRE-2024-00471,20240928,42,7,16.88,6.83,1.0,,,0,0,0,0,0,,0,0
6661,TWO,CALFIRE-2024-00472,20240929,15,14,6.91,2.8,0.0,,,0,0,0,0,0,,0,0
6662,VINELAND,CALFIRE-2024-00473,20240929,15,14,43.33,17.53,0.0,,,0,0,0,0,0,,0,0
6663,SUN,CALFIRE-2024-00474,20240930,5,14,2.98,1.2,0.0,38.23662,-120.51967,0,0,0,0,0,,0,0
6664,EAST 2,CALFIRE-2024-00475,20241001,40,14,0.21,0.09,0.0,,,0,0,0,0,0,,0,0
6665,BEAR,CALFIRE-2024-00476,20241002,12,14,21.36,8.65,6.0,,,0,0,0,0,0,,0,0
6666,DINO,CALFIRE-2024-00477,20241002,43,14,20.37,8.24,2.0,,,0,0,0,0,0,,0,0
6667,LAGO,CALFIRE-2024-00478,20241002,19,7,28.54,11.55,3.0,,,0,0,0,0,0,,0,0
6668,PEAK,CALFIRE-2024-00479,20241002,59,4,334.17,135.23,13.0,,,0,0,0,0,0,,0,0
6669,COLTER,CALFIRE-2024-00480,20241003,4,7,0.36,0.15,0.0,,,0,0,0,0,0,,0,0
6670,FELICIA,CALFIRE-2024-00481,20241003,56,14,393.38,159.19,4.0,,,0,0,0,0,0,,0,0
6671,BORDER 74,CALFIRE-2024-00482,20241004,15,9,78.62,31.82,0.0,,,0,0,0,0,0,,0,0
6672,GLENHAVEN,CALFIRE-2024-00483,20241004,17,9,417.45,168.93,1.0,,,0,0,0,0,0,,0,0
6673,RUBY,CALFIRE-2024-00484,20241004,15,14,24.54,9.93,3.0,,,0,0,0,0,0,,0,0
6674,TRUMAN,CALFIRE-2024-00485,20241004,15,14,9.58,3.88,0.0,,,0,0,0,0,0,,0,0
6675,DUTCH,CALFIRE-2024-00486,20241005,58,9,28.3,11.45,2.0,,,0,0,0,0,0,,0,0
6676,HORSESHOE,CALFIRE-2024-00487,20241005,15,14,39.7,16.07,0.0,36.50533,-118.10122,0,0,0,0,0,,0,0
6677,HAMBONE,CALFIRE-2024-00488,20241006,47,1,16.49,6.67,8.0,,,0,0,0,0,0,,0,0
6678,TULEDAD,CALFIRE-2024-00489,20241006,18,10,563.88,228.19,3.0,,,0,0,0,0,0,,0,0
6679,VERJELES,CALFIRE-2024-00490,20241006,58,2,16.77,6.79,0.0,,,0,0,0,0,0,,0,0
6680,BARN,CALFIRE-2024-00491,20241007,27,4,7.58,3.07,1.0,,,0,0,0,0,0,,0,0
6681,POSTA 3,CALFIRE-2024-00492,20241007,37,2,411.36,166.47,2.0,,,0,0,0,0,0,,0,0
6682,MOBIUS,CALFIRE-2024-00493,20241008,15,14,3.09,1.25,0.0,,,0,0,0,0,0,,0,0
6683,PINEY,CALFIRE-2024-00494,20241008,27,9,225.12,91.1,10.0,,,0,0,0,0,0,,0,0
6684,SHOE,CALFIRE-2024-00495,20241009,45,9,5124.03,2073.62,38.0,,,0,0,0,1,0,,0,0
6685,CYRUS,CALFIRE-2024-00496,20241011,15,14,5.74,2.32,0.0,,,0,0,0,0,0,,0,0
6686,JACK,CALFIRE-2024-00497,20241013,33,9,261.39,105.78,2.0,,,0,0,0,0,0,,0,0
6687,EMERALD,CALFIRE-2024-00498,20241014,15,14,12.85,5.2,0.0,,,0,0,0,0,0,,0,0
6688,ONTARIO,CALFIRE-2024-00499,20241015,40,7,0.01,0.0,0.0,,,0,0,0,0,0,,0,0
6689,203,CALFIRE-2024-00500,20241017,59,18,4.51,1.82,1.0,,,0,0,0,0,0,,0,0
6690,ORO,CALFIRE-2024-00501,20241017,15,14,3.11,1.26,8.0,,,0,0,0,0,0,,0,0
6691,SNAKE,CALFIRE-2024-00502,20241017,40,14,5.3,2.15,1.0,,,0,0,0,0,0,,0,0
6692,CLAY,CALFIRE-2024-00503,20241018,33,14,38.01,15.38,1.0,,,0,0,0,0,0,,0,0
6693,DOVE,CALFIRE-2024-00504,20241019,15,9,954.2,386.15,7.0,,,0,0,0,0,0,,0,0
6694,IOWA,CALFIRE-2024-00505,20241021,58,5,75.4,30.51,0.0,,,0,0,0,0,0,,0,0
6695,COLLEGE,CALFIRE-2024-00506,20241022,15,14,3.51,1.42,0.0,,,0,0,0,0,0,,0,0
6696,RIVERVIEW,CALFIRE-2024-00507,20241024,42,10,64.12,25.95,0.0,,,0,0,0,0,0,,0,0
6697,ALRAY,CALFIRE-2024-00508,20241026,36,9,17.48,7.07,0.0,,,0,0,0,0,0,,0,0
6698,CAMPBELL,CALFIRE-2024-00509,20241028,54,5,523.34,211.79,0.0,,,0,0,0,0,0,,0,0
6699,DENT,CALFIRE-2024-00510,20241028,15,14,5.47,2.21,0.0,,,0,0,0,0,0,,0,0
6700,HIGHLAND,CALFIRE-2024-00511,20241028,15,14,5.17,2.09,0.0,,,0,0,0,0,0,,0,0
6701,BALCOM,CALFIRE-2024-00512,20241030,56,14,1.86,0.75,1.0,,,0,0,0,0,0,,0,0
6702,HORSESHOE,CALFIRE-2024-00513,20241030,14,14,4223.52,1709.2,90.0,36.50533,-118.10122,8,3,0,0,0,,0,0
6703,LAKE,CALFIRE-2024-00514,20241105,12,14,5.16,2.09,2.0,,,0,0,0,0,0,,0,0
6704,MOUNTAIN,CALFIRE-2024-00515,20241106,56,14,19902.06,8054.09,20.0,34.24972,-119.0529,243,126,0,0,0,,0,0
6705,FRENCHMAN,CALFIRE-2024-00516,20241107,19,14,109.03,44.12,8.0,,,0,0,0,0,0,,0,0
6706,SANTA LUCIA,CALFIRE-2024-00517,20241107,59,10,123.44,49.95,0.0,,,0,0,0,0,0,,0,0
6707,GARDEN,CALFIRE-2024-00518,20241108,37,2,50.06,20.26,1.0,,,0,0,0,0,0,,0,0
6708,RESORT 2,CALFIRE-2024-00519,20241108,37,10,24.87,10.06,1.0,,,0,0,0,0,0,,0,0
6709,REEVES,CALFIRE-2024-00520,20241110,23,5,6.18,2.5,3.0,,,0,0,0,0,0,,0,0
6710,BULL,CALFIRE-2024-00521,20241112,10,11,10.93,4.42,0.0,,,0,0,0,0,0,,0,0
6711,UNIVERSITY,CALFIRE-2024-00522,20241114,56,14,15.14,6.13,0.0,,,0,0,0,0,0,,0,0
6712,CAMP ROBERTS RANGE L5,CALFIRE-2024-00523,20241117,40,13,12.83,5.19,0.0,,,0,0,0,0,0,,0,0
6713,SANDY,CALFIRE-2024-00524,20241117,27,5,23.43,9.48,1.0,,,0,0,0,0,0,,0,0
6714,HIDDEN VALLEY,CALFIRE-2024-00525,20241120,59,5,44.96,18.2,0.0,,,0,0,0,0,0,,0,0
6715,MILLAR 3-1,CALFIRE-2024-00526,20241120,59,7,11.84,4.79,0.0,,,0,0,0,0,0,,0,0
6716,BORDER 77,CALFIRE-2024-00527,20241123,37,9,68.85,27.86,1.0,,,0,0,0,0,0,,0,0
6717,CANYON CREST,CALFIRE-2024-00528,20241129,15,8,254.04,102.8,3.0,,,0,0,0,0,0,,0,0
6718,LOWES,CALFIRE-2024-00529,20241130,40,9,1.77,0.71,0.0,,,0,0,0,0,0,,0,0
6719,DERRICK,CALFIRE-2024-00530,20241202,10,7,71.85,29.08,0.0,,,0,0,0,0,0,,0,0
6720,FRANKLIN,CALFIRE-2024-00531,20241209,19,14,4123.71,1668.81,10.0,34.04108,-118.69529,20,28,0,0,0,,0,0
6721,BORDER 79,CALFIRE-2024-00532,20241210,15,7,22.09,8.94,1.0,,,0,0,0,0,0,,0,0
6722,MADERA,CALFIRE-2024-00533,20241211,56,14,7.29,2.95,1.0,,,0,0,0,0,0,,0,0
6723,LEVEE,CALFIRE-2024-00534,20241223,59,14,17.2,6.96,21.0,,,0,0,0,0,0,,0,0
6724,PINNACLE,CALFIRE-2024-00535,20241228,15,14,1.04,0.42,0.0,,,0,0,0,0,0,,0,0
6725,OAK,CALFIRE-2024-00536,20241231,42,14,41.68,16.87,0.0,,,0,0,0,0,0,,0,0
6726,BORDER,CALFIRE-2025-00001,20250101,37,7,16.91,6.84,1.0,,,0,0,0,0,0,,0,0
6727,TEMPLIN,CALFIRE-2025-00002,20250101,19,7,12.23,4.95,2.0,,,0,0,0,0,0,,0,0
6728,CALLBOX,CALFIRE-2025-00003,20250105,19,7,145.06,58.7,0.0,,,0,0,0,0,0,,0,0
6729,APPLE,CALFIRE-2025-00004,20250107,37,14,6.37,2.58,0.0,,,0,0,0,0,0,,0,0
6730,HURST,CALFIRE-2025-00005,20250107,59,14,831.39,336.45,2.0,,,0,0,0,0,0,,0,0
6731,PALISADES,CALFIRE-2025-00006,20250107,19,14,23448.88,9489.43,24.0,34.0466,-118.54198,6845,975,12,4,0,,0,0
6732,EATON,CALFIRE-2025-00007,20250108,19,14,14056.26,5688.37,23.0,34.19009,-118.1351,9419,1076,17,9,0,,0,0
6733,LIDIA,CALFIRE-2025-00008,20250108,19,14,347.7,140.71,3.0,,,0,0,0,0,0,,0,0
6734,OLIVAS,CALFIRE-2025-00009,20250108,56,14,30.1,12.18,1.0,,,0,0,0,0,0,,0,0
6735,KENNETH,CALFIRE-2025-00010,20250109,56,14,1011.71,409.43,2.0,,,0,0,0,0,0,,0,0
6736,AUTO,CALFIRE-2025-00011,20250113,56,14,60.94,24.66,6.0,,,0,0,0,0,0,,0,0
6737,LILAC 2,CALFIRE-2025-00012,20250121,37,7,80.54,32.59,4.0,,,0,0,0,0,0,,0,0
6738,GRIMES,CALFIRE-2025-00013,20250122,56,14,0.75,0.31,0.0,,,0,0,0,0,0,,0,0
6739,HUGHES,CALFIRE-2025-00014,20250122,19,14,10396.8,4207.44,6.0,,,0,0,0,0,0,,0,0
6740,POZO,CALFIRE-2025-00015,20250122,40,5,2.18,0.88,0.0,,,0,0,0,0,0,,0,0
6741,BORDER 2,CALFIRE-2025-00016,20250123,37,5,6629.88,2683.02,6.0,,,0,0,0,0,0,,0,0
6742,GIBBEL,CALFIRE-2025-00017,20250123,33,14,15.0,6.07,1.0,,,0,0,0,0,0,,0,0
6743,LAGUNA,CALFIRE-2025-00018,20250123,56,14,66.51,26.91,3.0,,,0,0,0,0,0,,0,0
6744,CROSS,CALFIRE-2025-00019,20250209,27,2,16.71,6.76,0.0,,,0,0,0,0,0,,0,0
6745,NOPAH,CALFIRE-2025-00020,20250212,15,14,8.96,3.63,0.0,,,0,0,0,0,0,,0,0
6746,PENNY,CALFIRE-2025-00021,20250226,37,14,8.99,3.64,0.0,,,0,0,0,0,0,,0,0
6747,PEACHY,CALFIRE-2025-00022,20250301,40,2,1.48,0.6,0.0,,,0,0,0,0,0,,0,0
6748,BUCKHORN,CALFIRE-2025-00023,20250304,40,2,6.63,2.68,0.0,,,0,0,0,0,0,,0,0
6749,OIL,CALFIRE-2025-00024,20250321,15,14,9.02,3.65,169.0,,,0,0,0,0,0,,0,0
6750,SILVER,CALFIRE-2025-00025,20250330,36,7,1605.06,649.54,9.0,,,0,0,0,0,0,,0,0
6751,HILLCREST,CALFIRE-2025-00026,20250407,15,14,13.97,5.65,1.0,,,0,0,0,0,0,,0,0
6752,WILDROSE,CALFIRE-2025-00027,20250408,15,14,14.09,5.7,0.0,,,0,0,0,0,0,,0,0
6753,COW,CALFIRE-2025-00028,20250409,23,5,3.98,1.61,0.0,,,0,0,0,0,0,,0,0
6754,HILLS,CALFIRE-2025-00029,20250413,15,14,9.41,3.81,1.0,,,0,0,0,0,0,,0,0
6755,LAKE,CALFIRE-2025-00030,20250413,12,7,12.46,5.04,0.0,38.97627,-122.65108,0,0,0,0,0,,0,0
6756,33,CALFIRE-2025-00031,20250414,59,11,11.45,4.63,1.0,,,0,0,0,0,0,,0,0
6757,HOSKING,CALFIRE-2025-00032,20250414,15,14,9.47,3.83,1.0,,,0,0,0,0,0,,0,0
6758,BOYD,CALFIRE-2025-00033,20250417,15,14,17.3,7.0,4.0,,,0,0,0,0,0,,0,0
6759,DUNES,CALFIRE-2025-00034,20250418,12,7,41.41,16.76,0.0,,,0,0,0,0,0,,0,0
6760,LERDO,CALFIRE-2025-00035,20250418,15,14,11.63,4.7,209.0,,,0,0,0,0,0,,0,0
6761,PANOCHE,CALFIRE-2025-00036,20250420,27,9,453.68,183.6,113.0,,,0,0,0,0,0,,0,0
6762,LAKE,CALFIRE-2025-00037,20250421,40,11,3.87,1.56,51.0,38.97627,-122.65108,0,0,0,0,0,,0,0
6763,MIRANDA,CALFIRE-2025-00038,20250421,59,14,3.95,1.6,,,,0,0,0,0,0,,0,0
6764,ALOMA,CALFIRE-2025-00039,20250422,15,14,13.77,5.57,0.0,,,0,0,0,0,0,,0,0
6765,JICARILLA,CALFIRE-2025-00040,20250423,9,7,1.16,0.47,1.0,,,0,0,0,0,0,,0,0
6766,LA PORTE,CALFIRE-2025-00041,20250424,32,5,14.96,6.05,1.0,,,0,0,0,0,0,,0,0
6767,SANDY,CALFIRE-2025-00042,20250424,22,14,48.49,19.62,0.0,,,0,0,0,0,0,,0,0
6768,AFTON,CALFIRE-2025-00043,20250426,15,6,4.79,1.94,2.0,,,0,0,0,0,0,,0,0
6769,REEF,CALFIRE-2025-00044,20250426,10,11,336.36,136.12,0.0,,,0,0,0,0,0,,0,0
6770,BERNICE,CALFIRE-2025-00045,20250428,40,5,2.28,0.92,0.0,,,0,0,0,0,0,,0,0
6771,FELIPE,CALFIRE-2025-00046,20250501,37,2,59.92,24.25,0.0,,,0,0,0,0,0,,0,0
6772,MARIPOSA,CALFIRE-2025-00047,20250502,23,5,1.04,0.42,0.0,,,0,0,0,0,0,,0,0
6773,ELECTRICAL,CALFIRE-2025-00048,20250503,15,14,75.4,30.51,0.0,,,0,0,0,0,0,,0,0
6774,PIONEER,CALFIRE-2025-00049,20250504,52,14,68.02,27.53,0.0,40.24299,-122.41234,0,0,0,0,0,,0,0
6775,WILSON,CALFIRE-2025-00050,20250504,23,5,0.55,0.22,0.0,,,0,0,0,0,0,,0,0
6776,WASCO POND,CALFIRE-2025-00051,20250505,15,14,5.57,2.25,0.0,,,0,0,0,0,0,,0,0
6777,MATTHEW,CALFIRE-2025-00052,20250506,58,11,10.27,4.16,0.0,,,0,0,0,0,0,,0,0
6778,RIDGE,CALFIRE-2025-00053,20250506,23,2,3.6,1.46,0.0,,,0,0,0,0,0,,0,0
6779,SPRINGS,CALFIRE-2025-00054,20250506,54,10,1817.0,735.31,1.0,,,0,0,0,0,0,,0,0
6780,LAKE,CALFIRE-2025-00055,20250508,15,14,1.56,0.63,0.0,38.97627,-122.65108,0,0,0,0,0,,0,0
6781,ANCHOR,CALFIRE-2025-00056,20250509,10,9,43.42,17.57,0.0,,,0,0,0,0,0,,0,0
6782,GRANDE,CALFIRE-2025-00057,20250509,43,14,12.46,5.04,0.0,,,0,0,0,0,0,,0,0
6783,MORNING,CALFIRE-2025-00058,20250509,15,14,58.05,23.49,13.0,,,0,0,0,0,0,,0,0
6784,NINETY NINE,CALFIRE-2025-00059,20250509,4,11,32.16,13.02,0.0,,,0,0,0,0,0,,0,0
6785,84,CALFIRE-2025-00060,20250510,59,2,14.4,5.83,0.0,,,0,0,0,0,0,,0,0
6786,CATLETT,CALFIRE-2025-00061,20250510,58,14,176.43,71.4,0.0,,,0,0,0,0,0,,0,0
6787,WILLOW,CALFIRE-2025-00062,20250510,47,2,13.95,5.65,129.0,,,0,0,0,0,0,,0,0
6788,RIVER,CALFIRE-2025-00063,20250511,40,9,3.14,1.27,0.0,40.3664,-122.1969,0,0,0,0,0,,0,0
6789,ENERGY,CALFIRE-2025-00064,20250512,40,2,42.87,17.35,0.0,,,0,0,0,0,0,,0,0
6790,GRAPEVINE,CALFIRE-2025-00065,20250512,15,14,5.83,2.36,1.0,,,0,0,0,0,0,,0,0
6791,BRIDGE,CALFIRE-2025-00066,20250513,40,5,4.78,1.94,0.0,,,0,0,0,0,0,,0,0
6792,CYMRIC,CALFIRE-2025-00067,20250513,15,14,4.83,1.95,0.0,,,0,0,0,0,0,,0,0
6793,HANSEN,CALFIRE-2025-00068,20250513,43,11,16.33,6.61,0.0,,,0,0,0,0,0,,0,0
6794,ACRES,CALFIRE-2025-00069,20250514,22,5,631.91,255.73,1.0,,,0,0,0,0,0,,0,0
6795,DUCK,CALFIRE-2025-00070,20250514,5,2,68.18,27.59,0.0,,,0,0,0,0,0,,0,0
6796,TORO,CALFIRE-2025-00071,20250514,33,2,27.77,11.24,1.0,,,0,0,0,0,0,,0,0
6797,ACAMPO,CALFIRE-2025-00072,20250515,5,2,20.82,8.43,0.0,,,0,0,0,0,0,,0,0
6798,BAXTER,CALFIRE-2025-00073,20250515,33,14,58.51,23.68,1.0,,,0,0,0,0,0,,0,0
6799,CREEK,CALFIRE-2025-00074,20250515,43,14,66.24,26.81,0.0,,,0,0,0,0,0,,0,0
6800,ACADEMY,CALFIRE-2025-00075,20250516,37,14,49.73,20.12,1.0,33.08583,-116.94621,1,0,0,0,0,,0,0
6801,CREEK,CALFIRE-2025-00076,20250516,45,2,14.12,5.71,0.0,,,0,0,0,0,0,,0,0
6802,DITCH,CALFIRE-2025-00077,20250517,15,2,5.47,2.21,0.0,,,0,0,0,0,0,,0,0
6803,IDRIA,CALFIRE-2025-00078,20250517,27,9,310.33,125.59,1.0,,,0,0,0,0,0,,0,0
6804,NELLA,CALFIRE-2025-00079,20250517,22,10,458.01,185.35,0.0,,,0,0,0,0,0,,0,0
6805,CORN,CALFIRE-2025-00080,20250518,10,9,27.94,11.31,1.0,,,0,0,0,0,0,,0,0
6806,DEMOCRAT,CALFIRE-2025-00081,20250518,15,14,902.79,365.34,9.0,,,0,0,0,0,0,,0,0
6807,GRANGE,CALFIRE-2025-00082,20250518,5,9,19.92,8.06,0.0,,,0,0,0,0,0,,0,0
6808,GUNSMOKE,CALFIRE-2025-00083,20250518,52,2,10.56,4.27,0.0,40.17673,-122.5735,0,0,0,0,0,,0,0
6809,HELIOS,CALFIRE-2025-00084,20250518,40,11,1.7,0.69,0.0,,,0,0,0,0,0,,0,0
6810,PANOCHE,CALFIRE-2025-00085,20250518,10,11,27.19,11.0,0.0,,,0,0,0,0,0,,0,0
6811,PARK,CALFIRE-2025-00086,20250518,15,14,9.07,3.67,0.0,,,0,0,0,0,0,,0,0
6812,SUNSET,CALFIRE-2025-00087,20250518,58,10,57.56,23.3,0.0,,,0,0,0,0,0,,0,0
6813,WALNUT,CALFIRE-2025-00088,20250518,43,10,50.69,20.51,0.0,,,0,0,0,0,0,,0,0
6814,JAW,CALFIRE-2025-00089,20250519,15,11,4326.96,1751.06,13.0,,,0,0,0,0,0,,0,0
6815,SOLAR,CALFIRE-2025-00090,20250519,18,14,5.71,2.31,1.0,,,0,0,0,0,0,,0,0
6816,CROSSING,CALFIRE-2025-00091,20250520,33,14,112.0,45.33,1.0,,,0,0,0,0,0,,0,0
6817,SARGENT,CALFIRE-2025-00092,20250520,27,1,12.57,5.09,0.0,,,0,0,0,0,0,,0,0
6818,BURKE 2,CALFIRE-2025-00093,20250521,23,2,0.65,0.26,0.0,,,0,0,0,0,0,,0,0
6819,MOBILE,CALFIRE-2025-00094,20250521,9,5,1.23,0.5,1.0,,,0,0,0,0,0,,0,0
6820,CRESTON,CALFIRE-2025-00095,20250522,40,14,14.21,5.75,0.0,,,0,0,0,0,0,,0,0
6821,DAN,CALFIRE-2025-00096,20250522,22,2,24.44,9.89,0.0,,,0,0,0,0,0,,0,0
6822,INN,CALFIRE-2025-00097,20250522,59,14,726.6,294.04,13.0,,,0,0,0,0,0,,0,0
6823,MIDWAY,CALFIRE-2025-00098,20250522,43,11,261.46,105.81,0.0,,,0,0,0,0,0,,0,0
6824,UPLAND,CALFIRE-2025-00099,20250522,47,5,7.01,2.84,0.0,41.81533,-122.50299,0,0,0,0,0,,0,0
6825,BEALE AFB GRASS VALLEY GATE,CALFIRE-2025-00100,20250523,58,14,56.79,22.98,0.0,,,0,0,0,0,0,,0,0
6826,MILPAS,CALFIRE-2025-00101,20250524,15,10,43.19,17.48,4.0,,,0,0,0,0,0,,0,0
6827,PLUTO,CALFIRE-2025-00102,20250524,47,2,10.66,4.31,0.0,,,0,0,0,0,0,,0,0
6828,RIFLE,CALFIRE-2025-00103,20250524,10,11,19.04,7.7,0.0,,,0,0,0,0,0,,0,0
6829,SOUTHSIDE,CALFIRE-2025-00104,20250524,27,14,10.3,4.17,0.0,,,0,0,0,0,0,,0,0
6830,COTTON,CALFIRE-2025-00105,20250525,59,14,3.55,1.44,1.0,,,0,0,0,0,0,,0,0
6831,GUN,CALFIRE-2025-00106,20250525,10,9,22.85,9.25,77.0,,,0,0,0,0,0,,0,0
6832,KRN-25-24931,CALFIRE-2025-00107,20250525,15,14,13.12,5.31,1.0,,,0,0,0,0,0,,0,0
6833,LANGLEY,CALFIRE-2025-00108,20250525,15,10,22.86,9.25,0.0,,,0,0,0,0,0,,0,0
6834,YUCCA,CALFIRE-2025-00109,20250525,15,9,6.97,2.82,0.0,,,0,0,0,0,0,,0,0
6835,RUN,CALFIRE-2025-00110,20250526,22,7,420.01,169.97,0.0,,,0,0,0,0,0,,0,0
6836,65,CALFIRE-2025-00111,20250527,15,14,151.13,61.16,1.0,,,0,0,0,0,0,,0,0
6837,ANGLER,CALFIRE-2025-00112,20250527,15,14,3.39,1.37,0.0,,,0,0,0,0,0,,0,0
6838,COMANCHE,CALFIRE-2025-00113,20250527,15,14,6.42,2.6,0.0,,,0,0,0,0,0,,0,0
6839,JUNIPER,CALFIRE-2025-00114,20250528,47,14,56.72,22.95,5.0,33.79236,-117.31451,2,0,0,0,0,,0,0
6840,WILLIAMS,CALFIRE-2025-00115,20250528,27,9,0.19,0.08,0.0,,,0,0,0,0,0,,0,0
6841,FRAZIER,CALFIRE-2025-00116,20250529,42,10,109.93,44.49,10.0,,,0,0,0,0,0,,0,0
6842,EUREKA,CALFIRE-2025-00117,20250530,36,14,213.83,86.53,10.0,,,0,0,0,0,0,,0,0
6843,GRUBS,CALFIRE-2025-00118,20250530,4,5,10.4,4.21,0.0,,,0,0,0,0,0,,0,0
6844,BEALVILLE,CALFIRE-2025-00119,20250531,15,14,62.99,25.49,0.0,,,0,0,0,0,0,,0,0
6845,COYOTE,CALFIRE-2025-00120,20250531,18,15,21.25,8.6,1.0,40.40681,-120.52746,8,0,0,0,0,,0,0
6846,HENDERSON,CALFIRE-2025-00121,20250531,37,14,255.43,103.37,2.0,33.38779,-117.05129,1,0,0,0,0,,0,0
6847,SCENIC,CALFIRE-2025-00122,20250531,40,10,1.09,0.44,0.0,,,0,0,0,0,0,,0,0
6848,HONOLULU,CALFIRE-2025-00123,20250601,59,11,69.45,28.1,1.0,,,0,0,0,0,0,,0,0
6849,KRN-25-25974,CALFIRE-2025-00124,20250601,15,14,28.56,11.56,0.0,,,0,0,0,0,0,,0,0
6850,BEAR,CALFIRE-2025-00125,20250602,15,14,12.27,4.97,0.0,,,0,0,0,0,0,,0,0
6851,COTTONWOOD,CALFIRE-2025-00126,20250602,47,7,19.59,7.93,1.0,,,0,0,0,0,0,,0,0
6852,RECTOR,CALFIRE-2025-00127,20250602,10,10,60.64,24.54,3.0,36.76552,-119.23415,2,0,0,0,0,,0,0
6853,BAXTER,CALFIRE-2025-00128,20250603,36,1,31.69,12.83,1.0,,,0,0,0,0,0,,0,0
6854,FORD,CALFIRE-2025-00129,20250603,10,14,80.3,32.5,0.0,,,0,0,0,0,0,,0,0
6855,MARINA,CALFIRE-2025-00130,20250603,23,2,0.28,0.11,0.0,,,0,0,0,0,0,,0,0
6856,BYERS,CALFIRE-2025-00131,20250604,18,9,104.55,42.31,0.0,,,0,0,0,0,0,,0,0
6857,QUAIL,CALFIRE-2025-00132,20250604,45,2,16.1,6.51,0.0,,,0,0,0,0,0,,0,0
6858,FINK,CALFIRE-2025-00133,20250605,43,11,12.34,4.99,0.0,,,0,0,0,0,0,,0,0
6859,FORT,CALFIRE-2025-00134,20250605,15,14,389.01,157.43,1.0,,,0,0,0,0,0,,0,0
6860,GRADE,CALFIRE-2025-00135,20250605,27,10,6.34,2.56,0.0,40.27689,-120.52033,0,0,0,0,0,,0,0
6861,SABE,CALFIRE-2025-00136,20250605,27,2,16.9,6.84,1.0,,,0,0,0,0,0,,0,0
6862,JACK,CALFIRE-2025-00137,20250606,15,14,51.14,20.7,0.0,,,0,0,0,0,0,,0,0
6863,ISABELLA,CALFIRE-2025-00138,20250607,15,14,5.93,2.4,2.0,,,0,0,0,0,0,,0,0
6864,WEST,CALFIRE-2025-00139,20250607,15,14,142.05,57.49,1.0,,,0,0,0,0,0,,0,0
6865,HERMOSA,CALFIRE-2025-00140,20250608,15,10,10.96,4.44,0.0,,,0,0,0,0,0,,0,0
6866,READING,CALFIRE-2025-00141,20250608,45,1,39.38,15.94,1.0,,,0,0,0,0,0,,0,0
6867,ANTONIO,CALFIRE-2025-00142,20250609,43,10,18.23,7.38,0.0,,,0,0,0,0,0,,0,0
6868,BELLA,CALFIRE-2025-00143,20250609,15,14,3.53,1.43,1.0,,,0,0,0,0,0,,0,0
6869,LETTER,CALFIRE-2025-00144,20250609,32,1,10.63,4.3,1.0,,,0,0,0,0,0,,0,0
6870,POVERTY,CALFIRE-2025-00145,20250609,32,1,1.37,0.55,1.0,,,0,0,0,0,0,,0,0
6871,R-1 DANNER,CALFIRE-2025-00146,20250609,18,1,5.61,2.27,0.0,,,0,0,0,0,0,,0,0
6872,WINDY,CALFIRE-2025-00147,20250609,59,9,11.14,4.51,2.0,,,0,0,0,0,0,,0,0
6873,CAHUILLA,CALFIRE-2025-00148,20250610,33,14,133.82,54.16,0.0,,,0,0,0,0,0,,0,0
6874,GREILICH,CALFIRE-2025-00149,20250610,9,2,11.68,4.73,0.0,,,0,0,0,0,0,,0,0
6875,HIDDEN,CALFIRE-2025-00150,20250610,45,1,29.67,12.01,5.0,,,0,0,0,0,0,,0,0
6876,LAKE,CALFIRE-2025-00151,20250610,15,14,36.23,14.66,72.0,38.97627,-122.65108,0,0,0,0,0,,0,0
6877,RANCH,CALFIRE-2025-00152,20250610,36,14,4291.89,1736.87,9.0,34.41223,-117.0979,7,0,0,0,0,,0,0
6878,SHASTA,CALFIRE-2025-00153,20250610,47,1,6.33,2.56,1.0,,,0,0,0,0,0,,0,0
6879,TABLE ROCK,CALFIRE-2025-00154,20250610,47,1,98.71,39.95,3.0,,,0,0,0,0,0,,0,0
6880,DINO,CALFIRE-2025-00155,20250611,43,2,266.04,107.66,0.0,,,0,0,0,0,0,,0,0
6881,HOVEY,CALFIRE-2025-00156,20250611,59,14,11.17,4.52,0.0,,,0,0,0,0,0,,0,0
6882,LITTLE,CALFIRE-2025-00157,20250611,27,11,592.34,239.71,0.0,37.92881,-120.63591,0,0,0,0,0,,0,0
6883,LOBINGER,CALFIRE-2025-00158,20250611,52,2,13.23,5.35,0.0,,,0,0,0,0,0,,0,0
6884,WILLOW,CALFIRE-2025-00159,20250611,25,1,29.48,11.93,3.0,,,0,0,0,0,0,,0,0
6885,AIRLINE,CALFIRE-2025-00160,20250612,27,9,42.72,17.29,1.0,,,0,0,0,0,0,,0,0
6886,FIRESTONE,CALFIRE-2025-00161,20250612,10,10,472.07,191.04,7.0,36.09589,-120.46243,0,0,0,0,0,,0,0
6887,POWER,CALFIRE-2025-00162,20250612,15,14,5.66,2.29,0.0,,,0,0,0,0,0,,0,0
6888,SALINAS,CALFIRE-2025-00163,20250612,40,14,3.6,1.46,15.0,,,0,0,0,0,0,,0,0
6889,CLEMENT,CALFIRE-2025-00164,20250613,45,5,18.06,7.31,0.0,,,0,0,0,0,0,,0,0
6890,DOGS,CALFIRE-2025-00165,20250613,15,14,4406.83,1783.38,2.0,35.54974,-118.96866,0,0,0,0,0,,0,0
6891,HUDSON,CALFIRE-2025-00166,20250613,15,14,610.81,247.19,2.0,,,0,0,0,0,0,,0,0
6892,MERCED,CALFIRE-2025-00167,20250613,15,14,4.84,1.96,0.0,,,0,0,0,0,0,,0,0
6893,PASO,CALFIRE-2025-00168,20250613,15,14,19.71,7.98,1.0,,,0,0,0,0,0,,0,0
6894,POND,CALFIRE-2025-00169,20250613,15,14,71.14,28.79,1.0,,,0,0,0,0,0,,0,0
6895,RICA,CALFIRE-2025-00170,20250613,58,2,24.32,9.84,0.0,,,0,0,0,0,0,,0,0
6896,BITTER,CALFIRE-2025-00171,20250614,40,2,1663.73,673.29,0.0,,,0,0,0,0,0,,0,0
6897,STAGECOACH,CALFIRE-2025-00172,20250614,15,14,7.16,2.9,1.0,,,0,0,0,0,0,,0,0
6898,EAST,CALFIRE-2025-00173,20250615,15,11,1.17,0.47,0.0,,,0,0,0,0,0,,0,0
6899,HEAVEN,CALFIRE-2025-00174,20250615,47,2,19.02,7.7,4.0,,,0,0,0,0,0,,0,0
6900,OAK,CALFIRE-2025-00175,20250615,10,14,17.03,6.89,2.0,37.02661,-119.51705,0,0,0,0,0,,0,0
6901,VISTA,CALFIRE-2025-00176,20250615,33,14,10.13,4.1,2.0,,,0,0,0,0,0,,0,0
6902,ELM,CALFIRE-2025-00177,20250616,27,11,16.85,6.82,0.0,,,0,0,0,0,0,,0,0
6903,HOWE,CALFIRE-2025-00178,20250616,56,14,43.8,17.72,0.0,,,0,0,0,0,0,,0,0
6904,MARIA,CALFIRE-2025-00179,20250616,56,14,58.63,23.73,0.0,,,0,0,0,0,0,,0,0
6905,MISSION 2,CALFIRE-2025-00180,20250616,37,14,21.39,8.66,0.0,,,0,0,0,0,0,,0,0
6906,BONANZA,CALFIRE-2025-00181,20250617,9,2,181.23,73.34,1.0,38.65542,-120.87833,3,1,0,0,0,,0,0
6907,FRENCHTOWN,CALFIRE-2025-00182,20250617,58,14,0.02,0.01,0.0,,,0,0,0,0,0,,0,0
6908,MARIPOSA,CALFIRE-2025-00183,20250617,42,14,23.18,9.38,1.0,,,0,0,0,0,0,,0,0
6909,BAND,CALFIRE-2025-00184,20250618,22,14,15.5,6.27,0.0,37.64559,-120.33523,6,1,0,0,0,,0,0
6910,RIDER,CALFIRE-2025-00185,20250618,33,14,49.86,20.18,0.0,,,0,0,0,0,0,,0,0
6911,SOMERSVILLE,CALFIRE-2025-00186,20250618,43,4,358.06,144.9,1.0,,,0,0,0,0,0,,0,0
6912,WARM,CALFIRE-2025-00187,20250618,59,14,0.8,0.32,0.0,,,0,0,0,0,0,,0,0
6913,ASSIST/BDC/OASIS,CALFIRE-2025-00188,20250619,15,14,11.14,4.51,,,,0,0,0,0,0,,0,0
6914,HAWICK,CALFIRE-2025-00189,20250619,37,14,50.62,20.49,0.0,,,0,0,0,0,0,,0,0
6915,IVERSON,CALFIRE-2025-00190,20250619,27,9,10.73,4.34,0.0,,,0,0,0,0,0,,0,0
6916,MONTE,CALFIRE-2025-00191,20250619,37,7,1051.1,425.37,5.0,,,0,0,0,0,0,,0,0
6917,RANCHO,CALFIRE-2025-00192,20250619,37,5,156.85,63.47,1.0,36.54627,-119.59624,1,0,0,0,0,,0,0
6918,CAMINO,CALFIRE-2025-00193,20250620,5,10,385.95,156.19,1.0,,,0,0,0,0,0,,0,0
6919,CLARK,CALFIRE-2025-00194,20250620,4,2,25.8,10.44,1.0,40.92083,-121.17498,0,0,0,0,0,,0,0
6920,DEER,CALFIRE-2025-00195,20250620,15,14,18.11,7.33,0.0,,,0,0,0,0,0,,0,0
6921,PILITAS,CALFIRE-2025-00196,20250620,40,2,20.21,8.18,0.0,,,0,0,0,0,0,,0,0
6922,RAVEN,CALFIRE-2025-00197,20250620,47,5,10.21,4.13,0.0,,,0,0,0,0,0,,0,0
6923,RUSH,CALFIRE-2025-00198,20250620,32,14,18.25,7.39,3.0,40.02608,-121.12627,0,0,0,0,0,,0,0
6924,RUTH,CALFIRE-2025-00199,20250620,10,2,20.08,8.13,0.0,40.34276,-121.78243,1,1,0,0,0,,0,0
6925,HUDSON,CALFIRE-2025-00200,20250621,54,7,2.64,1.07,0.0,,,0,0,0,0,0,,0,0
6926,LOKERN,CALFIRE-2025-00201,20250621,15,14,27.77,11.24,0.0,,,0,0,0,0,0,,0,0
6927,POINT,CALFIRE-2025-00202,20250621,40,4,1.79,0.73,0.0,,,0,0,0,0,0,,0,0
6928,GRIZZLY,CALFIRE-2025-00203,20250623,5,14,46.8,18.94,2.0,,,0,0,0,0,0,,0,0
6929,GUN CUB,CALFIRE-2025-00204,20250623,15,14,15.31,6.2,1.0,,,0,0,0,0,0,,0,0
6930,STORMY,CALFIRE-2025-00205,20250623,15,14,5.39,2.18,0.0,,,0,0,0,0,0,,0,0
6931,WASHINGTON,CALFIRE-2025-00206,20250623,59,2,46.72,18.91,1.0,,,0,0,0,0,0,,0,0
6932,BIKE,CALFIRE-2025-00207,20250624,15,14,5.64,2.28,1.0,,,0,0,0,0,0,,0,0
6933,GRANITE,CALFIRE-2025-00208,20250624,15,14,174.44,70.59,0.0,,,0,0,0,0,0,,0,0
6934,MONTANA,CALFIRE-2025-00209,20250624,47,4,18.77,7.6,1.0,41.63254,-122.36303,0,1,0,0,0,,0,0
6935,TWISSELMAN,CALFIRE-2025-00210,20250624,15,14,383.82,155.32,1.0,,,0,0,0,0,0,,0,0
6936,CANE,CALFIRE-2025-00211,20250625,59,14,1.91,0.77,,,,0,0,0,0,0,,0,0
6937,CASINO,CALFIRE-2025-00212,20250625,45,10,0.04,0.02,0.0,,,0,0,0,0,0,,0,0
6938,COUCH,CALFIRE-2025-00213,20250625,42,14,0.01,0.01,0.0,,,0,0,0,0,0,,0,0
6939,DIAS,CALFIRE-2025-00214,20250625,10,7,852.09,344.83,1.0,,,0,0,0,0,0,,0,0
6940,DRY,CALFIRE-2025-00215,20250625,14,10,37.36,15.12,6.0,,,0,0,0,0,0,,0,0
6941,FLEMING,CALFIRE-2025-00216,20250625,33,7,18.61,7.53,1.0,,,0,0,0,0,0,,0,0
6942,FRANDY,CALFIRE-2025-00217,20250625,15,14,9.48,3.84,0.0,,,0,0,0,0,0,,0,0
6943,RED,CALFIRE-2025-00218,20250626,20,10,54.06,21.88,0.0,37.08599,-119.69102,0,0,0,0,0,,0,0
6944,SADDLE,CALFIRE-2025-00219,20250626,5,9,131.85,53.36,4.0,37.92234,-120.63429,0,0,0,0,0,,0,0
6945,SPRINGS,CALFIRE-2025-00220,20250627,47,10,13.95,5.65,0.0,,,0,0,0,0,0,,0,0
6946,DUSTIN,CALFIRE-2025-00221,20250628,4,2,1.19,0.48,0.0,39.42685,-121.50158,3,0,0,0,0,,0,0
6947,LAKE,CALFIRE-2025-00222,20250628,36,14,488.72,197.78,8.0,38.97627,-122.65108,1,0,0,0,0,,0,0
6948,LOCUST,CALFIRE-2025-00223,20250629,15,14,11.13,4.5,0.0,,,0,0,0,0,0,,0,0
6949,MARYSVILLE,CALFIRE-2025-00224,20250629,58,14,19.87,8.04,0.0,,,0,0,0,0,0,,0,0
6950,MINDY,CALFIRE-2025-00225,20250629,33,2,72.55,29.36,3.0,33.55795,-116.85352,5,0,0,0,0,,0,0
6951,WOLF,CALFIRE-2025-00226,20250629,33,9,2413.62,976.76,15.0,33.88416,-116.87059,2,1,0,0,0,,0,0
6952,HARRY,CALFIRE-2025-00227,20250630,47,1,5.77,2.34,0.0,,,0,0,0,0,0,,0,0
6953,JUNIPER,CALFIRE-2025-00228,20250630,33,2,560.16,226.69,2.0,33.79236,-117.31451,2,0,0,0,0,,0,0
6954,KAM,CALFIRE-2025-00229,20250630,15,14,6.42,2.6,0.0,,,0,0,0,0,0,,0,0
6955,MAXX,CALFIRE-2025-00230,20250630,15,14,7.68,3.11,0.0,,,0,0,0,0,0,,0,0
6956,PERCH,CALFIRE-2025-00231,20250630,47,1,24.44,9.89,0.0,41.91661,-122.42871,0,0,0,0,0,,0,0
6957,FELIZE,CALFIRE-2025-00232,20250701,23,14,0.78,0.32,0.0,,,0,0,0,0,0,,0,0
6958,GILARDI,CALFIRE-2025-00233,20250701,40,2,2.42,0.98,0.0,,,0,0,0,0,0,,0,0
6959,QUARRY,CALFIRE-2025-00234,20250701,9,7,25.77,10.43,0.0,,,0,0,0,0,0,,0,0
6960,RESERVOIR,CALFIRE-2025-00235,20250701,25,1,15.22,6.16,1.0,,,0,0,0,0,0,,0,0
6961,SUMMIT,CALFIRE-2025-00236,20250701,47,1,701.27,283.79,32.0,,,0,0,0,0,0,,0,0
6962,GREEN,CALFIRE-2025-00237,20250702,45,1,19021.99,7697.93,43.0,,,0,0,0,0,0,,0,0
6963,HORSE,CALFIRE-2025-00238,20250702,45,1,430.11,174.06,7.0,,,0,0,0,0,0,,0,0
6964,MADRE,CALFIRE-2025-00239,20250702,42,14,80779.1,32690.17,24.0,,,0,0,0,2,0,,0,0
6965,QUINN,CALFIRE-2025-00240,20250702,15,14,18.98,7.68,0.0,,,0,0,0,0,0,,0,0
6966,ELWOOD,CALFIRE-2025-00241,20250703,10,11,52.92,21.42,1.0,,,0,0,0,0,0,,0,0
6967,HELENA,CALFIRE-2025-00242,20250703,45,1,114.12,46.18,6.0,,,0,0,0,0,0,,0,0
6968,JACKET,CALFIRE-2025-00243,20250703,47,1,46.08,18.65,20.0,,,0,0,0,0,0,,0,0
6969,RAVINE,CALFIRE-2025-00244,20250703,58,9,34.37,13.91,0.0,,,0,0,0,0,0,,0,0
6970,BUTLER,CALFIRE-2025-00245,20250704,12,14,21057.61,8521.72,69.0,,,0,0,0,0,0,,0,0
6971,DISTRICT,CALFIRE-2025-00246,20250704,4,2,41.84,16.93,2.0,,,0,0,0,0,0,,0,0
6972,GROVE,CALFIRE-2025-00247,20250704,4,7,78.18,31.64,2.0,39.37493,-121.41524,4,2,0,0,0,,0,0
6973,HART,CALFIRE-2025-00248,20250704,15,14,21.59,8.74,0.0,,,0,0,0,0,0,,0,0
6974,CABLE,CALFIRE-2025-00249,20250705,9,14,0.27,0.11,0.0,,,0,0,0,0,0,,0,0
6975,CACTUS,CALFIRE-2025-00250,20250705,33,2,20.83,8.43,0.0,,,0,0,0,0,0,,0,0
6976,CEMETARY,CALFIRE-2025-00251,20250705,15,14,15.24,6.17,0.0,,,0,0,0,0,0,,0,0
6977,GREEN,CALFIRE-2025-00252,20250705,33,14,8.39,3.4,0.0,,,0,0,0,0,0,,0,0
6978,HANKS,CALFIRE-2025-00253,20250705,15,10,1.4,0.56,1.0,,,0,0,0,0,0,,0,0
6979,IGNACIO,CALFIRE-2025-00254,20250705,33,11,21.24,8.6,0.0,,,0,0,0,0,0,,0,0
6980,RANCHO,CALFIRE-2025-00255,20250705,40,2,27.51,11.13,0.0,36.54627,-119.59624,0,0,0,0,0,,0,0
6981,RIVER 2,CALFIRE-2025-00256,20250705,40,7,2.6,1.05,0.0,,,0,0,0,0,0,,0,0
6982,RUTH,CALFIRE-2025-00257,20250705,52,14,1.77,0.72,0.0,40.34276,-121.78243,6,3,0,0,0,,0,0
6983,SAGE,CALFIRE-2025-00258,20250705,33,14,9.1,3.68,0.0,,,0,0,0,0,0,,0,0
6984,FLUME,CALFIRE-2025-00259,20250706,15,10,58.28,23.59,9.0,,,0,0,0,0,0,,0,0
6985,VAN CLIEF RD STEVENSON,CALFIRE-2025-00260,20250706,22,14,18.27,7.39,0.0,,,0,0,0,0,0,,0,0
6986,BRIDGE,CALFIRE-2025-00261,20250707,12,10,419.0,169.56,2.0,,,0,0,0,0,0,,0,0
6987,CORNING,CALFIRE-2025-00262,20250707,52,2,15.21,6.15,0.0,39.92935,-122.29809,0,0,0,0,0,,0,0
6988,CYRUS,CALFIRE-2025-00263,20250707,15,14,10.85,4.39,0.0,,,0,0,0,0,0,,0,0
6989,FISH,CALFIRE-2025-00264,20250707,10,14,23.25,9.41,0.0,,,0,0,0,0,0,,0,0
6990,NICHOLS,CALFIRE-2025-00265,20250707,33,2,47.5,19.22,0.0,,,0,0,0,0,0,,0,0
6991,NORTHSTAR,CALFIRE-2025-00266,20250707,58,14,0.0,0.0,0.0,,,0,0,0,0,0,,0,0
6992,NORTHSTAR II,CALFIRE-2025-00267,20250707,58,14,0.0,0.0,0.0,,,0,0,0,0,0,,0,0
6993,NORTHSTAR III,CALFIRE-2025-00268,20250707,58,14,0.0,0.0,0.0,,,0,0,0,0,0,,0,0
6994,OILFIELD,CALFIRE-2025-00269,20250707,15,14,5.46,2.21,0.0,,,0,0,0,0,0,,0,0
6995,PYRITE,CALFIRE-2025-00270,20250707,33,14,98.19,39.74,1.0,,,0,0,0,0,0,,0,0
6996,RED,CALFIRE-2025-00271,20250707,12,1,115.83,46.87,,37.08599,-119.69102,0,0,0,0,0,,0,0
6997,VASQUEZ,CALFIRE-2025-00272,20250707,27,10,2.23,0.9,0.0,,,0,0,0,0,0,,0,0
6998,STEELE 2,CALFIRE-2025-00273,20250709,37,14,28.41,11.5,0.0,,,0,0,0,0,0,,0,0
6999,AIRPORT,CALFIRE-2025-00274,20250710,59,14,3.42,1.38,,,,0,0,0,0,0,,0,0
7000,MADERA,CALFIRE-2025-00275,20250710,33,2,19.07,7.72,0.0,,,0,0,0,0,0,,0,0
7001,MOORE,CALFIRE-2025-00276,20250710,58,14,17.89,7.24,0.0,,,0,0,0,0,0,,0,0
7002,RECHE,CALFIRE-2025-00277,20250710,33,2,18.24,7.38,0.0,,,0,0,0,0,0,,0,0
7003,ALTA,CALFIRE-2025-00278,20250711,18,10,0.02,0.01,0.0,39.42242,-121.46861,0,0,0,0,0,,0,0
7004,SPRINGS 3,CALFIRE-2025-00279,20250711,37,10,49.86,20.18,1.0,,,0,0,0,0,0,,0,0
7005,BEALE,CALFIRE-2025-00280,20250712,15,14,10.52,4.26,1.0,,,0,0,0,0,0,,0,0
7006,ISLAND,CALFIRE-2025-00281,20250712,52,4,10.6,4.29,0.0,40.17801,-122.22803,0,0,0,0,0,,0,0
7007,SHIRLEY,CALFIRE-2025-00282,20250712,4,11,1.25,0.51,0.0,39.47572,-121.35745,2,0,0,0,0,,0,0
7008,STARDUST,CALFIRE-2025-00283,20250712,58,2,12.2,4.94,0.0,,,0,0,0,0,0,,0,0
7009,MAX,CALFIRE-2025-00284,20250713,59,9,410.02,165.93,9.0,,,0,0,0,0,0,,0,0
7010,MONICA,CALFIRE-2025-00285,20250713,15,14,7.41,3.0,0.0,,,0,0,0,0,0,,0,0
7011,FANDANGO,CALFIRE-2025-00286,20250714,18,14,13.49,5.46,0.0,,,0,0,0,0,0,,0,0
7012,GENERAL,CALFIRE-2025-00287,20250714,15,14,44.19,17.88,0.0,,,0,0,0,0,0,,0,0
7013,FAY,CALFIRE-2025-00288,20250715,15,14,648.16,262.3,7.0,,,0,0,0,0,0,,0,0
7014,FOBES,CALFIRE-2025-00289,20250715,36,8,21.5,8.7,0.0,,,0,0,0,0,0,,0,0
7015,BAKER,CALFIRE-2025-00290,20250716,52,9,16.6,6.72,0.0,40.17276,-122.26543,0,0,0,0,0,,0,0
7016,BRADFORD BRANCH,CALFIRE-2025-00291,20250716,33,10,11.35,4.59,0.0,,,0,0,0,0,0,,0,0
7017,DALE,CALFIRE-2025-00292,20250716,33,14,1038.64,420.32,6.0,33.51703,-116.7185,0,0,0,0,0,,0,0
7018,DEBBIE,CALFIRE-2025-00293,20250716,18,14,53.38,21.6,1.0,,,0,0,0,0,0,,0,0
7019,LITTLE,CALFIRE-2025-00294,20250717,18,2,15.89,6.43,0.0,37.92881,-120.63591,0,0,0,0,0,,0,0
7020,MOUNTAIN,CALFIRE-2025-00295,20250718,15,14,8.44,3.41,0.0,,,0,0,0,0,0,,0,0
7021,RANCHITA,CALFIRE-2025-00296,20250718,40,2,4.41,1.79,0.0,,,0,0,0,0,0,,0,0
7022,AURORA,CALFIRE-2025-00297,20250719,15,1,47.05,19.04,2.0,,,0,0,0,0,0,,0,0
7023,COULTER,CALFIRE-2025-00298,20250719,9,2,25.75,10.42,0.0,,,0,0,0,0,0,,0,0
7024,JURY,CALFIRE-2025-00299,20250719,5,11,53.71,21.74,0.0,,,0,0,0,0,0,,0,0
7025,ALTA,CALFIRE-2025-00300,20250720,4,2,16.11,6.52,0.0,39.42242,-121.46861,1,2,0,0,0,,0,0
7026,TRAP,CALFIRE-2025-00301,20250720,22,9,38.32,15.51,4.0,37.51493,-120.01058,0,0,0,0,0,,0,0
7027,CREST,CALFIRE-2025-00302,20250721,14,1,8.49,3.44,9.0,,,0,0,0,0,0,,0,0
7028,HONOLULU 3,CALFIRE-2025-00303,20250721,59,14,1.55,0.63,0.0,,,0,0,0,0,0,,0,0
7029,HOSKING 3,CALFIRE-2025-00304,20250721,15,7,17.7,7.16,1.0,,,0,0,0,0,0,,0,0
7030,CUESTA,CALFIRE-2025-00305,20250722,40,10,3.71,1.5,0.0,,,0,0,0,0,0,,0,0
7031,MAYHEWS,CALFIRE-2025-00306,20250722,59,14,1.41,0.57,0.0,,,0,0,0,0,0,,0,0
7032,4-1 WASHINGTON,CALFIRE-2025-00307,20250724,18,1,20.47,8.29,12.0,,,0,0,0,0,0,,0,0
7033,POSTA,CALFIRE-2025-00308,20250724,37,14,19.08,7.72,0.0,,,0,0,0,0,0,,0,0
7034,3-5 LITTLE,CALFIRE-2025-00309,20250725,18,1,48.16,19.49,0.0,,,0,0,0,0,0,,0,0
7035,CHESTER,CALFIRE-2025-00310,20250725,15,11,3.53,1.43,0.0,,,0,0,0,0,0,,0,0
7036,KECKS,CALFIRE-2025-00311,20250725,15,14,42.7,17.28,0.0,,,0,0,0,0,0,,0,0
7037,MAMMOTH,CALFIRE-2025-00312,20250725,25,1,2534.27,1025.58,7.0,,,0,0,0,0,0,,0,0
7038,PEARL,CALFIRE-2025-00313,20250725,59,14,39.71,16.07,0.0,,,0,0,0,0,0,,0,0
7039,SHADY,CALFIRE-2025-00314,20250725,33,14,52.4,21.21,2.0,,,0,0,0,0,0,,0,0
7040,SLIGER,CALFIRE-2025-00315,20250725,9,1,14.87,6.02,0.0,,,0,0,0,0,0,,0,0
7041,W-2 FITZHUGH,CALFIRE-2025-00316,20250725,18,1,20.42,8.27,4.0,,,0,0,0,0,0,,0,0
7042,WOODY,CALFIRE-2025-00317,20250725,15,14,60.52,24.49,0.0,,,0,0,0,0,0,,0,0
7043,BONEYARD 2,CALFIRE-2025-00318,20250726,5,10,202.37,81.9,1.0,,,0,0,0,0,0,,0,0
7044,BROWN,CALFIRE-2025-00319,20250727,15,14,76.71,31.05,0.0,,,0,0,0,0,0,,0,0
7045,MEDICINE,CALFIRE-2025-00320,20250727,23,4,262.83,106.37,7.0,,,0,0,0,0,0,,0,0
7046,GRADE,CALFIRE-2025-00321,20250728,17,11,0.03,0.01,0.0,40.27689,-120.52033,0,0,0,0,0,,0,0
7047,PEAK,CALFIRE-2025-00322,20250729,56,14,0.22,0.09,0.0,36.52462,-118.89601,0,0,0,0,0,,0,0
7048,CLEAR,CALFIRE-2025-00323,20250730,32,1,10.64,4.3,1.0,39.75761,-120.58502,0,0,0,0,0,,0,0
7049,ROSAMOND,CALFIRE-2025-00324,20250730,15,14,38.63,15.63,1.0,,,0,0,0,0,0,,0,0
7050,1-4 PEAK,CALFIRE-2025-00325,20250731,18,7,259.65,105.08,3.0,,,0,0,0,0,0,,0,0
7051,BIG CLIFF,CALFIRE-2025-00326,20250731,47,1,973.51,393.97,42.0,,,0,0,0,0,0,,0,0
7052,HOWARDS,CALFIRE-2025-00327,20250731,25,1,100.69,40.75,3.0,,,0,0,0,0,0,,0,0
7053,GIFFORD,CALFIRE-2025-00328,20250801,42,14,131613.5,53262.14,74.0,35.09662,-120.1458,4,1,0,0,0,,0,0
7054,LASSEN,CALFIRE-2025-00329,20250801,52,14,50.84,20.58,0.0,39.91263,-121.92135,1,0,0,0,0,,0,0
7055,OAK,CALFIRE-2025-00330,20250802,33,2,45.9,18.58,2.0,37.02661,-119.51705,0,0,0,0,0,,0,0
7056,RADAR,CALFIRE-2025-00331,20250802,25,1,18.92,7.65,1.0,,,0,0,0,0,0,,0,0
7057,RUSH,CALFIRE-2025-00332,20250802,59,14,12.93,5.23,1.0,40.02608,-121.12627,0,0,0,0,0,,0,0
7058,HONEYHILL,CALFIRE-2025-00333,20250803,36,14,1.39,0.56,0.0,,,0,0,0,0,0,,0,0
7059,LAKE,CALFIRE-2025-00334,20250803,17,14,397.72,160.95,1.0,38.97627,-122.65108,5,5,0,0,0,,0,0
7060,TANK,CALFIRE-2025-00335,20250803,40,11,1.41,0.57,0.0,,,0,0,0,0,0,,0,0
7061,CLAYPIT,CALFIRE-2025-00336,20250804,9,7,131.11,53.06,0.0,,,0,0,0,0,0,,0,0
7062,GOLD,CALFIRE-2025-00337,20250804,36,14,1036.11,419.3,12.0,,,0,0,0,0,0,,0,0
7063,RANCH,CALFIRE-2025-00338,20250804,58,14,125.05,50.61,0.0,34.41223,-117.0979,0,0,0,0,0,,0,0
7064,ROSA,CALFIRE-2025-00339,20250804,33,14,1670.9,676.19,8.0,33.57978,-116.48301,2,0,0,0,0,,0,0
7065,CANYON,CALFIRE-2025-00340,20250806,19,14,5367.72,2172.24,5.0,34.47651,-118.67908,15,0,0,0,0,,0,0
7066,FARM,CALFIRE-2025-00341,20250806,45,2,13.72,5.55,1.0,,,0,0,0,0,0,,0,0
7067,LOPEZ,CALFIRE-2025-00342,20250806,40,10,2.08,0.84,0.0,,,0,0,0,0,0,,0,0
7068,POND,CALFIRE-2025-00343,20250806,23,14,25.17,10.19,6.0,,,0,0,0,0,0,,0,0
7069,BUTTE,CALFIRE-2025-00344,20250807,25,1,40.64,16.45,2.0,,,0,0,0,0,0,,0,0
7070,BERRY,CALFIRE-2025-00345,20250808,17,2,67.2,27.19,6.0,,,0,0,0,0,0,,0,0
7071,RUNNER,CALFIRE-2025-00346,20250808,37,9,88.4,35.77,0.0,,,0,0,0,0,0,,0,0
7072,TIGER,CALFIRE-2025-00347,20250808,3,7,117.53,47.56,1.0,38.43859,-120.51793,0,0,0,0,0,,0,0
7073,ARDEN,CALFIRE-2025-00348,20250809,17,7,26.04,10.54,1.0,39.10015,-122.80342,2,3,0,0,0,,0,0
7074,MARIPOSA,CALFIRE-2025-00349,20250809,36,10,11.88,4.81,0.0,,,0,0,0,0,0,,0,0
7075,RICHBAR,CALFIRE-2025-00350,20250809,15,14,158.32,64.07,7.0,,,0,0,0,0,0,,0,0
7076,SKAGGS,CALFIRE-2025-00351,20250809,59,14,0.92,0.37,5.0,,,0,0,0,0,0,,0,0
7077,WILDWOOD,CALFIRE-2025-00352,20250809,15,14,158.71,64.23,1.0,,,0,0,0,0,0,,0,0
7078,CLARK,CALFIRE-2025-00353,20250810,18,5,50.71,20.52,3.0,40.92083,-121.17498,0,0,0,0,0,,0,0
7079,PONDEROSA,CALFIRE-2025-00354,20250810,58,2,87.25,35.31,5.0,,,0,0,0,0,0,,0,0
7080,MOUNTAIN,CALFIRE-2025-00355,20250811,25,1,979.92,396.56,5.0,,,0,0,0,0,0,,0,0
7081,UTAH,CALFIRE-2025-00356,20250811,22,9,11.39,4.61,1.0,37.57454,-120.12783,1,3,0,0,0,,0,0
7082,PEREZ,CALFIRE-2025-00357,20250812,25,10,15.31,6.2,1.0,,,0,0,0,0,0,,0,0
7083,WIND,CALFIRE-2025-00358,20250812,15,14,59.41,24.04,0.0,,,0,0,0,0,0,,0,0
7084,ALPAUGH,CALFIRE-2025-00359,20250814,59,14,325.88,131.88,,,,0,0,0,0,0,,0,0
7085,HAWK,CALFIRE-2025-00360,20250814,19,14,480.25,194.35,3.0,,,0,0,0,0,0,,0,0
7086,HEATHER,CALFIRE-2025-00361,20250814,47,2,228.57,92.5,0.0,41.93203,-122.40218,1,1,0,0,0,,0,0
7087,KING,CALFIRE-2025-00362,20250814,19,14,577.15,233.56,3.0,,,0,0,0,0,0,,0,0
7088,CARLOS,CALFIRE-2025-00363,20250818,40,2,42.71,17.29,0.0,,,0,0,0,0,0,,0,0
7089,SAWYER,CALFIRE-2025-00364,20250818,23,10,7.68,3.11,2.0,,,0,0,0,0,0,,0,0
7090,309,CALFIRE-2025-00365,20250819,59,14,15.04,6.09,1.0,,,0,0,0,0,0,,0,0
7091,COYOTE,CALFIRE-2025-00366,20250820,9,7,623.91,252.49,4.0,40.40681,-120.52746,0,0,0,0,0,,0,0
7092,DEEP,CALFIRE-2025-00367,20250821,18,10,2.62,1.06,0.0,,,0,0,0,0,0,,0,0
7093,PICKETT,CALFIRE-2025-00368,20250821,28,14,6822.29,2760.89,17.0,38.64953,-122.48792,5,0,0,0,0,,0,0
7094,CACHUMA,CALFIRE-2025-00369,20250822,42,2,0.09,0.04,0.0,,,0,0,0,0,0,,0,0
7095,LITTLE,CALFIRE-2025-00370,20250822,5,14,2506.55,1014.36,10.0,37.92881,-120.63591,0,0,0,0,0,,0,0
7096,PANAMA,CALFIRE-2025-00371,20250822,15,14,32.75,13.25,0.0,,,0,0,0,0,0,,0,0
7097,STONE,CALFIRE-2025-00372,20250822,27,2,1.58,0.64,0.0,,,0,0,0,0,0,,0,0
7098,WILLOW,CALFIRE-2025-00373,20250822,15,14,8.38,3.39,1.0,,,0,0,0,0,0,,0,0
7099,CLUB,CALFIRE-2025-00374,20250823,30,1,4.2,1.7,0.0,,,0,0,0,0,0,,0,0
7100,LIERLY,CALFIRE-2025-00375,20250823,15,14,131.34,53.15,0.0,,,0,0,0,0,0,,0,0
7101,LOOP,CALFIRE-2025-00376,20250823,15,14,11.73,4.75,0.0,,,0,0,0,0,0,,0,0
7102,LOST HILLS,CALFIRE-2025-00377,20250823,15,14,277.94,112.48,0.0,,,0,0,0,0,0,,0,0
7103,POINT,CALFIRE-2025-00378,20250823,45,7,42.89,17.36,1.0,,,0,0,0,0,0,,0,0
7104,TANABE,CALFIRE-2025-00379,20250823,58,14,39.57,16.01,0.0,,,0,0,0,0,0,,0,0
7105,VAIL,CALFIRE-2025-00380,20250823,33,1,54.97,22.25,0.0,,,0,0,0,0,0,,0,0
7106,BEAR,CALFIRE-2025-00381,20250824,47,1,11.63,4.71,3.0,,,0,0,0,0,0,,0,0
7107,GARNET,CALFIRE-2025-00382,20250824,10,1,60019.23,24288.94,60.0,36.90471,-119.11938,0,0,0,0,0,,0,0
7108,LOOK,CALFIRE-2025-00383,20250824,54,1,10.8,4.37,2.0,,,0,0,0,0,0,,0,0
7109,PINE,CALFIRE-2025-00384,20250824,15,14,6.43,2.6,0.0,,,0,0,0,0,0,,0,0
7110,R-3 WILLOW,CALFIRE-2025-00385,20250824,18,1,144.48,58.47,5.0,,,0,0,0,0,0,,0,0
7111,R-5 BRANHAM,CALFIRE-2025-00386,20250824,18,1,2.58,1.05,1.0,,,0,0,0,0,0,,0,0
7112,WENTWORTH,CALFIRE-2025-00387,20250824,59,1,1.38,0.56,0.0,,,0,0,0,0,0,,0,0
7113,YORK,CALFIRE-2025-00388,20250824,47,1,86.16,34.87,0.0,,,0,0,0,0,0,,0,0
7114,3-22 MUCK,CALFIRE-2025-00389,20250825,18,1,39.82,16.11,2.0,,,0,0,0,0,0,,0,0
7115,ABERDEEN,CALFIRE-2025-00390,20250825,14,14,90.84,36.76,7.0,,,0,0,0,0,0,,0,0
7116,BREEZE,CALFIRE-2025-00391,20250825,59,1,34.43,13.93,,,,0,0,0,0,0,,0,0
7117,DILLON,CALFIRE-2025-00392,20250825,12,1,11929.38,4827.65,73.0,,,0,0,0,0,0,,0,0
7118,GROVE,CALFIRE-2025-00393,20250825,32,1,1.71,0.69,1.0,39.37493,-121.41524,0,0,0,0,0,,0,0
7119,HIGH,CALFIRE-2025-00394,20250825,10,10,35.69,14.44,2.0,,,0,0,0,0,0,,0,0
7120,PASKENTA,CALFIRE-2025-00395,20250825,52,1,65.22,26.4,0.0,,,0,0,0,0,0,,0,0
7121,PEAK,CALFIRE-2025-00396,20250825,54,1,505.3,204.49,34.0,36.52462,-118.89601,2,0,0,0,0,,0,0
7122,R-10 SPANISH,CALFIRE-2025-00397,20250825,18,1,97.0,39.26,1.0,,,0,0,0,0,0,,0,0
7123,R-12 RAMHORN,CALFIRE-2025-00398,20250825,18,1,3.29,1.33,1.0,,,0,0,0,0,0,,0,0
7124,R-8 RAILROAD,CALFIRE-2025-00399,20250825,18,1,1.64,0.66,2.0,,,0,0,0,0,0,,0,0
7125,SLOUGH,CALFIRE-2025-00400,20250825,47,1,4.97,2.01,0.0,,,0,0,0,0,0,,0,0
7126,6-3,CALFIRE-2025-00401,20250826,4,1,10.9,4.41,0.0,,,0,0,0,0,0,,0,0
7127,BUTTER,CALFIRE-2025-00402,20250826,15,1,47.95,19.4,8.0,,,0,0,0,0,0,,0,0
7128,GARDEN,CALFIRE-2025-00403,20250826,47,1,17.24,6.98,5.0,,,0,0,0,0,0,,0,0
7129,H-10,CALFIRE-2025-00404,20250826,45,1,12.62,5.11,0.0,,,0,0,0,0,0,,0,0
7130,ISLAND,CALFIRE-2025-00405,20250826,32,1,2.58,1.04,1.0,40.17801,-122.22803,0,0,0,0,0,,0,0
7131,KIBBIE,CALFIRE-2025-00406,20250826,59,1,18.69,7.56,17.0,,,0,0,0,0,0,,0,0
7132,LOG,CALFIRE-2025-00407,20250826,47,1,1169.69,473.36,37.0,,,0,0,0,0,0,,0,0
7133,LONG VALLEY,CALFIRE-2025-00408,20250826,59,1,6.24,2.52,1.0,,,0,0,0,0,0,,0,0
7134,MURPHY,CALFIRE-2025-00409,20250826,47,1,11.9,4.82,5.0,,,0,0,0,0,0,,0,0
7135,R-13 PETES,CALFIRE-2025-00410,20250826,18,1,6.28,2.54,1.0,,,0,0,0,0,0,,0,0
7136,5-4,CALFIRE-2025-00411,20250827,45,1,31.45,12.73,0.0,,,0,0,0,0,0,,0,0
7137,BLUE,CALFIRE-2025-00412,20250827,47,1,3712.53,1502.41,47.0,,,0,0,0,0,0,,0,0
7138,CRATER,CALFIRE-2025-00413,20250827,59,1,16.13,6.53,0.0,,,0,0,0,0,0,,0,0
7139,LAKE,CALFIRE-2025-00414,20250827,25,1,398.13,161.12,1.0,38.97627,-122.65108,0,0,0,0,0,,0,0
7140,PARKVILLE,CALFIRE-2025-00415,20250827,45,1,23.9,9.67,0.0,,,0,0,0,0,0,,0,0
7141,VINEYARD,CALFIRE-2025-00416,20250828,40,10,2.95,1.19,0.0,,,0,0,0,0,0,,0,0
7142,LICK,CALFIRE-2025-00417,20250829,45,1,36.69,14.85,67.0,,,0,0,0,0,0,,0,0
7143,RIFLE,CALFIRE-2025-00418,20250829,23,2,1.15,0.47,0.0,,,0,0,0,0,0,,0,0
7144,COACH,CALFIRE-2025-00419,20250830,27,2,13.58,5.49,1.0,,,0,0,0,0,0,,0,0
7145,LAKE,CALFIRE-2025-00420,20250830,23,14,1.61,0.65,0.0,38.97627,-122.65108,0,0,0,0,0,,0,0
7146,SKY,CALFIRE-2025-00421,20250830,52,10,0.07,0.03,0.0,,,0,0,0,0,0,,0,0
7147,TOMBSTONE,CALFIRE-2025-00422,20250830,59,1,48.28,19.54,79.0,,,0,0,0,0,0,,0,0
7148,KETTLE,CALFIRE-2025-00423,20250831,59,1,23.83,9.64,8.0,,,0,0,0,0,0,,0,0
7149,OAKS,CALFIRE-2025-00424,20250831,40,14,0.2,0.08,0.0,,,0,0,0,0,0,,0,0
7150,STONEWALL,CALFIRE-2025-00425,20250831,27,7,31.06,12.57,0.0,,,0,0,0,0,0,,0,0
7151,FUEL,CALFIRE-2025-00426,20250901,10,10,10.32,4.18,1.0,,,0,0,0,0,0,,0,0
7152,ROOT,CALFIRE-2025-00427,20250901,45,4,728.68,294.88,61.0,,,0,0,0,0,0,,0,0
7153,S-14,CALFIRE-2025-00428,20250901,18,14,44.31,17.93,1.0,,,0,0,0,0,0,,0,0
7154,SPRINGS,CALFIRE-2025-00429,20250901,52,9,33.48,13.55,0.0,,,0,0,0,0,0,,0,0
7155,VALLEY,CALFIRE-2025-00430,20250901,5,2,17.2,6.96,0.0,38.19068,-120.83306,0,1,0,0,0,,0,0
7156,1-2,CALFIRE-2025-00431,20250902,5,1,40.38,16.34,0.0,,,0,0,0,0,0,,0,0
7157,1-3,CALFIRE-2025-00432,20250902,22,1,150.84,61.04,2.0,,,0,0,0,0,0,,0,0
7158,1-4,CALFIRE-2025-00433,20250902,18,1,4451.06,1801.28,2.0,40.43824,-120.65783,0,0,0,0,0,,0,0
7159,18-1,CALFIRE-2025-00434,20250902,24,1,463.03,187.38,0.0,37.21604,-120.08419,0,0,0,0,0,,0,0
7160,2-2,CALFIRE-2025-00435,20250902,5,1,3462.84,1401.36,4.0,,,0,0,0,0,0,,0,0
7161,2-3,CALFIRE-2025-00436,20250902,5,1,285.25,115.44,7.0,,,0,0,0,0,0,,0,0
7162,2-7,CALFIRE-2025-00437,20250902,5,1,615.75,249.19,7.0,,,0,0,0,0,0,,0,0
7163,2-8,CALFIRE-2025-00438,20250902,5,1,1339.8,542.2,7.0,,,0,0,0,0,0,,0,0
7164,5-2,CALFIRE-2025-00439,20250902,5,1,2.84,1.15,1.0,,,0,0,0,0,0,,0,0
7165,6-2,CALFIRE-2025-00440,20250902,5,1,1024.86,414.75,11.0,,,0,0,0,0,0,,0,0
7166,6-5,CALFIRE-2025-00441,20250902,5,1,6958.0,2815.8,11.0,,,0,0,0,0,0,,0,0
7167,BROWN,CALFIRE-2025-00442,20250902,9,1,166.72,67.47,5.0,,,0,0,0,0,0,,0,0
7168,CEDAR,CALFIRE-2025-00443,20250902,45,14,91.45,37.01,14.0,,,0,0,0,0,0,,0,0
7169,FOOTHILL,CALFIRE-2025-00444,20250902,42,11,45.62,18.46,0.0,,,0,0,0,0,0,,0,0
7170,FOREBAY,CALFIRE-2025-00445,20250902,4,1,33.86,13.7,0.0,,,0,0,0,0,0,,0,0
7171,GRANITE,CALFIRE-2025-00446,20250902,4,1,20.9,8.46,0.0,,,0,0,0,0,0,,0,0
7172,HORNITOS 1-2,CALFIRE-2025-00447,20250902,22,1,166.95,67.56,1.0,,,0,0,0,0,0,,0,0
7173,MICHIGAN,CALFIRE-2025-00448,20250902,9,1,33.97,13.75,0.0,,,0,0,0,0,0,,0,0
7174,ORANGE,CALFIRE-2025-00449,20250902,50,2,10.27,4.16,0.0,37.78847,-120.74279,0,2,0,0,0,,0,0
7175,PARK,CALFIRE-2025-00450,20250902,27,1,14.95,6.05,1.0,,,0,0,0,0,0,,0,0
7176,PUMP,CALFIRE-2025-00451,20250902,15,14,5.35,2.16,0.0,,,0,0,0,0,0,,0,0
7177,ROCK,CALFIRE-2025-00452,20250902,9,1,146.85,59.43,3.0,,,0,0,0,0,0,,0,0
7178,SALT,CALFIRE-2025-00453,20250902,10,1,25553.55,10341.16,15.0,36.03846,-120.39929,0,0,0,0,0,,0,0
7179,BEAN,CALFIRE-2025-00454,20250903,32,1,3.71,1.5,1.0,,,0,0,0,0,0,,0,0
7180,COTTONWOOD,CALFIRE-2025-00455,20250905,56,14,25.54,10.33,0.0,,,0,0,0,0,0,,0,0
7181,LODGE,CALFIRE-2025-00456,20250905,59,4,77.02,31.17,8.0,,,0,0,0,0,0,,0,0
7182,SPRINGS,CALFIRE-2025-00457,20250905,36,14,32.74,13.25,1.0,,,0,0,0,0,0,,0,0
7183,CRUMP,CALFIRE-2025-00458,20250906,33,14,55.25,22.36,0.0,,,0,0,0,0,0,,0,0
7184,RIVER,CALFIRE-2025-00459,20250906,52,7,2.16,0.88,0.0,40.3664,-122.1969,0,0,0,0,0,,0,0
7185,WATTERSON,CALFIRE-2025-00460,20250906,59,1,1.82,0.73,0.0,,,0,0,0,0,0,,0,0
7186,AQUADUCT,CALFIRE-2025-00461,20250907,15,1,13.78,5.58,2.0,,,0,0,0,0,0,,0,0
7187,COCHES 2,CALFIRE-2025-00462,20250908,37,14,5.3,2.14,0.0,32.83432,-116.90143,9,5,0,0,0,,0,0
7188,BOGGS,CALFIRE-2025-00463,20250910,52,1,135.03,54.64,0.0,,,0,0,0,0,0,,0,0
7189,BUELL,CALFIRE-2025-00464,20250910,45,1,13.06,5.29,0.0,,,0,0,0,0,0,,0,0
7190,GRADE,CALFIRE-2025-00465,20250913,18,14,7.18,2.91,0.0,40.27689,-120.52033,0,0,0,0,0,,0,0
7191,HOPPER,CALFIRE-2025-00466,20250915,23,9,2.0,0.81,0.0,,,0,0,0,0,0,,0,0
7192,FOOTHILL,CALFIRE-2025-00467,20250916,23,7,2.18,0.88,0.0,,,0,0,0,0,0,,0,0
7193,ELK,CALFIRE-2025-00468,20250917,15,14,12.66,5.12,0.0,,,0,0,0,0,0,,0,0
7194,PASS,CALFIRE-2025-00469,20250917,14,10,27.2,11.01,3.0,,,0,0,0,0,0,,0,0
7195,COOKS,CALFIRE-2025-00470,20250918,9,10,0.59,0.24,0.0,,,0,0,0,0,0,,0,0
7196,UPHILL,CALFIRE-2025-00471,20250922,9,2,22.23,9.0,0.0,,,0,0,0,0,0,,0,0
7197,BALDY,CALFIRE-2025-00472,20250924,23,7,3.86,1.56,1.0,,,0,0,0,0,0,,0,0
7198,BLUE,CALFIRE-2025-00473,20250924,36,10,2.64,1.07,0.0,,,0,0,0,0,0,,0,0
7199,ORCHARD,CALFIRE-2025-00474,20250924,15,10,8.02,3.24,0.0,,,0,0,0,0,0,,0,0
7200,BALDY 2,CALFIRE-2025-00475,20250925,23,7,7.04,2.85,0.0,,,0,0,0,0,0,,0,0
7201,JOAQUIN,CALFIRE-2025-00476,20250925,10,1,37.0,14.97,2.0,,,0,0,0,0,0,,0,0
7202,RIVER,CALFIRE-2025-00477,20250927,15,14,5.61,2.27,0.0,40.3664,-122.1969,0,0,0,0,0,,0,0
7203,VLECK,CALFIRE-2025-00478,20250929,9,2,32.08,12.98,0.0,,,0,0,0,0,0,,0,0
7204,BIRD,CALFIRE-2025-00479,20251004,15,14,15.8,6.4,0.0,,,0,0,0,0,0,,0,0
7205,CLEARWATER,CALFIRE-2025-00480,20251006,52,14,2.0,0.81,0.0,40.22194,-122.37585,0,0,0,0,0,,0,0
7206,UNION,CALFIRE-2025-00481,20251006,15,2,19.32,7.82,1.0,,,0,0,0,0,0,,0,0
7207,NICHOLS,CALFIRE-2025-00482,20251007,58,14,12.24,4.96,0.0,,,0,0,0,0,0,,0,0
7208,SANDIA 2,CALFIRE-2025-00483,20251007,37,14,23.98,9.7,0.0,,,0,0,0,0,0,,0,0
7209,SCHOOL,CALFIRE-2025-00484,20251007,44,2,23.34,9.44,0.0,,,0,0,0,0,0,,0,0
7210,TAFT,CALFIRE-2025-00485,20251007,15,14,66.07,26.74,1.0,,,0,0,0,0,0,,0,0
7211,COMPANY,CALFIRE-2025-00486,20251008,23,4,0.17,0.07,0.0,,,0,0,0,0,0,,0,0
7212,SPRINGS,CALFIRE-2025-00487,20251008,15,14,29.33,11.87,2.0,,,0,0,0,0,0,,0,0
7213,RANCHO 3,CALFIRE-2025-00488,20251009,37,10,104.91,42.45,0.0,,,0,0,0,0,0,,0,0
7214,BLACK ROCK,CALFIRE-2025-00489,20251012,36,5,66.43,26.88,10.0,,,0,0,0,0,0,,0,0
7215,ESTRELLA,CALFIRE-2025-00490,20251012,40,14,7.02,2.84,0.0,,,0,0,0,0,0,,0,0
7216,HAROLD,CALFIRE-2025-00491,20251012,19,14,11.45,4.64,3.0,,,0,0,0,0,0,,0,0
7217,CHICKEN,CALFIRE-2025-00492,20251020,23,5,0.61,0.25,0.0,,,0,0,0,0,0,,0,0
7218,JANSS,CALFIRE-2025-00493,20251021,56,14,2.28,0.92,0.0,,,0,0,0,0,0,,0,0
7219,TEMBLOR,CALFIRE-2025-00494,20251021,15,14,3.05,1.23,0.0,,,0,0,0,0,0,,0,0
7220,CANAL,CALFIRE-2025-00495,20251023,15,14,21.39,8.66,0.0,,,0,0,0,0,0,,0,0
7221,DEERWOOD,CALFIRE-2025-00496,20251023,23,5,0.31,0.12,0.0,,,0,0,0,0,0,,0,0
7222,GYLE,CALFIRE-2025-00497,20251027,52,5,18.05,7.31,0.0,39.99929,-122.27386,0,0,0,0,0,,0,0
7223,SAGE,CALFIRE-2025-00498,20251027,14,1,254.1,102.83,17.0,,,0,0,0,0,0,,0,0
7224,BUMMER,CALFIRE-2025-00499,20251029,59,1,294.24,119.07,8.0,,,0,0,0,0,0,,0,0
7225,REST,CALFIRE-2025-00500,20251030,42,1,0.95,0.38,0.0,,,0,0,0,0,0,,0,0
7226,GIANELLI,CALFIRE-2025-00501,20251102,59,1,373.56,151.18,12.0,,,0,0,0,0,0,,0,0
7227,SCISSORS 2,CALFIRE-2025-00502,20251102,37,14,68.07,27.55,0.0,,,0,0,0,0,0,,0,0
7228,BORDER 18,CALFIRE-2025-00503,20251108,37,9,60.56,24.51,1.0,,,0,0,0,0,0,,0,0
7229,HIGHLINE,CALFIRE-2025-00504,20251109,15,14,10.34,4.18,3.0,,,0,0,0,0,0,,0,0
7230,PACK,CALFIRE-2025-00505,20251113,26,9,1974.43,799.03,20.0,37.58376,-118.78388,30,6,0,0,0,,0,0
7231,12TH ST,CALFIRE-2025-00506,20251201,56,4,0.11,0.05,0.0,,,0,0,0,0,0,,0,0
7232,BEAVER,CALFIRE-2025-00507,20251204,59,4,14.76,5.97,1.0,,,0,0,0,0,0,,0,0
7233,STANLEY,CALFIRE-2025-00508,20251206,56,14,0.12,0.05,0.0,,,0,0,0,0,0,,0,0
7234,CANYON,CALFIRE-2025-00509,20251223,27,5,0.17,0.07,0.0,34.47651,-118.67908,0,0,0,0,0,,0,0
7235,HALL,CALFIRE-2025-00510,20251224,27,11,1.09,0.44,0.0,,,0,0,0,0,0,,0,0
