BEGIN_YEARMONTH,BEGIN_DAY,BEGIN_TIME,END_YEARMONTH,END_DAY,END_TIME,EPISODE_ID,EVENT_ID,STATE,STATE_FIPS,YEAR,MONTH_NAME,EVENT_TYPE,CZ_TYPE,CZ_FIPS,CZ_NAME,WFO,BEGIN_DATE_TIME,CZ_TIMEZONE,END_DATE_TIME,INJURIES_DIRECT,INJURIES_INDIRECT,DEATHS_DIRECT,DEATHS_INDIRECT,DAMAGE_PROPERTY,DAMAGE_CROPS,SOURCE,MAGNITUDE,MAGNITUDE_TYPE,FLOOD_CAUSE,CATEGORY,TOR_F_SCALE,TOR_LENGTH,TOR_WIDTH,TOR_OTHER_WFO,TOR_OTHER_CZ_STATE,TOR_OTHER_CZ_FIPS,TOR_OTHER_CZ_NAME,BEGIN_RANGE,BEGIN_AZIMUTH,BEGIN_LOCATION,END_RANGE,END_AZIMUTH,END_LOCATION,BEGIN_LAT,BEGIN_LON,END_LAT,END_LON,EPISODE_NARRATIVE,EVENT_NARRATIVE,DATA_SOURCE
202006,17,1245,202006,22,1825,148143,892100,CALIFORNIA,6,2020,June,Wildfire,Z,517,SANTA LUCIA MOUNTAINS AND LOS PADRES NATIONAL FOREST,MTR,17-JUN-20 12:45:00,PST-8,22-JUN-20 18:25:00,0,0,0,0,0.00K,0.00K,Park/Forest Service,,,,,,,,,,,,,,,,,,,,,,Persistently warm and dry conditions combined with breezy onshore afternoon and evening winds increased fire weather concerns across the region. Multiple wildfires broke out in late June across Monterey County.,"The Ridge Fire broke out in Monterey County burning dry grass, shrub, and oak https://inciweb.nwcg.gov/incident/6784/.",CSV
202006,21,1500,202006,22,1715,148143,892103,CALIFORNIA,6,2020,June,Wildfire,Z,529,NORTHERN MONTEREY BAY,MTR,21-JUN-20 15:00:00,PST-8,22-JUN-20 17:15:00,0,0,0,0,0.00K,0.00K,Fire Department/Rescue,,,,,,,,,,,,,,,,,,,,,,Persistently warm and dry conditions combined with breezy onshore afternoon and evening winds increased fire weather concerns across the region. Multiple wildfires broke out in late June across Monterey County.,The Stage Fire broke out northeast of Salinas in late June and burned 52 acres https://www.fire.ca.gov/incidents/2020/6/21/stage-fire/.,CSV
202006,22,1215,202006,23,700,148143,892108,CALIFORNIA,6,2020,June,Wildfire,Z,516,SOUTHERN SALINAS VALLEY / ARROYO SECO / LAKE SAN ANTONIO,MTR,22-JUN-20 12:15:00,PST-8,23-JUN-20 07:00:00,0,0,0,0,0.00K,0.00K,Fire Department/Rescue,,,,,,,,,,,,,,,,,,,,,,Persistently warm and dry conditions combined with breezy onshore afternoon and evening winds increased fire weather concerns across the region. Multiple wildfires broke out in late June across Monterey County.,The Rico Fire broke out in Monterey County near San Ardo at 2:15 pm local time https://www.fire.ca.gov/incidents/2020/6/22/rico-fire/.,CSV
202006,5,1200,202006,5,1308,148121,891973,CALIFORNIA,6,2020,June,Wildfire,Z,6,SAN FRANCISCO,MTR,05-JUN-20 12:00:00,PST-8,05-JUN-20 13:08:00,1,0,0,0,0.00K,0.00K,Broadcast Media,,,,,,,,,,,,,,,,,,,,,,"An upper low along with a second shortwave trough moved through the region the first weekend of June. A strong onshore pressure gradient brought gusty winds to much of the area. Observations showed gusts of 40 to 60 mph throughout the Bay Area and Central Coast. These winds fueled multiple grass and vegetation fires throughout the area, some of which prompted evacuations.","Wind-driven grass fire reported in the San Francisco neighborhood of Potrero Hill. Evacuations were issued, the fire was contained with no structures damaged https://sanfrancisco.cbslocal.com/2020/06/05/grass-fire-in-san-franciscos-potrero-hill-forces-evacuations/.",CSV
202006,5,1500,202006,16,1500,148121,891990,CALIFORNIA,6,2020,June,Wildfire,Z,506,NORTH BAY INTERIOR VALLEYS,MTR,05-JUN-20 15:00:00,PST-8,16-JUN-20 15:00:00,0,0,0,0,0.00K,0.00K,Broadcast Media,,,,,,,,,,,,,,,,,,,,,,"An upper low along with a second shortwave trough moved through the region the first weekend of June. A strong onshore pressure gradient brought gusty winds to much of the area. Observations showed gusts of 40 to 60 mph throughout the Bay Area and Central Coast. These winds fueled multiple grass and vegetation fires throughout the area, some of which prompted evacuations.",The Lakeville Fire broke out Friday afternoon near Petaluma in Sonoma County. Exact end time uncertain https://www.mercurynews.com/2020/06/06/map-seven-fires-amid-high-winds-in-the-bay-area/.,CSV
202006,6,1500,202006,8,1500,148121,891992,CALIFORNIA,6,2020,June,Wildfire,Z,506,NORTH BAY INTERIOR VALLEYS,MTR,06-JUN-20 15:00:00,PST-8,08-JUN-20 15:00:00,0,0,0,0,0.00K,0.00K,Broadcast Media,,,,,,,,,,,,,,,,,,,,,,"An upper low along with a second shortwave trough moved through the region the first weekend of June. A strong onshore pressure gradient brought gusty winds to much of the area. Observations showed gusts of 40 to 60 mph throughout the Bay Area and Central Coast. These winds fueled multiple grass and vegetation fires throughout the area, some of which prompted evacuations.",The Gulch Fire broke out on Saturday afternoon about a mile from where the Lakeville Fire began near Petaluma https://www.mercurynews.com/2020/06/06/map-seven-fires-amid-high-winds-in-the-bay-area/. Timing approximated.,CSV
202006,6,1600,202006,7,0,148121,891994,CALIFORNIA,6,2020,June,Wildfire,Z,510,EAST BAY INTERIOR VALLEYS,MTR,06-JUN-20 16:00:00,PST-8,07-JUN-20 00:00:00,0,0,0,0,0.00K,0.00K,Broadcast Media,,,,,,,,,,,,,,,,,,,,,,"An upper low along with a second shortwave trough moved through the region the first weekend of June. A strong onshore pressure gradient brought gusty winds to much of the area. Observations showed gusts of 40 to 60 mph throughout the Bay Area and Central Coast. These winds fueled multiple grass and vegetation fires throughout the area, some of which prompted evacuations.","The Willow Fire broke out in Contra Costa County late Saturday afternoon. Like the other wildfires that day, this one was aided in spread by gusty winds https://www.mercurynews.com/2020/06/06/map-seven-fires-amid-high-winds-in-the-bay-area/. Exact end time uncertain.",CSV
202006,8,1400,202006,9,1130,148121,891998,CALIFORNIA,6,2020,June,Wildfire,Z,516,SOUTHERN SALINAS VALLEY / ARROYO SECO / LAKE SAN ANTONIO,MTR,08-JUN-20 14:00:00,PST-8,09-JUN-20 11:30:00,0,0,0,0,0.00K,0.00K,Fire Department/Rescue,,,,,,,,,,,,,,,,,,,,,,"An upper low along with a second shortwave trough moved through the region the first weekend of June. A strong onshore pressure gradient brought gusty winds to much of the area. Observations showed gusts of 40 to 60 mph throughout the Bay Area and Central Coast. These winds fueled multiple grass and vegetation fires throughout the area, some of which prompted evacuations.","The Bradley Fire broke out just north of Bradley in Monterey County on Monday afternoon https://www.fire.ca.gov/incidents/2020/6/8/bradley-fire/. Although winds had begun to die down at this point, breezy conditions still fueled the spread of the fire.",CSV
202012,2,2214,202012,10,1859,154849,933229,CALIFORNIA,6,2020,December,Wildfire,Z,57,SANTA ANA MOUNTAINS AND FOOTHILLS,SGX,02-DEC-20 22:14:00,PST-8,10-DEC-20 18:59:00,2,0,0,0,,0.00K,Fire Department/Rescue,,,,,,,,,,,,,,,,,,,,,,"A strong mid-level trough protruded into the Desert Southwest, which led to strong Santa Ana winds and very dry weather conditions. This led to destructive wildfires and damaging winds across Southern California starting December 2nd and beyond.","Cal Fire reports the start of the Bond Fire from a house fire on the night of December 2nd. Gusty Santa Ana winds aided in the scorching of 6,686 acres in the Santa Ana foothills near Santiago and Silverado Canyons. The area experienced multiple evacuation warnings and road closures, 21 structures damaged and 31 structures destroyed, along with 2 firefighter injuries.",CSV
202012,1,1700,202012,12,730,154849,933226,CALIFORNIA,6,2020,December,Wildfire,Z,48,SAN BERNARDINO AND RIVERSIDE COUNTY VALLEYS - THE INLAND EMPIRE,SGX,01-DEC-20 17:00:00,PST-8,12-DEC-20 07:30:00,0,0,0,0,0.00K,0.00K,Fire Department/Rescue,,,,,,,,,,,,,,,,,,,,,,"A strong mid-level trough protruded into the Desert Southwest, which led to strong Santa Ana winds and very dry weather conditions. This led to destructive wildfires and damaging winds across Southern California starting December 2nd and beyond.","Cal Fire reports 1,087 acre fire near Butterfield Drive and Aviation Drive near the Corona Airport from the 1st until the 12th. The fire prompted closures of Route 71 and the airport, along with evacuation of homes in the region.",CSV
202012,2,2200,202012,3,1835,154849,933232,CALIFORNIA,6,2020,December,Wildfire,Z,50,SAN DIEGO COUNTY VALLEYS,SGX,02-DEC-20 22:00:00,PST-8,03-DEC-20 18:35:00,0,0,0,0,1.00M,0.00K,Fire Department/Rescue,,,,,,,,,,,,,,,,,,,,,,"A strong mid-level trough protruded into the Desert Southwest, which led to strong Santa Ana winds and very dry weather conditions. This led to destructive wildfires and damaging winds across Southern California starting December 2nd and beyond.","Local fire authorities responded to the 30 acre vegetation fire, known as the Willow fire, on the evening of the 2nd. The fire began near 10 pm and may have started from a structure near Willow Glen Drive and Hillsdale Road in Rancho San Diego. 1 home was destroyed and 6 damaged. Wind gusts to 20 mph occurred late Wednesday evening with humidity values in the teens.",CSV
202012,3,200,202012,4,1800,154849,933233,CALIFORNIA,6,2020,December,Wildfire,Z,48,SAN BERNARDINO AND RIVERSIDE COUNTY VALLEYS - THE INLAND EMPIRE,SGX,03-DEC-20 02:00:00,PST-8,04-DEC-20 18:00:00,0,0,0,0,0.00K,0.00K,Fire Department/Rescue,,,,,,,,,,,,,,,,,,,,,,"A strong mid-level trough protruded into the Desert Southwest, which led to strong Santa Ana winds and very dry weather conditions. This led to destructive wildfires and damaging winds across Southern California starting December 2nd and beyond.",CalFire reports 300 acre Cerritos on the western side of Hemet near the 23900 block of California avenue. Wind gusts 25 to 30 mph at time of start and prompted evacuation orders and warnings.,CSV
202010,1,0,202010,31,2359,153361,923447,CALIFORNIA,6,2020,October,Wildfire,Z,192,CENTRAL SIERRA,HNX,01-OCT-20 00:00:00,PST-8,31-OCT-20 23:59:00,0,0,0,0,,,Park/Forest Service,,,,,,,,,,,,,,,,,,,,,,"The Creek fire started at 633 pm PDT on September 4th (Labor Day Weekend) in the vicinity of Big Creek, California near the town of Shaver Lake. The fire was in an area of very heavy tree mortality in the Sierra National Forest. The fire had explosive grown on September 5th and 6th under excessive heat and low humidity, but not much wind. The fire became plume dominated on the 5th and column collapses were noted by AlertFire Cameras late on the 5th within the extremely unstable environment. Damaging fire whirls occurred just north of Mammoth Pool with ground survey estimated winds at 115-125 mph, and near Huntington Lake with patterns indicating winds of 90-107 mph. By the evening of September 6th, the fire fire had grown to 73,278 acres. Extensive smoke allowed the fire to slow some by Monday and Tuesday September 7th-8th, however the fore continued to grow, reaching nearly 153,000 acres by September 9th. Around this time, the complexity of the incident necessitated management of the fire to be split into a north zone and a south zone with 2 overhead teams assigned. The fire closed Highway 168 and may local roads and there were evacuations of as many as 45,000 people. Hundreds of people were rescued by California National Guard helicopters from the Mammoth Pool area and also from the China Peak ski resort. Hot ands dry conditions under strong high pressure continued throughout the remainder of September with extensive smoke often hampering air operations. By the end of September the fire had burned 307,051 acres and had destroyed 853 structures and damaged 64 others. Cost of containment was $106 Million. The fire continued to grow by an average of 2000 acres a day throughout October under warm than normal conditions and low humidities and a couple of offshore wind events. The fire reached  379,571 acres by the end of November.","The Creek Fire continued to burn an average of 2000 acres a day during October under warmer than normal temperatures, low humidities, and a couple of offshore wind events. No additional structures were damaged and spread of the fire was mainly to the northeast. By the end of October, the fire had grown to over 377,000 acres and was 70 percent contained.",CSV
202010,1,0,202010,31,2359,153361,923448,CALIFORNIA,6,2020,October,Wildfire,Z,190,CENTRAL SIERRA FOOTHILLS,HNX,01-OCT-20 00:00:00,PST-8,31-OCT-20 23:59:00,0,0,0,0,,,Park/Forest Service,,,,,,,,,,,,,,,,,,,,,,"The Creek fire started at 633 pm PDT on September 4th (Labor Day Weekend) in the vicinity of Big Creek, California near the town of Shaver Lake. The fire was in an area of very heavy tree mortality in the Sierra National Forest. The fire had explosive grown on September 5th and 6th under excessive heat and low humidity, but not much wind. The fire became plume dominated on the 5th and column collapses were noted by AlertFire Cameras late on the 5th within the extremely unstable environment. Damaging fire whirls occurred just north of Mammoth Pool with ground survey estimated winds at 115-125 mph, and near Huntington Lake with patterns indicating winds of 90-107 mph. By the evening of September 6th, the fire fire had grown to 73,278 acres. Extensive smoke allowed the fire to slow some by Monday and Tuesday September 7th-8th, however the fore continued to grow, reaching nearly 153,000 acres by September 9th. Around this time, the complexity of the incident necessitated management of the fire to be split into a north zone and a south zone with 2 overhead teams assigned. The fire closed Highway 168 and may local roads and there were evacuations of as many as 45,000 people. Hundreds of people were rescued by California National Guard helicopters from the Mammoth Pool area and also from the China Peak ski resort. Hot ands dry conditions under strong high pressure continued throughout the remainder of September with extensive smoke often hampering air operations. By the end of September the fire had burned 307,051 acres and had destroyed 853 structures and damaged 64 others. Cost of containment was $106 Million. The fire continued to grow by an average of 2000 acres a day throughout October under warm than normal conditions and low humidities and a couple of offshore wind events. The fire reached  379,571 acres by the end of November.","The Creek Fire continued to burn an average of 2000 acres a day during October under warmer than normal temperatures, low humidities, and a couple of offshore wind events. No additional structures were damaged and spread of the fire was mainly to the northeast. By the end of October, the fire had grown to over 377,000 acres and was 70 percent contained.",CSV
202008,12,1438,202008,31,1700,151962,915154,CALIFORNIA,6,2020,August,Wildfire,Z,54,LOS ANGELES COUNTY MOUNTAINS EXCLUDING THE SANTA MONICA RANGE,LOX,12-AUG-20 14:38:00,PST-8,31-AUG-20 17:00:00,4,0,0,0,0.00K,0.00K,Fire Department/Rescue,,,,,,,,,,,,,,,,,,,,,,"The Lake Fire burned 31,089 acres in the Angeles National Forest, northeast of the community of Azusa. In total, twelve structures were destroyed and another three were damaged. Four firefighter injuries were reported.","The Lake Fire burned 31,089 acres in the Angeles National Forest, northeast of the community of Azusa. In total, twelve structures were destroyed and another three were damaged. Four firefighter injuries were reported.",CSV
202008,13,1353,202008,28,1700,151963,915156,CALIFORNIA,6,2020,August,Wildfire,Z,54,LOS ANGELES COUNTY MOUNTAINS EXCLUDING THE SANTA MONICA RANGE,LOX,13-AUG-20 13:53:00,PST-8,28-AUG-20 17:00:00,8,0,0,0,0.00K,0.00K,Fire Department/Rescue,,,,,,,,,,,,,,,,,,,,,,"The Ranch 2 Fire burned 4,237 acres in the Angeles National Forest. No structures were destroyed, but eight firefighter injuries were reported.","The Ranch 2 Fire burned 4,237 acres in the Angeles National Forest. No structures were destroyed, but eight firefighter injuries were reported.",CSV
202008,17,1309,202008,23,1700,151964,915157,CALIFORNIA,6,2020,August,Wildfire,Z,44,VENTURA COUNTY INTERIOR VALLEYS,LOX,17-AUG-20 13:09:00,PST-8,23-AUG-20 17:00:00,0,0,0,0,0.00K,0.00K,Fire Department/Rescue,,,,,,,,,,,,,,,,,,,,,,"The Holser Fire burned 2,142 acres across the interior valley of Ventura county, near Lake Piru. No structure damage or injuries were reported.","The Holser Fire burned 2,142 acres across the interior valley of Ventura county, near Lake Piru. No structure damage or injuries were reported.",CSV
202007,27,1500,202007,27,2100,151873,914975,CALIFORNIA,6,2020,July,Wildfire,Z,54,LOS ANGELES COUNTY MOUNTAINS EXCLUDING THE SANTA MONICA RANGE,LOX,27-JUL-20 15:00:00,PST-8,27-JUL-20 21:00:00,0,0,0,0,0.00K,0.00K,Fire Department/Rescue,,,,,,,,,,,,,,,,,,,,,,The Ridge Fire burned 310 acres along Highway 138 in the mountains of Los Angeles county. One home was destroyed.,"The Ridge Fire scorched 310 acres in the mountains of Los Angeles county, near Highway 138. One home was destroyed by the fire.",CSV
202008,1,1714,202008,9,1700,151961,915153,CALIFORNIA,6,2020,August,Wildfire,Z,37,SAN LUIS OBISPO COUNTY INTERIOR VALLEYS,LOX,01-AUG-20 17:14:00,PST-8,09-AUG-20 17:00:00,1,0,0,0,0.00K,0.00K,Fire Department/Rescue,,,,,,,,,,,,,,,,,,,,,,"The Pond Fire burned 1,962 acres across the interior valleys of San Luis Obispo county, east of the community of Santa Margarita. The fire destroyed one structure and one firefighter injury was reported.","The Pond Fire burned 1,962 acres across the interior valleys of San Luis Obispo county, east of the community of Santa Margarita. One structure was destroyed and one firefighter injury was reported.",CSV
202007,1,1400,202007,5,1700,151871,914972,CALIFORNIA,6,2020,July,Wildfire,Z,54,LOS ANGELES COUNTY MOUNTAINS EXCLUDING THE SANTA MONICA RANGE,LOX,01-JUL-20 14:00:00,PST-8,05-JUL-20 17:00:00,0,0,0,0,0.00K,0.00K,Fire Department/Rescue,,,,,,,,,,,,,,,,,,,,,,"The Rowher Fire burned 648 acres in the Los Angeles county mountains, north of the community of Aqua Dulce.","The Rowher fire scorched 648 acres in the Angeles National Forest, north of the community of Aqua Dulce.",CSV
202007,5,1430,202007,10,1700,151872,914973,CALIFORNIA,6,2020,July,Wildfire,Z,59,ANTELOPE VALLEY,LOX,05-JUL-20 14:30:00,PST-8,10-JUL-20 17:00:00,0,0,0,0,0.00K,0.00K,Fire Department/Rescue,,,,,,,,,,,,,,,,,,,,,,"The Soledad Fire burned 1,525 acres in the Angeles National Forest, near the community of Aqua Dulce.","The Soledad Fire scorched 1,525 acres in the Angeles National Forest, near the community of Aqua Dulce.",CSV
202006,10,1530,202006,17,1900,151869,914970,CALIFORNIA,6,2020,June,Wildfire,Z,44,VENTURA COUNTY INTERIOR VALLEYS,LOX,10-JUN-20 15:30:00,PST-8,17-JUN-20 19:00:00,0,0,0,0,0.00K,0.00K,Fire Department/Rescue,,,,,,,,,,,,,,,,,,,,,,"The Lime Fire ignited in Ventura county, near the Lake Piru area. The fire burned a total of 803 acres.",The Lime Fire scorched 803 acres near the Lake Piru area in Ventura county.,CSV
202006,15,1348,202006,19,1700,151870,914971,CALIFORNIA,6,2020,June,Wildfire,Z,34,SAN LUIS OBISPO COUNTY CENTRAL COAST,LOX,15-JUN-20 13:48:00,PST-8,19-JUN-20 17:00:00,0,0,0,0,0.00K,0.00K,Fire Department/Rescue,,,,,,,,,,,,,,,,,,,,,,The Avila Fire burned 445 acres near the community of Avila Beach in San Luis Obispo county.,The Avila Fire scorched 445 acres near the community of Avila Beach in San Luis Obispo county.,CSV
202006,17,1117,202006,17,1520,149049,898392,CALIFORNIA,6,2020,June,Wildfire,Z,66,NORTHEAST FOOTHILLS/SACRAMENTO VALLEY,STO,17-JUN-20 11:17:00,PST-8,17-JUN-20 15:20:00,0,0,0,0,,0.00K,Fire Department/Rescue,,,,,,,,,,,,,,,,,,,,,,"A broad trough and associated cold front brought dry and gusty winds to the region. North to northwesterly wind gusts of 30 to 35 mph were forecast for much of the valley and lower foothills these days, which combined with primed fine fuels and warmer weather led to fire weather concerns.","Calfire Butte County Unit reported on Twitter grass fire began around noon on June 17. Later that afternoon, Calfire reported forward progress stopped, and that the fire was at 75% containment and burned 95 acres. This fire destroyed 4 houses and caused road closures and evacuations while the fire was on going. Cause of fire is under investigation.",CSV
202007,22,1015,202007,31,2359,149020,898084,CALIFORNIA,6,2020,July,Wildfire,Z,85,MODOC COUNTY,MFR,22-JUL-20 10:15:00,PST-8,31-JUL-20 23:59:00,0,0,0,0,0.00K,0.00K,Other Federal Agency,,,,,,,,,,,,,,,,,,,,,,"The July Complex consists of the Caldwell, Allen and Dalton fires.  They were started by lightning on 07/22/20 at around 1015 PDT.  As of 08/01/20 at 06:30 PDT, the fires had burned 83261 acres and were 77 percent contained.  21.0 million dollars had been expended on firefighting efforts.","The July Complex consists of the Caldwell, Allen and Dalton fires.  They were started by lightning on 07/22/20 at around 1015 PDT.  As of 08/01/20 at 06:30 PDT, the fires had burned 83261 acres and were 77 percent contained.  21.0 million dollars had been expended on firefighting efforts.",CSV
202007,21,1300,202007,29,630,149019,898083,CALIFORNIA,6,2020,July,Wildfire,Z,81,CENTRAL SISKIYOU COUNTY,MFR,21-JUL-20 13:00:00,PST-8,29-JUL-20 06:30:00,0,0,0,0,0.00K,0.00K,Fire Department/Rescue,,,,,,,,,,,,,,,,,,,,,,"The Badger Wildfire started on 07/18/20. The cause was under investigation.  As of the last report at 0630 PDT on 07/29/20, the fire burned 557 acres and was 100% contained.  4.0 million dollars were expended on fire fighting efforts.","The Badger Wildfire started on 07/18/20. The cause was under investigation.  As of the last report at 0630 PDT on 07/29/20, the fire burned 557 acres and was 100% contained.  4.0 million dollars were expended on fire fighting efforts.",CSV
202007,20,1315,202007,20,1830,150285,906087,CALIFORNIA,6,2020,July,Wildfire,Z,510,EAST BAY INTERIOR VALLEYS,MTR,20-JUL-20 13:15:00,PST-8,20-JUL-20 18:30:00,0,0,0,0,0.00K,0.00K,Fire Department/Rescue,,,,,,,,,,,,,,,,,,,,,,The Holland Fire broke out northeast of Brentwood in late July. The vegetation fire was fueled by breezy winds that afternoon and prompted evacuations near the Brentwood Marina.,The Holland Fire broke out northeast of Brentwood on the 20th prompting evacuations around the area https://www.fire.ca.gov/incidents/2020/7/20/holland-fire/. No structures were ultimately destroyed https://www.eastbaytimes.com/2020/07/20/firefighters-battle-east-contra-costa-grass-fire/.,CSV
202007,24,1251,202007,31,2359,151457,912684,CALIFORNIA,6,2020,July,Wildfire,Z,192,CENTRAL SIERRA,HNX,24-JUL-20 12:51:00,PST-8,31-JUL-20 23:59:00,0,0,0,0,0.00K,0.00K,Park/Forest Service,,,,,,,,,,,,,,,,,,,,,,See event.,"The Blue Jay fire began on the afternoon of July 24th due to a lightning strike near the White Wolf Campground. The fire burned in generally wilderness, though did close several trails within the park.",CSV
202007,3,1400,202007,6,800,150997,910217,CALIFORNIA,6,2020,July,Wildfire,Z,55,SAN BERNARDINO COUNTY MOUNTAINS,SGX,03-JUL-20 14:00:00,PST-8,06-JUL-20 08:00:00,0,0,0,0,0.00K,0.00K,Park/Forest Service,,,,,,,,,,,,,,,,,,,,,,The Mount R Fire burned in the early part of the month with minor impacts.,"San Bernardino National Forest reports 62.5 acre Mount R Fire, which closed a portion of California State Route 330 between Live Oak Drive to Highland Boulevard.",CSV
202007,12,900,202007,15,2000,151113,911089,CALIFORNIA,6,2020,July,Wildfire,Z,43,SAN DIEGO COUNTY COASTAL AREAS,SGX,12-JUL-20 09:00:00,PST-8,15-JUL-20 20:00:00,68,0,0,0,1.00M,0.00K,Other Federal Agency,,,,,,,,,,,,,,,,,,,,,,"Arson was attributed to the burning of the Navy's Bonhomme Richard ship, which lasted 4 days with over 60 injuries of navy and fire rescue personnel in the San Diego Bay.","One of the Navy's vessels in the San Diego Bay, the U.S.S. Bonhomme Richard, caught fire the morning of July 12th and lasted for four days. Copious amounts of smoke entered the atmosphere creating poor air quality in the greater San Diego metro, along with a total of 68 military and civilian firefighters injured during the blaze.",CSV
202009,6,1315,202009,28,1700,154606,931505,CALIFORNIA,6,2020,September,Wildfire,Z,54,LOS ANGELES COUNTY MOUNTAINS EXCLUDING THE SANTA MONICA RANGE,LOX,06-SEP-20 13:15:00,PST-8,28-SEP-20 17:00:00,0,0,0,0,0.00K,0.00K,Fire Department/Rescue,,,,,,,,,,,,,,,,,,,,,,"The Bobcat Fire burned over 115,000 acres in the Angeles National Forest, in the foothills above the San Gabriel Valley. Overall, 87 homes were destroyed and another 28 were damaged.","The Bobcat Fire burned 115,796 acres in the mountains of Los Angeles county as well as the foothills of the Antelope Valley and San Gabriel Valleys. The combination of hot temperatures, very dry vegetation and some offshore winds allowed the fire to grow significantly. Overall, 87 homes were destroyed and 28 more homes were damaged.",CSV
202007,4,1228,202007,5,1930,150226,905852,CALIFORNIA,6,2020,July,Wildfire,Z,511,EAST BAY HILLS AND THE DIABLO RANGE,MTR,04-JUL-20 12:28:00,PST-8,05-JUL-20 19:30:00,0,0,0,0,0.00K,0.00K,Fire Department/Rescue,,,,,,,,,,,,,,,,,,,,,,A ridge of high pressure over the desert southwest brought warm and dry conditions across the Central Coast and Bay Area around the Fourth of July. A handful of wildfires that broke out that weekend were aided by breezy onshore winds towards the end of the weekend and into the start of the following week. Some of the fires prompted the issuance of evacuations across the region.,The Sheridan Fire broke out in dry brush in the hills of Alameda County. Breezy winds initially fueled the spread of the fire before it was contained https://www.fire.ca.gov/incidents/2020/7/4/sheridan-fire/.,CSV
202007,4,2200,202007,6,1820,150226,906066,CALIFORNIA,6,2020,July,Wildfire,Z,511,EAST BAY HILLS AND THE DIABLO RANGE,MTR,04-JUL-20 22:00:00,PST-8,06-JUL-20 18:20:00,0,0,0,0,0.00K,0.00K,Fire Department/Rescue,,,,,,,,,,,,,,,,,,,,,,A ridge of high pressure over the desert southwest brought warm and dry conditions across the Central Coast and Bay Area around the Fourth of July. A handful of wildfires that broke out that weekend were aided by breezy onshore winds towards the end of the weekend and into the start of the following week. Some of the fires prompted the issuance of evacuations across the region.,The Park Fire broke out over Fourth of July weekend east of Morgan Hill prompting evacuations https://www.fire.ca.gov/incidents/2020/7/5/park-fire/.,CSV
202007,5,1400,202007,13,2045,150226,906069,CALIFORNIA,6,2020,July,Wildfire,Z,513,SANTA CLARA VALLEY INCLUDING SAN JOSE,MTR,05-JUL-20 14:00:00,PST-8,13-JUL-20 20:45:00,0,0,0,0,,,Fire Department/Rescue,,,,,,,,,,,,,,,,,,,,,,A ridge of high pressure over the desert southwest brought warm and dry conditions across the Central Coast and Bay Area around the Fourth of July. A handful of wildfires that broke out that weekend were aided by breezy onshore winds towards the end of the weekend and into the start of the following week. Some of the fires prompted the issuance of evacuations across the region.,Fueled by breezy winds the Crews Fire broke out east of Gilroy prompting evacuations across the area and destroying one structure https://www.fire.ca.gov/incidents/2020/7/5/crews-fire/. Smoke from the fire was also effecting the San Joaquin Valley.,CSV
202007,6,1300,202007,8,1200,150226,906079,CALIFORNIA,6,2020,July,Wildfire,Z,510,EAST BAY INTERIOR VALLEYS,MTR,06-JUL-20 13:00:00,PST-8,08-JUL-20 12:00:00,0,0,0,0,0.00K,0.00K,Fire Department/Rescue,,,,,,,,,,,,,,,,,,,,,,A ridge of high pressure over the desert southwest brought warm and dry conditions across the Central Coast and Bay Area around the Fourth of July. A handful of wildfires that broke out that weekend were aided by breezy onshore winds towards the end of the weekend and into the start of the following week. Some of the fires prompted the issuance of evacuations across the region.,The California Fire started in Contra Costa County near I-80. Part of Cummings Skyway near where the fire was burning was closed https://www.fire.ca.gov/incidents/2020/7/6/california-fire/. End time is approximate.,CSV
202007,15,1415,202007,20,1300,149652,901998,CALIFORNIA,6,2020,July,Wildfire,Z,517,SANTA LUCIA MOUNTAINS AND LOS PADRES NATIONAL FOREST,MTR,15-JUL-20 14:15:00,PST-8,20-JUL-20 13:00:00,0,0,0,0,0.00K,0.00K,Broadcast Media,,,,,,,,,,,,,,,,,,,,,,A wildfire sparked in Fresno county and was burning towards the Monterey County line in mid July. The fire necessitated evacuations for parts of Monterey County. The evacuation notices were lifted several days later. The Coyote Fire broke out a couple of days later in nearby San Benito County destroying a few structures and also prompting evacuations. Smoke from both fires made its way into the Bay Area.,The Mineral Fire sparked in Fresno County on July 13th and slowly spread westward towards Monterey County. Areas were evacuated for several days https://www.ksbw.com/article/mineral-fire-prompts-evacuations-in-southeast-monterey-county/33341821.,CSV
202007,15,1300,202007,18,648,149652,906081,CALIFORNIA,6,2020,July,Wildfire,Z,518,MOUNTAINS OF SAN BENITO COUNTY AND INTERIOR MONTEREY COUNTY INCLUDING PINNACLES NATIONAL PARK,MTR,15-JUL-20 13:00:00,PST-8,18-JUL-20 06:48:00,0,0,0,0,,0.00K,Broadcast Media,,,,,,,,,,,,,,,,,,,,,,A wildfire sparked in Fresno county and was burning towards the Monterey County line in mid July. The fire necessitated evacuations for parts of Monterey County. The evacuation notices were lifted several days later. The Coyote Fire broke out a couple of days later in nearby San Benito County destroying a few structures and also prompting evacuations. Smoke from both fires made its way into the Bay Area.,The Coyote Fire broke out in San Benito county west of Panoche prompting evacuations and destroying a few buildings https://kion546.com/news/2020/07/15/cal-fire-responds-to-coyote-fire-in-san-benito-county/.,CSV
202007,31,1730,202007,31,2300,151704,914008,CALIFORNIA,6,2020,July,Wildfire,Z,55,SAN BERNARDINO COUNTY MOUNTAINS,SGX,31-JUL-20 17:30:00,PST-8,31-JUL-20 23:00:00,0,0,0,0,10.00K,0.00K,Park/Forest Service,,,,,,,,,,,,,,,,,,,,,,"The Apple wildfire erupted near Cherry Valley. The cause was determined to be a faulty vehicle. The wildfire consumed 33,424 acres as it burned into mid August.","USFS San Bernardino and CalFire worked on the Apple fire which began July 31st. The fire burned 33,424 acres into mid August 2020. 3 injuries on wildfire. 4 homes destroyed.",CSV
202007,13,1700,202007,26,1300,151456,912683,CALIFORNIA,6,2020,July,Wildfire,Z,179,WEST SIDE HILLS,HNX,13-JUL-20 17:00:00,PST-8,26-JUL-20 13:00:00,0,0,0,0,,0.00K,Fire Department/Rescue,,,,,,,,,,,,,,,,,,,,,,See event.,"The Mineral fire was first spotted around 5 PM on the 13th of July, with nearly 1000 acres burned by days end. The next several days resulted in significant fire growth and numerous evacuation notices within the region. Highway 198 between Coalinga and Monterey County was closed which impact commerce, though the greatest impact was the loss of seven structure. Full containment of the fire was seen on 26th, though growth ended days prior.",CSV
202007,20,1700,202007,21,1400,150924,910218,CALIFORNIA,6,2020,July,Wildfire,Z,55,SAN BERNARDINO COUNTY MOUNTAINS,SGX,20-JUL-20 17:00:00,PST-8,21-JUL-20 14:00:00,0,0,0,0,0.00K,0.00K,Fire Department/Rescue,,,,,,,,,,,,,,,,,,,,,,A strong ridge of high pressure over the Desert Southwest led to hot temperatures in the deserts of Southern California. Temperatures ranged from just above the century mark to 117 degrees in areas of the Coachella Valley. A small wildfire broke out in the San Bernardino Mountains on July 20th.,San Bernardino County Fire Department responded to the Easton Fire near the city of Highland on July 20th. The fire was put out the next afternoon with a total of 71 acres.,CSV
202008,17,540,202008,31,2359,150658,912887,CALIFORNIA,6,2020,August,Wildfire,Z,507,NORTH BAY MOUNTAINS,MTR,17-AUG-20 05:40:00,PST-8,31-AUG-20 23:59:00,5,0,3,0,,,Fire Department/Rescue,,,,,,,,,,,,,,,,,,,,,,"A prolonged and oppressive heat wave swept the Central Coast and Bay Area for almost a week from August 14th to August 19th with widespread record breaking temperatures observed across the region. This was caused by a strong high pressure system over the Desert Southwest that expanded westward into California. This dome of heat brought hot temperatures to the area for several days. Multiple days of triple digit afternoon highs were recorded inland with some coastal locations even reaching the mid 90s. Several days of hot and dry weather further dried fuels over the area increasing fire danger. During this event, a surge of monsoonal and tropical moisture from a former Tropical Storm advected northward with sufficient instability to generate multiple high based and dry thunderstorms that produced several thousand lightning strikes over the Greater Bay Area. Many locations saw wind gusts of 40-50 mph with isolated areas seeing gusts of 60-75 mph. This prompted the San Francisco Bay Area forecast office to issue a rare severe thunderstorm warning. These lightning strikes in combination with gusty and erratic outflow winds sparked hundreds of wildfires across the state of California. Several smaller fires combined to form complexes some of which are now among the largest wildfires in state history. Most of which were still actively burning at the end of August. Hundreds of thousands of acres have been burned with several hundred structures destroyed as well as a handful of deaths and injuries. Tens of thousands of residents were also forced to evacuate. Additionally, all of these wildfires burning simultaneously across the state gave the Bay Area the worst air quality in the world at one point.","A second round of thunderstorms moved through the region into the morning of August 17th producing additional lightning strikes over the Bay Area. On the early morning of the 17th lightning produced a fire in Napa County that became the Hennessey Fire. Eventually, this fire merged with several other fires across Napa, Sonoma, Solano, Yolo, and Lake Counties (Gamble, 15-10, Spanish, Markley, 13-4, 11-16, Walbridge) to form the LNU Lightning Complex https://www.fire.ca.gov/incidents/2020/8/17/lnu-lightning-complex-includes-hennessey-gamble-15-10-spanish-markley-13-4-11-16-walbridge/. Over 350,000 acres burned with over 200 structures damaged and over 1400 destroyed along with 5 fatalities (3 in Napa County and 2 in Solano County) including civilian and fire personnel across all counties. The LNU Lightning Complex Fire is now one of the top 5 largest wildfires in California state history. The fire was still burning at the end of August.",CSV
202008,19,0,202008,31,2359,151159,911346,CALIFORNIA,6,2020,August,Wildfire,Z,80,WESTERN SISKIYOU COUNTY,MFR,19-AUG-20 00:00:00,PST-8,31-AUG-20 23:59:00,0,0,0,0,0.00K,0.00K,Other Federal Agency,,,,,,,,,,,,,,,,,,,,,,"The Red Salmon Wildfire started on 07/27/20 at 1103 PDT. It was started by lightning.  The fire spread into Siskiyou county on 08/19/20.  As of 0630 PDT on 09/01/20, the fire had burned 24495 acres and was 42 percent contained. 0 structures were lost. 48.6 million dollars had been spent on firefighting efforts.","The Red Salmon Wildfire started on 07/27/20 at 1103 PDT. It was started by lightning.  The fire spread into Siskiyou county on 08/19/20.  As of 0630 PDT on 09/01/20, the fire had burned 24495 acres and was 42 percent contained. 0 structures were lost. 48.6 million dollars had been spent on firefighting efforts.",CSV
202008,16,541,202008,31,2359,150658,908492,CALIFORNIA,6,2020,August,Wildfire,Z,512,SANTA CRUZ MOUNTAINS,MTR,16-AUG-20 05:41:00,PST-8,31-AUG-20 23:59:00,3,0,1,0,,,Fire Department/Rescue,,,,,,,,,,,,,,,,,,,,,,"A prolonged and oppressive heat wave swept the Central Coast and Bay Area for almost a week from August 14th to August 19th with widespread record breaking temperatures observed across the region. This was caused by a strong high pressure system over the Desert Southwest that expanded westward into California. This dome of heat brought hot temperatures to the area for several days. Multiple days of triple digit afternoon highs were recorded inland with some coastal locations even reaching the mid 90s. Several days of hot and dry weather further dried fuels over the area increasing fire danger. During this event, a surge of monsoonal and tropical moisture from a former Tropical Storm advected northward with sufficient instability to generate multiple high based and dry thunderstorms that produced several thousand lightning strikes over the Greater Bay Area. Many locations saw wind gusts of 40-50 mph with isolated areas seeing gusts of 60-75 mph. This prompted the San Francisco Bay Area forecast office to issue a rare severe thunderstorm warning. These lightning strikes in combination with gusty and erratic outflow winds sparked hundreds of wildfires across the state of California. Several smaller fires combined to form complexes some of which are now among the largest wildfires in state history. Most of which were still actively burning at the end of August. Hundreds of thousands of acres have been burned with several hundred structures destroyed as well as a handful of deaths and injuries. Tens of thousands of residents were also forced to evacuate. Additionally, all of these wildfires burning simultaneously across the state gave the Bay Area the worst air quality in the world at one point.","On the morning of the 16th, lightning started multiple wildfires in Santa Cruz/San Mateo Counties that combined to form the CZU Lightning Complex https://www.fire.ca.gov/incidents/2020/8/16/czu-lightning-complex-including-warnella-fire/. At the end of August the fire had burned 84,640 acres, destroyed over 1100 buildings some of which were residential structures, injured three people (first responders), and killed another. Nearly 100,000 people were forced to evacuate. Historic Big Basin State Park sustained heavy damage from the fire burning down the parks headquarters. The fire was still actively burning at the end of August.",CSV
202008,18,1327,202008,31,2359,150658,912897,CALIFORNIA,6,2020,August,Wildfire,Z,505,COASTAL NORTH BAY INCLUDING POINT REYES NATIONAL SEASHORE,MTR,18-AUG-20 13:27:00,PST-8,31-AUG-20 23:59:00,0,0,0,0,0.00K,,Fire Department/Rescue,,,,,,,,,,,,,,,,,,,,,,"A prolonged and oppressive heat wave swept the Central Coast and Bay Area for almost a week from August 14th to August 19th with widespread record breaking temperatures observed across the region. This was caused by a strong high pressure system over the Desert Southwest that expanded westward into California. This dome of heat brought hot temperatures to the area for several days. Multiple days of triple digit afternoon highs were recorded inland with some coastal locations even reaching the mid 90s. Several days of hot and dry weather further dried fuels over the area increasing fire danger. During this event, a surge of monsoonal and tropical moisture from a former Tropical Storm advected northward with sufficient instability to generate multiple high based and dry thunderstorms that produced several thousand lightning strikes over the Greater Bay Area. Many locations saw wind gusts of 40-50 mph with isolated areas seeing gusts of 60-75 mph. This prompted the San Francisco Bay Area forecast office to issue a rare severe thunderstorm warning. These lightning strikes in combination with gusty and erratic outflow winds sparked hundreds of wildfires across the state of California. Several smaller fires combined to form complexes some of which are now among the largest wildfires in state history. Most of which were still actively burning at the end of August. Hundreds of thousands of acres have been burned with several hundred structures destroyed as well as a handful of deaths and injuries. Tens of thousands of residents were also forced to evacuate. Additionally, all of these wildfires burning simultaneously across the state gave the Bay Area the worst air quality in the world at one point.","Lightning sparked the Woodward Fire in the Point Reyes National Seashore in Marin County https://inciweb.nwcg.gov/incident/7062/. The fire was first reported on August 18th in an area of dense vegetation that is sparsely populated. Evacuations were ordered for surrounding areas, and a video from the National Seashore Visitor Center recorded a small fire whirl in the midst of the fire https://bit.ly/2RZb95x. No structures were damaged or destroyed.",CSV
202008,16,400,202008,31,2359,150658,912890,CALIFORNIA,6,2020,August,Wildfire,Z,511,EAST BAY HILLS AND THE DIABLO RANGE,MTR,16-AUG-20 04:00:00,PST-8,31-AUG-20 23:59:00,6,0,0,0,,,Fire Department/Rescue,,,,,,,,,,,,,,,,,,,,,,"A prolonged and oppressive heat wave swept the Central Coast and Bay Area for almost a week from August 14th to August 19th with widespread record breaking temperatures observed across the region. This was caused by a strong high pressure system over the Desert Southwest that expanded westward into California. This dome of heat brought hot temperatures to the area for several days. Multiple days of triple digit afternoon highs were recorded inland with some coastal locations even reaching the mid 90s. Several days of hot and dry weather further dried fuels over the area increasing fire danger. During this event, a surge of monsoonal and tropical moisture from a former Tropical Storm advected northward with sufficient instability to generate multiple high based and dry thunderstorms that produced several thousand lightning strikes over the Greater Bay Area. Many locations saw wind gusts of 40-50 mph with isolated areas seeing gusts of 60-75 mph. This prompted the San Francisco Bay Area forecast office to issue a rare severe thunderstorm warning. These lightning strikes in combination with gusty and erratic outflow winds sparked hundreds of wildfires across the state of California. Several smaller fires combined to form complexes some of which are now among the largest wildfires in state history. Most of which were still actively burning at the end of August. Hundreds of thousands of acres have been burned with several hundred structures destroyed as well as a handful of deaths and injuries. Tens of thousands of residents were also forced to evacuate. Additionally, all of these wildfires burning simultaneously across the state gave the Bay Area the worst air quality in the world at one point.","After multiple lightning strikes across the region and breezy erratic winds, approximately 20 separate fires broke out across counties (Santa Clara, Alameda, Contra Costa, San Joaquin, and Stanislaus) the morning of August 16th. These fires were later re-named the SCU Lightning Complex Fires https://www.fire.ca.gov/incidents/2020/8/18/scu-lightning-complex/. This complex became one of the top 5 largest fires in California State history prompting numerous evacuations, destroying nearly 400,000 acres and destroying over 200 structures. These fires resulted in 6 injuries (Civilian and Fire Personnel). The fires came dangerously close to the historic Lick Observatory on Mount Hamilton https://arstechnica.com/science/2020/08/a-california-wildfire-nearly-destroyed-the-historic-lick-observatory/. The fire was still burning at the end of August.",CSV
202008,16,1356,202008,31,2359,150658,908494,CALIFORNIA,6,2020,August,Wildfire,Z,517,SANTA LUCIA MOUNTAINS AND LOS PADRES NATIONAL FOREST,MTR,16-AUG-20 13:56:00,PST-8,31-AUG-20 23:59:00,4,0,0,0,,,Fire Department/Rescue,,,,,,,,,,,,,,,,,,,,,,"A prolonged and oppressive heat wave swept the Central Coast and Bay Area for almost a week from August 14th to August 19th with widespread record breaking temperatures observed across the region. This was caused by a strong high pressure system over the Desert Southwest that expanded westward into California. This dome of heat brought hot temperatures to the area for several days. Multiple days of triple digit afternoon highs were recorded inland with some coastal locations even reaching the mid 90s. Several days of hot and dry weather further dried fuels over the area increasing fire danger. During this event, a surge of monsoonal and tropical moisture from a former Tropical Storm advected northward with sufficient instability to generate multiple high based and dry thunderstorms that produced several thousand lightning strikes over the Greater Bay Area. Many locations saw wind gusts of 40-50 mph with isolated areas seeing gusts of 60-75 mph. This prompted the San Francisco Bay Area forecast office to issue a rare severe thunderstorm warning. These lightning strikes in combination with gusty and erratic outflow winds sparked hundreds of wildfires across the state of California. Several smaller fires combined to form complexes some of which are now among the largest wildfires in state history. Most of which were still actively burning at the end of August. Hundreds of thousands of acres have been burned with several hundred structures destroyed as well as a handful of deaths and injuries. Tens of thousands of residents were also forced to evacuate. Additionally, all of these wildfires burning simultaneously across the state gave the Bay Area the worst air quality in the world at one point.","Lightning sparked the River Fire in Monterey County on the afternoon of the 16th https://www.fire.ca.gov/incidents/2020/8/16/river-fire/. The fire burned over 48,000 acres destroyed 30 structures and damaged 13. Several evacuation orders were issued throughout the month and four people including fire personnel and civilians were injured. Both the River and Carmel Fires caused smoke and ash to rain down on surrounding cities.  The fire was still burning at the end of August.",CSV
202008,18,1324,202008,31,2359,150658,912892,CALIFORNIA,6,2020,August,Wildfire,Z,517,SANTA LUCIA MOUNTAINS AND LOS PADRES NATIONAL FOREST,MTR,18-AUG-20 13:24:00,PST-8,31-AUG-20 23:59:00,0,0,0,0,,,Fire Department/Rescue,,,,,,,,,,,,,,,,,,,,,,"A prolonged and oppressive heat wave swept the Central Coast and Bay Area for almost a week from August 14th to August 19th with widespread record breaking temperatures observed across the region. This was caused by a strong high pressure system over the Desert Southwest that expanded westward into California. This dome of heat brought hot temperatures to the area for several days. Multiple days of triple digit afternoon highs were recorded inland with some coastal locations even reaching the mid 90s. Several days of hot and dry weather further dried fuels over the area increasing fire danger. During this event, a surge of monsoonal and tropical moisture from a former Tropical Storm advected northward with sufficient instability to generate multiple high based and dry thunderstorms that produced several thousand lightning strikes over the Greater Bay Area. Many locations saw wind gusts of 40-50 mph with isolated areas seeing gusts of 60-75 mph. This prompted the San Francisco Bay Area forecast office to issue a rare severe thunderstorm warning. These lightning strikes in combination with gusty and erratic outflow winds sparked hundreds of wildfires across the state of California. Several smaller fires combined to form complexes some of which are now among the largest wildfires in state history. Most of which were still actively burning at the end of August. Hundreds of thousands of acres have been burned with several hundred structures destroyed as well as a handful of deaths and injuries. Tens of thousands of residents were also forced to evacuate. Additionally, all of these wildfires burning simultaneously across the state gave the Bay Area the worst air quality in the world at one point.",A vegetation fire (Carmel Fire) broke out the afternoon of the 18th in Sky Ranch in Carmel Valley as a spot off the River Fire https://www.fire.ca.gov/incidents/2020/8/18/carmel-fire/. Multiple evacuations were ordered in the surrounding area with the fire ultimately destroying 73 structures and damaging 7. The combination of the Carmel and River fires rained down smoke and ash on surrounding cities. The fire was still burning at the end of August.,CSV
202008,15,1326,202008,25,1000,152359,917682,CALIFORNIA,6,2020,August,Wildfire,Z,179,WEST SIDE HILLS,HNX,15-AUG-20 13:26:00,PST-8,25-AUG-20 10:00:00,0,0,1,0,,0.00K,Fire Department/Rescue,,,,,,,,,,,,,,,,,,,,,,"The Hills Fire started on 8/15/2020, in the foothills about 9 miles south of Coalinga, CA. It grew to 2,121 acres before being contained on 8/25/2020. The cause was under investigation. The cost of containment was $3.9 million. No structures were destroyed or damages. Tragically, a helicopter pilot was killed on August 18 when his helicopter crashed while making water drops over the fire.","The Hills fire began 8/25/2020 and burned 2,121 acres before begin contained on 8/25/2020. The fire was in the foothills about 9 miles south of Coalinga, CA. Tragically, a helicopter pilot was killed on 8/18/2020 when his helicopter crashed while preforming water drops over the fire.",CSV
202008,1,0,202008,20,530,149039,898310,CALIFORNIA,6,2020,August,Wildfire,Z,85,MODOC COUNTY,MFR,01-AUG-20 00:00:00,PST-8,20-AUG-20 05:30:00,0,0,0,0,0.00K,0.00K,Other Federal Agency,,,,,,,,,,,,,,,,,,,,,,"The July Complex consisted of the Caldwell, Allen and Dalton fires. They were started by lightning on 07/22/20 at around 1015 PDT. As of the last report on 08/20/20 at 06:30 PDT, the fires had burned 83261 acres and were 100 percent contained. 35.0 million dollars had been expended on firefighting efforts.","The July Complex consisted of the Caldwell, Allen and Dalton fires. They were started by lightning on 07/22/20 at around 1015 PDT. As of the last report on 08/20/20 at 06:30 PDT, the fires had burned 83261 acres and were 100 percent contained. 35.0 million dollars had been expended on firefighting efforts.",CSV
202008,1,0,202008,31,2359,152230,916949,CALIFORNIA,6,2020,August,Wildfire,Z,56,RIVERSIDE COUNTY MOUNTAINS,SGX,01-AUG-20 00:00:00,PST-8,31-AUG-20 23:59:00,0,0,0,0,0.00K,0.00K,Park/Forest Service,,,,,,,,,,,,,,,,,,,,,,"The Apple Fire started at approximately 4:55 PM on July 31st and has burned approximately 33,424 acres at 95% containment as of mid October. The fire led to many road closures from Oak Glen to Beaumont and numerous evacuation warnings and orders. The total number of personnel involved in this event was over 2,500.","A portion of the fire reached into parts of Riverside County. Portions of the Cherry Valley and Beaumont communities were under Evacuation Orders and Warnings, as well as partial road closures due to damages, including State Highway 38. The San Gorgonio Wilderness Area was shut down to the public starting August 2nd.",CSV
202008,1,0,202008,31,2359,152230,916950,CALIFORNIA,6,2020,August,Wildfire,Z,55,SAN BERNARDINO COUNTY MOUNTAINS,SGX,01-AUG-20 00:00:00,PST-8,31-AUG-20 23:59:00,0,0,0,0,0.00K,0.00K,Park/Forest Service,,,,,,,,,,,,,,,,,,,,,,"The Apple Fire started at approximately 4:55 PM on July 31st and has burned approximately 33,424 acres at 95% containment as of mid October. The fire led to many road closures from Oak Glen to Beaumont and numerous evacuation warnings and orders. The total number of personnel involved in this event was over 2,500.","A portion of the fire reached into parts of San Bernardino County. The communities of Oak Glen were under an evacuation order, while Forest Falls, Pioneertown, and Rim Rock were all under an evacuation warning. The area also saw partial road closures and damages in areas of the fire, including State Highway 38. The San Gorgonio Wilderness was shut down to all starting August 2nd.",CSV
202008,3,1430,202008,17,1700,152357,917670,CALIFORNIA,6,2020,August,Wildfire,Z,195,LAKE ISABELLA,HNX,03-AUG-20 14:30:00,PST-8,17-AUG-20 17:00:00,0,0,0,1,,0.00K,Fire Department/Rescue,,,,,,,,,,,,,,,,,,,,,,"The Stagecoach fire began 8/3/2020, 9 miles south of Lake Isabella near the town of Havilah. The cause was under investigation. The fire grew rapidly thee first 3 days, then growth slowed and it reached 7.760 acres. No growth was seen after 8/9. The fire destroyed 23 habitable structures and 7 outbuildings and damaged 2 other structures. A firefighter from the Big Pine Volunteer Fire Department, working in a support role at the incident command post, suffered an acute medical emergency and died on August 11. The fire fully was contained on 8/17/2020. The cost of containment was $13.9 million.","The Stagecoach fire began August 3rd and was fully contained on August 17th. The fire burned 7,760 acres and destroyed 23 habitable structures and 7 out buildings as well as damaging 2 other structures. One fire fighter suffered a medical emergency while working in the Incident Command Post and died on August 11th.",CSV
202009,1,0,202009,30,0,152505,918603,CALIFORNIA,6,2020,September,Wildfire,Z,108,SOUTHERN TRINITY,EKA,01-SEP-20 00:00:00,PST-8,30-SEP-20 00:00:00,0,0,0,0,27.20M,0.00K,Local Official,,,,,,,,,,,,,,,,,,,,,,"Mainly dry fast moving thunderstorms moved north across portions of northwest California during August 16th and 17th. Several fires were ignited due to lightning. Those fires merged by late August resulting in one large fire complex which grew to over one million acres by October. The August Complex was the largest wildfire in California state history, and destroyed hundreds of structures in Trinity County during September.",At least 302 structures were destroyed in southern Trinity County during September due to episodic active fire behavior associated with the August Complex.,CSV
202008,19,615,202008,31,2359,152416,917963,CALIFORNIA,6,2020,August,Wildfire,Z,194,SEQUOIA KINGS,HNX,19-AUG-20 06:15:00,PST-8,31-AUG-20 23:59:00,0,0,0,0,,0.00K,Park/Forest Service,,,,,,,,,,,,,,,,,,,,,,"The lightning caused Castle fire was discovered on the morning of August 19, 2020. It was located 25 miles north of Kernville on the Sequoia National Forest and just a few miles east of the Giant Sequoia National Monument. It grew slowly at first, reaching 2000 acres on August 23rd. The it grew rapidly to 15,000 acres by August 25th and to 35,674 acres by August 31st. The rapid growth resulted in evacuations of several small mountain communities and the closure of Highway 190 and several other mountain roads. On August 29, the Castle fire was combined with the smaller Shot Gun fire to become the SQF Complex. Containment remained at zero as of August 31st and the cost thus far was $5.6 Million.  This fire continued into September.","The lightning caused Castle fire was discovered on the morning of August 19, 2020. It was located 25 miles north of Kernville on the Sequoia National Forest and just a few miles east of the Giant Sequoia National Monument. It grew slowly at first, reaching 2000 acres on August 23rd. The it grew rapidly to 15,000 acres by August 25th and to 35,674 acres by August 31st. The rapid growth resulted in evacuations of several small mountain communities and the closure of Highway 190 and several other mountain roads. On August 29, the Castle fire was combined with the smaller Shot Gun fire to become the SQF Complex. Containment remained at zero as of August 31st and the cost thus far was $5.6 Million. This fire continued into September.",CSV
202009,5,1040,202009,30,1000,152854,920774,CALIFORNIA,6,2020,September,Wildfire,Z,55,SAN BERNARDINO COUNTY MOUNTAINS,SGX,05-SEP-20 10:40:00,PST-8,30-SEP-20 10:00:00,13,0,1,0,,0.00K,Park/Forest Service,,,,,,,,,,,,,,,,,,,,,,"A very strong upper level high pressure became positioned over California along with an offshore flow in Southern California resulting in record very hot temperatures. September 5th and 6th were the hottest and several all-time highs were broken. The Valley and the El Dorado wildfires also started on Saturday September 5th, which scorched parts of the mountains.","The El Dorado wildfire started at approximately 10:40 AM on September 5th, scorching 22,680 acres over a 23 day period into parts of the San Bernardino and Riverside County Mountains. The fire forced road closures (including State Highway 38) and the evacuations of Oak Glen, north Yucaipa, Mountain Home Village, Forest Falls, and Angelus Oaks communities. There were 4 residences damaged, 5 residences destroyed along with 15 other structures destroyed. 13 firefighters were injured as well as one fatality while fighting the flames. The fire is expected to be fully contained by mid-December. CalTrans started repairing the road and surrounding areas in early October and expects the project to be completed by late Spring 2021.",CSV
202008,17,0,202008,31,2359,152444,919155,CALIFORNIA,6,2020,August,Wildfire,Z,17,SOUTHERN SACRAMENTO VALLEY,STO,17-AUG-20 00:00:00,PST-8,31-AUG-20 23:59:00,0,0,0,0,,0.00K,Fire Department/Rescue,,,,,,,,,,,,,,,,,,,,,,"During mid August, moisture from tropical storm Fausto moved along the coast of southern CA and made landfall over central and northern California. This system, combined with the an oppressive high pressure system that had predominately dry air, caused widespread dry thunderstorms to develop.  Thousands of lightning strikes occurred overnight, which combined with the critical dry fuels, led to massive wildfire development. The August, the North, the LNU, and SCU Complexes all started between August 15 and 17.||The August Complex is still ongoing as of October 29, is the largest fire in California history, and is spread across the county warning areas of weather forecast offices Sacramento and Eureka. One fatality and injury occurred on August 27 at the August Complex due to a vehicular accident, many structures were destroyed or damaged. ||The LNU and SCU complexes are mainly within the county warning area of weather forecast office Monterey; however, both fires spread into Sacramento's forecast area. ||The LNU Complex caused significant damage in Solano County, including 2 fatalities, the evacuation of Vacaville and Fairfield, and the closure of I-80. Yolo County was also affected by the fires and had evacuations and road closures. 3 Fatalities occurred in Napa County. It has been difficult to find detailed data, but there were 5 injuries that occurred, 4 civilian and 1 first responded. The LNU Complex finally becomes fully extinguished by October 1, 2020. ||The SCU Complex covered large swaths of land over Santa Clara, Alameda, Contra Costa, San Joaquin, Merced, and Stanislaus counties.  Per the last CalFire incident update, 6 injuries occurred, 4 were first responder and 2 were civilian. The fires burned caused significant damage over the area. The SCU Complex finally becomes fully contained on October 1, 2020.||Finally, the North Complex was also started by lightning on August 17 at 8AM PST. It is still on going at the time of this preparation. Fire activity occurred for the month of August, but extreme grow of this fire would not happen until September.","The LNU Complex started on August 17 and will eventually become contained on October 2, 2020. This fire ends up burning a total of 363, 220 acres, destroying 1491 structures, including an NWS COOP site, and damaging 232 structures. For Solano County, 42,00 acres were burned, 309 homes were destroyed, 854 structures were damaged, and 1,426 utility poles were replaced. Many evacuations occurred, including larger sized populations such as Fairfield, Vacaville, and Travis Air force Base. Multiple road closures happened as well, including Interstate 80 for a brief period. Finally 5 deaths, which are detailed and recorded as separate events, and 5 injuries happened because of the fire. Injury information has been hard to come by with the latest information being 4 civilian and 1 first responder injury.",CSV
202009,1,0,202009,30,2359,152435,918122,CALIFORNIA,6,2020,September,Wildfire,Z,507,NORTH BAY MOUNTAINS,MTR,01-SEP-20 00:00:00,PST-8,30-SEP-20 23:59:00,0,0,0,0,,,Fire Department/Rescue,,,,,,,,,,,,,,,,,,,,,,"Continued periods of gusty offshore winds, dry conditions, and hot to record breaking temperatures allowed the August lightning fires to burn throughout the month of September. Persistent dry conditions across the hills and above normal temperatures made fire fighting efforts difficult with relatively poor humidity recoveries for much of the month.","The LNU Lightning Complex fires continued to burn through the month of September before being extinguished in early October https://www.fire.ca.gov/incidents/2020/8/17/lnu-lightning-complex-includes-hennessey-gamble-15-10-spanish-markley-13-4-11-16-walbridge/. A total of 363,220 acres burned with 232 structures damaged and over 1491 destroyed along with 5 fatalities (3 in Napa County and 2 in Solano County) including civilian and fire personnel across all counties. The LNU complex fire is now the 4th largest wildfire in California state history.",CSV
202009,1,0,202009,30,2359,152435,918123,CALIFORNIA,6,2020,September,Wildfire,Z,511,EAST BAY HILLS AND THE DIABLO RANGE,MTR,01-SEP-20 00:00:00,PST-8,30-SEP-20 23:59:00,0,0,0,0,,,Fire Department/Rescue,,,,,,,,,,,,,,,,,,,,,,"Continued periods of gusty offshore winds, dry conditions, and hot to record breaking temperatures allowed the August lightning fires to burn throughout the month of September. Persistent dry conditions across the hills and above normal temperatures made fire fighting efforts difficult with relatively poor humidity recoveries for much of the month.","The SCU Lightning Complex fires continued to burn through September before full containment was reached on the morning of October 1st. The SCU fires became the third largest wildfire in California state history. A total of 396,624 acres burned, 26 structures damaged and 222 were destroyed, and 6 people were injured by the fire that spanned 5 counties https://www.fire.ca.gov/incidents/2020/8/18/scu-lightning-complex/.",CSV
202009,1,0,202009,4,1833,152435,918124,CALIFORNIA,6,2020,September,Wildfire,Z,517,SANTA LUCIA MOUNTAINS AND LOS PADRES NATIONAL FOREST,MTR,01-SEP-20 00:00:00,PST-8,04-SEP-20 18:33:00,0,0,0,0,,,Fire Department/Rescue,,,,,,,,,,,,,,,,,,,,,,"Continued periods of gusty offshore winds, dry conditions, and hot to record breaking temperatures allowed the August lightning fires to burn throughout the month of September. Persistent dry conditions across the hills and above normal temperatures made fire fighting efforts difficult with relatively poor humidity recoveries for much of the month.","The Carmel Fire that was sparked in August continued to burn into early September. A total of 6,905 acres were burned with 7 structures damaged and 73 destroyed https://www.fire.ca.gov/incidents/2020/8/18/carmel-fire/.",CSV
202008,17,0,202008,31,2359,152444,919148,CALIFORNIA,6,2020,August,Wildfire,Z,17,SOUTHERN SACRAMENTO VALLEY,STO,17-AUG-20 00:00:00,PST-8,31-AUG-20 23:59:00,0,0,1,0,0.00K,0.00K,Fire Department/Rescue,,,,,,,,,,,,,,,,,,,,,,"During mid August, moisture from tropical storm Fausto moved along the coast of southern CA and made landfall over central and northern California. This system, combined with the an oppressive high pressure system that had predominately dry air, caused widespread dry thunderstorms to develop.  Thousands of lightning strikes occurred overnight, which combined with the critical dry fuels, led to massive wildfire development. The August, the North, the LNU, and SCU Complexes all started between August 15 and 17.||The August Complex is still ongoing as of October 29, is the largest fire in California history, and is spread across the county warning areas of weather forecast offices Sacramento and Eureka. One fatality and injury occurred on August 27 at the August Complex due to a vehicular accident, many structures were destroyed or damaged. ||The LNU and SCU complexes are mainly within the county warning area of weather forecast office Monterey; however, both fires spread into Sacramento's forecast area. ||The LNU Complex caused significant damage in Solano County, including 2 fatalities, the evacuation of Vacaville and Fairfield, and the closure of I-80. Yolo County was also affected by the fires and had evacuations and road closures. 3 Fatalities occurred in Napa County. It has been difficult to find detailed data, but there were 5 injuries that occurred, 4 civilian and 1 first responded. The LNU Complex finally becomes fully extinguished by October 1, 2020. ||The SCU Complex covered large swaths of land over Santa Clara, Alameda, Contra Costa, San Joaquin, Merced, and Stanislaus counties.  Per the last CalFire incident update, 6 injuries occurred, 4 were first responder and 2 were civilian. The fires burned caused significant damage over the area. The SCU Complex finally becomes fully contained on October 1, 2020.||Finally, the North Complex was also started by lightning on August 17 at 8AM PST. It is still on going at the time of this preparation. Fire activity occurred for the month of August, but extreme grow of this fire would not happen until September.","CalFire reported a total of 5 fatalities for the LNU Complex, 2 of which occurred in Solano County which is in Sacramento's county warning area and 3 in Napa County which is in Monterey's county warning area. The first death recorded is of a man who chose not to evacuate his home in rural Vacaville. Officials completed a subsequent check on the man and found him deceased.",CSV
202008,17,0,202008,31,2359,152444,919149,CALIFORNIA,6,2020,August,Wildfire,Z,17,SOUTHERN SACRAMENTO VALLEY,STO,17-AUG-20 00:00:00,PST-8,31-AUG-20 23:59:00,0,0,1,0,0.00K,0.00K,Fire Department/Rescue,,,,,,,,,,,,,,,,,,,,,,"During mid August, moisture from tropical storm Fausto moved along the coast of southern CA and made landfall over central and northern California. This system, combined with the an oppressive high pressure system that had predominately dry air, caused widespread dry thunderstorms to develop.  Thousands of lightning strikes occurred overnight, which combined with the critical dry fuels, led to massive wildfire development. The August, the North, the LNU, and SCU Complexes all started between August 15 and 17.||The August Complex is still ongoing as of October 29, is the largest fire in California history, and is spread across the county warning areas of weather forecast offices Sacramento and Eureka. One fatality and injury occurred on August 27 at the August Complex due to a vehicular accident, many structures were destroyed or damaged. ||The LNU and SCU complexes are mainly within the county warning area of weather forecast office Monterey; however, both fires spread into Sacramento's forecast area. ||The LNU Complex caused significant damage in Solano County, including 2 fatalities, the evacuation of Vacaville and Fairfield, and the closure of I-80. Yolo County was also affected by the fires and had evacuations and road closures. 3 Fatalities occurred in Napa County. It has been difficult to find detailed data, but there were 5 injuries that occurred, 4 civilian and 1 first responded. The LNU Complex finally becomes fully extinguished by October 1, 2020. ||The SCU Complex covered large swaths of land over Santa Clara, Alameda, Contra Costa, San Joaquin, Merced, and Stanislaus counties.  Per the last CalFire incident update, 6 injuries occurred, 4 were first responder and 2 were civilian. The fires burned caused significant damage over the area. The SCU Complex finally becomes fully contained on October 1, 2020.||Finally, the North Complex was also started by lightning on August 17 at 8AM PST. It is still on going at the time of this preparation. Fire activity occurred for the month of August, but extreme grow of this fire would not happen until September.","CalFire reported a total of 5 fatalities for the LNU Complex, 2 of which occurred in Solano County which is in Sacramento's county warning area and 3 in Napa County which is in Monterey's county warning area. The second death recorded is of a man who lived in a rural area of the greater Vacaville area and did not have running water or electricity on the property. Cause of death is likely due to fire and asphyxiation from smoke. Date of death is estimated based on news articles and information.",CSV
202008,16,0,202008,31,2359,152444,919160,CALIFORNIA,6,2020,August,Wildfire,Z,19,NORTHERN SAN JOAQUIN VALLEY,STO,16-AUG-20 00:00:00,PST-8,31-AUG-20 23:59:00,0,0,0,0,,0.00K,Fire Department/Rescue,,,,,,,,,,,,,,,,,,,,,,"During mid August, moisture from tropical storm Fausto moved along the coast of southern CA and made landfall over central and northern California. This system, combined with the an oppressive high pressure system that had predominately dry air, caused widespread dry thunderstorms to develop.  Thousands of lightning strikes occurred overnight, which combined with the critical dry fuels, led to massive wildfire development. The August, the North, the LNU, and SCU Complexes all started between August 15 and 17.||The August Complex is still ongoing as of October 29, is the largest fire in California history, and is spread across the county warning areas of weather forecast offices Sacramento and Eureka. One fatality and injury occurred on August 27 at the August Complex due to a vehicular accident, many structures were destroyed or damaged. ||The LNU and SCU complexes are mainly within the county warning area of weather forecast office Monterey; however, both fires spread into Sacramento's forecast area. ||The LNU Complex caused significant damage in Solano County, including 2 fatalities, the evacuation of Vacaville and Fairfield, and the closure of I-80. Yolo County was also affected by the fires and had evacuations and road closures. 3 Fatalities occurred in Napa County. It has been difficult to find detailed data, but there were 5 injuries that occurred, 4 civilian and 1 first responded. The LNU Complex finally becomes fully extinguished by October 1, 2020. ||The SCU Complex covered large swaths of land over Santa Clara, Alameda, Contra Costa, San Joaquin, Merced, and Stanislaus counties.  Per the last CalFire incident update, 6 injuries occurred, 4 were first responder and 2 were civilian. The fires burned caused significant damage over the area. The SCU Complex finally becomes fully contained on October 1, 2020.||Finally, the North Complex was also started by lightning on August 17 at 8AM PST. It is still on going at the time of this preparation. Fire activity occurred for the month of August, but extreme grow of this fire would not happen until September.","The SCU Complex started on August 16 and eventually becomes contained on October 1, 2020. It covered Santa Clara, Alameda, Contra Costa, San Joaquin, Merced, and Stanislaus counties which span the county warning areas of Monterey and Sacramento offices. This fire ends up burning a total of 396, 624 acres, destroying 136 structures and 86 minor structures, and damaging 26 structures. 6 injuries were reported, 4 of which were first responders and 2 civilian; however, detailed data for injuries have been hard to come by. Finally, evacuations and road closures occurred. The majority of this fire complex burned in Monterey's county warning area.",CSV
202009,14,1530,202009,30,530,151157,911344,CALIFORNIA,6,2020,September,Wildfire,Z,80,WESTERN SISKIYOU COUNTY,MFR,14-SEP-20 15:30:00,PST-8,30-SEP-20 05:30:00,0,0,0,0,0.00K,0.00K,Other Federal Agency,,,,,,,,,,,,,,,,,,,,,,"The Fox Wildfire started on 09/14/20 at around 1630 PDT. The cause is under investigation. As of the last report at 0630 PDT on 09/30/20, the fire had burned 2188 acres and was 100 percent contained. 0 structures were lost. 3.4 million dollars had been spent on firefighting efforts.","The Fox Wildfire started on 09/14/20 at around 1630 PDT. The cause is under investigation. As of the last report at 0630 PDT on 09/30/20, the fire had burned 2188 acres and was 100 percent contained. 0 structures were lost. 3.4 million dollars had been spent on firefighting efforts.",CSV
202008,16,0,202008,31,2359,152444,919165,CALIFORNIA,6,2020,August,Wildfire,Z,63,MOUNTAINS SOUTHWESTERN SHASTA COUNTY TO WESTERN COLUSA COUNTY,STO,16-AUG-20 00:00:00,PST-8,31-AUG-20 23:59:00,0,0,0,0,,0.00K,Fire Department/Rescue,,,,,,,,,,,,,,,,,,,,,,"During mid August, moisture from tropical storm Fausto moved along the coast of southern CA and made landfall over central and northern California. This system, combined with the an oppressive high pressure system that had predominately dry air, caused widespread dry thunderstorms to develop.  Thousands of lightning strikes occurred overnight, which combined with the critical dry fuels, led to massive wildfire development. The August, the North, the LNU, and SCU Complexes all started between August 15 and 17.||The August Complex is still ongoing as of October 29, is the largest fire in California history, and is spread across the county warning areas of weather forecast offices Sacramento and Eureka. One fatality and injury occurred on August 27 at the August Complex due to a vehicular accident, many structures were destroyed or damaged. ||The LNU and SCU complexes are mainly within the county warning area of weather forecast office Monterey; however, both fires spread into Sacramento's forecast area. ||The LNU Complex caused significant damage in Solano County, including 2 fatalities, the evacuation of Vacaville and Fairfield, and the closure of I-80. Yolo County was also affected by the fires and had evacuations and road closures. 3 Fatalities occurred in Napa County. It has been difficult to find detailed data, but there were 5 injuries that occurred, 4 civilian and 1 first responded. The LNU Complex finally becomes fully extinguished by October 1, 2020. ||The SCU Complex covered large swaths of land over Santa Clara, Alameda, Contra Costa, San Joaquin, Merced, and Stanislaus counties.  Per the last CalFire incident update, 6 injuries occurred, 4 were first responder and 2 were civilian. The fires burned caused significant damage over the area. The SCU Complex finally becomes fully contained on October 1, 2020.||Finally, the North Complex was also started by lightning on August 17 at 8AM PST. It is still on going at the time of this preparation. Fire activity occurred for the month of August, but extreme grow of this fire would not happen until September.","The August Complex was started by lightning on August 16 and 17, initially over the Mendocino National Forest. Since then, the fire has grown extensively and currently spans two National Weather Service county warning areas, Sacramento and Eureka. Counties that have been affected are Tehama, Glenn, Colusa, Lake, Trinity, Mendocino, and Humboldt counties. The fire is still on going and is 1,032, 648 acres, but is 93 percent contained as of October 29, 2020 when this data is being prepared. It has destroyed 54 structures and damaged 6 structures. 1 fire fighter fatality and an associated injury occurred via a vehicular accident while on the line in Eureka's forecast area.",CSV
202009,8,300,202009,30,2359,150907,909605,CALIFORNIA,6,2020,September,Wildfire,Z,80,WESTERN SISKIYOU COUNTY,MFR,08-SEP-20 03:00:00,PST-8,30-SEP-20 23:59:00,0,0,0,0,0.00K,0.00K,Other Federal Agency,,,,,,,,,,,,,,,,,,,,,,"The Slater Wildfire started at around 0645 PDT on 09/08/20. The cause is under investigation.  As of 0630 PDT on 10/01/20, the fire had burned 154145 acres and was 45 percent contained. 440 structures were lost. 29.6 million dollars had been spent on firefighting efforts.","The Slater Wildfire started at around 0645 PDT on 09/08/20. The cause is under investigation.  As of 0630 PDT on 10/01/20, the fire had burned 154145 acres and was 45 percent contained. 440 structures were lost. 29.6 million dollars had been spent on firefighting efforts.",CSV
202009,9,0,202009,30,2359,151156,911343,CALIFORNIA,6,2020,September,Wildfire,Z,80,WESTERN SISKIYOU COUNTY,MFR,09-SEP-20 00:00:00,PST-8,30-SEP-20 23:59:00,0,0,0,0,0.00K,0.00K,Other Federal Agency,,,,,,,,,,,,,,,,,,,,,,"The Devil Wildfire started on 09/09/20. The cause is under investigation. As of 0630 PDT on 09/30/20, the fire had burned 8410 acres and was 20 percent contained. 0 structures were lost. 400 thousand dollars had been spent on firefighting efforts.","The Devil Wildfire started on 09/09/20. The cause is under investigation. As of 0630 PDT on 09/30/20, the fire had burned 8410 acres and was 20 percent contained. 0 structures were lost. 400 thousand dollars had been spent on firefighting efforts.",CSV
202009,1,0,202009,30,2359,151158,911345,CALIFORNIA,6,2020,September,Wildfire,Z,80,WESTERN SISKIYOU COUNTY,MFR,01-SEP-20 00:00:00,PST-8,30-SEP-20 23:59:00,0,0,0,0,0.00K,0.00K,Other Federal Agency,,,,,,,,,,,,,,,,,,,,,,"The Red Salmon Wildfire started on 07/27/20 at 1103 PDT. It was started by lightning.  The fire spread into Siskiyou county on 08/19/20.  As of 0630 PDT on 10/01/20, the fire had burned 124464 acres and was 31 percent contained. 0 structures were lost. 73.7 million dollars had been spent on firefighting efforts.","The Red Salmon Wildfire started on 07/27/20 at 1103 PDT. It was started by lightning.  The fire spread into Siskiyou county on 08/19/20.  As of 0630 PDT on 10/01/20, the fire had burned 124464 acres and was 31 percent contained. 0 structures were lost. 73.7 million dollars had been spent on firefighting efforts.",CSV
202009,1,0,202009,30,2359,152435,918125,CALIFORNIA,6,2020,September,Wildfire,Z,505,COASTAL NORTH BAY INCLUDING POINT REYES NATIONAL SEASHORE,MTR,01-SEP-20 00:00:00,PST-8,30-SEP-20 23:59:00,0,0,0,0,,,Fire Department/Rescue,,,,,,,,,,,,,,,,,,,,,,"Continued periods of gusty offshore winds, dry conditions, and hot to record breaking temperatures allowed the August lightning fires to burn throughout the month of September. Persistent dry conditions across the hills and above normal temperatures made fire fighting efforts difficult with relatively poor humidity recoveries for much of the month.","The Woodward Fire continued to burn throughout September before finally being extinguished in early October. A total of 4,929 acres burned with no structures damaged or destroyed https://www.fire.ca.gov/incidents/2020/8/18/woodward-fire/.",CSV
202009,27,248,202009,30,2359,152288,917313,CALIFORNIA,6,2020,September,Wildfire,Z,507,NORTH BAY MOUNTAINS,MTR,27-SEP-20 02:48:00,PST-8,30-SEP-20 23:59:00,0,0,0,0,,,Fire Department/Rescue,,,,,,,,,,,,,,,,,,,,,,Dry gusty offshore winds as well as strengthening high pressure enabled the generation and rapid spread of the Glass Fire across Napa and Sonoma counties at the end of September. The mountains of the North Bay saw wind gusts of 40 to 65 mph into the morning of the 28th with 30 to 40 mph gusts across the East Bay Hills. These gusty winds along with dry conditions enabled the Glass Fire to spread almost fourfold in one day. Tens of thousands of residents were evacuated and nearly 80 homes were destroyed along with numerous additional structures including a famous Napa winery. Offshore flow and strong high pressure also broke several daily temperature records across the SF Bay Area. High temperatures were in the mid/upper 90s to low 100s inland and mid 80s to low 90s along the coast.,"Dry gusty offshore winds as well as strengthening high pressure enabled the generation and rapid spread of the Glass Fire across Napa and Sonoma counties at the end of September https://www.fire.ca.gov/incidents/2020/9/27/glass-fire/. Tens of thousands of residents were ordered to evacuate including the entire city of Calistoga. Over 50,000 acres burned by the end of the month along with nearly 80 residential structures and numerous additional structures. Strong and dry offshore winds enabled the Glass Fire to grow nearly fourfold in just one day https://www.latimes.com/california/story/2020-09-29/glass-fire-quadruples-in-size-burning-80-homes-in-napa-valley.  The fire was still burning well into October.",CSV
202009,1,0,202009,22,2359,152435,918120,CALIFORNIA,6,2020,September,Wildfire,Z,512,SANTA CRUZ MOUNTAINS,MTR,01-SEP-20 00:00:00,PST-8,22-SEP-20 23:59:00,0,0,0,0,,,Fire Department/Rescue,,,,,,,,,,,,,,,,,,,,,,"Continued periods of gusty offshore winds, dry conditions, and hot to record breaking temperatures allowed the August lightning fires to burn throughout the month of September. Persistent dry conditions across the hills and above normal temperatures made fire fighting efforts difficult with relatively poor humidity recoveries for much of the month.","The CZU Lightning Complex fires continued to burn through late September. The fire was contained on the 22nd with a total of 86,509 acres burned, 140 structures damaged, 1490 structures destroyed, 1 injury and 1 fatality in August.",CSV
202009,1,0,202009,4,1808,152435,918121,CALIFORNIA,6,2020,September,Wildfire,Z,517,SANTA LUCIA MOUNTAINS AND LOS PADRES NATIONAL FOREST,MTR,01-SEP-20 00:00:00,PST-8,04-SEP-20 18:08:00,0,0,0,0,,,Fire Department/Rescue,,,,,,,,,,,,,,,,,,,,,,"Continued periods of gusty offshore winds, dry conditions, and hot to record breaking temperatures allowed the August lightning fires to burn throughout the month of September. Persistent dry conditions across the hills and above normal temperatures made fire fighting efforts difficult with relatively poor humidity recoveries for much of the month.","The River Fire continued to burn through early September. A total of 48,088 acres burned with 30 structures destroyed, 13 damaged, and 4 injuries https://www.fire.ca.gov/incidents/2020/8/16/river-fire/.",CSV
202009,27,1503,202009,30,2359,153249,923441,CALIFORNIA,6,2020,September,Wildfire,Z,15,NORTHERN SACRAMENTO VALLEY,STO,27-SEP-20 15:03:00,PST-8,30-SEP-20 23:59:00,1,0,4,0,,,Fire Department/Rescue,,,,,,,,,,,,,,,,,,,,,,"Another round of critical fire weather conditions occurred from September 26 through September 28 due to a trough sliding into the Rockies and ridge building behind it. Gusty north to east winds winds generally ranged from 25 to 50 mph, however, some of the highest elevations along the Sierra Crest reported gusts up to 76 mph. This led to the Zogg Fire and 11 reports of wind related damage or hazards to a utility company across all of northern California, 10 of which occurred in along the west slopes of the northern Sierra. Damage locations in the events are estimated by the map provided to the public.","A wildfire started on September 27 on Zogg Mine Road and Jenny Bird Lane, North of Igo in Shasta County and would span portions of zone 15 and 63 in Shasta and Tehama counties. The fire would eventually claim 4 lives, cause an injury to a firefighter, destroy 204 structures, damage 27 structures, and burn 56,338 acres.",CSV
202009,4,1730,202009,30,2359,152993,922212,CALIFORNIA,6,2020,September,Wildfire,Z,192,CENTRAL SIERRA,HNX,04-SEP-20 17:30:00,PST-8,30-SEP-20 23:59:00,29,0,0,0,,,Park/Forest Service,,,,,,,,,,,,,,,,,,,,,,"The Creek fire started at 633 pm PDT on September 4th (Labor Day Weekend) in the vicinity of Big Creek, California near the town of Shaver Lake. The fire was in an area of very heavy tree mortality in the Sierra National Forest. The fire had explosive grown on September 5th and 6th under excessive heat and low humidity, but not much wind. The fire became plume dominated on the 5th and column collapses were noted by AlertFire Cameras late on the 5th within the extremely unstable environment. Damaging fire whirls occurred just north of Mammoth Pool with ground survey estimated winds at 115-125 mph, and near Huntington Lake with patterns indicating winds of 90-107 mph. By the evening of September 6th, the fire fire had grown to 73,278 acres. Extensive smoke|allowed the fire to slow some by Monday and Tuesday September 7th-8th, however the fore continued to grow, reaching nearly 153,000 acres by September 9th. Around this time, the complexity of the incident necessitated management of the fire to be split into a north zone and a south zone with 2 overhead teams assigned. The fire closed Highway 168 and may local roads and there were evacuations of as many as 45,000 people. Hundreds of people were rescued by California National Guard helicopters from the Mammoth Pool area and also from the China Peak ski resort. Hot ands dry conditions under strong high pressure continued throughout the remainder of September with extensive smoke often hampering air operations. By the end of September the fire had burned 307,051 acres and had destroyed 853 structures and damaged 64 others. Cost of containment was $106 Million. The fire continued to burn into November.","The Creek fire started at 633 pm PDT on September 4th (Labor Day Weekend) in the vicinity of Big Creek, California near the town of Shaver Lake. The fire was in an area of very heavy tree mortality in the Sierra National Forest. The fire had explosive grown on September 5th and 6th under excessive heat and low humidity, but not much wind. The fire became plume dominated on the 5th and column collapses were noted by AlertFire Cameras late on the 5th within the extremely unstable environment. Damaging fire whirls occurred just north of Mammoth Pool with ground survey estimated winds at 115-125 mph, and near Huntington Lake with patterns indicating winds of 90-107 mph. By the evening of September 6th, the fire fire had grown to 73,278 acres. Extensive smoke|allowed the fire to slow some by Monday and Tuesday September 7th-8th, however the fore continued to grow, reaching nearly 153,000 acres by September 9th. Around this time, the complexity of the incident necessitated management of the fire to be split into a north zone and a south zone with 2 overhead teams assigned. The fire closed Highway 168 and may local roads and there were evacuations of as many as 45,000 people. Hundreds of people were rescued by California National Guard helicopters from the Mammoth Pool area and also from the China Peak ski resort. Hot and dry conditions under strong high pressure continued throughout the remainder of September with extensive smoke often hampering air operations. By the end of September the fire had burned 307,051 acres and had destroyed 853 structures and damaged 64 others. Cost of containment was $106 Million. The fire continued to burn into November.",CSV
202009,4,1730,202009,30,2359,152993,922213,CALIFORNIA,6,2020,September,Wildfire,Z,193,NORTH KINGS RIVER,HNX,04-SEP-20 17:30:00,PST-8,30-SEP-20 23:59:00,0,0,0,0,,,Park/Forest Service,,,,,,,,,,,,,,,,,,,,,,"The Creek fire started at 633 pm PDT on September 4th (Labor Day Weekend) in the vicinity of Big Creek, California near the town of Shaver Lake. The fire was in an area of very heavy tree mortality in the Sierra National Forest. The fire had explosive grown on September 5th and 6th under excessive heat and low humidity, but not much wind. The fire became plume dominated on the 5th and column collapses were noted by AlertFire Cameras late on the 5th within the extremely unstable environment. Damaging fire whirls occurred just north of Mammoth Pool with ground survey estimated winds at 115-125 mph, and near Huntington Lake with patterns indicating winds of 90-107 mph. By the evening of September 6th, the fire fire had grown to 73,278 acres. Extensive smoke|allowed the fire to slow some by Monday and Tuesday September 7th-8th, however the fore continued to grow, reaching nearly 153,000 acres by September 9th. Around this time, the complexity of the incident necessitated management of the fire to be split into a north zone and a south zone with 2 overhead teams assigned. The fire closed Highway 168 and may local roads and there were evacuations of as many as 45,000 people. Hundreds of people were rescued by California National Guard helicopters from the Mammoth Pool area and also from the China Peak ski resort. Hot ands dry conditions under strong high pressure continued throughout the remainder of September with extensive smoke often hampering air operations. By the end of September the fire had burned 307,051 acres and had destroyed 853 structures and damaged 64 others. Cost of containment was $106 Million. The fire continued to burn into November.","The Creek fire started at 633 pm PDT on September 4th (Labor Day Weekend) in the vicinity of Big Creek, California near the town of Shaver Lake. The fire was in an area of very heavy tree mortality in the Sierra National Forest. The fire had explosive grown on September 5th and 6th under excessive heat and low humidity, but not much wind. The fire became plume dominated on the 5th and column collapses were noted by AlertFire Cameras late on the 5th within the extremely unstable environment. Damaging fire whirls occurred just north of Mammoth Pool with ground survey estimated winds at 115-125 mph, and near Huntington Lake with patterns indicating winds of 90-107 mph. By the evening of September 6th, the fire fire had grown to 73,278 acres. Extensive smoke|allowed the fire to slow some by Monday and Tuesday September 7th-8th, however the fore continued to grow, reaching nearly 153,000 acres by September 9th. Around this time, the complexity of the incident necessitated management of the fire to be split into a north zone and a south zone with 2 overhead teams assigned. The fire closed Highway 168 and may local roads and there were evacuations of as many as 45,000 people. Hundreds of people were rescued by California National Guard helicopters from the Mammoth Pool area and also from the China Peak ski resort. Hot and dry conditions under strong high pressure continued throughout the remainder of September with extensive smoke often hampering air operations. By the end of September the fire had burned 307,051 acres and had destroyed 853 structures and damaged 64 others. Cost of containment was $106 Million. The fire continued to burn into November.",CSV
202009,4,1730,202009,30,2359,152993,922214,CALIFORNIA,6,2020,September,Wildfire,Z,190,CENTRAL SIERRA FOOTHILLS,HNX,04-SEP-20 17:30:00,PST-8,30-SEP-20 23:59:00,0,0,0,0,,,Park/Forest Service,,,,,,,,,,,,,,,,,,,,,,"The Creek fire started at 633 pm PDT on September 4th (Labor Day Weekend) in the vicinity of Big Creek, California near the town of Shaver Lake. The fire was in an area of very heavy tree mortality in the Sierra National Forest. The fire had explosive grown on September 5th and 6th under excessive heat and low humidity, but not much wind. The fire became plume dominated on the 5th and column collapses were noted by AlertFire Cameras late on the 5th within the extremely unstable environment. Damaging fire whirls occurred just north of Mammoth Pool with ground survey estimated winds at 115-125 mph, and near Huntington Lake with patterns indicating winds of 90-107 mph. By the evening of September 6th, the fire fire had grown to 73,278 acres. Extensive smoke|allowed the fire to slow some by Monday and Tuesday September 7th-8th, however the fore continued to grow, reaching nearly 153,000 acres by September 9th. Around this time, the complexity of the incident necessitated management of the fire to be split into a north zone and a south zone with 2 overhead teams assigned. The fire closed Highway 168 and may local roads and there were evacuations of as many as 45,000 people. Hundreds of people were rescued by California National Guard helicopters from the Mammoth Pool area and also from the China Peak ski resort. Hot ands dry conditions under strong high pressure continued throughout the remainder of September with extensive smoke often hampering air operations. By the end of September the fire had burned 307,051 acres and had destroyed 853 structures and damaged 64 others. Cost of containment was $106 Million. The fire continued to burn into November.","The Creek fire started at 633 pm PDT on September 4th (Labor Day Weekend) in the vicinity of Big Creek, California near the town of Shaver Lake. The fire was in an area of very heavy tree mortality in the Sierra National Forest. The fire had explosive grown on September 5th and 6th under excessive heat and low humidity, but not much wind. The fire became plume dominated on the 5th and column collapses were noted by AlertFire Cameras late on the 5th within the extremely unstable environment. Damaging fire whirls occurred just north of Mammoth Pool with ground survey estimated winds at 115-125 mph, and near Huntington Lake with patterns indicating winds of 90-107 mph. By the evening of September 6th, the fire fire had grown to 73,278 acres. Extensive smoke|allowed the fire to slow some by Monday and Tuesday September 7th-8th, however the fore continued to grow, reaching nearly 153,000 acres by September 9th. Around this time, the complexity of the incident necessitated management of the fire to be split into a north zone and a south zone with 2 overhead teams assigned. The fire closed Highway 168 and may local roads and there were evacuations of as many as 45,000 people. Hundreds of people were rescued by California National Guard helicopters from the Mammoth Pool area and also from the China Peak ski resort. Hot and dry conditions under strong high pressure continued throughout the remainder of September with extensive smoke often hampering air operations. By the end of September the fire had burned 307,051 acres and had destroyed 853 structures and damaged 64 others. Cost of containment was $106 Million. The fire continued to burn into November.",CSV
202009,7,2100,202009,9,1600,153230,922725,CALIFORNIA,6,2020,September,Wildfire,Z,66,NORTHEAST FOOTHILLS/SACRAMENTO VALLEY,STO,07-SEP-20 21:00:00,PST-8,09-SEP-20 16:00:00,0,0,16,0,0.00K,0.00K,Fire Department/Rescue,,,,,,,,,,,,,,,,,,,,,,"September started off extremely hot, as high pressure built over the area. This led to unseasonably hot temperatures for most of northern California with widespread triple digit heat forecast, accompanied by little overnight relief for the Labor Day weekend. Between September 5 and September 8, one county in the Sacramento Valley recorded five heat related visits to the emergency room; however, as of this time, no deaths were reported. On the tail of this heat wave, critical fire weather conditions occurred due to a trough sliding into the Great Basin area. Gusty winds led to 83 reports of wind related damage or hazards to a utility company across all of northern California, including areas served by NWS Eureka and NWS Monterey. Damage locations in the events are estimated by the map provided to the public. Gusty winds also wreaked havoc on the North Complex.","Immediate evacuation orders where given to Berry Creek, Brush Creek, Forbestown, Clipper Mills, and Feather Falls areas the evening of September 8. Later that night gusty north and east winds continued to push the fires from the North Complex down the terrain, which would eventually make a run into Butte County and down to the Lake Oroville area. The US Forest Service and CalFire reported that the event lead to 16 casualties and around 2,455 structures being destroyed.",CSV
202009,1,0,202009,30,2359,153247,922722,CALIFORNIA,6,2020,September,Wildfire,Z,19,NORTHERN SAN JOAQUIN VALLEY,STO,01-SEP-20 00:00:00,PST-8,30-SEP-20 23:59:00,0,0,0,0,,,Fire Department/Rescue,,,,,,,,,,,,,,,,,,,,,,"For the month of September wildfires continued to burn across northern California. ||The August Complex is the largest fire in California history, and is spread across the county warning areas of weather forecast offices Sacramento and Eureka. One fatality and injury occurred on August 27 at the August Complex due to a vehicular accident, many structures were destroyed or damaged. The August Complex finally becomes fully contained by November 15, 2020.||The LNU and SCU complexes are mainly within the county warning area of weather forecast office Monterey; however, both fires spread into Sacramento's forecast area.||The LNU Complex caused significant damage in Solano County, including 2 fatalities, the evacuation of Vacaville and Fairfield, and the closure of I-80. Yolo County was also affected by the fires and had evacuations and road closures. 3 Fatalities occurred in Napa County. It has been difficult to find detailed data, but there were 5 injuries that occurred, 4 civilian and 1 first responder. The LNU Complex finally becomes fully extinguished by October 1, 2020.||The SCU Complex covered large swaths of land over Santa Clara, Alameda, Contra Costa, San Joaquin, Merced, and Stanislaus counties. Per the last CalFire incident update, 6 injuries occurred, 4 were first responders and 2 were civilian. The fires  caused significant damage over the area. The SCU Complex finally becomes fully contained on October 1, 2020.||Finally, the North Complex, spanning portions of Plumas and Butte counties, was also started by lightning on August 17 at 8AM PST. Fire activity occurred for the month of August, but extreme fire growth happened during the month of September due to a strong offshore wind event. Per the US Forest Service there were 16 fatalities and 2,455 structures destroyed. As of November 29, the date when this is being prepared, estimated containment is expected to occur on November 30.","The SCU Complex started on August 16 and eventually becomes contained on October 1, 2020. It covered Santa Clara, Alameda, Contra Costa, San Joaquin, Merced, and Stanislaus counties which span the county warning areas of Monterey and Sacramento offices. This fire ends up burning a total of 396, 624 acres, destroying 136 structures and 86 minor structures, and damaging 26 structures. 6 injuries were reported, 4 of which were first responders and 2 civilian; however, detailed data for injuries have been hard to come by. Finally, evacuations and road closures occurred. The majority of this fire complex burned in Monterey's county warning area.",CSV
202011,27,1300,202011,27,1500,154213,929237,CALIFORNIA,6,2020,November,Wildfire,Z,58,SAN DIEGO COUNTY MOUNTAINS,SGX,27-NOV-20 13:00:00,PST-8,27-NOV-20 15:00:00,1,0,0,0,0.00K,0.00K,Fire Department/Rescue,,,,,,,,,,,,,,,,,,,,,,"A mid-level area of low pressure swung its way across the southwestern U.S., which brought damaging winds and very dry conditions to portions of Southern California. Some places along the coast also saw dense fog.","Cal Fire reports firefighter injury during the Hawk Fire, which burned 10 acres near Japutal Valley Road and Hawk Ridge between 1 and 3 PM on the 27th.",CSV
202009,1,0,202009,30,2359,152991,921475,CALIFORNIA,6,2020,September,Wildfire,Z,194,SEQUOIA KINGS,HNX,01-SEP-20 00:00:00,PST-8,30-SEP-20 23:59:00,15,0,0,0,,,Park/Forest Service,,,,,,,,,,,,,,,,,,,,,,"The lightning caused Castle fire was discovered on the morning of August 19, 2020. It was located 25 miles north of Kernville on the Sequoia National Forest and just a few miles east of the Giant Sequoia National Monument. It grew slowly at first, reaching 2000 acres on August 23rd. It grew rapidly to 15,000 acres by August 25th and to 35,674 acres by August 31st. The rapid growth resulted in evacuations of several small mountain communities and the closure of Highway 190 and several other mountain roads. On August 29, the Castle fire was combined with the smaller Shot Gun fire to become the SQF Complex. Containment remained at zero as of August 31st and the cost thus far was $5.6 Million. This fire continued into October.","The lightning caused Castle fire was discovered on the morning of August 19, 2020. It was located 25 miles north of Kernville on the Sequoia National Forest and just a few miles east of the Giant Sequoia National Monument. It grew slowly at first, reaching 2000 acres on August 23rd. The it grew rapidly to 15,000 acres by August 25th and to 35,674 acres by August 31st due to gusty southwest winds and low humidity. The rapid growth resulted in evacuations of several small mountain communities and the closure of Highway 190 and several other mountain roads. On August 29, the Castle fire was combined with the smaller Shotgun fire to become the SQF Complex. The Shotgun fire was mainly sheltered at the bottom of a ravine and showed only small growth. The Castle fire continued to spread 4000 to 6000 acres on many days through September with the largest one day growth over 31,000 acres as above normal temperatures and low humidity persisted over the area along with very dry fuels. By the end of September, the fire was 151,436 acres and was 60 percent contained. Cost of containment was $74 million and there were 228 structures destroyed.",CSV
202009,1,0,202009,30,2359,153247,922723,CALIFORNIA,6,2020,September,Wildfire,Z,63,MOUNTAINS SOUTHWESTERN SHASTA COUNTY TO WESTERN COLUSA COUNTY,STO,01-SEP-20 00:00:00,PST-8,30-SEP-20 23:59:00,0,0,0,0,,,Fire Department/Rescue,,,,,,,,,,,,,,,,,,,,,,"For the month of September wildfires continued to burn across northern California. ||The August Complex is the largest fire in California history, and is spread across the county warning areas of weather forecast offices Sacramento and Eureka. One fatality and injury occurred on August 27 at the August Complex due to a vehicular accident, many structures were destroyed or damaged. The August Complex finally becomes fully contained by November 15, 2020.||The LNU and SCU complexes are mainly within the county warning area of weather forecast office Monterey; however, both fires spread into Sacramento's forecast area.||The LNU Complex caused significant damage in Solano County, including 2 fatalities, the evacuation of Vacaville and Fairfield, and the closure of I-80. Yolo County was also affected by the fires and had evacuations and road closures. 3 Fatalities occurred in Napa County. It has been difficult to find detailed data, but there were 5 injuries that occurred, 4 civilian and 1 first responder. The LNU Complex finally becomes fully extinguished by October 1, 2020.||The SCU Complex covered large swaths of land over Santa Clara, Alameda, Contra Costa, San Joaquin, Merced, and Stanislaus counties. Per the last CalFire incident update, 6 injuries occurred, 4 were first responders and 2 were civilian. The fires  caused significant damage over the area. The SCU Complex finally becomes fully contained on October 1, 2020.||Finally, the North Complex, spanning portions of Plumas and Butte counties, was also started by lightning on August 17 at 8AM PST. Fire activity occurred for the month of August, but extreme fire growth happened during the month of September due to a strong offshore wind event. Per the US Forest Service there were 16 fatalities and 2,455 structures destroyed. As of November 29, the date when this is being prepared, estimated containment is expected to occur on November 30.","The August Complex was started by lightning on August 16 and 17, initially over the Mendocino National Forest. Since then, the fire has grown extensively and currently spans two National Weather Service county warning areas, Sacramento and Eureka. Counties that have been affected are Tehama, Glenn, Colusa, Lake, Trinity, Mendocino, and Humboldt counties. The fire becomes fully contained on November 15 and ends up burning 1,032, 648 acres. It destroyed 54 structures and damaged 6 structures. 1 fire fighter fatality and an associated injury occurred via a vehicular accident while on the line in Eureka's forecast area.",CSV
202011,1,0,202011,15,1800,154278,929484,CALIFORNIA,6,2020,November,Wildfire,Z,66,NORTHEAST FOOTHILLS/SACRAMENTO VALLEY,STO,01-NOV-20 00:00:00,PST-8,15-NOV-20 18:00:00,0,0,0,0,0.00K,0.00K,Fire Department/Rescue,,,,,,,,,,,,,,,,,,,,,,"For the month of November, 2 out of the 4 wildfires, the August and North Complexes, from earlier this summer continued to burn across northern California. The LNU and SCU complexes were controlled or extinguished in the month of October. ||The August Complex is the largest fire in California history, and is spread across the county warning areas of weather forecast offices Sacramento and Eureka. One fatality and injury occurred on August 27 at the August Complex due to a vehicular accident, many structures were destroyed or damaged. The August Complex finally becomes fully contained by November 15, 2020.||The North Complex, spanning portions of Plumas and Butte counties, was also started by lightning on August 17 at 8AM PST. Fire activity occurred for the month of August, but extreme fire growth happened during the month of September due to a strong offshore wind event. Per the US Forest Service there were 16 fatalities and 2,455 structures destroyed. Containment date was announced on December 4, 2020 along with a report of 15 responder injuries.","The North Complex, spanning portions of Plumas and Butte counties, was also started by lightning on August 17 at 8AM PST and continued through the month of September. Extreme fire growth happened just after Labor Day due to a strong offshore wind event. Per the US Forest Service there were 15 responder injuries, 16 fatalities, and 2,455 structures destroyed. As of January 20, the date when this is being prepared, updated information was released about the fire, including that it was declared contained on December 3, 2020.",CSV
202009,1,0,202009,30,2359,153247,922724,CALIFORNIA,6,2020,September,Wildfire,Z,17,SOUTHERN SACRAMENTO VALLEY,STO,01-SEP-20 00:00:00,PST-8,30-SEP-20 23:59:00,0,0,0,0,,,Fire Department/Rescue,,,,,,,,,,,,,,,,,,,,,,"For the month of September wildfires continued to burn across northern California. ||The August Complex is the largest fire in California history, and is spread across the county warning areas of weather forecast offices Sacramento and Eureka. One fatality and injury occurred on August 27 at the August Complex due to a vehicular accident, many structures were destroyed or damaged. The August Complex finally becomes fully contained by November 15, 2020.||The LNU and SCU complexes are mainly within the county warning area of weather forecast office Monterey; however, both fires spread into Sacramento's forecast area.||The LNU Complex caused significant damage in Solano County, including 2 fatalities, the evacuation of Vacaville and Fairfield, and the closure of I-80. Yolo County was also affected by the fires and had evacuations and road closures. 3 Fatalities occurred in Napa County. It has been difficult to find detailed data, but there were 5 injuries that occurred, 4 civilian and 1 first responder. The LNU Complex finally becomes fully extinguished by October 1, 2020.||The SCU Complex covered large swaths of land over Santa Clara, Alameda, Contra Costa, San Joaquin, Merced, and Stanislaus counties. Per the last CalFire incident update, 6 injuries occurred, 4 were first responders and 2 were civilian. The fires  caused significant damage over the area. The SCU Complex finally becomes fully contained on October 1, 2020.||Finally, the North Complex, spanning portions of Plumas and Butte counties, was also started by lightning on August 17 at 8AM PST. Fire activity occurred for the month of August, but extreme fire growth happened during the month of September due to a strong offshore wind event. Per the US Forest Service there were 16 fatalities and 2,455 structures destroyed. As of November 29, the date when this is being prepared, estimated containment is expected to occur on November 30.","The LNU Complex started on August 17 and will eventually become contained on October 2, 2020. This fire ends up burning a total of 363, 220 acres, destroying 1491 structures, including an NWS COOP site, and damaging 232 structures. For Solano County, 42,00 acres were burned, 309 homes were destroyed, 854 structures were damaged, and 1,426 utility poles were replaced. Many evacuations occurred, including larger sized populations such as Fairfield, Vacaville, and Travis Air force Base. Multiple road closures happened as well, including Interstate 80 for a brief period. Finally 5 deaths, which are detailed and recorded as separate events, and 5 injuries happened because of the fire. Injury information has been hard to come by with the latest information being 4 civilian and 1 first responder injury.",CSV
202011,1,0,202011,30,1800,154278,929485,CALIFORNIA,6,2020,November,Wildfire,Z,63,MOUNTAINS SOUTHWESTERN SHASTA COUNTY TO WESTERN COLUSA COUNTY,STO,01-NOV-20 00:00:00,PST-8,30-NOV-20 18:00:00,0,0,0,0,0.00K,0.00K,Fire Department/Rescue,,,,,,,,,,,,,,,,,,,,,,"For the month of November, 2 out of the 4 wildfires, the August and North Complexes, from earlier this summer continued to burn across northern California. The LNU and SCU complexes were controlled or extinguished in the month of October. ||The August Complex is the largest fire in California history, and is spread across the county warning areas of weather forecast offices Sacramento and Eureka. One fatality and injury occurred on August 27 at the August Complex due to a vehicular accident, many structures were destroyed or damaged. The August Complex finally becomes fully contained by November 15, 2020.||The North Complex, spanning portions of Plumas and Butte counties, was also started by lightning on August 17 at 8AM PST. Fire activity occurred for the month of August, but extreme fire growth happened during the month of September due to a strong offshore wind event. Per the US Forest Service there were 16 fatalities and 2,455 structures destroyed. Containment date was announced on December 4, 2020 along with a report of 15 responder injuries.","The August Complex was started by lightning on August 16 and 17, initially over the Mendocino National Forest. Since then, the fire has grown extensively and currently spans two National Weather Service county warning areas, Sacramento and Eureka. Counties that have been affected are Tehama, Glenn, Colusa, Lake, Trinity, Mendocino, and Humboldt counties. The fire becomes fully contained on November 15 and ends up burning 1,032, 648 acres. It destroyed 54 structures and damaged 6 structures. 1 fire fighter fatality and an associated injury occurred via a vehicular accident while on the line in Eureka's forecast area.",CSV
202009,1,0,202009,30,2359,153247,922726,CALIFORNIA,6,2020,September,Wildfire,Z,66,NORTHEAST FOOTHILLS/SACRAMENTO VALLEY,STO,01-SEP-20 00:00:00,PST-8,30-SEP-20 23:59:00,0,0,0,0,,,Fire Department/Rescue,,,,,,,,,,,,,,,,,,,,,,"For the month of September wildfires continued to burn across northern California. ||The August Complex is the largest fire in California history, and is spread across the county warning areas of weather forecast offices Sacramento and Eureka. One fatality and injury occurred on August 27 at the August Complex due to a vehicular accident, many structures were destroyed or damaged. The August Complex finally becomes fully contained by November 15, 2020.||The LNU and SCU complexes are mainly within the county warning area of weather forecast office Monterey; however, both fires spread into Sacramento's forecast area.||The LNU Complex caused significant damage in Solano County, including 2 fatalities, the evacuation of Vacaville and Fairfield, and the closure of I-80. Yolo County was also affected by the fires and had evacuations and road closures. 3 Fatalities occurred in Napa County. It has been difficult to find detailed data, but there were 5 injuries that occurred, 4 civilian and 1 first responder. The LNU Complex finally becomes fully extinguished by October 1, 2020.||The SCU Complex covered large swaths of land over Santa Clara, Alameda, Contra Costa, San Joaquin, Merced, and Stanislaus counties. Per the last CalFire incident update, 6 injuries occurred, 4 were first responders and 2 were civilian. The fires  caused significant damage over the area. The SCU Complex finally becomes fully contained on October 1, 2020.||Finally, the North Complex, spanning portions of Plumas and Butte counties, was also started by lightning on August 17 at 8AM PST. Fire activity occurred for the month of August, but extreme fire growth happened during the month of September due to a strong offshore wind event. Per the US Forest Service there were 16 fatalities and 2,455 structures destroyed. As of November 29, the date when this is being prepared, estimated containment is expected to occur on November 30.","The North Complex, spanning portions of Plumas and Butte counties, was also started by lightning on August 17 at 8AM PST and continued through the month of September. Extreme fire growth happened just after Labor Day due to a strong offshore wind event. Per the US Forest Service there were 16 fatalities and 2,455 structures destroyed. As of November 29, the date when this is being prepared, estimated containment is expected to occur on November 30.",CSV
202011,1,0,202011,30,2359,153510,924304,CALIFORNIA,6,2020,November,Wildfire,Z,190,CENTRAL SIERRA FOOTHILLS,HNX,01-NOV-20 00:00:00,PST-8,30-NOV-20 23:59:00,0,0,0,0,,,Park/Forest Service,,,,,,,,,,,,,,,,,,,,,,"The Creek fire started at 633 pm PDT on September 4th (Labor Day Weekend) in the vicinity of Big Creek, California near the town of Shaver Lake. The fire was in an area of very heavy tree mortality in the Sierra National Forest. The fire had explosive grown on September 5th and 6th under excessive heat and low humidity, but not much wind. The fire became plume dominated on the 5th and column collapses were noted by AlertFire Cameras late on the 5th within the extremely unstable environment. Damaging fire whirls occurred just north of Mammoth Pool with ground survey estimated winds at 115-125 mph, and near Huntington Lake with patterns indicating winds of 90-107 mph. By the evening of September 6th, the fire fire had grown to 73,278 acres. Extensive smoke allowed the fire to slow some by Monday and Tuesday September 7th-8th, however the fore continued to grow, reaching nearly 153,000 acres by September 9th. Around this time, the complexity of the incident necessitated management of the fire to be split into a north zone and a south zone with 2 overhead teams assigned. The fire closed Highway 168 and may local roads and there were evacuations of as many as 45,000 people. Hundreds of people were rescued by California National Guard helicopters from the Mammoth Pool area and also from the China Peak ski resort. Hot ands dry conditions under strong high pressure continued throughout the remainder of September with extensive smoke often hampering air operations. By the end of September the fire had burned 307,051 acres and had destroyed 853 structures and damaged 64 others. Cost of containment was $106 Million. The fire continued to grow by an average of 2000 acres a day throughout October under warm than normal conditions and low humidities and a couple of offshore wind events. The fire reached 379,571 acres by the end of November.","The Creek Fire continued to show moderate fire behavior and slow growth through the first week of November. On November 7th and 8th a winter storm brought 9 to 13 inches of snow above the 7000 foot level. This put a damper on the fire but did not totally put it out. It was 85 percent contained as of November 20th. The only remaining heat detected was from isolated large logs which continue to smolder as they burn into the wet snow. Surrounded by snow and granite, managers were confident that the fire will not progress further under winter conditions. Due to not being able to put a containment line all the way around the fire, it will not be fully contained until there is a season ending event, likely in December. Final acreage was 379,895 acres. Total cost of containment was $193.5 million.",CSV
202011,1,0,202011,30,2359,153510,924305,CALIFORNIA,6,2020,November,Wildfire,Z,192,CENTRAL SIERRA,HNX,01-NOV-20 00:00:00,PST-8,30-NOV-20 23:59:00,0,0,0,0,,,Park/Forest Service,,,,,,,,,,,,,,,,,,,,,,"The Creek fire started at 633 pm PDT on September 4th (Labor Day Weekend) in the vicinity of Big Creek, California near the town of Shaver Lake. The fire was in an area of very heavy tree mortality in the Sierra National Forest. The fire had explosive grown on September 5th and 6th under excessive heat and low humidity, but not much wind. The fire became plume dominated on the 5th and column collapses were noted by AlertFire Cameras late on the 5th within the extremely unstable environment. Damaging fire whirls occurred just north of Mammoth Pool with ground survey estimated winds at 115-125 mph, and near Huntington Lake with patterns indicating winds of 90-107 mph. By the evening of September 6th, the fire fire had grown to 73,278 acres. Extensive smoke allowed the fire to slow some by Monday and Tuesday September 7th-8th, however the fore continued to grow, reaching nearly 153,000 acres by September 9th. Around this time, the complexity of the incident necessitated management of the fire to be split into a north zone and a south zone with 2 overhead teams assigned. The fire closed Highway 168 and may local roads and there were evacuations of as many as 45,000 people. Hundreds of people were rescued by California National Guard helicopters from the Mammoth Pool area and also from the China Peak ski resort. Hot ands dry conditions under strong high pressure continued throughout the remainder of September with extensive smoke often hampering air operations. By the end of September the fire had burned 307,051 acres and had destroyed 853 structures and damaged 64 others. Cost of containment was $106 Million. The fire continued to grow by an average of 2000 acres a day throughout October under warm than normal conditions and low humidities and a couple of offshore wind events. The fire reached 379,571 acres by the end of November.","The Creek Fire continued to show moderate fire behavior and slow growth through the first week of November. On November 7th and 8th a winter storm brought 9 to 13 inches of snow above the 7000 foot level. This put a damper on the fire but did not totally put it out. It was 85 percent contained as of November 20th. The only remaining heat detected was from isolated large logs which continue to smolder as they burn into the wet snow. Surrounded by snow and granite, managers were confident that the fire will not progress further under winter conditions. Due to not being able to put a containment line all the way around the fire, it will not be fully contained until there is a season ending event, likely in December. Final acreage was 379,895 acres. Total cost of containment was $193.5 million.",CSV
202011,1,0,202011,30,2359,153510,924306,CALIFORNIA,6,2020,November,Wildfire,Z,193,NORTH KINGS RIVER,HNX,01-NOV-20 00:00:00,PST-8,30-NOV-20 23:59:00,0,0,0,0,,,Park/Forest Service,,,,,,,,,,,,,,,,,,,,,,"The Creek fire started at 633 pm PDT on September 4th (Labor Day Weekend) in the vicinity of Big Creek, California near the town of Shaver Lake. The fire was in an area of very heavy tree mortality in the Sierra National Forest. The fire had explosive grown on September 5th and 6th under excessive heat and low humidity, but not much wind. The fire became plume dominated on the 5th and column collapses were noted by AlertFire Cameras late on the 5th within the extremely unstable environment. Damaging fire whirls occurred just north of Mammoth Pool with ground survey estimated winds at 115-125 mph, and near Huntington Lake with patterns indicating winds of 90-107 mph. By the evening of September 6th, the fire fire had grown to 73,278 acres. Extensive smoke allowed the fire to slow some by Monday and Tuesday September 7th-8th, however the fore continued to grow, reaching nearly 153,000 acres by September 9th. Around this time, the complexity of the incident necessitated management of the fire to be split into a north zone and a south zone with 2 overhead teams assigned. The fire closed Highway 168 and may local roads and there were evacuations of as many as 45,000 people. Hundreds of people were rescued by California National Guard helicopters from the Mammoth Pool area and also from the China Peak ski resort. Hot ands dry conditions under strong high pressure continued throughout the remainder of September with extensive smoke often hampering air operations. By the end of September the fire had burned 307,051 acres and had destroyed 853 structures and damaged 64 others. Cost of containment was $106 Million. The fire continued to grow by an average of 2000 acres a day throughout October under warm than normal conditions and low humidities and a couple of offshore wind events. The fire reached 379,571 acres by the end of November.","The Creek Fire continued to show moderate fire behavior and slow growth through the first week of November. On November 7th and 8th a winter storm brought 9 to 13 inches of snow above the 7000 foot level. This put a damper on the fire but did not totally put it out. It was 85 percent contained as of November 20th. The only remaining heat detected was from isolated large logs which continue to smolder as they burn into the wet snow. Surrounded by snow and granite, managers were confident that the fire will not progress further under winter conditions. Due to not being able to put a containment line all the way around the fire, it will not be fully contained until there is a season ending event, likely in December. Final acreage was 379,895 acres. Total cost of containment was $193.5 million.",CSV
202011,1,0,202011,30,2359,153360,923445,CALIFORNIA,6,2020,November,Wildfire,Z,194,SEQUOIA KINGS,HNX,01-NOV-20 00:00:00,PST-8,30-NOV-20 23:59:00,0,0,0,0,,,Park/Forest Service,,,,,,,,,,,,,,,,,,,,,,"The lightning caused Castle fire was discovered on the morning of August 19, 2020. It was located 25 miles north of Kernville on the Sequoia National Forest and just a few miles east of the Giant Sequoia National Monument. It grew slowly at first, reaching 2000 acres on August 23rd. It grew rapidly to 15,000 acres by August 25th and to 35,674 acres by August 31st. The rapid growth resulted in evacuations of several small mountain communities and the closure of Highway 190 and several other mountain roads. On August 29, the Castle fire was combined with the smaller Shot Gun fire to become the SQF Complex. The fire grew to 151,436 acres by the end of September and to 170,165 acres by the end of October. The fire continued a slow growth in November and ended the month at 174,178 acres and 90 percent contained.","The SQF complex saw only small growth in November as up to a foot of snow fell on the higher elevations of the fire. That was the only precipitation for the month. The final size was 174,178 acres by the end of November with no additional growth expected. The Castle Fire burned on portions of the Sequoia National Forest and Giant Sequoia National Monument (129,975 acres), Inyo National Forest (12,283 acres), Sequoia National Park (18,292 acres), lands managed by the Bureau of Land Management (728 acres), State (4,036 acres), County, and private lands (4,726 acres) and threatened the Tule River Indian Reservation. ||Containment of the SQF Complex was 90% for the portion of the fire managed by the Sequoia National Forest. Due to limited access to the fires edge in remote locations, full containment is not expected until it can be assessed on the ground. Most uncontained lines are at higher elevations where natural barriers have stopped the spread, and winter conditions will likely extinguish any remaining hot spots. The cost of containment was $120 Million.",CSV
202011,1,0,202011,20,630,152699,919823,CALIFORNIA,6,2020,November,Wildfire,Z,80,WESTERN SISKIYOU COUNTY,MFR,01-NOV-20 00:00:00,PST-8,20-NOV-20 06:30:00,0,0,0,0,0.00K,0.00K,Other Federal Agency,,,,,,,,,,,,,,,,,,,,,,"The Slater Wildfire started at around 0645 PDT on 09/08/20. The cause is under investigation.  As of the last report at 0630 PST on 11/20/20, the fire had burned 157270 acres and was 100 percent contained. 440 structures were lost. 55.0 million dollars had been spent on firefighting efforts.","The Slater Wildfire started at around 0645 PDT on 09/08/20. The cause is under investigation.  As of the last report at 0630 PST on 11/20/20, the fire had burned 157270 acres and was 100 percent contained. 440 structures were lost. 55.0 million dollars had been spent on firefighting efforts.",CSV
202011,1,0,202011,20,630,152701,919826,CALIFORNIA,6,2020,November,Wildfire,Z,80,WESTERN SISKIYOU COUNTY,MFR,01-NOV-20 00:00:00,PST-8,20-NOV-20 06:30:00,0,0,0,0,0.00K,0.00K,Other Federal Agency,,,,,,,,,,,,,,,,,,,,,,"The Red Salmon Wildfire started on 07/27/20 at 1103 PDT. It was started by lightning.  The fire spread into Siskiyou county on 08/19/20.  As of the last report at 0630 PST on 11/20/20, the fire had burned 144698 acres and was 100 percent contained. 0 structures were lost. 115.0 million dollars had been spent on firefighting efforts.","The Red Salmon Wildfire started on 07/27/20 at 1103 PDT. It was started by lightning.  The fire spread into Siskiyou county on 08/19/20.  As of the last report at 0630 PST on 11/20/20, the fire had burned 144698 acres and was 100 percent contained. 0 structures were lost. 115.0 million dollars had been spent on firefighting efforts.",CSV
202012,13,1340,202012,14,1500,155030,934843,CALIFORNIA,6,2020,December,Wildfire,Z,48,SAN BERNARDINO AND RIVERSIDE COUNTY VALLEYS - THE INLAND EMPIRE,SGX,13-DEC-20 13:40:00,PST-8,14-DEC-20 15:00:00,0,0,0,0,0.00K,0.00K,Fire Department/Rescue,,,,,,,,,,,,,,,,,,,,,,Brief Santa Ana winds brought on by a moving upper level trough brought critical fire weather conditions to the area. This was followed by high pressure over the area with patchy dense fog.,"The Sanderson Fire burned 1,933 acres on the west side of Beaumont. It started near La Borde Canyon and Jack Rabbit Trail roads. Highland Springs RAWS was gusting to 50 mph between 1 am and 5 am and humidity near 20 percent. Humidity dropped to 15 percent and winds gradually lowered after 9 am on the 14th. Some evacuation warnings were issued.",CSV
202011,1,0,202011,3,630,152700,919824,CALIFORNIA,6,2020,November,Wildfire,Z,80,WESTERN SISKIYOU COUNTY,MFR,01-NOV-20 00:00:00,PST-8,03-NOV-20 06:30:00,0,0,0,0,0.00K,0.00K,Other Federal Agency,,,,,,,,,,,,,,,,,,,,,,"The Devil Wildfire started on 09/09/20. The cause is under investigation. As of the last report at 0630 PST on 11/03/20, the fire had burned 8856 acres and was 67 percent contained. 0 structures were lost. 680 thousand dollars had been spent on firefighting efforts.","The Devil Wildfire started on 09/09/20. The cause is under investigation. As of the last report at 0630 PST on 11/03/20, the fire had burned 8856 acres and was 67 percent contained. 0 structures were lost. 680 thousand dollars had been spent on firefighting efforts.",CSV
202012,16,1400,202012,16,1700,155030,934878,CALIFORNIA,6,2020,December,Wildfire,Z,50,SAN DIEGO COUNTY VALLEYS,SGX,16-DEC-20 14:00:00,PST-8,16-DEC-20 17:00:00,0,0,0,0,0.00K,0.00K,Fire Department/Rescue,,,,,,,,,,,,,,,,,,,,,,Brief Santa Ana winds brought on by a moving upper level trough brought critical fire weather conditions to the area. This was followed by high pressure over the area with patchy dense fog.,"Chaparral Fire started around 2 PM near the 10,000 Block of Chaparral Street in Santee. The fire led to some home evacuations for residents along Princess Joann and Dakota Ranch roads after scorching 36 acres.",CSV
202011,17,1300,202011,17,2300,154764,932473,CALIFORNIA,6,2020,November,Wildfire,Z,73,MONO,REV,17-NOV-20 13:00:00,PST-8,17-NOV-20 23:00:00,0,0,1,0,,,County Official,,,,,,,,,,,,,,,,,,,,,,"Powerful Pacific jet stream, rain shadowing, and mountain waves yielded some of the highest winds the region has seen in a few years. Still dry vegetation and high winds contributed to several major wildfires near Reno, NV and Walker, CA. A brief period of spillover rain and snow occurred that night into the morning of Nov 18.","Mountain View Fire near Walker and Coleville, CA associated with prolonged period of wind gusts over 70 MPH with peak measurement of 92 MPH at a Liberty Utilities mesonet south of Topaz Lake. 20,385 Acres. From media over 90 structures destroyed and one fatality.",CSV
202010,1,0,202010,31,2359,153358,924743,CALIFORNIA,6,2020,October,Wildfire,Z,63,MOUNTAINS SOUTHWESTERN SHASTA COUNTY TO WESTERN COLUSA COUNTY,STO,01-OCT-20 00:00:00,PST-8,31-OCT-20 23:59:00,0,0,0,0,0.00K,0.00K,Fire Department/Rescue,,,,,,,,,,,,,,,,,,,,,,"For the month of October, numerous wildfires that started in September 2020, continued to burn across northern California.||The August Complex is the largest fire in California history, and is spread across the county warning areas of weather forecast offices Sacramento and Eureka. One fatality and injury occurred on August 27 at the August Complex due to a vehicular accident, many structures were destroyed or damaged. The August Complex finally becomes fully contained by November 15, 2020.||The LNU and SCU complexes are mainly within the county warning area of weather forecast office Monterey; however, both fires spread into Sacramento's forecast area.||The LNU Complex caused significant damage in Solano County, including 2 fatalities, the evacuation of Vacaville and Fairfield, and the closure of I-80. Yolo County was also affected by the fires and had evacuations and road closures. 3 Fatalities occurred in Napa County. It has been difficult to find detailed data, but there were 5 injuries that occurred, 4 civilian and 1 first responder. The LNU Complex finally becomes fully extinguished by October 1, 2020.||The SCU Complex covered large swaths of land over Santa Clara, Alameda, Contra Costa, San Joaquin, Merced, and Stanislaus counties. Per the last CalFire incident update, 6 injuries occurred, 4 were first responders and 2 were civilian. The fires caused significant damage over the area. The SCU Complex finally becomes fully contained on October 1, 2020.||Finally, the North Complex, spanning portions of Plumas and Butte counties, was also started by lightning on August 17 at 8AM PST. Fire activity occurred for the month of August, but extreme fire growth happened during the month of September due to a strong offshore wind event. Per the US Forest Service there were 16 fatalities and 2,455 structures destroyed. As of November 29, the date when this is being prepared, estimated containment is expected to occur on November 30.","The August Complex was started by lightning on August 16 and 17, initially over the Mendocino National Forest. Since then, the fire has grown extensively and currently spans two National Weather Service county warning areas, Sacramento and Eureka. Counties that have been affected are Tehama, Glenn, Colusa, Lake, Trinity, Mendocino, and Humboldt counties. The fire becomes fully contained on November 15 and ends up burning 1,032, 648 acres. It destroyed 54 structures and damaged 6 structures. 1 fire fighter fatality and an associated injury occurred via a vehicular accident while on the line in Eureka's forecast area.",CSV
202010,1,0,202010,31,2359,153358,923443,CALIFORNIA,6,2020,October,Wildfire,Z,66,NORTHEAST FOOTHILLS/SACRAMENTO VALLEY,STO,01-OCT-20 00:00:00,PST-8,31-OCT-20 23:59:00,0,0,0,0,,,Fire Department/Rescue,,,,,,,,,,,,,,,,,,,,,,"For the month of October, numerous wildfires that started in September 2020, continued to burn across northern California.||The August Complex is the largest fire in California history, and is spread across the county warning areas of weather forecast offices Sacramento and Eureka. One fatality and injury occurred on August 27 at the August Complex due to a vehicular accident, many structures were destroyed or damaged. The August Complex finally becomes fully contained by November 15, 2020.||The LNU and SCU complexes are mainly within the county warning area of weather forecast office Monterey; however, both fires spread into Sacramento's forecast area.||The LNU Complex caused significant damage in Solano County, including 2 fatalities, the evacuation of Vacaville and Fairfield, and the closure of I-80. Yolo County was also affected by the fires and had evacuations and road closures. 3 Fatalities occurred in Napa County. It has been difficult to find detailed data, but there were 5 injuries that occurred, 4 civilian and 1 first responder. The LNU Complex finally becomes fully extinguished by October 1, 2020.||The SCU Complex covered large swaths of land over Santa Clara, Alameda, Contra Costa, San Joaquin, Merced, and Stanislaus counties. Per the last CalFire incident update, 6 injuries occurred, 4 were first responders and 2 were civilian. The fires caused significant damage over the area. The SCU Complex finally becomes fully contained on October 1, 2020.||Finally, the North Complex, spanning portions of Plumas and Butte counties, was also started by lightning on August 17 at 8AM PST. Fire activity occurred for the month of August, but extreme fire growth happened during the month of September due to a strong offshore wind event. Per the US Forest Service there were 16 fatalities and 2,455 structures destroyed. As of November 29, the date when this is being prepared, estimated containment is expected to occur on November 30.","The North Complex, spanning portions of Plumas and Butte counties, was also started by lightning on August 17 at 8AM PST and continued through the month of September. Extreme fire growth happened just after Labor Day due to a strong offshore wind event. Per the US Forest Service there were 16 fatalities and 2,455 structures destroyed. As of Dec 4, the date when this is being prepared, estimated containment was expected to occur on November 30. No additonal updates to the fire's webpage have been made.",CSV
202010,1,0,202010,2,2354,153358,923444,CALIFORNIA,6,2020,October,Wildfire,Z,17,SOUTHERN SACRAMENTO VALLEY,STO,01-OCT-20 00:00:00,PST-8,02-OCT-20 23:54:00,0,0,0,0,,,Fire Department/Rescue,,,,,,,,,,,,,,,,,,,,,,"For the month of October, numerous wildfires that started in September 2020, continued to burn across northern California.||The August Complex is the largest fire in California history, and is spread across the county warning areas of weather forecast offices Sacramento and Eureka. One fatality and injury occurred on August 27 at the August Complex due to a vehicular accident, many structures were destroyed or damaged. The August Complex finally becomes fully contained by November 15, 2020.||The LNU and SCU complexes are mainly within the county warning area of weather forecast office Monterey; however, both fires spread into Sacramento's forecast area.||The LNU Complex caused significant damage in Solano County, including 2 fatalities, the evacuation of Vacaville and Fairfield, and the closure of I-80. Yolo County was also affected by the fires and had evacuations and road closures. 3 Fatalities occurred in Napa County. It has been difficult to find detailed data, but there were 5 injuries that occurred, 4 civilian and 1 first responder. The LNU Complex finally becomes fully extinguished by October 1, 2020.||The SCU Complex covered large swaths of land over Santa Clara, Alameda, Contra Costa, San Joaquin, Merced, and Stanislaus counties. Per the last CalFire incident update, 6 injuries occurred, 4 were first responders and 2 were civilian. The fires caused significant damage over the area. The SCU Complex finally becomes fully contained on October 1, 2020.||Finally, the North Complex, spanning portions of Plumas and Butte counties, was also started by lightning on August 17 at 8AM PST. Fire activity occurred for the month of August, but extreme fire growth happened during the month of September due to a strong offshore wind event. Per the US Forest Service there were 16 fatalities and 2,455 structures destroyed. As of November 29, the date when this is being prepared, estimated containment is expected to occur on November 30.","The LNU Complex started on August 17 and finally became contained on October 2, 2020. This fire ends up burning a total of 363, 220 acres, destroying 1491 structures, including an NWS COOP site, and damaging 232 structures. For Solano County, 42,00 acres were burned, 309 homes were destroyed, 854 structures were damaged, and 1,426 utility poles were replaced. Many evacuations occurred, including larger sized populations such as Fairfield, Vacaville, and Travis Air force Base. Multiple road closures happened as well, including Interstate 80 for a brief period. Finally 5 deaths, which are detailed and recorded as separate events, and 5 injuries happened because of the fire. Injury information has been hard to come by with the latest information being 4 civilian and 1 first responder injury. Note end time is estimated as it is not provided on CalFire's website.",CSV
202010,1,0,202010,1,929,153358,924742,CALIFORNIA,6,2020,October,Wildfire,Z,19,NORTHERN SAN JOAQUIN VALLEY,STO,01-OCT-20 00:00:00,PST-8,01-OCT-20 09:29:00,0,0,0,0,0.00K,0.00K,Fire Department/Rescue,,,,,,,,,,,,,,,,,,,,,,"For the month of October, numerous wildfires that started in September 2020, continued to burn across northern California.||The August Complex is the largest fire in California history, and is spread across the county warning areas of weather forecast offices Sacramento and Eureka. One fatality and injury occurred on August 27 at the August Complex due to a vehicular accident, many structures were destroyed or damaged. The August Complex finally becomes fully contained by November 15, 2020.||The LNU and SCU complexes are mainly within the county warning area of weather forecast office Monterey; however, both fires spread into Sacramento's forecast area.||The LNU Complex caused significant damage in Solano County, including 2 fatalities, the evacuation of Vacaville and Fairfield, and the closure of I-80. Yolo County was also affected by the fires and had evacuations and road closures. 3 Fatalities occurred in Napa County. It has been difficult to find detailed data, but there were 5 injuries that occurred, 4 civilian and 1 first responder. The LNU Complex finally becomes fully extinguished by October 1, 2020.||The SCU Complex covered large swaths of land over Santa Clara, Alameda, Contra Costa, San Joaquin, Merced, and Stanislaus counties. Per the last CalFire incident update, 6 injuries occurred, 4 were first responders and 2 were civilian. The fires caused significant damage over the area. The SCU Complex finally becomes fully contained on October 1, 2020.||Finally, the North Complex, spanning portions of Plumas and Butte counties, was also started by lightning on August 17 at 8AM PST. Fire activity occurred for the month of August, but extreme fire growth happened during the month of September due to a strong offshore wind event. Per the US Forest Service there were 16 fatalities and 2,455 structures destroyed. As of November 29, the date when this is being prepared, estimated containment is expected to occur on November 30.","The SCU Complex started on August 16 and eventually becomes contained on October 1, 2020. It covered Santa Clara, Alameda, Contra Costa, San Joaquin, Merced, and Stanislaus counties which span the county warning areas of Monterey and Sacramento offices. This fire ends up burning a total of 396, 624 acres, destroying 136 structures and 86 minor structures, and damaging 26 structures. 6 injuries were reported, 4 of which were first responders and 2 civilian; however, detailed data for injuries have been hard to come by. Finally, evacuations and road closures occurred. The majority of this fire complex burned in Monterey's county warning area.",CSV
202010,23,1500,202010,25,1811,152917,921046,CALIFORNIA,6,2020,October,Wildfire,Z,507,NORTH BAY MOUNTAINS,MTR,23-OCT-20 15:00:00,PST-8,25-OCT-20 18:11:00,0,0,0,0,0.00K,0.00K,Fire Department/Rescue,,,,,,,,,,,,,,,,,,,,,,A moderate offshore wind event and dry conditions generated critical fire weather conditions across the region. Wind gusts of 30 to 45 mph were observed over the hills of the East Bay with peak gusts across the highest ridges in excess of 50 mph into the morning of the 22nd. Lingering dry conditions at the tail end of the event fueled the development of a small wildfire in Napa County on the 23rd.,A small wildfire broke out the afternoon of the 23rd in Napa County. The fire burned 61 acres with no structures damaged.,CSV
202010,1,0,202010,16,1602,153357,923442,CALIFORNIA,6,2020,October,Wildfire,Z,15,NORTHERN SACRAMENTO VALLEY,STO,01-OCT-20 00:00:00,PST-8,16-OCT-20 16:02:00,0,0,0,0,0.00K,0.00K,Fire Department/Rescue,,,,,,,,,,,,,,,,,,,,,,"Another round of critical fire weather conditions occurred from September 26 through September 28 due to a trough sliding into the Rockies and ridge building behind it. Gusty north to east winds winds generally ranged from 25 to 50 mph, however, some of the highest elevations along the Sierra Crest reported gusts up to 76 mph. This led to the Zogg Fire and 11 reports of wind related damage or hazards to a utility company across all of northern California, 10 of which occurred in along the west slopes of the northern Sierra. Damage locations in the events are estimated by the map provided to the public.","A wildfire started on September 27 on Zogg Mine Road and Jenny Bird Lane, North of Igo in Shasta County and would span portions of zone 15 and 63 in Shasta and Tehama counties. The Zogg fire would eventually claim 4 lives, cause an injury to a firefighter, destroy 204 structures, damage 27 structures, and burn 56,338 acres. Fatalities occurred in September.",CSV
202010,26,645,202010,31,708,153562,924591,CALIFORNIA,6,2020,October,Wildfire,Z,57,SANTA ANA MOUNTAINS AND FOOTHILLS,SGX,26-OCT-20 06:45:00,PST-8,31-OCT-20 07:08:00,2,0,0,0,0.00K,0.00K,Fire Department/Rescue,,,,,,,,,,,,,,,,,,,,,,"A strong Santa Ana wind event occurred across the region, producing damaging winds and the spread of two wildfires. The Blue Ridge and Silverado wildfires threatened many properties and closed down state routes and freeways for a time as well.","The Silverado Fire burned 12,466 acres before being contained on November 7th around 7:08 AM. The fire burned into the city of Irvine, forcing evacuations of at least 60,000 people throughout the area. There were 5 destroyed structures along with 9 damaged. The fire also shut down State Highway 241, which burned across the road. 2 firefighters received second and third degree burns while battling the blaze.",CSV
202010,26,800,202010,31,700,153562,924588,CALIFORNIA,6,2020,October,Wildfire,Z,57,SANTA ANA MOUNTAINS AND FOOTHILLS,SGX,26-OCT-20 08:00:00,PST-8,31-OCT-20 07:00:00,0,0,0,0,,0.00K,Fire Department/Rescue,,,,,,,,,,,,,,,,,,,,,,"A strong Santa Ana wind event occurred across the region, producing damaging winds and the spread of two wildfires. The Blue Ridge and Silverado wildfires threatened many properties and closed down state routes and freeways for a time as well.","The Blue Ridge fire started near the Green River Golf Club. The fire grew in strength rapidly over the next couple of days before being 100% contained on November 7th, burning approximately 13,964 acres. The blaze destroyed one structure and damaged ten others. Partial road closures included state routes 71, 91, 142 and 241.",CSV
202010,1,0,202010,31,2359,151744,914248,CALIFORNIA,6,2020,October,Wildfire,Z,80,WESTERN SISKIYOU COUNTY,MFR,01-OCT-20 00:00:00,PST-8,31-OCT-20 23:59:00,0,0,0,0,0.00K,0.00K,Other Federal Agency,,,,,,,,,,,,,,,,,,,,,,"The Slater Wildfire started at around 0645 PDT on 09/08/20. The cause is under investigation.  As of 0630 PST on 11/01/20, the fire had burned 157095 acres and was 85 percent contained. 440 structures were lost. 50.2 million dollars had been spent on firefighting efforts.","The Slater Wildfire started at around 0645 PDT on 09/08/20. The cause is under investigation.  As of 0630 PST on 11/01/20, the fire had burned 157095 acres and was 85 percent contained. 440 structures were lost. 50.2 million dollars had been spent on firefighting efforts.",CSV
202010,1,0,202010,31,2359,151745,914249,CALIFORNIA,6,2020,October,Wildfire,Z,80,WESTERN SISKIYOU COUNTY,MFR,01-OCT-20 00:00:00,PST-8,31-OCT-20 23:59:00,0,0,0,0,0.00K,0.00K,Other Federal Agency,,,,,,,,,,,,,,,,,,,,,,"The Devil Wildfire started on 09/09/20. The cause is under investigation. As of 0630 PST on 11/01/20, the fire had burned 8856 acres and was 67 percent contained. 0 structures were lost. 679 thousand dollars had been spent on firefighting efforts.","The Devil Wildfire started on 09/09/20. The cause is under investigation. As of 0630 PST on 11/01/20, the fire had burned 8856 acres and was 67 percent contained. 0 structures were lost. 679 thousand dollars had been spent on firefighting efforts.",CSV
202010,1,0,202010,31,2359,151746,914250,CALIFORNIA,6,2020,October,Wildfire,Z,80,WESTERN SISKIYOU COUNTY,MFR,01-OCT-20 00:00:00,PST-8,31-OCT-20 23:59:00,0,0,0,0,0.00K,0.00K,Other Federal Agency,,,,,,,,,,,,,,,,,,,,,,"The Red Salmon Wildfire started on 07/27/20 at 1103 PDT. It was started by lightning.  The fire spread into Siskiyou county on 08/19/20.  As of 0630 PST on 11/01/20, the fire had burned 144317 acres and was 78 percent contained. 0 structures were lost. 111.5 million dollars had been spent on firefighting efforts.","The Red Salmon Wildfire started on 07/27/20 at 1103 PDT. It was started by lightning.  The fire spread into Siskiyou county on 08/19/20.  As of 0630 PST on 11/01/20, the fire had burned 144317 acres and was 78 percent contained. 0 structures were lost. 111.5 million dollars had been spent on firefighting efforts.",CSV
202010,1,0,202010,31,2359,152992,921476,CALIFORNIA,6,2020,October,Wildfire,Z,194,SEQUOIA KINGS,HNX,01-OCT-20 00:00:00,PST-8,31-OCT-20 23:59:00,0,0,0,0,,,Park/Forest Service,,,,,,,,,,,,,,,,,,,,,,"The lightning caused Castle fire was discovered on the morning of August 19, 2020. It was located 25 miles north of Kernville on the Sequoia National Forest and just a few miles east of the Giant Sequoia National Monument. It grew slowly at first, reaching 2000 acres on August 23rd. It grew rapidly to 15,000 acres by August 25th and to 35,674 acres by August 31st. The rapid growth resulted in evacuations of several small mountain communities and the closure of Highway 190 and several other mountain roads. On August 29, the Castle fire was combined with the smaller Shot Gun fire to become the SQF Complex. The fire grew to 151,436 acres by the end of September and to 170,165 acres by the end of October.","The lightning caused Castle fire was discovered on the morning of August 19, 2020. It was located 25 miles north of Kernville on the Sequoia National Forest and just a few miles east of the Giant Sequoia National Monument. It grew slowly at first, reaching 2000 acres on August 23rd. The it grew rapidly to 15,000 acres by August 25th and to 35,674 acres by August 31st due to gusty southwest winds and low humidity. The rapid growth resulted in evacuations of several small mountain communities and the closure of Highway 190 and several other mountain roads. On August 29, the Castle fire was combined with the smaller Shot Gun fire to become the SQF Complex. The Shotgun fire was mainly sheltered at the bottom of a ravine and showed only small growth. The Castle fire continued to spread 4000 to 6000 acres on many days through September with the largest one day growth over 31,000 acres as above normal temperatures and low humidity persisted over the area along with very dry fuels. ||The fire continued to grow in October as unseasonably warm temperatures along with low daytime humidity and poor overnight recovery continued over the area. A dry cold front moved through the fire area on October 25th with gusty southwesterly winds blowing down fire weakened trees. This was followed by strong offshore winds that dropped humidity into the single digits. By the end of October, the fire was 170,165 acres and was 80 percent contained. Cost of containment was $110.7 million and there were 228 structures destroyed.",CSV
202010,1,0,202010,31,2359,153361,923446,CALIFORNIA,6,2020,October,Wildfire,Z,193,NORTH KINGS RIVER,HNX,01-OCT-20 00:00:00,PST-8,31-OCT-20 23:59:00,0,0,0,0,,,Park/Forest Service,,,,,,,,,,,,,,,,,,,,,,"The Creek fire started at 633 pm PDT on September 4th (Labor Day Weekend) in the vicinity of Big Creek, California near the town of Shaver Lake. The fire was in an area of very heavy tree mortality in the Sierra National Forest. The fire had explosive grown on September 5th and 6th under excessive heat and low humidity, but not much wind. The fire became plume dominated on the 5th and column collapses were noted by AlertFire Cameras late on the 5th within the extremely unstable environment. Damaging fire whirls occurred just north of Mammoth Pool with ground survey estimated winds at 115-125 mph, and near Huntington Lake with patterns indicating winds of 90-107 mph. By the evening of September 6th, the fire fire had grown to 73,278 acres. Extensive smoke allowed the fire to slow some by Monday and Tuesday September 7th-8th, however the fore continued to grow, reaching nearly 153,000 acres by September 9th. Around this time, the complexity of the incident necessitated management of the fire to be split into a north zone and a south zone with 2 overhead teams assigned. The fire closed Highway 168 and may local roads and there were evacuations of as many as 45,000 people. Hundreds of people were rescued by California National Guard helicopters from the Mammoth Pool area and also from the China Peak ski resort. Hot ands dry conditions under strong high pressure continued throughout the remainder of September with extensive smoke often hampering air operations. By the end of September the fire had burned 307,051 acres and had destroyed 853 structures and damaged 64 others. Cost of containment was $106 Million. The fire continued to grow by an average of 2000 acres a day throughout October under warm than normal conditions and low humidities and a couple of offshore wind events. The fire reached  379,571 acres by the end of November.","The Creek Fire continued to burn an average of 2000 acres a day during October under warmer than normal temperatures, low humidities, and a couple of offshore wind events. No additional structures were damaged and spread of the fire was mainly to the northeast. By the end of October, the fire had grown to over 377,000 acres and was 70 percent contained.",CSV
202006,7,1217,202006,8,949,148121,891996,CALIFORNIA,6,2020,June,Wildfire,Z,516,SOUTHERN SALINAS VALLEY / ARROYO SECO / LAKE SAN ANTONIO,MTR,07-JUN-20 12:17:00,PST-8,08-JUN-20 09:49:00,0,0,0,0,0.00K,0.00K,Fire Department/Rescue,,,,,,,,,,,,,,,,,,,,,,"An upper low along with a second shortwave trough moved through the region the first weekend of June. A strong onshore pressure gradient brought gusty winds to much of the area. Observations showed gusts of 40 to 60 mph throughout the Bay Area and Central Coast. These winds fueled multiple grass and vegetation fires throughout the area, some of which prompted evacuations.",The Bitterwater Fire broke out on Sunday afternoon near King City https://www.fire.ca.gov/incidents/2020/6/7/bitterwater-fire/.,CSV
202006,21,1500,202006,26,1300,148143,892102,CALIFORNIA,6,2020,June,Wildfire,Z,517,SANTA LUCIA MOUNTAINS AND LOS PADRES NATIONAL FOREST,MTR,21-JUN-20 15:00:00,PST-8,26-JUN-20 13:00:00,0,0,0,0,0.00K,0.00K,Fire Department/Rescue,,,,,,,,,,,,,,,,,,,,,,Persistently warm and dry conditions combined with breezy onshore afternoon and evening winds increased fire weather concerns across the region. Multiple wildfires broke out in late June across Monterey County.,The Hunter Fire broke out near Lockwood in Monterey County. Multiple evacuations were issued https://kion546.com/news/2020/06/21/fire-burning-south-of-lockwood/.,CSV
202006,6,1430,202006,10,648,149047,898386,CALIFORNIA,6,2020,June,Wildfire,Z,18,CARQUINEZ STRAIT AND DELTA,STO,06-JUN-20 14:30:00,PST-8,10-JUN-20 06:48:00,0,0,0,0,,0.00K,Fire Department/Rescue,,,,,,,,,,,,,,,,,,,,,,"A broad trough brought gusty winds to the Delta region, which combined with fine fuels, led to elevated fire weather conditions.","A wildfire broke out during the afternoon hours which threatened 100 structures, destroyed 3 structures, and caused evacuations and road closures. By June 10, the fire was considered contained by mid morning. Cause of the fire is under investigation.",CSV
202006,16,1541,202006,20,1811,149049,898389,CALIFORNIA,6,2020,June,Wildfire,Z,67,MOTHERLODE/CAMPTONVILLE TO GROVELAND,STO,16-JUN-20 15:41:00,PST-8,20-JUN-20 18:11:00,0,0,0,0,,0.00K,Fire Department/Rescue,,,,,,,,,,,,,,,,,,,,,,"A broad trough and associated cold front brought dry and gusty winds to the region. North to northwesterly wind gusts of 30 to 35 mph were forecast for much of the valley and lower foothills these days, which combined with primed fine fuels and warmer weather led to fire weather concerns.",The Walker Fire broke out in Calaveras County on June 16 and burned for 4 days. Two structures were destroyed and the fire burned 1455 acres.  The cause of the fire remains under investigation.,CSV
202006,4,1700,202006,7,1200,148119,891937,CALIFORNIA,6,2020,June,Wildfire,Z,513,SANTA CLARA VALLEY INCLUDING SAN JOSE,MTR,04-JUN-20 17:00:00,PST-8,07-JUN-20 12:00:00,0,0,0,0,0.00K,0.00K,Fire Department/Rescue,,,,,,,,,,,,,,,,,,,,,,"In early June, warm and dry conditions acted to dry out fuels across the region. Several small vegetation fires were started and spread quickly due to breezy winds in the area prompting evacuations in some instances. Ultimately no structures were damaged and no injuries reported.",The Colleen Fire was started on June 4th near San Jose along with several additional small vegetation fires. Residents in the area were ordered to evacuate but were later allowed to return to their homes https://sanfrancisco.cbslocal.com/2020/06/04/multiple-vegetation-fires-reported-in-south-san-jose/.,CSV
202006,3,1055,202006,18,900,148119,891943,CALIFORNIA,6,2020,June,Wildfire,Z,517,SANTA LUCIA MOUNTAINS AND LOS PADRES NATIONAL FOREST,MTR,03-JUN-20 10:55:00,PST-8,18-JUN-20 09:00:00,0,0,0,0,0.00K,0.00K,Park/Forest Service,,,,,,,,,,,,,,,,,,,,,,"In early June, warm and dry conditions acted to dry out fuels across the region. Several small vegetation fires were started and spread quickly due to breezy winds in the area prompting evacuations in some instances. Ultimately no structures were damaged and no injuries reported.",The Plaskett Fire began in early June and burned for two weeks https://www.fireweatheravalanche.org/wildfire/incident/116481/california/plaskett-fire.,CSV
202009,29,1330,202009,30,1900,152998,921597,CALIFORNIA,6,2020,September,Wildfire,Z,48,SAN BERNARDINO AND RIVERSIDE COUNTY VALLEYS - THE INLAND EMPIRE,SGX,29-SEP-20 13:30:00,PST-8,30-SEP-20 19:00:00,0,0,0,0,0.00K,0.00K,Fire Department/Rescue,,,,,,,,,,,,,,,,,,,,,,"A ridging pattern remained locked in place across the Desert Southwest during this time period, producing a long lasting heat wave from September 29th to October 5th. Daily record highs were tied or broken for seven consecutive days at various sites across Southern California with this excessive heat event. The Candy Fire burned some areas of vegetation in the Inland Empire.",The Candy Fire burned 227 acres of vegetation on the 29th and 30th in the hills just north of Lake Elsinore near the intersection of Gavilan Road and Lake Matthews Drive. The fire was 100% contained on the evening of the 30th with no reports of structural damage.,CSV
202009,5,1430,202009,24,1000,152854,920651,CALIFORNIA,6,2020,September,Wildfire,Z,58,SAN DIEGO COUNTY MOUNTAINS,SGX,05-SEP-20 14:30:00,PST-8,24-SEP-20 10:00:00,0,0,0,0,0.00K,0.00K,Fire Department/Rescue,,,,,,,,,,,,,,,,,,,,,,"A very strong upper level high pressure became positioned over California along with an offshore flow in Southern California resulting in record very hot temperatures. September 5th and 6th were the hottest and several all-time highs were broken. The Valley and the El Dorado wildfires also started on Saturday September 5th, which scorched parts of the mountains.","The Valley Fire started on September 5th at approximately 2:30 PM and burned approximately 16,390 acres across the southern portion of the San Diego County Mountains until being 100% contained on September 24th. Many resources were deployed with some parts of the area having evacuation orders issued.",CSV
202006,28,1830,202006,29,750,149326,900079,CALIFORNIA,6,2020,June,Wildfire,Z,567,IMPERIAL VALLEY,PSR,28-JUN-20 18:30:00,PST-8,29-JUN-20 07:50:00,0,0,1,0,,0.00K,Fire Department/Rescue,,,,,,,,,,,,,,,,,,,,,,"Near sunset on the 28th, a brush fire started in Imperial county California and quickly became out of control due to strong winds. The fire spread into the small town of Niland destroying numerous houses and structures.","A brush fire developed just west of Niland around sunset, near the intersection of Nieto and Noffsinger roads. The fire quickly became out of control, spreading rapidly east due to strong gusty winds. Winds at the start of the fire were observed gusting up to 25-30 mph out of the west to southwest. This made the fire difficult for fire fighters to attack the fire and the fire ended up spreading through the center of Niland. The forward progress of the fire was not stopped until 2 AM PDT that night and not fully contained until almost 8 AM PDT the morning of the 29th. Due to the fire, power was lost to the area, around 130 people were evacuated, around 40 homes were destroyed, and there was one fatality.",CSV
202012,1,0,202012,3,1800,154280,929486,CALIFORNIA,6,2020,December,Wildfire,Z,66,NORTHEAST FOOTHILLS/SACRAMENTO VALLEY,STO,01-DEC-20 00:00:00,PST-8,03-DEC-20 18:00:00,0,0,0,0,0.00K,0.00K,Fire Department/Rescue,,,,,,,,,,,,,,,,,,,,,,"For the first few days of December, 1 out of the 4 wildfires, the North Complex, from earlier this summer continued to burn across northern California. The LNU and SCU complexes were controlled or extinguished in the month of October, while the August Complex became controlled in mid November.||The North Complex, spanning portions of Plumas and Butte counties, was also started by lightning on August 17 at 8AM PST. Fire activity occurred for the month of August, but extreme fire growth happened during the month of September due to a strong offshore wind event. Per the US Forest Service there were 16 fatalities and 2,455 structures destroyed. Containment date was announced on December 4, 2020 along with a report of 15 responder injuries.","The North Complex, spanning portions of Plumas and Butte counties, was also started by lightning on August 17 at 8AM PST and continued through the month of September. Extreme fire growth happened just after Labor Day due to a strong offshore wind event. Per the US Forest Service there were 15 responder injuries, 16 fatalities, and 2,455 structures destroyed. As of January 20, the date when this is being prepared, updated information was released about the fire, including that it was declared contained on December 3, 2020. Time of containment is estimated since it was not provided.",CSV
202305,22,1311,202305,25,1900,181674,1106194,CALIFORNIA,6,2023,May,Wildfire,Z,48,SAN BERNARDINO AND RIVERSIDE COUNTY VALLEYS - THE INLAND EMPIRE,SGX,22-MAY-23 13:11:00,PST-8,25-MAY-23 19:00:00,0,0,0,0,0.00K,0.00K,Fire Department/Rescue,,,,,,,,,,,,,,,,,,,,,,"The Ramona Wildfire burned 350 acres, prompting evacuation orders for populated areas in Riverside County. The fire ignited on May 22 and was 100% contained by 8:00 PM on May 25.","A 350 acre vegetation fire burned in the San Jacinto Valley in Riverside County from the afternoon on May 22 through the evening on May 25. The ignition occurred in the Ramona Expressway and North Warren Road area. The fire approached residential area as well as dairy farms, prompting evacuation orders and warnings through the late evening on May 22 before being lifted. The fire was 100% contained by 8:00 PM on May 25.",CSV
202304,26,916,202304,30,2359,179518,1093133,CALIFORNIA,6,2023,April,Wildfire,Z,55,SAN BERNARDINO COUNTY MOUNTAINS,SGX,26-APR-23 09:16:00,PST-8,30-APR-23 23:59:00,0,0,0,0,0.00K,0.00K,Park/Forest Service,,,,,,,,,,,,,,,,,,,,,,"The Nob Fire ignited on April 26 and lasted through the end of the month. It burned roughly 227 acres, per the last update on Inciweb. The cause is currently unknown at this time.","The Nob Fire ignited on April 26 and lasted through the end of the month. It burned roughly 227 acres, per the last update on Inciweb. The cause is currently unknown at this time.",CSV
202306,27,1831,202306,29,1804,181673,1106193,CALIFORNIA,6,2023,June,Wildfire,Z,48,SAN BERNARDINO AND RIVERSIDE COUNTY VALLEYS - THE INLAND EMPIRE,SGX,27-JUN-23 18:31:00,PST-8,29-JUN-23 18:04:00,0,0,0,0,3.00M,0.00K,Fire Department/Rescue,,,,,,,,,,,,,,,,,,,,,,"The Juniper Fire started near Perris, CA around 7:30 PM PDT on June 27th and burned 68 acres. Four structures, including two homes, as well as some vehicles were burned in the fire as well. Evacuation orders were also in place for roughly 6 hours as a result of the fire.","The Juniper Fire started near Perris, CA on June 27th and burned 68 acres. Four structures were destroyed as a result of the fire, including two homes. Evacuation orders were in place for about 6 hours due to the fire.",CSV
202306,17,1603,202306,19,1645,181675,1106195,CALIFORNIA,6,2023,June,Wildfire,Z,60,APPLE AND LUCERNE VALLEYS,SGX,17-JUN-23 16:03:00,PST-8,19-JUN-23 16:45:00,0,0,0,0,0.00K,0.00K,Fire Department/Rescue,,,,,,,,,,,,,,,,,,,,,,The Wildcat Fire ignited around 5:03 PM PDT on June 17th and burned roughly 171 acres until it was contained at 5:45 PM PDT on June 19th. Evacuation warnings were issued at San Diego Country Estates as a result.,The Wildcat Fire ignited around 3:45 PM PDT on June 20th and burned roughly 171 acres. Evacuation warnings were issued at San Diego Country Estates as a result.,CSV
202307,15,1428,202307,21,1600,183455,1120904,CALIFORNIA,6,2023,July,Wildfire,Z,48,SAN BERNARDINO AND RIVERSIDE COUNTY VALLEYS - THE INLAND EMPIRE,SGX,15-JUL-23 14:28:00,PST-8,21-JUL-23 16:00:00,0,0,0,0,0.00K,0.00K,Fire Department/Rescue,,,,,,,,,,,,,,,,,,,,,,"Four wildfires ignited in the Inland Empire July 14-15, in the midst of a very hot and dry period. The largest fire, the Rabbit Fire, burned 8,283 acres to the northwest of San Jacinto and southwest of Beaumont. All fires were contained within 3-8 days of ignition.","The Gavilan Fire started at 3:28 PM on July 15, and burned for six days before containment occurred by the evening of July 21. The fire burned 338 acres northwest of Perris, CA. Evacuation orders were issued during the height of the spread.",CSV
202307,13,2358,202307,21,500,183455,1120905,CALIFORNIA,6,2023,July,Wildfire,Z,48,SAN BERNARDINO AND RIVERSIDE COUNTY VALLEYS - THE INLAND EMPIRE,SGX,13-JUL-23 23:58:00,PST-8,21-JUL-23 05:00:00,0,0,0,0,0.00K,0.00K,Fire Department/Rescue,,,,,,,,,,,,,,,,,,,,,,"Four wildfires ignited in the Inland Empire July 14-15, in the midst of a very hot and dry period. The largest fire, the Rabbit Fire, burned 8,283 acres to the northwest of San Jacinto and southwest of Beaumont. All fires were contained within 3-8 days of ignition.","The Reche Fire started at 12:58 AM on July 14, and burned for seven days before containment occurred by early morning on July 21. The fire burned 437 acres east of Riverside, CA. A hard road closure at Perris Blvd N and Heacock Ave at Reche Vista was issued, with communities east of Perris Blvd to Moreno Beach Drive were placed under evacuation warnings.",CSV
202307,14,1430,202307,22,1600,183455,1120908,CALIFORNIA,6,2023,July,Wildfire,Z,48,SAN BERNARDINO AND RIVERSIDE COUNTY VALLEYS - THE INLAND EMPIRE,SGX,14-JUL-23 14:30:00,PST-8,22-JUL-23 16:00:00,0,0,0,0,0.00K,0.00K,Fire Department/Rescue,,,,,,,,,,,,,,,,,,,,,,"Four wildfires ignited in the Inland Empire July 14-15, in the midst of a very hot and dry period. The largest fire, the Rabbit Fire, burned 8,283 acres to the northwest of San Jacinto and southwest of Beaumont. All fires were contained within 3-8 days of ignition.","The Rabbit Fire started at 3:30 PM on July 14, and burned for eight days before containment occurred by the evening of July 22. The fire burned 8,283 acres northwest of San Jacinto, CA. Evacuation orders and warnings were issued.",CSV
202307,14,1357,202307,17,1726,183455,1120910,CALIFORNIA,6,2023,July,Wildfire,Z,48,SAN BERNARDINO AND RIVERSIDE COUNTY VALLEYS - THE INLAND EMPIRE,SGX,14-JUL-23 13:57:00,PST-8,17-JUL-23 17:26:00,0,0,0,0,0.00K,0.00K,Fire Department/Rescue,,,,,,,,,,,,,,,,,,,,,,"Four wildfires ignited in the Inland Empire July 14-15, in the midst of a very hot and dry period. The largest fire, the Rabbit Fire, burned 8,283 acres to the northwest of San Jacinto and southwest of Beaumont. All fires were contained within 3-8 days of ignition.","The Highland Fire started the afternoon on July 14, and burned for three days before containment occurred by the evening of July 17. The fire burned 105 acres near Beaumont, California.",CSV
202307,25,1515,202307,25,1515,183899,1124510,CALIFORNIA,6,2023,July,Wildfire,C,73,SAN DIEGO,SGX,25-JUL-23 15:15:00,PST-8,25-JUL-23 15:15:00,0,0,0,0,,,Utility Company,,,,,,,,,,,,,,,,,,,,,,"Monsoonal thunderstorms occurred on July 25 in the Riverside County Mountains and San Diego County Mountains. Locally heavy rainfall of 0.50-0.75 was reported in Riverside County, and a lightning strike ignited a small wildfire in San Diego County.","Small fire detected on camera from an apparent lightning strike near 5364 feet, around 9 miles west-southwest of Borrego Springs.",CSV
202307,27,1749,202307,28,1600,183901,1124513,CALIFORNIA,6,2023,July,Wildfire,Z,48,SAN BERNARDINO AND RIVERSIDE COUNTY VALLEYS - THE INLAND EMPIRE,SGX,27-JUL-23 17:49:00,PST-8,28-JUL-23 16:00:00,0,0,0,0,0.00K,0.00K,Fire Department/Rescue,,,,,,,,,,,,,,,,,,,,,,"Multiple wildfires ignited in Riverside County on July 27. The Sunset Fire burned for one day and was quickly contained. The Bonny Fire burned through August 9 and consumed 2,322 acres.",The Sunset Fire ignited near the intersection of Mesa Street and Gilman Street in Banning just before 7 PM. An evacuation warning was issued that evening for a small portion of Banning. The fire burned 103 acres.,CSV
202307,27,1352,202307,31,2359,183901,1124514,CALIFORNIA,6,2023,July,Wildfire,Z,56,RIVERSIDE COUNTY MOUNTAINS,SGX,27-JUL-23 13:52:00,PST-8,31-JUL-23 23:59:00,1,0,0,0,0.00K,0.00K,Fire Department/Rescue,,,,,,,,,,,,,,,,,,,,,,"Multiple wildfires ignited in Riverside County on July 27. The Sunset Fire burned for one day and was quickly contained. The Bonny Fire burned through August 9 and consumed 2,322 acres.","The Bonny Fire was reported the afternoon of July 27 near the 44000 block of Bonny Lane in Aguanga. The fire exhibited a critical rate of spread, reaching 225 across several hours after ignition, and up to 2,206 acres by the following evening. By the evening of July 31, the Bonny Fire was mapped at 2,305 acres and 30% containment. The fire burned until August 9, when 100% containment was achieved.",CSV
202308,15,1700,202308,26,530,184305,1127872,CALIFORNIA,6,2023,August,Wildfire,Z,81,CENTRAL SISKIYOU COUNTY,MFR,15-AUG-23 17:00:00,PST-8,26-AUG-23 05:30:00,0,0,0,0,0.00K,0.00K,Park/Forest Service,,,,,,,,,,,,,,,,,,,,,,"On the evening of August 15, 2023, lightning strikes triggered the outbreak of the SKU August Lightning Complex.  The fire was located 2 miles south of Yreka, CA.  It was burning in timber and brush with energy infrastructure threatened.  As of the last report at 0530 on 08/26, the complex was 883 acres, 95 percent contained, did not destroy any structures, and cost $8M.","On the evening of August 15, 2023, lightning strikes triggered the outbreak of the SKU August Lightning Complex.  The fire was located 2 miles south of Yreka, CA.  It was burning in timber and brush with energy infrastructure threatened.  As of the last report at 0530 on 08/26, the complex was 883 acres, 95 percent contained, did not destroy any structures, and cost $8M.",CSV
202308,15,1700,202308,31,2359,184307,1127874,CALIFORNIA,6,2023,August,Wildfire,Z,80,WESTERN SISKIYOU COUNTY,MFR,15-AUG-23 17:00:00,PST-8,31-AUG-23 23:59:00,0,0,0,0,0.00K,0.00K,Park/Forest Service,,,,,,,,,,,,,,,,,,,,,,"On the evening of August 15, 2023, lightning strikes triggered the outbreak of the Happy Camp Complex, with a total of 11 fires.  They were located 21 miles west of Yreka, CA.  It was burning in timber and heavy slash with several communities, and communications and energy infrastructure threatened.  As of 0530 on 09/01, the complex was 27,161 acres, 43 percent contained, destroyed 9 structures, and cost $50.4M.","On the evening of August 15, 2023, lightning strikes triggered the outbreak of the Happy Camp Complex, with a total of 11 fires.  They were located 21 miles west of Yreka, CA.  It was burning in timber and heavy slash with several communities, and communications and energy infrastructure threatened.  As of 0530 on 09/01, the complex was 27,161 acres, 43 percent contained, destroyed 9 structures, and cost $50.4M.",CSV
202308,15,500,202308,31,2359,185328,1136321,CALIFORNIA,6,2023,August,Wildfire,Z,102,DEL NORTE INTERIOR,EKA,15-AUG-23 05:00:00,PST-8,31-AUG-23 23:59:00,0,23,0,0,2.30M,0.00K,Park/Forest Service,,,,,,,,,,,,,,,,,,,,,,"Lingering moisture from a dissipated tropical system brought dry thunderstorms to Northwest California from the evening of August 14th through the morning of August 15th. Over 1,000 lightning strikes occurred in 24 hours with numerous new wildfires across the region. The Smith River Complex in Del Norte County developed into the most notable fire causing power outages to all of Del Norte County and the closure of a U.S. highway for several weeks.","Dry thunderstorms produced numerous lightning strikes across the Six Rivers National Forest. Twenty-seven fires developed within the Gasquet Ranger District creating the Smith River Complex. The complex grew in size rapidly in the first couple of weeks of the fire, jumping U.S. highway 199 causing it's closure for 3 weeks and resulting in the evacuation of the town of Gasquet. The fire also destroyed the high tension powerlines powering all of Del Norte County. The county was completely without power through August 25th when generators were installed to power the community. Main transmission lines were not repaired until September 10th when full power was restored. The fire continued to burn through September into October with fewer impacts to the community with a total of 95,000 acres burned plus 2 residences and 3 minor structures destroyed.",CSV
202310,30,1137,202310,31,2359,186485,1144430,CALIFORNIA,6,2023,October,Wildfire,Z,48,SAN BERNARDINO AND RIVERSIDE COUNTY VALLEYS - THE INLAND EMPIRE,SGX,30-OCT-23 11:37:00,PST-8,31-OCT-23 23:59:00,2,0,0,0,0.00K,0.00K,Fire Department/Rescue,,,,,,,,,,,,,,,,,,,,,,"Widespread gusty Santa Ana winds impacted Southern California October 29-31, 2023. The strongest wind gusts were reported in the San Bernardino County Mountains through northern portions of the Inland Empire and the Santa Ana Mountains. Very windy and dry conditions led to an environment ripe for wildfire growth. Several small wildfires burned, and the larger Highland Fire burned for over a week in the southern Inland Empire.","The Highland Fire started at 12:37 PM on October 30 and burned for eight days before full containment. The fire started under very windy and dry conditions near Aguanga. The fire burned 2487 acres, destroyed 13 structures, damaged 7 further structures and injured two people. Evacuation orders and warnings were issued for surrounding areas. The fire was 100% contained by 1:18 PM on November 7.",CSV
202310,30,1336,202310,30,1800,186485,1144431,CALIFORNIA,6,2023,October,Wildfire,Z,50,SAN DIEGO COUNTY VALLEYS,SGX,30-OCT-23 13:36:00,PST-8,30-OCT-23 18:00:00,0,0,0,0,0.00K,0.00K,Fire Department/Rescue,,,,,,,,,,,,,,,,,,,,,,"Widespread gusty Santa Ana winds impacted Southern California October 29-31, 2023. The strongest wind gusts were reported in the San Bernardino County Mountains through northern portions of the Inland Empire and the Santa Ana Mountains. Very windy and dry conditions led to an environment ripe for wildfire growth. Several small wildfires burned, and the larger Highland Fire burned for over a week in the southern Inland Empire.",The Escala Fire started in the mid-afternoon hours on October 30 at Battle Mountain Open Space east of I-15 near Rancho Bernardo. Evacuation warnings and orders were issued for nearby areas. The fire burned 5 acres and achieved 90% containment several hours after ignition. Two lanes of I-15 were closed due to close proximity of fire.,CSV
202310,1,0,202310,31,2359,186429,1144023,CALIFORNIA,6,2023,October,Wildfire,Z,14,BURNEY BASIN/EASTERN SHASTA COUNTY,STO,01-OCT-23 00:00:00,PST-8,31-OCT-23 23:59:00,0,0,0,0,0.00K,0.00K,Fire Department/Rescue,,,,,,,,,,,,,,,,,,,,,,Monsoonal moisture brought thunderstorms over the Sierra the afternoon and evening of September 9th. The Quarry Fire started from a lightning strike on September 9th in Stanislaus National Forest. It was one of 42 fire starts reported in the area. The fire was allowed to burn through October into early November.,"The Quarry Fire started from a lightning strike on September 9th at 732 p.m. PDT in Stanislaus National Forest, one of 42 lightning starts in the area. It was located off Forest Road 3N01, east of Bourland Creek and near the Emigrant Wilderness west of Cherry Creek. This naturally started fire was allowed to burn within pre-determined boundaries. Winds were generally light over the area, around 1-5 mph with gusts to 10 mph. Humidity was around 100% with temperatures in the upper 50s. The fire reached 9,130 (reduced from the 12,935 acres preciously reported, due to more accurate mapping) by 11/9/23, when it was considered 100% contained.",CSV
202310,1,0,202310,2,0,184483,1129350,CALIFORNIA,6,2023,October,Wildfire,Z,80,WESTERN SISKIYOU COUNTY,MFR,01-OCT-23 00:00:00,PST-8,02-OCT-23 00:00:00,0,0,0,0,0.00K,0.00K,Park/Forest Service,,,,,,,,,,,,,,,,,,,,,,"On the evening of August 15, 2023, lightning strikes triggered the outbreak of the Happy Camp Complex, with a total of 11 fires. They were located 21 miles west of Yreka, CA. It was burning in timber and heavy slash with several communities, and communications and energy infrastructure threatened. As of 0530 on 10/20, the complex was 21,725 acres, 100 percent contained, destroyed 9 structures, and cost 110.0 million dollars.","On the evening of August 15, 2023, lightning strikes triggered the outbreak of the Happy Camp Complex, with a total of 11 fires. They were located 21 miles west of Yreka, CA. It was burning in timber and heavy slash with several communities, and communications and energy infrastructure threatened. As of 0530 on 10/20, the complex was 21,725 acres, 100 percent contained, destroyed 9 structures, and cost 110.0 million dollars.",CSV
202309,1,0,202309,10,1800,185330,1136323,CALIFORNIA,6,2023,September,Wildfire,Z,102,DEL NORTE INTERIOR,EKA,01-SEP-23 00:00:00,PST-8,10-SEP-23 18:00:00,0,0,0,0,0.00K,0.00K,Park/Forest Service,,,,,,,,,,,,,,,,,,,,,,"Wildfires that developed after a dry lightning event in mid-August continued to burn in Del Norte, Humboldt, and Trinity counties in Northwest California. One fire, the Smith River Complex, was particularly damaging and is included here.","Dry thunderstorms produced numerous lightning strikes across the Six Rivers National Forest. Twenty-seven fires developed within the Gasquet Ranger District creating the Smith River Complex. The complex grew in size rapidly in the first couple of weeks of the fire, jumping U.S. highway 199 causing it's closure for 3 weeks and resulting in the evacuation of the town of Gasquet. The fire also destroyed the high tension powerlines powering all of Del Norte County. The county was completely without power through August 25th when generators were installed to power the community. Main transmission lines were not repaired until September 10th when full power was restored. The fire continued to burn through September into October with fewer impacts to the community with a total of 95,000 acres burned plus 2 residences and 3 minor structures destroyed.",CSV
202309,9,1932,202309,30,2359,185722,1140115,CALIFORNIA,6,2023,September,Wildfire,Z,69,WEST SLOPE NORTHERN SIERRA NEVADA,STO,09-SEP-23 19:32:00,PST-8,30-SEP-23 23:59:00,0,0,0,0,0.00K,0.00K,Fire Department/Rescue,,,,,,,,,,,,,,,,,,,,,,Monsoonal moisture brought thunderstorms over the Sierra the afternoon and evening of September 9th. The Quarry Fire started from a lightning strike on September 9th in Stanislaus National Forest.,"The Quarry Fire started from a lightning strike on September 9th at 732 p.m. PDT in Stanislaus National Forest. It was located off Forest Road 3N01, east of Bourland Creek and near the Emigrant Wilderness west of Cherry Creek. This naturally started fire was allowed to burn within pre-determined boundaries. Winds were generally light over the area, around 1-5 mph with gusts to 10 mph. Humidity was around 100% with temperatures in the upper 50s. The fire reached 12,935 acres by 11/9/23, with an estimated containment date of 11/15/2023.",CSV
202309,1,0,202309,30,2359,184318,1127936,CALIFORNIA,6,2023,September,Wildfire,Z,80,WESTERN SISKIYOU COUNTY,MFR,01-SEP-23 00:00:00,PST-8,30-SEP-23 23:59:00,0,0,0,0,0.00K,0.00K,Park/Forest Service,,,,,,,,,,,,,,,,,,,,,,"On the evening of August 15, 2023, lightning strikes triggered the outbreak of the Happy Camp Complex, with a total of 11 fires. They were located 21 miles west of Yreka, CA. It was burning in timber and heavy slash with several communities, and communications and energy infrastructure threatened. As of 0530 on 10/02, the complex was  21,725 acres, 87 percent contained, destroyed 9 structures, and cost $ 108M.","On the evening of August 15, 2023, lightning strikes triggered the outbreak of the Happy Camp Complex, with a total of 11 fires. They were located 21 miles west of Yreka, CA. It was burning in timber and heavy slash with several communities, and communications and energy infrastructure threatened. As of 0530 on 10/02, the complex was 21,725 acres, 87 percent contained, destroyed 9 structures, and cost $ 108M.",CSV
202312,9,921,202312,11,1235,187701,1152500,CALIFORNIA,6,2023,December,Wildfire,Z,65,SAN GORGONIO PASS NEAR BANNING,SGX,09-DEC-23 09:21:00,PST-8,11-DEC-23 12:35:00,0,0,0,0,0.00K,0.00K,Fire Department/Rescue,,,,,,,,,,,,,,,,,,,,,,Gusty Santa Ana winds occurred across Southern California the evening of December 8 through December 10. The peak wind gust of the event was 73 MPH at Marshall Peak (San Bernardino County Mountains). The Elm Fire spread under windy conditions and burned for two days near the San Gorgonio Pass.,"The Elm Fire started at 9:21 AM on December 9 under gusty Santa Ana wind conditions. By the evening on December 10, the fire grew to 65 acres but was 80% contained. The fire reached full containment by 12:35 PM on December 11.",CSV
