fod_id,fire_name,fire_year,discovery_date,nwcg_cause_classification,nwcg_general_cause,fire_size,latitude,longitude,state
400548464,FY2019EFFINGHAM022,2019,1559174400000,Human,Debris and open burning,0.5,32.36660556,-81.20127222,GA
400548465,DERN DRAW,2019,1565481600000,Human,Missing data/not specified/undetermined,0.01,48.2383,-114.4747,MT
400548466,COW,2019,1566345600000,Human,Equipment and vehicle use,11.0,47.7022,-115.0163,MT
400548467,KEETER/KOONSMAN ,2019,1568160000000,Missing data/not specified/undetermined,Missing data/not specified/undetermined,10.0,33.17333333,-99.16166667,TX
400548468,DRY CREEK ,2019,1568246400000,Human,Debris and open burning,34.9,33.0876,-98.56188333,TX
400548470,210,2019,1561161600000,Human,Debris and open burning,0.1,46.2964,-112.0425,MT
400548471,,2019,1562889600000,Missing data/not specified/undetermined,Missing data/not specified/undetermined,0.06,40.476724,-121.999686,CA
400548472,SHADOW RIDGE RD  PDES,2019,1572220800000,Missing data/not specified/undetermined,Missing data/not specified/undetermined,0.1,33.782626,-116.386654,CA
400548473,,2019,1565827200000,Human,Missing data/not specified/undetermined,0.01,35.083904,-118.616508,CA
400548474,13TH ST  REEDLEY,2019,1569628800000,Missing data/not specified/undetermined,Missing data/not specified/undetermined,0.1,36.593927,-119.449366,CA
400548475,,2019,1551312000000,Missing data/not specified/undetermined,Missing data/not specified/undetermined,0.1,37.738019,-120.939772,CA
400548670,,2019,1559692800000,Missing data/not specified/undetermined,Missing data/not specified/undetermined,0.69,39.494143,-121.525806,CA
400548671,,2019,1553212800000,Human,Debris and open burning,0.1,33.934435,-116.872597,CA
400548672,,2019,1562889600000,Missing data/not specified/undetermined,Missing data/not specified/undetermined,0.02,36.056053,-119.030106,CA
400548673,,2019,1553472000000,Missing data/not specified/undetermined,Missing data/not specified/undetermined,0.1,34.102842,-117.348554,CA
400548674,MIDDLE,2019,1566604800000,Missing data/not specified/undetermined,Missing data/not specified/undetermined,1.69,40.54011,-122.49984,CA
400548675,ROAD 22 NORTH,2019,1556323200000,Human,Missing data/not specified/undetermined,4.0,45.9836,-108.0908,MT
400548676,,2019,1560902400000,Human,Debris and open burning,0.1,46.861,-114.0904,MT
400548677,FY2019GRADY008,2019,1552521600000,Human,Arson/incendiarism,2.33,30.767,-84.37636111,GA
400548678,JACOBSON 2,2019,1566259200000,Natural,Natural,70.0,33.82871667,-100.36235,TX
400548679,FY2019PULASKI009,2019,1558396800000,Human,Debris and open burning,4.82,32.28079167,-83.42141389,GA
400548680,,2019,1557705600000,Human,Missing data/not specified/undetermined,0.1,47.5671,-112.3458,MT
400548681,6785,2019,1570665600000,Human,Debris and open burning,1.0,30.38361111,-89.25916667,MS
400548866,FY2019LUMPKIN008,2019,1554163200000,Human,Recreation and ceremony,0.4,34.59722222,-83.91444444,GA
400548867,FY2020LUMPKIN005,2019,1575072000000,Human,Debris and open burning,1.8,34.48344167,-83.88746667,GA
400548868,GOOD HOPE (46),2019,1569628800000,Human,Missing data/not specified/undetermined,1.0,30.9719,-86.6337,FL
400548869,GREEN SWAMP EAST (60),2019,1557273600000,Natural,Natural,0.1,28.395,-82.02,FL
400548870,PANAMANIAN  (28),2019,1558915200000,Human,Equipment and vehicle use,10.0,27.2021,-81.1695,FL
400548871,YOUTH CAMP RD (35),2019,1568332800000,Human,Debris and open burning,0.3,28.6578,-81.9377,FL
400548872,LILLY CREEK RD. (15),2019,1562284800000,Natural,Natural,0.8,29.5248,-83.2471,FL
400548873,FY2020DOUGHERTY003,2019,1569369600000,Human,Debris and open burning,3.66,31.45651111,-84.11745,GA
400548875,,2019,1573257600000,Human,Missing data/not specified/undetermined,0.1,46.7775,-113.7098,MT
400548876,,2019,1564272000000,Human,Debris and open burning,0.1,47.1676,-113.4342,MT
400548881,BENNIE GIVENS COURT (02),2019,1570233600000,Human,Arson/incendiarism,0.2,30.2636,-82.282,FL
400548882,SAUNDERS 1 (10),2019,1561161600000,Natural,Natural,94.0,29.9424,-81.7838,FL
400548883,WAYSIDE FARM RD *NOV* (20)-0614,2019,1570060800000,Human,Debris and open burning,3.5,30.6668,-84.4315,FL
400549073,BLACKMAN-LEONI TOWNSHIP DPS 22099 - 2019,2019,1572825600000,Natural,Natural,1.0,42.25718,-84.44554,MI
400549074,HOPKINS AREA FD 0000039 - 2019,2019,1553644800000,Human,Equipment and vehicle use,1.0,42.58691,-85.69771,MI
400549075,DETROIT FD 0028498 - 2019,2019,1565395200000,Human,Equipment and vehicle use,1.0,42.40666,-83.08871,MI
400549076,IMLAY CITY FD 0000051 - 2019,2019,1559692800000,Natural,Natural,1.0,43.04933,-83.11592,MI
400549077,FAIRVIEW FD 0000036 - 2019,2019,1566604800000,Human,Missing data/not specified/undetermined,1.0,44.71771,-84.11601,MI
400549080,ALAMO TOWNSHIP FD 19150 - 2019,2019,1554508800000,Human,Missing data/not specified/undetermined,1.0,41.92971,-85.66304,MI
400549081,KNOTWEED ,2019,1555113600000,Human,Missing data/not specified/undetermined,0.25,40.89681,-80.264,PA
400549082,,2019,1558137600000,Human,Missing data/not specified/undetermined,0.1,29.9584,-90.091,LA
400549083,,2019,1568246400000,Human,Debris and open burning,9.6,30.8029,-90.5176,LA
400549084,,2019,1568419200000,Human,Debris and open burning,0.25,31.0664,-93.2578,LA
400549085,VERNON TOWNSHIP FD 0000043 - 2019,2019,1561852800000,Human,Equipment and vehicle use,1.0,42.83862,-83.94733,MI
400549273,MARSHALL FD 00277 - 2019,2019,1556150400000,Natural,Natural,1.0,42.25835,-84.9538,MI
400549275,BIG PRAIRIE TOWNSHIP FD 0000157 - 2019,2019,1572307200000,Human,Missing data/not specified/undetermined,1.0,43.49716,-85.60374,MI
400549276,NORTHFIELD TOWNSHIP FD 0000485 - 2019,2019,1566950400000,Human,Missing data/not specified/undetermined,1.0,42.44289,-83.76278,MI
400549277,ALLEN PARK FD 0001100 - 2019,2019,1556064000000,Human,Missing data/not specified/undetermined,1.0,42.27981,-83.20324,MI
400549278,ROUTE 30,2019,1549670400000,Human,Missing data/not specified/undetermined,0.5,40.04339,-76.4328,PA
400549279,181 OWL CREEK ROAD,2019,1554336000000,Human,Debris and open burning,0.5,40.79188,-75.95,PA
400549280,991 HILLTOP ROAD,2019,1552521600000,Human,Debris and open burning,0.5,40.3994,-76.3144,PA
400549281,150 WOODLAWN AVE,2019,1569283200000,Human,Debris and open burning,0.1,40.2745,-76.5854,PA
400549282,SOLO (48),2019,1556928000000,Natural,Natural,1.0,28.4283,-80.9645,FL
400549283,ANGLE (56),2019,1561507200000,Natural,Natural,5.0,27.4754,-80.5101,FL
400549284,SOD FIELD  (47),2019,1547683200000,Human,Equipment and vehicle use,0.1,27.4011,-80.7791,FL
400549475,NOT NAMED,2019,1566259200000,Missing data/not specified/undetermined,Missing data/not specified/undetermined,0.01,33.59706206,-112.3021215,AZ
400549476,NOT NAMED,2019,1563062400000,Missing data/not specified/undetermined,Missing data/not specified/undetermined,0.01,33.47970806,-112.2564732,AZ
400549477,N/A,2019,1566172800000,Human,Missing data/not specified/undetermined,0.01,39.65323763,-105.4208077,CO
400549478,N/A,2019,1565827200000,Human,Missing data/not specified/undetermined,0.01,40.02831064,-104.838543,CO
400549479,,2019,1564185600000,Natural,Natural,0.01,38.10505727,-103.4722581,CO
400549481,TYSON CREEK,2019,1569369600000,Human,Recreation and ceremony,0.1,47.08537,-116.46093,ID
400549483,,2019,1560902400000,Human,Missing data/not specified/undetermined,0.01,38.8473667,-104.7253567,CO
400549484,,2019,1560902400000,Human,Missing data/not specified/undetermined,0.01,40.50780354,-105.0702458,CO
400549485,,2019,1554681600000,Human,Missing data/not specified/undetermined,0.01,40.09621319,-105.000251,CO
400549486,,2019,1555632000000,Human,Missing data/not specified/undetermined,0.01,38.652352,-104.87298,CO
400549487,N/A,2019,1555632000000,Human,Missing data/not specified/undetermined,0.01,39.79235646,-105.0945822,CO
400549488,N/A,2019,1555718400000,Human,Missing data/not specified/undetermined,0.01,38.98501572,-104.682809,CO
400549702,HORST FIRE,2019,1556150400000,Human,Debris and open burning,1.0,46.5537,-100.5733,ND
400549705,THOMPSON SHELTERBELT,2019,1558396800000,Human,Debris and open burning,3.0,47.660561,-97.8643,ND
400549706,178358-06305-03212019-1620,2019,1553126400000,Human,Missing data/not specified/undetermined,0.45,38.132562,-91.983437,MO
400549707,179074-01624-04032019-0005,2019,1554249600000,Human,Missing data/not specified/undetermined,0.06,37.353417,-89.840556,MO
400549708,CORY JORGENSON BALE FIRE,2019,1571443200000,Human,Missing data/not specified/undetermined,1.0,48.400119,-99.950203,ND
400549709,2019-1906,2019,1557273600000,Human,Debris and open burning,10.0,48.8279,-101.321798,ND
400549710,GRASS,2019,1555372800000,Human,Misuse of fire by a minor,10.0,48.849229,-99.9525819,ND
400549711,178503-00000-04102019-1600,2019,1554854400000,Human,Arson/incendiarism,15.86,37.320605,-91.119878,MO
400549712,178985-10604-04102019-1150,2019,1554854400000,Human,Debris and open burning,0.01,36.671851,-93.078784,MO
400549713,178508-02220-04102019-1339,2019,1554854400000,Human,Debris and open burning,1.32,37.175734,-90.661694,MO
400549714,189953-01201-11112019-1430,2019,1573430400000,Human,Missing data/not specified/undetermined,0.98,36.712346,-90.555466,MO
400549891,NOT NAMED,2019,1567900800000,Missing data/not specified/undetermined,Missing data/not specified/undetermined,0.01,35.25562546,-114.006897,AZ
400549892,NOT NAMED,2019,1569369600000,Missing data/not specified/undetermined,Missing data/not specified/undetermined,0.01,32.70137,-114.6235701,AZ
400549893,NOT NAMED,2019,1554940800000,Missing data/not specified/undetermined,Missing data/not specified/undetermined,0.01,32.11906131,-110.8016557,AZ
400549894,CASSADY FIRE ,2019,1569283200000,Human,Debris and open burning,0.1,35.57405,-86.625067,TN
400549895,NOT NAMED,2019,1555459200000,Missing data/not specified/undetermined,Missing data/not specified/undetermined,0.01,35.26696814,-113.9805923,AZ
400549896,NOT NAMED,2019,1553558400000,Missing data/not specified/undetermined,Missing data/not specified/undetermined,0.01,34.10403849,-109.295,AZ
400549897,NOT NAMED,2019,1565308800000,Missing data/not specified/undetermined,Missing data/not specified/undetermined,0.01,33.41125264,-112.0560104,AZ
400549898,GRASS FIRE,2019,1576713600000,Human,Debris and open burning,15.0,28.4319,-97.9189,TX
400549899,FAIR DR. AND PASADENA DR,2019,1568332800000,Human,Debris and open burning,0.25,32.4485,-99.6938,TX
400549900,GRASS FIRE,2019,1572566400000,Human,Debris and open burning,1.0,31.6311,-96.1236,TX
400549901,VZCR 1110 FIRE,2019,1574553600000,Human,Debris and open burning,2.0,32.617,-95.7957,TX
400549902,,2019,1554336000000,Human,Debris and open burning,0.25,42.488677,-72.596619,MA
400550022,MT. PLEASANT RD,2019,1574121600000,Human,Equipment and vehicle use,30.0,31.0368,-96.4264,TX
400550023,4526 FM 68,2019,1574640000000,Missing data/not specified/undetermined,Missing data/not specified/undetermined,1.0,33.4688,-96.093,TX
400550024,WILDLAND FIRE ,2019,1569715200000,Human,Debris and open burning,5.0,32.1937,-94.9657,TX
400550025,BIFFLE FIRE,2019,1567468800000,Human,Debris and open burning,1.0,33.6481,-97.3911,TX
400550027,NOT NAMED,2019,1551484800000,Missing data/not specified/undetermined,Missing data/not specified/undetermined,0.01,32.20249739,-110.8764306,AZ
400550028,NOT NAMED,2019,1551571200000,Natural,Natural,0.01,33.41922781,-112.3321724,AZ
400550029,NOT NAMED,2019,1557187200000,Missing data/not specified/undetermined,Missing data/not specified/undetermined,0.01,32.27625221,-110.9950139,AZ
400550030,NOT NAMED,2019,1552521600000,Missing data/not specified/undetermined,Missing data/not specified/undetermined,0.01,31.99716546,-110.6223418,AZ
400550031,NOT NAMED,2019,1556928000000,Missing data/not specified/undetermined,Missing data/not specified/undetermined,0.01,33.45619723,-111.9311619,AZ
400550032,NOT NAMED,2019,1556928000000,Missing data/not specified/undetermined,Missing data/not specified/undetermined,0.01,32.220963,-110.8493372,AZ
400550033,NOT NAMED,2019,1571011200000,Missing data/not specified/undetermined,Missing data/not specified/undetermined,0.01,35.23167995,-114.0462875,AZ
400550034,NOT NAMED,2019,1571011200000,Natural,Natural,0.01,32.4434646,-110.7600902,AZ
400550049,NOT NAMED,2019,1557964800000,Missing data/not specified/undetermined,Missing data/not specified/undetermined,0.01,34.78218021,-112.5020315,AZ
400550050,RANCH ,2019,1558137600000,Missing data/not specified/undetermined,Missing data/not specified/undetermined,0.1,34.2047,-112.3367,AZ
400550051,NOT NAMED,2019,1566950400000,Missing data/not specified/undetermined,Missing data/not specified/undetermined,0.01,33.494076,-111.966201,AZ
400550052,NOT NAMED,2019,1562198400000,Natural,Natural,0.01,33.441678,-112.094289,AZ
400550053,NOT NAMED,2019,1562198400000,Human,Missing data/not specified/undetermined,0.01,33.38007395,-112.0409903,AZ
400550054,W.COMAL & IH 35,2019,1575763200000,Missing data/not specified/undetermined,Missing data/not specified/undetermined,0.01,28.8998,-99.1122,TX
400550055,200NFM730,2019,1569801600000,Human,Equipment and vehicle use,0.5,33.2679,-97.5858,TX
400550056,FM 47 NORTH @ FM 2475,2019,1574121600000,Human,Debris and open burning,5.0,32.7825,-95.984,TX
400550057,190439,2019,1574121600000,Human,Debris and open burning,4.0,32.7015,-94.8851,TX
400550058,HWY 1676,2019,1573862400000,Missing data/not specified/undetermined,Missing data/not specified/undetermined,5.0,31.1522,-101.5609,TX
400550059,882019,2019,1574640000000,Human,Power generation/transmission/distribution,0.1,35.44,-100.2761,TX
400550060,COAL,2019,1564358400000,Human,Missing data/not specified/undetermined,1.1,36.581417,-83.78765,TN
400550088,NOT NAMED,2019,1564790400000,Natural,Natural,0.01,33.50928,-112.07432,AZ
400550089,1900012,2019,1554163200000,Human,Debris and open burning,0.1,43.72063753,-90.26709228,WI
400550090,ONION RIVER,2019,1558828800000,Human,Debris and open burning,1.33,46.7569,-90.8879,WI
400550091,EARLY ANCESTOR,2019,1546732800000,Human,Missing data/not specified/undetermined,0.1,44.72013,-89.9006,WI
400550092,40819,2019,1554681600000,Human,Debris and open burning,10.0,43.8925176,-90.9715441,WI
400550093,BAYSIDE,2019,1555718400000,Human,Debris and open burning,0.9,44.7764,-89.96045,WI
400550094,KONKOL ROAD,2019,1555718400000,Human,Power generation/transmission/distribution,0.1,44.87218,-89.40402,WI
400550095,HWY 54 MEDIAN,2019,1553212800000,Human,Equipment and vehicle use,0.1,44.44121,-89.62922,WI
400550096,19G0107,2019,1556841600000,Human,Missing data/not specified/undetermined,0.1,45.3392607,-92.65032495,WI
400550097,19560,2019,1556928000000,Human,Missing data/not specified/undetermined,0.1,43.17289671,-88.24274653,WI
400550098,552019,2019,1557014400000,Human,Debris and open burning,20.0,45.22579072,-92.01395753,WI
400550099,KUTZ FIRE,2019,1553990400000,Human,Missing data/not specified/undetermined,0.67,45.02719,-87.68783,WI
400550139,,2019,1553644800000,Human,Missing data/not specified/undetermined,0.7,41.47433,-72.46153,CT
400550140,NOT NAMED,2019,1569801600000,Missing data/not specified/undetermined,Missing data/not specified/undetermined,0.01,33.83088939,-112.0392473,AZ
400550141,NOT NAMED,2019,1560124800000,Missing data/not specified/undetermined,Missing data/not specified/undetermined,0.01,33.468876,-112.094988,AZ
400550143,NOT NAMED,2019,1560211200000,Missing data/not specified/undetermined,Missing data/not specified/undetermined,0.01,35.10406613,-114.6368003,AZ
400550144,NOT NAMED,2019,1564876800000,Missing data/not specified/undetermined,Missing data/not specified/undetermined,0.01,33.69877477,-111.9973844,AZ
400550145,NOT NAMED,2019,1549584000000,Missing data/not specified/undetermined,Missing data/not specified/undetermined,2.3,31.67143721,-110.6147126,AZ
400550146,PRESKETTE,2019,1564876800000,Natural,Natural,0.25,41.6185,-113.5847,UT
400550148,RIDGE LINE,2019,1567555200000,Human,Debris and open burning,0.9,40.43821,-112.4057,UT
400550151,ELK NECK STATE PARK BOHEMIA LOOP,2019,1569196800000,Human,Missing data/not specified/undetermined,0.1,39.480752,-75.972408,MD
400550152,,2019,1572652800000,Human,Missing data/not specified/undetermined,0.1,41.6528768,-72.3914724,CT
400550153,,2019,1571702400000,Human,Missing data/not specified/undetermined,0.2,41.752951,-73.154609,CT
400550217,WILBUR SMITH ROAD,2019,1555372800000,Human,Missing data/not specified/undetermined,0.6,46.24274,-91.54662,WI
400550218,MONTGOMERY LAKE ROAD FIRE,2019,1556928000000,Human,Debris and open burning,0.33,45.90388,-88.16157,WI
400550219,NOT NAMED,2019,1562112000000,Missing data/not specified/undetermined,Missing data/not specified/undetermined,0.01,34.21117186,-109.9700873,AZ
400550220,NOT NAMED,2019,1547856000000,Human,Power generation/transmission/distribution,0.01,33.49685969,-112.2970515,AZ
400550221,NOT NAMED,2019,1547942400000,Missing data/not specified/undetermined,Missing data/not specified/undetermined,0.01,33.415074,-112.5562881,AZ
400550222,NOT NAMED,2019,1556409600000,Missing data/not specified/undetermined,Missing data/not specified/undetermined,0.5,31.4228089,-110.9816991,AZ
400550224,NOT NAMED,2019,1562457600000,Missing data/not specified/undetermined,Missing data/not specified/undetermined,0.01,33.731,-112.369,AZ
400550225,MM 346,2019,1566950400000,Human,Missing data/not specified/undetermined,0.5,41.25624,-112.0208,UT
400550226,BLACK PEAK,2019,1567036800000,Natural,Natural,0.01,41.53428,-111.9958,UT
400550228,SMITH CREEK 15,2019,1560902400000,Human,Equipment and vehicle use,0.1,46.63306,-91.6443,WI
400550229,PROSCARIAN RD,2019,1555804800000,Human,Debris and open burning,5.87,43.66855,-89.06926,WI
400550298,N/A,2019,1563062400000,Human,Missing data/not specified/undetermined,0.1,42.10923,-75.94043,NY
400550299,N/A,2019,1564012800000,Human,Missing data/not specified/undetermined,0.1,42.90674,-77.76531,NY
400550300,N/A,2019,1564185600000,Human,Missing data/not specified/undetermined,0.1,41.44616,-74.10507,NY
400550301,N/A,2019,1561939200000,Human,Missing data/not specified/undetermined,0.1,43.09476,-79.05047,NY
400550302,N/A,2019,1549670400000,Human,Missing data/not specified/undetermined,0.1,40.76273,-72.96543,NY
400550303,N/A,2019,1549670400000,Human,Arson/incendiarism,0.1,43.14142,-77.54131,NY
400550304,N/A,2019,1565913600000,Human,Missing data/not specified/undetermined,0.1,43.12412,-79.0082,NY
400550305,N/A,2019,1554336000000,Human,Missing data/not specified/undetermined,0.1,41.72557,-74.48447,NY
400550306,N/A,2019,1552780800000,Human,Missing data/not specified/undetermined,0.1,40.88704,-72.94405,NY
400550307,N/A,2019,1554336000000,Human,Missing data/not specified/undetermined,0.1,43.13051,-77.6143,NY
400550310,N/A,2019,1564099200000,Human,Missing data/not specified/undetermined,0.1,43.02992,-74.40446,NY
400550311,N/A,2019,1574467200000,Human,Arson/incendiarism,0.1,43.14847,-77.65248,NY
400550388,N/A,2019,1558310400000,Human,Missing data/not specified/undetermined,0.1,40.6702,-73.60139,NY
400550389,N/A,2019,1553644800000,Human,Arson/incendiarism,0.1,43.29953,-76.02202,NY
400550390,N/A,2019,1560038400000,Human,Missing data/not specified/undetermined,0.1,43.14699,-78.69683,NY
400550391,N/A,2019,1572566400000,Human,Missing data/not specified/undetermined,0.1,42.89292,-76.2846,NY
400550392,N/A,2019,1555977600000,Human,Missing data/not specified/undetermined,0.1,43.24114,-77.6184,NY
400550393,N/A,2019,1558396800000,Human,Missing data/not specified/undetermined,0.1,43.16501,-77.69137,NY
400550395,N/A,2019,1554163200000,Human,Missing data/not specified/undetermined,0.1,41.37594,-73.83392,NY
400550396,N/A,2019,1554336000000,Natural,Natural,0.1,42.19054,-79.49709,NY
400550397,N/A,2019,1570492800000,Human,Missing data/not specified/undetermined,0.1,42.6578,-73.9482,NY
400550398,N/A,2019,1546819200000,Human,Arson/incendiarism,0.1,41.21547,-73.71988,NY
400550399,N/A,2019,1546819200000,Human,Missing data/not specified/undetermined,0.1,42.07656,-73.95205,NY
400550401,19-50700291X,2019,1550275200000,Human,Equipment and vehicle use,5.0,32.653167,-103.478617,NM
400550488,THE DIRT RD,2019,1558137600000,Human,Debris and open burning,0.21,35.588359,-77.110851,NC
400550489,LANCASTER STORE ROAD,2019,1577664000000,Human,Equipment and vehicle use,0.04,36.065358,-78.080986,NC
400550490,BLAKELY ROAD,2019,1570752000000,Human,Debris and open burning,0.43,34.825071,-79.395329,NC
400550491,CLOVER LANE,2019,1564358400000,Human,Debris and open burning,6.93,34.858788,-79.663479,NC
400550492,ROUSE,2019,1553385600000,Human,Debris and open burning,0.19,35.927849,-77.743168,NC
400550493,BERRY PATCH,2019,1547078400000,Human,Power generation/transmission/distribution,0.18,35.784591,-78.960689,NC
400550494,MCALPINE AVE,2019,1575504000000,Human,Debris and open burning,0.4,35.700028,-81.813248,NC
400550495,WILD CONSTRUCTION,2019,1551052800000,Human,Power generation/transmission/distribution,0.4,35.8897,-78.829317,NC
400550496,ROCK SPRINGS CHURCH RD,2019,1563753600000,Human,Power generation/transmission/distribution,0.18,36.066284,-78.620918,NC
400550497,FIDDLE LN,2019,1572912000000,Human,Misuse of fire by a minor,0.02,36.290181,-78.20453,NC
400550498,PICKETT RD,2019,1562025600000,Human,Debris and open burning,2.14,34.714917,-77.4903,NC
400550587,ALTAMAHAW UNION RIDGE,2019,1552694400000,Human,Debris and open burning,0.32,36.190096,-79.449816,NC
400550588,RIVER,2019,1549670400000,Human,Debris and open burning,0.14,36.024335,-81.502768,NC
400550589,FERGUS DR.,2019,1558137600000,Human,Missing data/not specified/undetermined,5.7,34.681761,-79.262813,NC
400550590,KAYAKER,2019,1570924800000,Human,Recreation and ceremony,0.04,35.781973,-81.522164,NC
400550591,GOOSE NECK,2019,1553817600000,Human,Debris and open burning,0.04,34.330966,-78.158979,NC
400550592,BASON RD,2019,1554076800000,Human,Debris and open burning,0.1,36.112043,-79.321912,NC
400550593,CHEWY,2019,1553040000000,Human,Misuse of fire by a minor,0.13,36.331164,-78.544509,NC
400550594,GRANTVILLE LANE #2,2019,1569974400000,Human,Missing data/not specified/undetermined,1.25,35.668146,-79.708508,NC
400550595,MOOSE,2019,1563235200000,Human,Equipment and vehicle use,0.57,36.388332,-80.008083,NC
400550596,SMOLDERING SHOULDER,2019,1558483200000,Human,Missing data/not specified/undetermined,0.08,35.75851,-78.033624,NC
400550597,NOT THE TRANSFORMER,2019,1550102400000,Human,Missing data/not specified/undetermined,0.19,35.260094,-78.060059,NC
400550699,HAYSTACK PILE,2019,1549584000000,Human,Debris and open burning,1.47,36.459115,-80.741928,NC
400550700,LIBERTY,2019,1550016000000,Human,Power generation/transmission/distribution,0.33,35.923241,-79.671914,NC
400550701,MOSTELLER ROAD,2019,1552435200000,Human,Debris and open burning,0.7,36.203083,-80.759233,NC
400550702,BALL GAME,2019,1569283200000,Human,Missing data/not specified/undetermined,0.11,36.262111,-79.080032,NC
400550703,MOORE,2019,1547942400000,Human,Power generation/transmission/distribution,0.03,35.837688,-81.302892,NC
400550704,NORRIS RD,2019,1562457600000,Human,Debris and open burning,0.13,34.73415,-78.465733,NC
400550705,321 - 1,2019,1549411200000,Human,Equipment and vehicle use,0.04,35.412199,-81.210726,NC
400550706,RILEY CIRCLE,2019,1558915200000,Human,Debris and open burning,5.94,34.675702,-79.092309,NC
400550707,DISTANT VIEW,2019,1554336000000,Human,Debris and open burning,2.58,35.826285,-82.614834,NC
400550708,49 SOUTH #4,2019,1577232000000,Human,Equipment and vehicle use,0.05,35.93735,-79.480567,NC
400550709,CARRIE DR,2019,1568937600000,Human,Debris and open burning,0.02,35.720328,-80.554193,NC
400550839,U.S. HWY 79 SOUTH,2019,1565395200000,Human,Equipment and vehicle use,0.01,32.1615,-94.372,TX
400550840,CR 2880 @ CR 2740,2019,1563494400000,Human,Power generation/transmission/distribution,30.0,28.9955,-98.8221,TX
400550841,SHARP,2019,1561766400000,Human,Debris and open burning,2.0,32.0342,-97.2445,TX
400550842,GRASS FIRE 308 10/7,2019,1570406400000,Missing data/not specified/undetermined,Missing data/not specified/undetermined,1.0,31.7288,-97.0192,TX
400550843,NECHES VFD,2019,1571356800000,Missing data/not specified/undetermined,Missing data/not specified/undetermined,1.0,31.8032,-95.5846,TX
400550844,PITTMAN BALER FIRE,2019,1562716800000,Human,Equipment and vehicle use,1.0,30.2532,-96.2731,TX
400550845,MCCORMICK ROAD FIRE ,2019,1566345600000,Human,Missing data/not specified/undetermined,0.01,28.9213,-97.0699,TX
400550846,RHODES,2019,1571443200000,Missing data/not specified/undetermined,Missing data/not specified/undetermined,20.0,32.771,-98.2726,TX
400550847,MITCHELL,2019,1566259200000,Human,Equipment and vehicle use,1.0,31.8219,-99.16,TX
400550848,7292019,2019,1564358400000,Human,Equipment and vehicle use,0.1,30.5942,-96.6155,TX
400550849,704175,2019,1562198400000,Missing data/not specified/undetermined,Missing data/not specified/undetermined,0.01,31.19,-97.95,TX
400550850,MAXUS ROAD FIRE,2019,1565395200000,Human,Power generation/transmission/distribution,0.5,35.9656,-101.8196,TX
400550851,TRAVIS NAYLOR ,2019,1551052800000,Human,Debris and open burning,0.5,33.7897,-96.1014,TX
400550993,GHOST LIGHT BRIDGE,2019,1564185600000,Human,Equipment and vehicle use,25.0,31.79951667,-98.58273333,TX
400550994,INDUSTRIAL & LOOP 322,2019,1549324800000,Human,Debris and open burning,0.5,32.4041,-99.7152,TX
400550995,19070144,2019,1562198400000,Missing data/not specified/undetermined,Missing data/not specified/undetermined,0.5,33.8721,-98.4944,TX
400550996,GRASS FIRE,2019,1567814400000,Human,Equipment and vehicle use,10.0,32.3578,-99.5933,TX
400550997,GRASSFIRE,2019,1565740800000,Missing data/not specified/undetermined,Missing data/not specified/undetermined,1.0,32.3971,-99.918,TX
400550998,TOWNSEND FIRE ,2019,1567209600000,Missing data/not specified/undetermined,Missing data/not specified/undetermined,25.0,32.533,-99.6528,TX
400550999,UNKNOWN,2019,1564444800000,Human,Debris and open burning,0.1,30.3033,-95.8333,TX
400551000,COTTON GIN,2019,1569110400000,Human,Recreation and ceremony,0.2,30.8343,-97.7916,TX
400551001,889 CASHION RD,2019,1556409600000,Natural,Natural,1.0,34.0367,-98.5076,TX
400551002,OLD MILL CREEK/FARMERS ROAD,2019,1556582400000,Human,Debris and open burning,0.25,30.1612,-96.4288,TX
400551003,TRISH MORTEN FIRE,2019,1555632000000,Human,Debris and open burning,1.0,30.5421,-96.8752,TX
400551004,HALSALL 1,2019,1562716800000,Human,Power generation/transmission/distribution,10.0,33.7633,-98.3423,TX
400551005,HWY 290 E. DITCH FIRES,2019,1557964800000,Missing data/not specified/undetermined,Missing data/not specified/undetermined,0.01,30.1399,-96.3011,TX
400551158,LONGVIEW,2019,1565913600000,Human,Railroad operations and maintenance,3.35,43.74971,-123.17551,OR
400551159,2727 N 17TH RD,2019,1562889600000,Human,Missing data/not specified/undetermined,2.0,45.9809,-108.1399,MT
400551160,,2019,1570579200000,Human,Equipment and vehicle use,5.0,34.634567,-81.987907,SC
400551161,,2019,1570665600000,Human,Debris and open burning,2.0,33.985752,-78.896172,SC
400551162,,2019,1568937600000,Human,Debris and open burning,0.1,33.99374,-80.821701,SC
400551163,,2019,1551916800000,Human,Debris and open burning,1.0,33.047306,-81.262611,SC
400551164,,2019,1552003200000,Human,Debris and open burning,2.0,33.302345,-81.363426,SC
400551165,,2019,1552348800000,Human,Debris and open burning,2.0,33.386009,-80.318642,SC
400551166,NORTH VALLEY,2019,1565481600000,Natural,Natural,0.1,48.19083,-117.7342,WA
400551167,SECOND STRIKE,2019,1565395200000,Natural,Natural,0.01,46.9531,-122.8244,WA
400551168,SALNAVE ROAD,2019,1562198400000,Human,Missing data/not specified/undetermined,0.5,47.51429,-117.6783,WA
400551169,ALPHA CHECKPOINT,2019,1564617600000,Human,Recreation and ceremony,0.1,48.69725,-122.4753,WA
400551327,GOOCHLAND,2019,1570060800000,Human,Arson/incendiarism,17.0,37.44313,-84.190453,KY
400551328,BONANZA MINE,2019,1567728000000,Natural,Natural,0.1,43.39222,-123.19583,OR
400551329,,2019,1569369600000,Human,Missing data/not specified/undetermined,0.2,33.819569,-81.046562,SC
400551330,,2019,1576800000000,Human,Debris and open burning,4.0,33.622272,-80.949493,SC
400551331,WHITAKER,2019,1573430400000,Human,Debris and open burning,28.0,38.41276715,-79.92816043,WV
400551332,DAN'S BRANCH,2019,1569974400000,Human,Equipment and vehicle use,35.0,37.39622327,-81.4375654,WV
400551333,WILLIAM KNIGHT ROAD 5,2019,1560729600000,Human,Arson/incendiarism,0.1,43.82624,-70.41325,ME
400551334,JAY'S FIRST FIRE,2019,1554422400000,Human,Debris and open burning,0.1,44.481087,-70.199077,ME
400551335,,2019,1553558400000,Human,Debris and open burning,0.5,45.8780142,-93.10177985,MN
400551336,,2019,1558396800000,Human,Debris and open burning,0.75,48.62759631,-94.1247371,MN
400551337,,2019,1553904000000,Human,Debris and open burning,0.25,40.9647,-74.8772,NJ
400551338,,2019,1553990400000,Human,Arson/incendiarism,0.25,41.0074,-74.9466,NJ
400551340,,2019,1552262400000,Human,Railroad operations and maintenance,0.25,39.7554,-74.9352,NJ
400551515,6327,2019,1559260800000,Human,Missing data/not specified/undetermined,8.0,33.94157018,-89.64533224,MS
400551516,6328,2019,1559347200000,Human,Smoking,1.0,33.42611111,-88.74083333,MS
400551517,MARK TWAIN APTS (SON) SON,2019,1570579200000,Human,Equipment and vehicle use,0.8,37.979385,-120.392212,CA
400551518,,2019,1568332800000,Missing data/not specified/undetermined,Missing data/not specified/undetermined,0.01,37.764378,-122.209561,CA
400551519,RUSH,2019,1568678400000,Missing data/not specified/undetermined,Missing data/not specified/undetermined,0.2,61.453667,-148.820667,AK
400551520,,2019,1552780800000,Missing data/not specified/undetermined,Missing data/not specified/undetermined,40.0,36.212394,-93.952609,AR
400551521,,2019,1552867200000,Missing data/not specified/undetermined,Missing data/not specified/undetermined,28.0,34.982908,-92.317746,AR
400551522,,2019,1552953600000,Missing data/not specified/undetermined,Missing data/not specified/undetermined,1.0,34.615453,-92.587017,AR
400551523,,2019,1570579200000,Missing data/not specified/undetermined,Missing data/not specified/undetermined,0.21,34.675009,-118.161011,CA
400551524,,2019,1560211200000,Missing data/not specified/undetermined,Missing data/not specified/undetermined,5.0,33.813387,-117.226084,CA
400551525,,2019,1563408000000,Missing data/not specified/undetermined,Missing data/not specified/undetermined,1.0,39.69819,-121.781582,CA
400551526,58TH ST  JRPV,2019,1568419200000,Missing data/not specified/undetermined,Missing data/not specified/undetermined,0.1,33.982812,-117.474194,CA
400540294,NOT NAMED,2019,1573862400000,Missing data/not specified/undetermined,Missing data/not specified/undetermined,1.0,33.45140186,-111.5678277,AZ
400540295,GRAY MOUNTAIN,2019,1554595200000,Missing data/not specified/undetermined,Missing data/not specified/undetermined,0.1,35.73816,-111.4758,AZ
400540296,NOT NAMED,2019,1562371200000,Missing data/not specified/undetermined,Missing data/not specified/undetermined,0.01,33.55826551,-112.2976491,AZ
400540297,NOT NAMED,2019,1561766400000,Missing data/not specified/undetermined,Missing data/not specified/undetermined,0.01,34.320102,-111.1395815,AZ
400540298,NOT NAMED,2019,1561766400000,Missing data/not specified/undetermined,Missing data/not specified/undetermined,0.01,34.63319846,-111.7804079,AZ
400540299,NOT NAMED,2019,1554249600000,Natural,Natural,1.0,35.25758087,-114.0151815,AZ
400540302,I-15 MM 228,2019,1561420800000,Human,Equipment and vehicle use,0.12,39.74837,-111.8339,UT
400540303,CAINEVILLE,2019,1566777600000,Human,Debris and open burning,0.4,38.33059,-111.0212,UT
400540305,EAST HATTON,2019,1571011200000,Human,Equipment and vehicle use,1.0,38.84021,-112.4423,UT
400540307,MM74 I15,2019,1571529600000,Human,Missing data/not specified/undetermined,1.0,37.83147,-112.8904,UT
400540309,CROYDON 111,2019,1565308800000,Human,Equipment and vehicle use,0.25,41.05442,-111.5369,UT
400540509,N/A,2019,1566604800000,Natural,Natural,0.1,42.11267,-76.01703,NY
400540510,N/A,2019,1557792000000,Human,Arson/incendiarism,0.1,43.45891,-76.47192,NY
400540511,N/A,2019,1557964800000,Human,Missing data/not specified/undetermined,0.1,42.5463,-74.14756,NY
400540512,N/A,2019,1552608000000,Human,Missing data/not specified/undetermined,0.1,42.95356,-74.17751,NY
400540513,N/A,2019,1561766400000,Human,Missing data/not specified/undetermined,0.1,41.63486,-73.88927,NY
400540514,20-20360194X,2019,1566259200000,Natural,Natural,32.0,36.481944,-104.173056,NM
400540515,N/A,2019,1573862400000,Human,Missing data/not specified/undetermined,0.1,41.48737,-74.2781,NY
400540516,N/A,2019,1555891200000,Human,Missing data/not specified/undetermined,0.1,44.91892,-73.72869,NY
400540517,N/A,2019,1555977600000,Human,Missing data/not specified/undetermined,0.1,41.80899,-74.26806,NY
400540518,N/A,2019,1565827200000,Human,Missing data/not specified/undetermined,0.1,42.71832,-73.80512,NY
400540519,N/A,2019,1569542400000,Human,Missing data/not specified/undetermined,0.1,44.84617,-73.72573,NY
400540520,,2019,1556841600000,Human,Equipment and vehicle use,40.0,40.903344,-98.031235,NE
400540692,CASTLE,2019,1574985600000,Human,Debris and open burning,2.17,35.497176,-83.025345,NC
400540693,FODALE,2019,1552694400000,Human,Missing data/not specified/undetermined,0.04,33.928733,-78.014249,NC
400540694,1586 NORTHSIDE ROAD,2019,1552435200000,Human,Debris and open burning,9.71,36.413548,-76.336126,NC
400540696,LOY DRIVE,2019,1577404800000,Human,Debris and open burning,1.07,36.424865,-79.430687,NC
400540697,FRANKLIN,2019,1554336000000,Human,Debris and open burning,0.22,35.928742,-82.027574,NC
400540698,WOODLAWN #3,2019,1570233600000,Human,Equipment and vehicle use,0.01,35.893883,-76.647504,NC
400540699,SHILOH #6,2019,1556150400000,Human,Arson/incendiarism,0.15,34.60655,-78.079633,NC
400540700,CARL FREEMAN,2019,1549497600000,Human,Missing data/not specified/undetermined,1.58,34.995868,-78.708213,NC
400540701,LITTLE JOES LANE,2019,1548806400000,Human,Fireworks,0.01,36.387096,-76.018977,NC
400540702,DANIELS RD.,2019,1556323200000,Human,Power generation/transmission/distribution,13.53,34.315244,-78.057899,NC
400540703,ROCKY RIVER SPRINGS #3,2019,1563235200000,Human,Missing data/not specified/undetermined,0.02,35.223894,-80.187315,NC
400540890,NEWTON 17:21,2019,1567728000000,Human,Debris and open burning,3.44,30.95381667,-93.59898333,TX
400540891,DURHING,2019,1553040000000,Human,Debris and open burning,0.1,37.3479882,-81.28479477,WV
400540892,COLD STREAM RD. FIRE,2019,1552435200000,Human,Debris and open burning,1.0,39.34034777,-78.44426277,WV
400540893,HOLLY GRAY PARK,2019,1556668800000,Human,Misuse of fire by a minor,0.1,38.67221768,-80.67291627,WV
400540894,E043,2019,1560384000000,Human,Missing data/not specified/undetermined,0.5,29.8288,-95.2849,TX
400540895,WEBB RD.,2019,1554940800000,Human,Arson/incendiarism,10.0,37.92784691,-82.48945701,WV
400540896,EDMOND ROAD,2019,1552608000000,Human,Debris and open burning,1.0,38.06543865,-81.02859121,WV
400540897,DON PARSONS,2019,1567814400000,Human,Debris and open burning,3.0,31.8226,-95.0925,TX
400540898,PACE ROAD FIRE,2019,1571356800000,Human,Equipment and vehicle use,40.0,33.8812,-98.7708,TX
400540899,ISABAN MOUNTAIN,2019,1555459200000,Human,Other causes,1.0,37.55030432,-81.86887343,WV
400540900,LILAC WAY,2019,1550707200000,Missing data/not specified/undetermined,Missing data/not specified/undetermined,0.5,30.0017,-97.8035,TX
400540901,7650 LITTLE SANDY,2019,1555977600000,Human,Power generation/transmission/distribution,11.0,38.99026496,-81.74041508,WV
400540902,CIRCLE VIEW,2019,1550102400000,Human,Debris and open burning,0.5,37.7965795,-81.24609447,WV
400541097,SPERRY,2019,1554163200000,Human,Debris and open burning,0.1,30.2854,-95.8624,TX
400541098,HWY 154 WOOD COUNTY,2019,1565827200000,Missing data/not specified/undetermined,Missing data/not specified/undetermined,1.0,32.7606,-95.1581,TX
400541100,W POINT FIRE,2019,1570838400000,Human,Missing data/not specified/undetermined,2.0,28.7548,-97.1086,TX
400541101,,2019,1565395200000,Natural,Natural,13.0,40.420724,-122.750404,CA
400541102,,2019,1560124800000,Human,Equipment and vehicle use,0.1,33.90652,-117.555326,CA
400541103,COVE,2019,1566345600000,Human,Equipment and vehicle use,0.25,36.661149,-119.3495,CA
400541104,MONARCH CHURCH #1,2019,1568332800000,Human,Missing data/not specified/undetermined,1.0,36.614342,-83.777657,KY
400541105,FORK RIDGE,2019,1554336000000,Human,Arson/incendiarism,2.0,36.682861,-83.773651,KY
400541106,FOURMILE HOLLOW,2019,1572739200000,Human,Missing data/not specified/undetermined,1.0,36.795589,-83.723381,KY
400541107,LOW ASH HOLLOW #2,2019,1555459200000,Human,Arson/incendiarism,1.0,36.660389,-83.701134,KY
400541108,INEZ MOUNTAIN,2019,1567382400000,Human,Arson/incendiarism,1.0,37.871632,-82.571999,KY
400541109,DUSTY TRAIL,2019,1554508800000,Human,Arson/incendiarism,15.0,37.016399,-83.386391,KY
400541110,HWY 698,2019,1552521600000,Human,Debris and open burning,7.0,37.491001,-84.667107,KY
400541296,EMS3CDF/,2019,1566864000000,Missing data/not specified/undetermined,Missing data/not specified/undetermined,0.7,35.310987,-120.852813,CA
400541297,,2019,1548892800000,Missing data/not specified/undetermined,Missing data/not specified/undetermined,0.02,34.883333,-120.166666,CA
400541298,,2019,1568160000000,Missing data/not specified/undetermined,Missing data/not specified/undetermined,0.01,38.669537,-121.235055,CA
400541299,,2019,1556668800000,Missing data/not specified/undetermined,Missing data/not specified/undetermined,0.5,34.6,-119.066666,CA
400541300,,2019,1562544000000,Missing data/not specified/undetermined,Missing data/not specified/undetermined,0.01,33.927187,-116.863037,CA
400541301,PIGEONROOST,2019,1555545600000,Human,Arson/incendiarism,4.0,37.320869,-83.163223,KY
400541302,HAM HOLLOW,2019,1554336000000,Human,Debris and open burning,1.0,37.130009,-83.745163,KY
400541303,BRAND S RD,2019,1562371200000,Human,Equipment and vehicle use,0.01,44.01678,-122.90076,OR
400541304,WOLFINGER BUTTE,2019,1561852800000,Natural,Natural,0.5,44.48556,-119.19306,OR
400541305,12000 LIGHTNING,2019,1561852800000,Natural,Natural,0.1,43.67667,-122.76356,OR
400541306,,2019,1570147200000,Human,Debris and open burning,0.8,32.472519,-80.955162,SC
400541488,FREEWAY FLAT,2019,1567468800000,Human,Missing data/not specified/undetermined,1.85,47.37473,-117.8703,WA
400541489,RT 10 & FERRELLSBURG LANE,2019,1568851200000,Human,Arson/incendiarism,0.1,38.0212435,-82.09797623,WV
400541490,SHARON/GILES FIRE,2019,1570233600000,Human,Arson/incendiarism,259.0,38.1395601,-81.42251092,WV
400541491,LOCKWOOD/TWENTY MILE,2019,1569888000000,Human,Arson/incendiarism,475.0,38.29614153,-81.07459709,WV
400541492,WINDY FIRE,2019,1572566400000,Human,Power generation/transmission/distribution,0.1,44.18555,-69.62351,ME
400541493,CRAIG THIBODEAU FORWARDER ROCK FIRE,2019,1565136000000,Human,Equipment and vehicle use,0.1,46.85145,-68.784232,ME
400541494,,2019,1555891200000,Human,Arson/incendiarism,1.0,48.5216693,-96.03740899,MN
400541495,,2019,1553385600000,Human,Misuse of fire by a minor,3.5,40.4047,-74.5549,NJ
400541496,,2019,1555027200000,Human,Smoking,1.5,40.1806,-74.1276,NJ
400541497,,2019,1555027200000,Human,Missing data/not specified/undetermined,20.0,39.6892,-74.8095,NJ
400541498,179520-06438-10072019-1115,2019,1570406400000,Human,Debris and open burning,0.1,39.744692,-91.490714,MO
400541499,,2019,1569283200000,Human,Missing data/not specified/undetermined,1.0,34.083333,-118.316666,CA
400541690,378 GRANSTSDALE,2019,1573257600000,Human,Missing data/not specified/undetermined,0.1,46.2276,-114.1448,MT
400541691,FY2019CHATTOOGA012,2019,1553385600000,Human,Debris and open burning,0.1,34.35776111,-85.43942222,GA
400541692,PALM DR  DHSP,2019,1573171200000,Human,Arson/incendiarism,0.2,33.944795,-116.501285,CA
400541693,EL CAMINO REAL   SLO_CO,2019,1567987200000,Human,Power generation/transmission/distribution,2.09,35.444578,-120.631968,CA
400541694,MELINDA AV  DELHI,2019,1570320000000,Human,Power generation/transmission/distribution,0.11,37.432971,-120.793218,CA
400541695,ALMOND WY  BAN,2019,1568419200000,Human,Equipment and vehicle use,2.0,33.939018,-116.866962,CA
400541696,,2019,1551052800000,Human,Debris and open burning,0.1,35.684336,-120.723737,CA
400541697,DELMAR,2019,1566000000000,Missing data/not specified/undetermined,Missing data/not specified/undetermined,0.1,61.718333,-150.14105,AK
400541698,MIRROR LAKE,2019,1566086400000,Missing data/not specified/undetermined,Missing data/not specified/undetermined,0.1,61.424333,-149.406833,AK
400541699,,2019,1566432000000,Missing data/not specified/undetermined,Missing data/not specified/undetermined,19.0,34.14087,-93.35247,AR
400541700,,2019,1567036800000,Missing data/not specified/undetermined,Missing data/not specified/undetermined,5.0,33.35266,-92.26693,AR
400541701,,2019,1566604800000,Human,Missing data/not specified/undetermined,0.01,37.67253,-121.753514,CA
400541887,BEAVERTAIL,2019,1564531200000,Natural,Natural,0.25,46.761,-113.5692,MT
400541888,,2019,1560124800000,Human,Debris and open burning,1.0,46.831,-114.0561,MT
400541889,,2019,1557792000000,Human,Missing data/not specified/undetermined,0.1,45.8297,-111.1064,MT
400541890,,2019,1571788800000,Missing data/not specified/undetermined,Missing data/not specified/undetermined,1.0,33.773304,-117.863614,CA
400541891,HWY 70  /E GRIDLEY RD,2019,1566345600000,Missing data/not specified/undetermined,Missing data/not specified/undetermined,0.15,39.364577,-121.607927,CA
400541892,,2019,1572134400000,Human,Missing data/not specified/undetermined,0.12,34.816666,-118.333333,CA
400541893,,2019,1558051200000,Human,Arson/incendiarism,0.01,33.928149,-117.252444,CA
400541894,,2019,1556928000000,Human,Power generation/transmission/distribution,0.1,36.41812,-121.678016,CA
400541895,,2019,1557705600000,Human,Missing data/not specified/undetermined,8.0,34.500046,-117.525658,CA
400541896,PIRATE,2019,1562889600000,Missing data/not specified/undetermined,Missing data/not specified/undetermined,0.1,60.37825,-151.318717,AK
400541897,FARM LOOP,2019,1562803200000,Missing data/not specified/undetermined,Missing data/not specified/undetermined,0.1,61.6472,-149.116417,AK
400541898,LOWER CIRCLE,2019,1562630400000,Missing data/not specified/undetermined,Missing data/not specified/undetermined,0.1,61.56825,-149.27755,AK
400542085,FY2020PIERCE009,2019,1571875200000,Human,Debris and open burning,0.5,31.26401944,-82.20975556,GA
400542086,11324 FM 472,2019,1564358400000,Human,Equipment and vehicle use,1.0,29.0009,-98.8547,TX
400542087,765,2019,1562198400000,Human,Missing data/not specified/undetermined,0.01,35.0855,-101.8555,TX
400542088,TODD,2019,1565568000000,Human,Power generation/transmission/distribution,56.0,30.70661667,-101.20535,TX
400542089,FY2019UPSON009,2019,1553299200000,Human,Recreation and ceremony,1.02,32.85638889,-84.36555556,GA
400542090,,2019,1575158400000,Human,Debris and open burning,7.98,30.7009,-90.0047,LA
400542091,,2019,1573344000000,Human,Debris and open burning,4.39,32.9366,-92.5431,LA
400542092,FY2020EARLY018,2019,1570665600000,Human,Arson/incendiarism,2.86,31.27664722,-85.08555,GA
400542093,FY2020HANCOCK006,2019,1575504000000,Human,Debris and open burning,15.5,33.30981944,-82.889,GA
400542094,FY2019HARALSON009,2019,1553212800000,Human,Debris and open burning,1.0,33.765,-85.20861111,GA
400542095,,2019,1567468800000,Human,Railroad operations and maintenance,0.25,30.8269,-93.3114,LA
400542096,FY2019JENKINS014,2019,1558915200000,Human,Arson/incendiarism,0.75,32.83951389,-81.9039,GA
400542294,COW PENS (60),2019,1567900800000,Human,Missing data/not specified/undetermined,4.0,28.502,-82.0181,FL
400542295,BLUEBERRY TRACK FIRE ( 28)  ,2019,1575849600000,Human,Railroad operations and maintenance,0.1,27.1165,-81.3554,FL
400542296,BELROSE ST (36),2019,1547164800000,Human,Recreation and ceremony,0.3,26.6344,-81.7493,FL
400542297,STARLIGHT AVE (54),2019,1553644800000,Human,Power generation/transmission/distribution,0.1,29.7494,-81.8466,FL
400542298,WALTERS RD (32),2019,1554336000000,Human,Debris and open burning,0.1,30.7452,-85.4336,FL
400542299,ABBOTT STRUCTURE FIRE,2019,1569110400000,Human,Other causes,10.0,31.9239,-97.0506,TX
400542300,FM 2231 PLANE FIRE,2019,1571011200000,Human,Missing data/not specified/undetermined,1.0,32.727,-98.8883,TX
400542301,,2019,1551225600000,Human,Debris and open burning,0.1,38.33416667,-78.14305556,VA
400542302,,2019,1573689600000,Human,Missing data/not specified/undetermined,0.1,45.6363,-111.1315,MT
400542303,S HALIFAX (64),2019,1559347200000,Natural,Natural,1.0,28.82,-80.9106,FL
400542304,RUCKS RD (22),2019,1547510400000,Human,Missing data/not specified/undetermined,3.0,27.1951,-80.9684,FL
400542305,SARAH ST (66) ,2019,1561593600000,Human,Debris and open burning,1.0,30.488,-86.1462,FL
400542306,PILGRIM REST CHURCH ROAD(32),2019,1552089600000,Human,Debris and open burning,2.0,30.6641,-85.3707,FL
400542500,FY2020WILCOX005,2019,1564358400000,Human,Debris and open burning,0.25,31.90722222,-83.39916667,GA
400542501,BARRY 05 - LEWIS RD.,2019,1555804800000,Human,Missing data/not specified/undetermined,0.1,42.533993,-85.514274,MI
400542502,CHEBOYGAN 08 - LATE NITE DELIGHT,2019,1564876800000,Human,Recreation and ceremony,18.2,45.33897,-84.72717,MI
400542503,TEXAS CHARTER TOWNSHIP FIRE/RESCUE 0000523 - 2019,2019,1561939200000,Human,Smoking,1.0,42.22822,-85.72933,MI
400542505,PENNFIELD TOWNSHIP FD 00299 - 2019,2019,1554249600000,Human,Missing data/not specified/undetermined,1.0,42.37347,-85.10514,MI
400542507,EDWARDSBURG FD 0000053 - 2019,2019,1553385600000,Human,Equipment and vehicle use,1.0,41.81686,-86.08985,MI
400542508,MONTAGUE FD 0000101 - 2019,2019,1554076800000,Human,Equipment and vehicle use,2.0,43.46525,-86.37917,MI
400542509,BRANDON FD 0000358 - 2019,2019,1555113600000,Human,Equipment and vehicle use,1.0,42.8069,-83.45312,MI
400542510,LAWTON FD 0000040 - 2019,2019,1554768000000,Human,Missing data/not specified/undetermined,1.0,42.13015,-85.83185,MI
400542511,DETROIT FD 0030957 - 2019,2019,1567209600000,Human,Debris and open burning,1.0,42.41132,-83.18738,MI
400542513,FY2019HOUSTON002,2019,1553817600000,Human,Debris and open burning,7.4,32.58226667,-83.67923889,GA
400542701,CLARE 03,2019,1555718400000,Human,Debris and open burning,2.6,44.07304,-85.04886,MI
400542702,HAMLIN TOWNSHIP FD 0000080 - 2019,2019,1557014400000,Human,Missing data/not specified/undetermined,1.0,44.00962,-86.44179,MI
400542703,WHITE LAKE FIRE AUTHORITY 0000394 - 2019,2019,1555891200000,Human,Equipment and vehicle use,1.0,43.39003,-86.35229,MI
400542704,ST JOSEPH CHARTER TWP FD STATION 1 2019068 - 2019,2019,1567296000000,Human,Missing data/not specified/undetermined,1.0,42.08225,-86.49789,MI
400542705,VAN BUREN TOWNSHIP FD 0000423 - 2019,2019,1550880000000,Human,Missing data/not specified/undetermined,1.0,42.24441,-83.44178,MI
400542706,N/A,2019,1552176000000,Human,Missing data/not specified/undetermined,0.01,39.80898925,-105.1166363,CO
400542707,,2019,1571011200000,Human,Missing data/not specified/undetermined,0.01,39.58755259,-104.9035974,CO
400542708,,2019,1548892800000,Human,Debris and open burning,0.25,40.67069,-105.17388,CO
400542709,NOT NAMED,2019,1562025600000,Human,Equipment and vehicle use,0.01,32.98193947,-111.7489411,AZ
400542710,NOT NAMED,2019,1560643200000,Missing data/not specified/undetermined,Missing data/not specified/undetermined,0.01,32.19956571,-110.9783493,AZ
400542711,NOT NAMED,2019,1563667200000,Missing data/not specified/undetermined,Missing data/not specified/undetermined,0.01,33.64951554,-112.0349835,AZ
400542921,N/A,2019,1570406400000,Human,Missing data/not specified/undetermined,0.1,39.12666825,-108.6806966,CO
400542922,N/A,2019,1563494400000,Human,Missing data/not specified/undetermined,0.01,39.75474822,-105.0814572,CO
400542923,N/A,2019,1566086400000,Human,Missing data/not specified/undetermined,0.01,39.68590094,-105.1191705,CO
400542925,N/A,2019,1571011200000,Human,Missing data/not specified/undetermined,2.0,38.9069667,-107.8468259,CO
400542926,N/A,2019,1571097600000,Human,Missing data/not specified/undetermined,0.01,40.39550593,-104.785075,CO
400542927,,2019,1559088000000,Human,Missing data/not specified/undetermined,0.01,38.81713476,-104.8251094,CO
400542928,,2019,1549238400000,Human,Missing data/not specified/undetermined,0.01,39.59952204,-104.9662451,CO
400542929,,2019,1558224000000,Human,Debris and open burning,0.25,37.39466645,-107.8471245,CO
400542930,NOT NAMED,2019,1562025600000,Missing data/not specified/undetermined,Missing data/not specified/undetermined,0.01,32.26231053,-110.9720342,AZ
400542931,NOT NAMED,2019,1562025600000,Natural,Natural,0.01,32.25396304,-110.9746294,AZ
400542932,NOT NAMED,2019,1562198400000,Human,Equipment and vehicle use,0.01,32.237883,-110.7872679,AZ
400542933,NOT NAMED,2019,1562630400000,Missing data/not specified/undetermined,Missing data/not specified/undetermined,0.01,33.45592456,-111.9697119,AZ
400543127,178600-06631-04092019-1410,2019,1554768000000,Human,Equipment and vehicle use,0.34,38.353996,-92.579857,MO
400543128,179015-05130-07162019-1429,2019,1563235200000,Human,Missing data/not specified/undetermined,0.6,38.714742,-93.691138,MO
400543129,179026-08403-07262019-1745,2019,1564099200000,Human,Equipment and vehicle use,0.24,37.738435,-93.538682,MO
400543130,189935-01420-07282019-1545,2019,1564272000000,Human,Missing data/not specified/undetermined,5.02,38.977096,-91.705023,MO
400543131,179582-05239-03222019-1220,2019,1553212800000,Human,Missing data/not specified/undetermined,53.03,39.990528,-92.047029,MO
400543133,179143-01617-09162019-1057,2019,1568592000000,Human,Missing data/not specified/undetermined,0.32,37.348306,-89.80535,MO
400543134,179637-04955-12222019-1405,2019,1576972800000,Human,Debris and open burning,0.64,37.227159,-94.416908,MO
400543135,178212-11111-02032019-1741,2019,1549152000000,Human,Missing data/not specified/undetermined,0.25,37.0307,-90.470355,MO
400543136,179301-00000-04262019-1530,2019,1556236800000,Human,Debris and open burning,0.93,40.087012,-92.754891,MO
400543137,179042-03437-04262019-2235,2019,1556236800000,Human,Missing data/not specified/undetermined,0.48,36.859113,-92.592916,MO
400543138,178404-03905-03182019-1141,2019,1552867200000,Human,Missing data/not specified/undetermined,5.97,37.425849,-93.338919,MO
400543323,NOT NAMED,2019,1569542400000,Missing data/not specified/undetermined,Missing data/not specified/undetermined,0.01,32.46055186,-111.3456478,AZ
400543324,NOT NAMED,2019,1569542400000,Missing data/not specified/undetermined,Missing data/not specified/undetermined,0.01,33.89544708,-112.0806102,AZ
400543325,NOT NAMED,2019,1572480000000,Human,Smoking,0.01,34.2285505,-111.3306211,AZ
400543327,KIM BURIST,2019,1566086400000,Human,Debris and open burning,1.0,31.8994,-94.8166,TX
400543328,3250033,2019,1574294400000,Human,Recreation and ceremony,0.01,31.547,-97.1353,TX
400543329,ED HASSELL,2019,1574035200000,Human,Debris and open burning,5.0,31.8408,-95.2212,TX
400543331,BRUSH FIRE,2019,1573603200000,Human,Power generation/transmission/distribution,30.0,33.7489,-98.6437,TX
400543332,SMOKE INVESTIGATION,2019,1571443200000,Human,Power generation/transmission/distribution,1.0,31.9679,-97.002,TX
400543333,,2019,1556323200000,Human,Debris and open burning,0.1,41.7658598,-70.5218702,MA
400543334,,2019,1553817600000,Human,Missing data/not specified/undetermined,0.25,41.66575,-70.059316,MA
400543335,,2019,1555459200000,Human,Missing data/not specified/undetermined,8.0,42.067471,-71.612293,MA
400543336,,2019,1557100800000,Human,Smoking,0.5,42.358401,-71.585313,MA
400543535,NOT NAMED,2019,1553299200000,Missing data/not specified/undetermined,Missing data/not specified/undetermined,4.0,31.36585504,-110.941485,AZ
400543536,RAY,2019,1559088000000,Missing data/not specified/undetermined,Missing data/not specified/undetermined,4.0,33.11551,-110.9894,AZ
400543537,WILMONTS POND,2019,1560470400000,Missing data/not specified/undetermined,Missing data/not specified/undetermined,0.25,32.6003,-111.3468,AZ
400543538,NOT NAMED,2019,1552176000000,Missing data/not specified/undetermined,Missing data/not specified/undetermined,0.2,31.466223,-110.2473712,AZ
400543539,NOT NAMED,2019,1562803200000,Missing data/not specified/undetermined,Missing data/not specified/undetermined,0.01,35.69648632,-112.0190614,AZ
400543540,NOT NAMED,2019,1562198400000,Missing data/not specified/undetermined,Missing data/not specified/undetermined,0.01,32.25056304,-110.9040737,AZ
400543541,NOT NAMED,2019,1553817600000,Missing data/not specified/undetermined,Missing data/not specified/undetermined,0.01,32.27134701,-110.9352079,AZ
400543542,AGAR,2019,1564790400000,Human,Equipment and vehicle use,4.0,41.93137,-112.1722,UT
400543544,KANARRA CREEK,2019,1572739200000,Human,Debris and open burning,0.25,37.44306,-113.2536,UT
400543545,PARLEY,2019,1566518400000,Human,Equipment and vehicle use,19.46,39.54955,-111.4195,UT
400543547,61,2019,1557187200000,Human,Debris and open burning,1.0,45.09054653,-87.2025795,WI
400543747,N/A,2019,1562457600000,Human,Missing data/not specified/undetermined,0.1,42.69997,-74.09662,NY
400543748,N/A,2019,1562803200000,Human,Missing data/not specified/undetermined,0.1,41.22221,-74.18426,NY
400543749,N/A,2019,1556841600000,Human,Missing data/not specified/undetermined,0.1,40.84721,-72.98519,NY
400543750,N/A,2019,1557360000000,Human,Missing data/not specified/undetermined,0.1,43.15361,-77.5736,NY
400543751,N/A,2019,1567209600000,Human,Equipment and vehicle use,0.1,42.95516,-77.009,NY
400543752,N/A,2019,1554595200000,Human,Missing data/not specified/undetermined,0.1,41.34842,-74.14227,NY
400543753,N/A,2019,1560038400000,Human,Missing data/not specified/undetermined,0.1,43.45478,-73.3642,NY
400543754,N/A,2019,1560038400000,Human,Missing data/not specified/undetermined,0.1,42.8537,-76.26029,NY
400543755,20-40300251X,2019,1568678400000,Human,Equipment and vehicle use,174.0,35.228233,-104.923133,NM
400543756,N/A,2019,1562198400000,Human,Missing data/not specified/undetermined,0.1,41.65339,-74.68258,NY
400543757,N/A,2019,1553126400000,Human,Missing data/not specified/undetermined,0.1,42.7868,-73.71478,NY
400543758,N/A,2019,1553299200000,Natural,Natural,0.1,43.2232,-77.41646,NY
400543935,SAW DUST PILE,2019,1562716800000,Human,Debris and open burning,0.04,36.021323,-76.983358,NC
400543936,TOO MANY STORIES,2019,1570320000000,Human,Equipment and vehicle use,0.03,35.431717,-77.49485,NC
400543937,HOWELL RD. CUTOVER,2019,1551052800000,Human,Missing data/not specified/undetermined,18.04,34.712143,-78.9375,NC
400543938,BUCKHORN BRUSH,2019,1552953600000,Human,Debris and open burning,0.11,35.984328,-79.198669,NC
400543939,ROSENTOM,2019,1547164800000,Human,Debris and open burning,0.06,35.783521,-81.086927,NC
400543940,WARREN CREEK ROAD,2019,1566950400000,Human,Debris and open burning,0.05,35.490304,-82.740767,NC
400543941,BOYD CT,2019,1570752000000,Human,Power generation/transmission/distribution,0.12,35.266171,-81.946892,NC
400543942,STONE CHIMNEY RD.,2019,1558828800000,Human,Debris and open burning,0.09,33.934534,-78.248583,NC
400543943,JUNK,2019,1570838400000,Human,Debris and open burning,0.02,35.888467,-81.080239,NC
400543944,EXIT 74,2019,1573776000000,Human,Equipment and vehicle use,0.01,35.424967,-83.350383,NC
400543945,DOLLAR TREE GIRLS,2019,1552348800000,Human,Missing data/not specified/undetermined,0.12,36.0542,-79.0843,NC
400544115,20190327-5,2019,1553644800000,Human,Debris and open burning,2.0,33.817,-87.664,AL
400544117,20190411-3,2019,1554940800000,Human,Arson/incendiarism,7.0,33.508,-85.539,AL
400544118,20190328-31,2019,1553731200000,Human,Railroad operations and maintenance,8.0,33.281,-87.274,AL
400544119,20190328-32,2019,1553731200000,Human,Arson/incendiarism,30.0,33.704,-85.477,AL
400544120,20190328-35,2019,1553731200000,Human,Missing data/not specified/undetermined,10.0,33.312,-87.154,AL
400544121,20190329-1,2019,1553817600000,Human,Arson/incendiarism,5.0,33.92,-85.68,AL
400514233,,2020,1593129600000,Missing data/not specified/undetermined,Missing data/not specified/undetermined,1.0,37.700904,-121.083385,CA
400514234,CRESTA CT  EL_DORADO_HILL,2020,1595808000000,Missing data/not specified/undetermined,Missing data/not specified/undetermined,1.0,38.732762,-121.081305,CA
400514235,CHARDONEY WY  JRPV,2020,1595030400000,Human,Arson/incendiarism,0.5,34.02922,-117.513425,CA
400514236,SIERRA COMMONS APARTMENTS,2020,1604880000000,Missing data/not specified/undetermined,Missing data/not specified/undetermined,0.1,38.035234,-120.404828,CA
400514237,,2020,1589241600000,Missing data/not specified/undetermined,Missing data/not specified/undetermined,0.01,36.804739,-119.873778,CA
400514238,BEATTY DR  EL_DORADO_HILL,2020,1597363200000,Human,Arson/incendiarism,1.0,38.687215,-121.10158,CA
400514239,,2020,1598745600000,Human,Smoking,0.5,34.689443,-118.172234,CA
400514240,,2020,1590451200000,Human,Equipment and vehicle use,20.2,35.316666,-119.533333,CA
400514241,MELINDA AV  DELHI,2020,1581552000000,Human,Debris and open burning,0.2,37.432971,-120.793218,CA
400514242,,2020,1605830400000,Missing data/not specified/undetermined,Missing data/not specified/undetermined,0.01,33.95,-117.35,CA
400514243,,2020,1604448000000,Missing data/not specified/undetermined,Missing data/not specified/undetermined,0.1,38.657819,-120.71317,CA
400514244,LA CRESCENTA DR  CAMERON_,2020,1604275200000,Missing data/not specified/undetermined,Missing data/not specified/undetermined,0.1,38.6985,-120.990444,CA
400514245,,2020,1590278400000,Human,Equipment and vehicle use,0.01,36.741687,-119.77247,CA
400514246,VALLEY,2020,1592438400000,Human,Equipment and vehicle use,1.0,41.218218,-122.146277,CA
400508451,1 ALPHA 20,2020,1580947200000,Human,Debris and open burning,17.0,39.37617,-95.861561,KS
400508452,2 BRAVO 20,2020,1581984000000,Human,Arson/incendiarism,0.1,39.329839,-95.836617,KS
400508453,3 CHARLIE 20,2020,1583539200000,Human,Misuse of fire by a minor,2.0,39.318342,-95.820744,KS
400508454,4 DELTA 20,2020,1586044800000,Human,Debris and open burning,0.2,39.37617,-95.861561,KS
400511157,QUICK SAW,2020,1577836800000,Human,Equipment and vehicle use,12.0,36.6189,-96.0769,OK
400511158,JIM CREEK 2,2020,1578182400000,Human,Equipment and vehicle use,182.0,36.6944,-96.7447,OK
400511684,MILE POST 14,2020,1591833600000,Human,Arson/incendiarism,0.1,44.7297,-121.5367,OR
400511685,205 FIRE,2020,1591833600000,Human,Arson/incendiarism,0.5,44.7297,-121.5367,OR
400511686,B-200,2020,1592438400000,Human,Arson/incendiarism,1.8,44.9133,-121.5742,OR
400511687,LOST,2020,1593043200000,Human,Arson/incendiarism,0.5,44.9167,-121.5769,OR
400511688,CAMELBACK,2020,1593129600000,Natural,Natural,1.3,44.7697,-121.243,OR
400511689,MIDDLE DECK,2020,1593302400000,Natural,Natural,0.8,44.7664,-121.2397,OR
400511690,JUNIPER,2020,1593302400000,Human,Fireworks,0.1,44.7536,-121.2558,OR
400511691,BEAR FIRE,2020,1593734400000,Human,Fireworks,0.1,44.7333,-121.25,OR
400511692,LOG,2020,1593820800000,Human,Fireworks,0.1,44.7483,-121.2903,OR
400511693,FIELDS,2020,1593820800000,Human,Fireworks,0.1,44.7605,-121.2642,OR
400511694,EAST SPUR,2020,1593820800000,Human,Fireworks,0.1,44.7555,-121.2586,OR
400511695,MORDER,2020,1593820800000,Human,Fireworks,0.1,44.7603,-121.2633,OR
400511696,2766 EAST SPUR,2020,1593820800000,Human,Fireworks,0.1,44.7558,-121.2555,OR
400511697,STICK GAME,2020,1593820800000,Human,Fireworks,0.1,44.7605,-121.2653,OR
400511698,LONGHOUSE DUMPSTER,2020,1593820800000,Human,Fireworks,0.1,44.7572,-121.3522,OR
400511699,B-160,2020,1593993600000,Human,Arson/incendiarism,0.1,44.9033,-121.5336,OR
400511700,MILEPOST 91,2020,1594252800000,Human,Arson/incendiarism,787.0,44.935,-121.4533,OR
400511701,PELTON DAM FIRE,2020,1594425600000,Human,Arson/incendiarism,46.5,44.7178,-121.2203,OR
400511982,DEAD HORSE NATURAL OUT,2020,1588377600000,Natural,Natural,0.1,29.52473,-103.03701,TX
400507393,TISH TANG 1,2020,1580947200000,Human,Arson/incendiarism,0.1,41.05,-123.6664,CA
400507394,COMMUNITY,2020,1582243200000,Human,Arson/incendiarism,0.3,41.0728,-123.6808,CA
400507395,MATILTON,2020,1582761600000,Human,Arson/incendiarism,0.3,41.0844,-123.6981,CA
400507396,MASONITE #1,2020,1582761600000,Human,Arson/incendiarism,0.1,41.0789,-123.6875,CA
400507397,TISH TANG 2,2020,1582761600000,Human,Arson/incendiarism,0.1,41.0475,-123.6633,CA
400507398,HOSTLER 1,2020,1582934400000,Human,Arson/incendiarism,0.2,41.075,-123.6869,CA
400507399,MILLCREEK #1,2020,1582934400000,Human,Arson/incendiarism,0.3,41.0844,-123.6942,CA
400507647,DANCE FLOOR,2020,1592006400000,Natural,Natural,0.1,37.7444,-119.7464,CA
400508455,5 ECHO 20,2020,1596758400000,Human,Other causes,0.1,39.364781,-95.749314,KS
400508456,6 FOXTROT 20,2020,1604188800000,Human,Other causes,0.4,39.31655,-95.836433,KS
400508457,7 GOLF 20,2020,1604880000000,Human,Arson/incendiarism,0.7,39.366956,-95.847825,KS
400508458,8 HOTEL 20,2020,1609200000000,Natural,Natural,0.1,39.332489,-95.837564,KS
400510894,CROW 3,2020,1577836800000,Human,Arson/incendiarism,0.1,35.7303,-94.5564,OK
400510895,SWAKE,2020,1577836800000,Human,Arson/incendiarism,2.0,35.7211,-94.5683,OK
400510896,LITTLE,2020,1577836800000,Human,Arson/incendiarism,0.1,35.7294,-94.5592,OK
400510897,TROUT 2,2020,1577836800000,Human,Arson/incendiarism,0.5,35.7311,-94.5761,OK
400510898,FOUR STAR,2020,1578009600000,Human,Arson/incendiarism,3.0,35.7094,-94.53,OK
400510899,FOUR STAR 2,2020,1578096000000,Human,Arson/incendiarism,0.1,35.7117,-94.5328,OK
400510900,CABIN,2020,1578096000000,Human,Arson/incendiarism,40.5,35.7508,-94.5119,OK
400511159,YELLOW,2020,1578355200000,Human,Missing data/not specified/undetermined,1.7,36.5906,-96.2703,OK
400511160,SOUTH SOMBRERO,2020,1578441600000,Human,Power generation/transmission/distribution,22.3,36.8314,-96.0364,OK
400511702,SIDEWALK,2020,1586649600000,Human,Arson/incendiarism,0.1,44.7489,-121.2572,OR
400511703,OSPREY,2020,1595030400000,Natural,Natural,0.1,44.7275,-121.2486,OR
400511704,MECCA,2020,1595116800000,Human,Arson/incendiarism,0.6,44.7639,-121.2561,OR
400511705,ROUNDABOUT,2020,1595203200000,Human,Arson/incendiarism,0.1,44.8147,-121.2461,OR
400511706,HIGHWAY 26,2020,1595203200000,Human,Fireworks,0.3,44.7814,-121.3036,OR
400511707,ADMIN,2020,1595462400000,Human,Arson/incendiarism,3.5,44.7647,-121.2778,OR
400511708,FOSTER,2020,1595462400000,Human,Arson/incendiarism,0.2,44.7592,-121.2783,OR
400511709,SHITKE BUTTE,2020,1595721600000,Human,Arson/incendiarism,2.5,44.7281,-121.6005,OR
400511710,P-450,2020,1595721600000,Human,Arson/incendiarism,0.1,44.7269,-121.6067,OR
400511711,JACKSON TRAIL,2020,1596412800000,Human,Arson/incendiarism,5.0,44.7425,-121.2144,OR
400511712,NORTH PINHEAD,2020,1596499200000,Human,Recreation and ceremony,0.1,44.9567,-121.7439,OR
400511713,WHITE WATER,2020,1596585600000,Natural,Natural,0.2,44.6847,-121.5664,OR
400511714,NORTH BUTTE,2020,1596672000000,Natural,Natural,0.1,44.7514,-121.6342,OR
400511715,CHOOSH,2020,1596758400000,Human,Recreation and ceremony,0.1,44.7594,-121.2272,OR
400511716,P-500,2020,1596844800000,Natural,Natural,0.3,44.7631,-121.6105,OR
400511717,SWIMMING HOLE,2020,1596931200000,Human,Arson/incendiarism,0.5,44.7708,-121.2978,OR
400511718,SHITIKE CREEK,2020,1597017600000,Human,Arson/incendiarism,0.1,44.7683,-121.2892,OR
400511719,CATTLE,2020,1597276800000,Human,Arson/incendiarism,0.1,44.7636,-121.3144,OR
400507400,MASONITE #2,2020,1583107200000,Human,Arson/incendiarism,0.1,41.0783,-123.6883,CA
400507401,LITTLE MOON 1,2020,1583366400000,Human,Arson/incendiarism,0.1,41.0336,-123.6656,CA
400507402,CARPENTER #1,2020,1584057600000,Human,Arson/incendiarism,0.1,41.0983,-123.6942,CA
400507403,JACKSON,2020,1586304000000,Human,Arson/incendiarism,0.1,41.0292,-123.6553,CA
400507404,HOSTLER #2,2020,1586390400000,Human,Arson/incendiarism,1.0,41.0694,-123.6836,CA
400507405,SUPPLY 1,2020,1586908800000,Human,Arson/incendiarism,0.5,41.0453,-123.6792,CA
400507406,PINE CREEK,2020,1586908800000,Human,Arson/incendiarism,0.1,41.0856,-123.7053,CA
400507407,MASONITE 3,2020,1587600000000,Human,Arson/incendiarism,0.5,41.0769,-123.6864,CA
400507408,LATHAM,2020,1587686400000,Human,Arson/incendiarism,0.4,41.1181,-123.7222,CA
400507409,MASTEN,2020,1588032000000,Human,Arson/incendiarism,0.1,41.0547,-123.6844,CA
400507410,MILL CREEK 2,2020,1588032000000,Human,Arson/incendiarism,0.1,41.1017,-123.6969,CA
400507411,CHERRY FLAT,2020,1588204800000,Human,Arson/incendiarism,0.2,41.0439,-123.6733,CA
400507412,TRANSFER,2020,1588982400000,Human,Arson/incendiarism,0.1,41.0789,-123.6906,CA
400507413,MARSHALL,2020,1589155200000,Human,Arson/incendiarism,0.5,41.0583,-123.6569,CA
400507414,PINE CREEK #2,2020,1591488000000,Human,Arson/incendiarism,0.1,41.0542,-123.6817,CA
400507415,BULL CREEK 1,2020,1592006400000,Human,Arson/incendiarism,0.2,41.1678,-123.6911,CA
400507416,ORCUTT 1,2020,1592092800000,Human,Arson/incendiarism,0.1,41.0647,-123.6842,CA
400509061,PABLO RESERVOIR,2020,1584403200000,Human,Recreation and ceremony,60.0,47.6381,-114.1392,MT
400509062,GOLF COURSE,2020,1584576000000,Human,Debris and open burning,60.0,47.5367,-114.1425,MT
400510901,CHERRY TOWER,2020,1578182400000,Human,Debris and open burning,23.4,35.6994,-94.5233,OK
400510902,BIG SPRING,2020,1578268800000,Human,Arson/incendiarism,41.3,36.3078,-94.9028,OK
400510903,ROAD,2020,1578441600000,Human,Arson/incendiarism,0.7,36.2767,-95.1039,OK
400510904,SPOTS,2020,1578441600000,Human,Arson/incendiarism,1.0,35.7269,-94.5625,OK
400510905,KNIFE,2020,1578441600000,Human,Arson/incendiarism,0.1,35.7083,-94.5789,OK
400510906,STAR HOLLOW,2020,1578441600000,Human,Arson/incendiarism,78.9,35.7417,-94.5803,OK
400510907,SWAKE 2,2020,1578441600000,Human,Arson/incendiarism,1.0,35.7203,-94.5681,OK
400510908,BIG PINE,2020,1578441600000,Human,Arson/incendiarism,17.9,36.3133,-94.8419,OK
400510909,KIRBY FLATS,2020,1578528000000,Human,Arson/incendiarism,18.6,36.3364,-94.9403,OK
400510910,WORKMAN SOUTH,2020,1578528000000,Human,Recreation and ceremony,63.1,35.725978,-94.511656,OK
400510911,BIG JAKE,2020,1578441600000,Human,Arson/incendiarism,21.3,35.7264,-94.5614,OK
400510912,SWAKE 3,2020,1578528000000,Human,Arson/incendiarism,1.2,35.7213,-94.5687,OK
400510913,HANGING DOG CREEK,2020,1579132800000,Human,Arson/incendiarism,1.9,35.7428,-94.6572,OK
400510914,COUGER,2020,1579564800000,Human,Arson/incendiarism,12.0,35.7236,-94.5714,OK
400510915,LINNVILLE,2020,1580688000000,Human,Arson/incendiarism,0.1,35.74,-94.5533,OK
400510916,COUGAR 2,2020,1580688000000,Human,Arson/incendiarism,0.1,35.7236,-94.5708,OK
400510917,COUGAR 3,2020,1580688000000,Human,Arson/incendiarism,0.3,35.7239,-94.5694,OK
400511720,SHITIKE 2,2020,1597363200000,Human,Debris and open burning,0.1,44.7625,-121.2733,OR
400511721,P-110,2020,1597536000000,Natural,Natural,0.5,44.7003,-121.2794,OR
400511722,P-515,2020,1597536000000,Natural,Natural,4604.0,44.7731,-121.6172,OR
400511723,FIR,2020,1597536000000,Natural,Natural,0.1,44.7603,-121.5905,OR
400511724,QUARTS BUTTE,2020,1597622400000,Natural,Natural,17.0,45.0603,-121.4483,OR
400511725,MILEPOST 83,2020,1597968000000,Human,Missing data/not specified/undetermined,0.1,45.0203,-121.5111,OR
400511726,WAPUS,2020,1598659200000,Human,Arson/incendiarism,0.1,44.7558,-121.2919,OR
400511727,QUINN PARK,2020,1599091200000,Human,Arson/incendiarism,0.1,44.7614,-121.27,OR
400511728,4446B UDC,2020,1599177600000,Human,Arson/incendiarism,0.1,44.7822,-121.2605,OR
400511729,MILL,2020,1599436800000,Natural,Natural,8.5,44.5303,-121.813,OR
400511730,HWY 26 MP 96.5,2020,1599436800000,Human,Arson/incendiarism,11.0,44.8364,-121.3833,OR
400511731,MILL 2,2020,1599523200000,Natural,Natural,2.4,44.77,-121.2255,OR
400511732,POWERLINE,2020,1600128000000,Human,Arson/incendiarism,0.1,44.8853,-121.4325,OR
400511733,MECHENIC,2020,1600905600000,Human,Equipment and vehicle use,0.1,44.8339,-121.2022,OR
400511734,EQ,2020,1601078400000,Natural,Natural,0.1,44.7614,-121.2697,OR
400511735,NEEDLE,2020,1602460800000,Human,Arson/incendiarism,0.1,44.7372,-121.2189,OR
400511736,B-170,2020,1603756800000,Human,Arson/incendiarism,0.1,44.9294,-121.5764,OR
400513700,20157 WOLF CREEK,2020,1591056000000,Natural,Natural,1.5,62.38,-161.69,AK
400513701,NORTH NEW INLET FIRE,2020,1590883200000,Human,Equipment and vehicle use,0.2,35.6756,-75.4807,NC
400513702,SUB STATION,2020,1591228800000,Missing data/not specified/undetermined,Missing data/not specified/undetermined,4.0,45.92103,-119.1096,OR
400513703,BAHAMA,2020,1591056000000,Human,Missing data/not specified/undetermined,0.3,32.669527,-116.996305,CA
400513704,CAMPO 2,2020,1590969600000,Human,Missing data/not specified/undetermined,0.2,32.727617,-116.90251458,CA
400513705,WINSLOW,2020,1591142400000,Human,Power generation/transmission/distribution,1.0,48.486409,-117.69212,WA
400513706,DUNES 2,2020,1591401600000,Human,Recreation and ceremony,0.1,36.435802,-115.351899,NV
400513707,20193 DALL RIVER,2020,1591315200000,Natural,Natural,26.2,66.1346,-149.2878,AK
400513708,WEST FIRE,2020,1591315200000,Missing data/not specified/undetermined,Missing data/not specified/undetermined,47.0,45.91922,-119.1178,OR
400513710,PUMPHOUSE,2020,1591401600000,Human,Power generation/transmission/distribution,0.1,39.8198848,-104.860672,CO
400513711,WORTHINGTON,2020,1591401600000,Human,Missing data/not specified/undetermined,19.3,35.653039,-99.284946,OK
400513712,PAR,2020,1591574400000,Human,Missing data/not specified/undetermined,0.1,32.7369,-116.9191,CA
400513713,20207 LOU LAKE,2020,1591574400000,Natural,Natural,233.0,60.99,-164.24,AK
400513727,20262 CANDLE CREEK,2020,1592092800000,Natural,Natural,0.5,66.8972,-148.1172,AK
400513728,OKSLR-FY20-WF-CANAL FIRE,2020,1591660800000,Missing data/not specified/undetermined,Missing data/not specified/undetermined,1.2,36.81210941,-98.19747904,OK
400513729,OKSLR-FY20-WF-BOX TRAILER FIRE,2020,1592179200000,Human,Equipment and vehicle use,1.0,36.80651143,-98.2467732,OK
400513730,20280 PASTOLIAK LAKE,2020,1592265600000,Natural,Natural,50.0,62.96,-162.98,AK
400513731,CATTLE 2,2020,1592956800000,Human,Arson/incendiarism,1.4,45.89014,-119.5611,OR
400513732,MADAME DORIOM,2020,1592870400000,Human,Railroad operations and maintenance,8.0,46.06815,-118.8709,WA
400513733,COLUMBIA LANE,2020,1592784000000,Human,Arson/incendiarism,0.1,45.89599,-119.5589,OR
400513734,OLIVE,2020,1592784000000,Human,Arson/incendiarism,0.3,45.89571,-119.559,OR
400513735,BOTTLE NECK,2020,1592784000000,Human,Arson/incendiarism,0.5,45.88696,-119.559,OR
400513736,OVERLOOK,2020,1592697600000,Human,Arson/incendiarism,1.4,45.88889,-119.5697,OR
400513737,HUB CAP,2020,1592697600000,Human,Arson/incendiarism,0.1,45.88811,-119.564,OR
400513738,CATTLE,2020,1592870400000,Human,Arson/incendiarism,32.1,45.88726005,-119.56375735,OR
400513739,WALLULA GAP,2020,1593043200000,Human,Recreation and ceremony,4.0,46.07495,-118.9081,WA
400513740,NARCISSE CREEK,2020,1592956800000,Natural,Natural,0.1,48.46921,-117.730565,WA
400513741,AVONDALE FIRE,2020,1593129600000,Human,Recreation and ceremony,820.0,33.38185806,-112.33795663,AZ
400513742,BRIDGE ,2020,1593216000000,Human,Railroad operations and maintenance,0.1,46.05862,-118.91,WA
400513743,TWO RIVERS,2020,1593129600000,Human,Power generation/transmission/distribution,13.7,46.14988,-118.9392,WA
400513744,FERRY ,2020,1593129600000,Human,Arson/incendiarism,0.6,45.88805,-119.559,OR
400513745,FERRY 2,2020,1593129600000,Human,Arson/incendiarism,0.1,45.88205,-119.5369,OR
400513746,POST FIRE,2020,1593043200000,Human,Recreation and ceremony,3.0,46.73791,-119.5724,WA
400513747,20300-SWAN LAKE OVERWINTER #2,2020,1593043200000,Natural,Natural,7.2,60.53,-150.39,AK
400513748,BAHIA GRANDE,2020,1593388800000,Missing data/not specified/undetermined,Missing data/not specified/undetermined,1.0,26.09184034,-97.33426148,TX
400513749,PUNTAS SALINAS ,2020,1593129600000,Human,Firearms and explosives use,1.5,18.141111,-65.297222,PR
400513750,MATIAS BEACH ,2020,1593129600000,Human,Firearms and explosives use,0.5,18.132222,-65.328611,PR
400513751,MUSKRAT,2020,1593043200000,Human,Arson/incendiarism,0.1,45.2265,-96.2881,MN
400513752,CATFISH FIRE,2020,1593475200000,Human,Missing data/not specified/undetermined,8.0,34.7421,-114.4858,AZ
400513753,WEST MARSH C,2020,1593648000000,Human,Equipment and vehicle use,1.0,37.18122,-120.64883,CA
400513754,CRISTOBAL,2020,1593734400000,Human,Debris and open burning,1.0,32.26118,-113.28669,AZ
400507417,MASONITE 4,2020,1592265600000,Human,Arson/incendiarism,0.2,41.0803,-123.6883,CA
400507418,CALPAC #1,2020,1592352000000,Human,Arson/incendiarism,0.1,41.0364,-123.6569,CA
400507419,NIXON,2020,1592352000000,Human,Arson/incendiarism,0.1,41.0275,-123.6572,CA
400507420,LITTLE MOON 2,2020,1593216000000,Human,Arson/incendiarism,0.1,41.035,-123.6639,CA
400507421,SHOEMAKER,2020,1593475200000,Human,Arson/incendiarism,0.2,41.0233,-123.6536,CA
400507422,MILL CREEK 3,2020,1593475200000,Human,Arson/incendiarism,0.2,41.0983,-123.6819,CA
400507423,ROGERS,2020,1593475200000,Human,Arson/incendiarism,0.2,41.0728,-123.6792,CA
400507424,HFI,2020,1593820800000,Human,Arson/incendiarism,0.2,41.0814,-123.6897,CA
400507425,MARSHALL 2,2020,1593820800000,Human,Arson/incendiarism,0.1,41.0875,-123.6981,CA
400507426,RED ROCK,2020,1593820800000,Human,Arson/incendiarism,0.2,41.1017,-123.6906,CA
400507427,RODEO,2020,1593820800000,Human,Arson/incendiarism,0.2,41.0789,-123.6931,CA
400507428,AGGERGATE,2020,1594252800000,Human,Arson/incendiarism,2.0,41.0303,-123.6564,CA
400507429,MARSHALL 3,2020,1594252800000,Human,Arson/incendiarism,0.5,41.0781,-123.6861,CA
400507430,POWELL,2020,1594944000000,Human,Arson/incendiarism,0.1,41.0261,-123.6572,CA
400507431,MILE POST 21,2020,1595203200000,Human,Arson/incendiarism,130.0,41.1681,-123.6967,CA
400507432,JARNAGHAN,2020,1595376000000,Human,Arson/incendiarism,0.1,41.05,-123.6672,CA
400507433,MILL CREK #4,2020,1595635200000,Human,Arson/incendiarism,1.0,41.0981,-123.6819,CA
400509063,WEST ROAD,2020,1584748800000,Human,Debris and open burning,461.0,47.7514,-114.6633,MT
400509064,BUFFALO BRIDGE,2020,1584835200000,Human,Recreation and ceremony,0.1,47.6478,-114.3456,MT
400509065,ALEXANDER LANE,2020,1586304000000,Human,Arson/incendiarism,1.0,47.82,-114.3625,MT
400509066,SORRELL,2020,1586476800000,Human,Debris and open burning,5.0,47.0483,-114.0794,MT
400509067,TURTLE LAKE,2020,1586822400000,Human,Debris and open burning,1.0,47.6706,-114.0761,MT
400509068,MOUNTAIN HOME,2020,1588032000000,Human,Arson/incendiarism,0.3,47.1233,-114.0058,MT
400509070,PISTOL CREEK,2020,1591142400000,Natural,Natural,0.3,47.2636,-114.0961,MT
400509071,WINDY GAP,2020,1591315200000,Natural,Natural,0.1,47.6731,-114.5592,MT
400509072,WESTSIDE ROAD,2020,1592956800000,Human,Equipment and vehicle use,0.5,47.7642,-114.6583,MT
400509073,LOWER MARKLE,2020,1593302400000,Human,Arson/incendiarism,30.0,47.5533,-114.6206,MT
400509074,UPPER MARKLE,2020,1593302400000,Human,Fireworks,3.0,47.5539,-114.7875,MT
400509075,TWO EAGLE,2020,1593734400000,Human,Fireworks,0.1,47.6017,-114.1119,MT
400509076,TURTLE LAKE 2,2020,1593993600000,Human,Recreation and ceremony,0.1,47.6681,-114.0875,MT
400509077,HAMMER DAM,2020,1594512000000,Human,Recreation and ceremony,0.1,47.4897,-114.0292,MT
400509078,MEADOW LARK,2020,1594598400000,Human,Debris and open burning,0.1,47.8169,-114.3183,MT
400509079,ELMO,2020,1594684800000,Human,Recreation and ceremony,0.1,47.8389,-114.3142,MT
400509080,STANGER LOOP,2020,1594771200000,Human,Arson/incendiarism,0.1,47.5989,-114.1067,MT
400509081,TANNER,2020,1594771200000,Human,Debris and open burning,0.1,47.4586,-114.0528,MT
400510918,COUGAR 4,2020,1580688000000,Human,Arson/incendiarism,0.5,35.7236,-94.5686,OK
400510919,CHIEFS,2020,1580688000000,Human,Arson/incendiarism,56.7,36.3161,-94.9203,OK
400510920,KINGDOM,2020,1581984000000,Human,Arson/incendiarism,3.2,36.3089,-94.9289,OK
400510921,PHIPPS,2020,1581984000000,Human,Arson/incendiarism,0.5,36.7356,-94.9136,OK
400510922,HOODIE,2020,1582156800000,Human,Arson/incendiarism,0.2,35.6722,-94.6961,OK
400510923,HANDLEBAR,2020,1582156800000,Human,Arson/incendiarism,0.1,35.6728,-94.6508,OK
400510924,BIG SWAKE,2020,1582243200000,Human,Arson/incendiarism,47.7,35.7211,-94.57,OK
400510925,MILA,2020,1582243200000,Human,Arson/incendiarism,1.8,35.7253,-94.5722,OK
400510926,CLAWSEN,2020,1582329600000,Human,Arson/incendiarism,7.3,35.6414,-94.6797,OK
400510927,CLAWSEN 2,2020,1582329600000,Human,Arson/incendiarism,0.1,35.6433,-94.6842,OK
400510928,TALL GRASS,2020,1582848000000,Human,Arson/incendiarism,4.9,35.7447,-94.5872,OK
400510929,TELEVISION,2020,1582848000000,Human,Arson/incendiarism,1.1,35.6981,-94.6978,OK
400510930,WATIE,2020,1582848000000,Human,Arson/incendiarism,4.4,35.7336,-94.5475,OK
400510931,POSSUM,2020,1582848000000,Human,Arson/incendiarism,2.1,35.6475,-94.5922,OK
400510932,LAKE,2020,1582848000000,Human,Arson/incendiarism,3.6,35.6525,-94.7469,OK
400510933,REESES,2020,1582934400000,Human,Arson/incendiarism,0.1,35.7328,-94.5458,OK
400510934,RED BULL,2020,1582934400000,Human,Arson/incendiarism,17.3,35.7331,-94.57,OK
400514140,BALCH PARK RD  SPRINGV 25,2020,1584230400000,Human,Debris and open burning,0.3,36.227808,-118.808943,CA
400514141,,2020,1589500800000,Missing data/not specified/undetermined,Missing data/not specified/undetermined,6.0,34.089964,-117.545847,CA
400514142,,2020,1596240000000,Missing data/not specified/undetermined,Missing data/not specified/undetermined,0.02,36.750393,-119.813191,CA
400514143,MM 128.025 HWY 101 HUM OR,2020,1581206400000,Human,Debris and open burning,0.1,41.358937,-123.996395,CA
400514144,,2020,1581292800000,Human,Arson/incendiarism,1.0,34.888094,-117.017208,CA
400514145,JACKSONVILLE RD  TUOLUMNE,2020,1600128000000,Missing data/not specified/undetermined,Missing data/not specified/undetermined,0.5,37.930062,-120.421642,CA
400514146,,2020,1590624000000,Missing data/not specified/undetermined,Missing data/not specified/undetermined,0.02,36.759844,-119.774799,CA
400514147,COTTAGES OF CRML - HIGHLA,2020,1588550400000,Human,Power generation/transmission/distribution,0.1,36.540667,-121.904958,CA
400514148,,2020,1593129600000,Human,Arson/incendiarism,1.45,35.133333,-119.466666,CA
400514149,PACIFIC,2020,1597622400000,Natural,Natural,1.0,38.910169,-122.612326,CA
400514150,,2020,1600646400000,Human,Misuse of fire by a minor,0.1,34.147152,-119.172262,CA
400507434,PINE CREEK #3,2020,1595635200000,Human,Arson/incendiarism,0.1,41.0572,-123.6867,CA
400507435,HODGE,2020,1595721600000,Human,Arson/incendiarism,0.1,41.0247,-123.6592,CA
400507436,COMMUNITY #2,2020,1595721600000,Human,Other causes,0.2,41.0628,-123.6731,CA
400507437,AGG#2,2020,1595894400000,Human,Arson/incendiarism,0.5,41.0314,-123.6553,CA
400507438,HONEY BUNCH,2020,1595894400000,Human,Arson/incendiarism,1.5,41.0267,-123.6492,CA
400507439,AGG #3,2020,1595980800000,Human,Arson/incendiarism,0.2,41.0303,-123.6564,CA
400507440,MILL CREEK 5,2020,1596067200000,Human,Arson/incendiarism,0.5,41.0914,-123.7017,CA
400507441,BRIDGE,2020,1596153600000,Human,Arson/incendiarism,0.1,41.06,-123.685,CA
400507442,PINE CR #4,2020,1596153600000,Human,Arson/incendiarism,0.1,41.0914,-123.7078,CA
400507443,MOON LN,2020,1596153600000,Human,Arson/incendiarism,0.1,41.0911,-123.7094,CA
400507444,DOWD,2020,1596499200000,Human,Arson/incendiarism,1.0,41.1678,-123.7025,CA
400507445,BOOZER,2020,1596585600000,Human,Other causes,0.1,41.0294,-123.6642,CA
400507446,MARSHALL 4,2020,1596844800000,Human,Arson/incendiarism,0.2,41.0861,-123.6953,CA
400507447,BRIDGE 2,2020,1596844800000,Human,Arson/incendiarism,0.2,41.0603,-123.6867,CA
400507448,JONES PONIT,2020,1596844800000,Human,Arson/incendiarism,130.0,41.0464,-123.6644,CA
400507449,MP 19.37,2020,1596844800000,Human,Arson/incendiarism,0.1,41.0308,-123.6572,CA
400507450,AIR PORT,2020,1597104000000,Human,Arson/incendiarism,0.1,41.0544,-123.67,CA
400509082,PINSONEAULT,2020,1594857600000,Human,Equipment and vehicle use,0.1,47.3564,-114.1447,MT
400509083,BUFFALO BRIDGE 2,2020,1595116800000,Human,Recreation and ceremony,0.1,47.6522,-114.3389,MT
400509084,CLEAR CREEK,2020,1595203200000,Human,Equipment and vehicle use,354.0,47.3983,-114.5792,MT
400509086,FARWEST 2,2020,1595376000000,Human,Debris and open burning,5.0,47.8331,-114.6647,MT
400509087,MILE MARKER 93,2020,1595462400000,Human,Railroad operations and maintenance,6.0,47.3431,-114.6331,MT
400509088,FARWEST 3,2020,1595548800000,Human,Arson/incendiarism,0.1,47.8336,-114.6633,MT
400509089,MAGPIE ROCK,2020,1595808000000,Natural,Natural,3539.0,47.3031,-114.4825,MT
400509090,HORSE SHOE,2020,1595894400000,Human,Recreation and ceremony,140.0,47.5906,-114.3261,MT
400509091,FERRY BASIN 1,2020,1595980800000,Natural,Natural,3.0,47.3592,-114.4692,MT
400509092,ORANGE CARS,2020,1596240000000,Human,Equipment and vehicle use,0.1,47.1056,-114.0433,MT
400509093,TURTLE WALL,2020,1597104000000,Human,Recreation and ceremony,0.1,47.6714,-114.0756,MT
400509094,BIRD ISLAND,2020,1596412800000,Human,Recreation and ceremony,30.0,47.7992,-114.0792,MT
400509095,DIRTY DOG,2020,1596499200000,Human,Recreation and ceremony,0.1,47.5214,-114.7808,MT
400509096,BEAR CUB,2020,1596931200000,Human,Power generation/transmission/distribution,0.3,47.2814,-114.1856,MT
400509097,LITTLE BITERROOT,2020,1597017600000,Human,Arson/incendiarism,160.0,47.5333,-114.4506,MT
400509098,FOOTHILL AMISH,2020,1597276800000,Human,Arson/incendiarism,0.1,47.3422,-114.0306,MT
400509099,SLOANS 1,2020,1597276800000,Human,Arson/incendiarism,94.0,47.4778,-114.3739,MT
400510935,TELEVISION 2,2020,1582934400000,Human,Arson/incendiarism,1.3,35.6983,-94.6978,OK
400510936,DAM,2020,1582934400000,Human,Arson/incendiarism,5.3,35.6711,-94.6975,OK
400510937,NO BULL,2020,1582934400000,Human,Arson/incendiarism,1.5,35.67,-94.6928,OK
400510938,CAMERA,2020,1583020800000,Human,Arson/incendiarism,400.8,36.2383,-95.2539,OK
400510939,GLASS DUMP,2020,1583020800000,Human,Arson/incendiarism,14.5,35.7253,-94.5739,OK
400510940,HUSKY,2020,1583107200000,Human,Debris and open burning,11.3,35.7225,-94.5658,OK
400510941,OAK RIDGE,2020,1583193600000,Human,Arson/incendiarism,8.3,35.7067,-94.5197,OK
400510942,DARK,2020,1583280000000,Human,Arson/incendiarism,0.6,35.7047,-94.5231,OK
400510943,STARR,2020,1583280000000,Human,Arson/incendiarism,103.6,36.2636,-94.8061,OK
400510944,FLAT ROCK,2020,1583280000000,Human,Arson/incendiarism,12.2,35.7147,-94.5136,OK
400510945,TENT,2020,1583366400000,Human,Arson/incendiarism,0.8,35.6653,-94.6814,OK
400510946,BOBCAT,2020,1583452800000,Human,Debris and open burning,27.2,36.3147,-94.9525,OK
400510947,BUFFALO,2020,1583452800000,Human,Arson/incendiarism,27.2,36.2878,-94.9175,OK
400510948,FLAT ROCK 2,2020,1583539200000,Human,Arson/incendiarism,28.1,35.715,-94.5117,OK
400510949,OLD TRAILER,2020,1583539200000,Human,Arson/incendiarism,164.6,36.2875,-94.89,OK
400510950,TOMAHAWK CHOP,2020,1583539200000,Human,Arson/incendiarism,20.6,36.3111,-94.8567,OK
400510951,DRY CREEK,2020,1583539200000,Human,Arson/incendiarism,603.3,36.3167,-94.8531,OK
400511765,DOLLAR,2020,1583280000000,Human,Arson/incendiarism,0.1,44.07,-99.4375,SD
400511766,PATH,2020,1583280000000,Human,Arson/incendiarism,0.1,44.0747,-99.4375,SD
400513755,LOMA PARDA,2020,1593820800000,Natural,Natural,0.1,35.8369,-105.0796,NM
400513756,QUARRY POND,2020,1593907200000,Human,Fireworks,0.3,46.1496,-118.9412,WA
400513757,MILLAR,2020,1593820800000,Human,Fireworks,0.1,32.730083,-116.939527,CA
400513758,BOUNDARY,2020,1593820800000,Natural,Natural,0.6,39.8133333,-104.7916667,CO
400513759,FARRALLON NORTH ROAD #32,2020,1593475200000,Human,Missing data/not specified/undetermined,1.5,18.143056,-65.320278,PR
400513760,HIGHLANDER,2020,1593907200000,Human,Recreation and ceremony,17.0,47.1824,-98.8006,ND
400513761,SADDLE MOUNTAIN,2020,1593993600000,Missing data/not specified/undetermined,Missing data/not specified/undetermined,8065.0,46.76526,-119.5091,WA
400513762,20296 SHEENJEK RIVER,2020,1592870400000,Natural,Natural,5759.2,67.1994,-144.417,AK
400513763,20309 SNAKE LAKE,2020,1593388800000,Natural,Natural,21.3,66.08541,-144.2108,AK
400513764,RHODES,2020,1594252800000,Natural,Natural,4.0,31.87755,-80.99445,GA
400513765,GERMANIA EAST,2020,1593907200000,Human,Recreation and ceremony,0.3,43.395221,-83.984068,MI
400513766,SPOTTED RANGE,2020,1594166400000,Human,Firearms and explosives use,92.2,36.8,-115.74,NV
400513767,FARALLON HILL 35,2020,1594252800000,Human,Missing data/not specified/undetermined,2.0,18.1336911,-65.331944,PR
400513768,GATE,2020,1594339200000,Human,Recreation and ceremony,0.1,46.73772,-119.4141,WA
400513769,BROWN FIRE,2020,1594425600000,Natural,Natural,266.0,31.75587,-111.48269,AZ
400513770,NORTH CLEAR LAKE,2020,1594166400000,Natural,Natural,14.5,42.562667,-100.631861,NE
400513771,19C,2020,1594166400000,Natural,Natural,1.6,42.52971151,-100.52654191,NE
400513772,BELL CREEK,2020,1594080000000,Human,Arson/incendiarism,0.1,34.157053,-96.684613,OK
400513773,CULLINAN,2020,1594339200000,Human,Arson/incendiarism,0.2,38.12283333,-122.29605556,CA
400513774,20347 KGUN LAKE,2020,1594684800000,Natural,Natural,1523.3,61.52,-163.54,AK
400513775,SPOTTED RANGE 2,2020,1594684800000,Human,Equipment and vehicle use,63.4,36.72243,-115.7636,NV
400513776,20346 BIRCH CREEK,2020,1594684800000,Natural,Natural,14.4,65.9625,-144.5685,AK
400513777,20344 BIG MARSH,2020,1594512000000,Natural,Natural,1.4,66.1683,-144.2544,AK
400513778,MESQUITE BAY 2,2020,1594944000000,Human,Missing data/not specified/undetermined,0.1,34.5154,-114.3667,AZ
400513779,BLANCO FIRE,2020,1594857600000,Human,Missing data/not specified/undetermined,36.0,31.7386,-111.47531,AZ
400513780,348,2020,1594944000000,Missing data/not specified/undetermined,Missing data/not specified/undetermined,0.2,33.57217,-104.374302,NM
400513781,BOAT LAUNCH,2020,1593907200000,Human,Recreation and ceremony,0.1,46.63858,-119.773,WA
400513782,COCHON,2020,1595030400000,Natural,Natural,2238.9,29.904449,-93.470937,LA
400513783,KRUMBO,2020,1595376000000,Natural,Natural,396.0,42.95614,-118.835,OR
400513784,28 FIRE,2020,1595203200000,Human,Missing data/not specified/undetermined,0.2,46.34550421,-86.17239227,MI
400513785,LOLA RD FIRE,2020,1595376000000,Missing data/not specified/undetermined,Missing data/not specified/undetermined,1.0,34.9511,-76.2788,NC
400513786,PLAZA,2020,1595635200000,Human,Fireworks,0.1,47.4361,-117.5757,WA
400513787,WHITMIRE THREAT,2020,1595894400000,Natural,Natural,159.4,28.49391948,-96.5486173,TX
400513788,NYWHR-FY20-WF-SAYVILLE 1,2020,1593388800000,Human,Missing data/not specified/undetermined,0.1,40.742219,-73.101082,NY
400513789,MASSIE,2020,1595808000000,Human,Equipment and vehicle use,0.1,40.4747,-98.0512,NE
400513790,NYWHR-FY20-WF-SAYVILLE 4,2020,1594598400000,Human,Missing data/not specified/undetermined,0.1,40.742471,-73.099202,NY
400513791,S-4 SHELDON,2020,1595808000000,Natural,Natural,1802.0,41.806667,-119.666667,NV
400513792,CORNER,2020,1595721600000,Human,Equipment and vehicle use,0.1,34.303648,-114.0941109,AZ
400513793,MNSBR-FY20-WF-CR70,2020,1595980800000,Human,Missing data/not specified/undetermined,8.0,45.53694444,-93.78111111,MN
400513794,ORBKR-FY20-WF-200193,2020,1595808000000,Human,Arson/incendiarism,0.1,44.9683,-123.2568,OR
400513795,CALDWELL,2020,1595376000000,Natural,Natural,82018.0,41.698889,-121.476944,CA
400513796,NYWHR-FY20-WF-SAYVILLE 2,2020,1593388800000,Human,Missing data/not specified/undetermined,0.1,40.742135,-73.100802,NY
400513797,NYWHR-FY20-WF-SAYVILLE 3,2020,1593388800000,Human,Missing data/not specified/undetermined,0.1,40.742184,-73.100826,NY
400513798,HOLMES CREEK ,2020,1596153600000,Human,Recreation and ceremony,0.5,45.9353,-121.3373,WA
400513799,730 COMMAND,2020,1596153600000,Missing data/not specified/undetermined,Missing data/not specified/undetermined,103.0,45.92302041,-119.10081983,OR
400513800,FELBER,2020,1596240000000,Human,Arson/incendiarism,1.0,44.0333,-93.4395,MN
400513801,MNSBR-FY20-WF-ROMAN CANDLE,2020,1596412800000,Human,Fireworks,1.0,45.46222222,-93.75388889,MN
400513802,DOVE,2020,1596412800000,Human,Recreation and ceremony,0.1,37.264523,-115.123706,NV
400513803,22A2,2020,1596326400000,Human,Debris and open burning,1.6,42.49634,-100.54028,NE
400513804,ELK,2020,1596585600000,Natural,Natural,0.5,47.67158019,-108.74818518,MT
400513805,RATTLE SNAKE BUTTE,2020,1596585600000,Natural,Natural,0.8,43.7215,-118.5257,OR
400513806,PAVILION,2020,1596758400000,Natural,Natural,0.1,31.87496,-80.97966,GA
400513807,CHERE,2020,1596844800000,Natural,Natural,49.3,29.9306,-93.4382,LA
400513808,SOUTH FIRE,2020,1597017600000,Natural,Natural,760.0,29.0532,-81.3976,FL
400507451,MCCOVEY,2020,1597276800000,Human,Arson/incendiarism,0.1,41.0939,-123.6947,CA
400507452,BLUE SLIDE,2020,1597536000000,Human,Arson/incendiarism,0.1,41.0397,-123.6714,CA
400507453,MILL CREEK 6,2020,1597881600000,Human,Arson/incendiarism,2.0,41.0978,-123.6808,CA
400507454,AGG 4,2020,1598313600000,Human,Arson/incendiarism,0.2,41.0297,-123.655,CA
400507455,WHITE 1,2020,1598745600000,Human,Arson/incendiarism,0.1,41.0486,-123.6669,CA
400507456,STORGE FIRE,2020,1599004800000,Human,Arson/incendiarism,0.3,41.0644,-123.6847,CA
400507457,WHITE 2,2020,1596412800000,Human,Arson/incendiarism,0.1,41.0486,-123.6669,CA
400507458,OLDTIME FIRE,2020,1599436800000,Human,Arson/incendiarism,0.2,41.0283,-123.6675,CA
400507459,MILL CREEK 7,2020,1599523200000,Human,Arson/incendiarism,0.2,41.0897,-123.6997,CA
400507460,RED ROCK 2,2020,1600300800000,Human,Arson/incendiarism,0.2,41.1017,-123.6908,CA
400507461,RAKESTRAW,2020,1600387200000,Human,Arson/incendiarism,0.1,41.0733,-123.6853,CA
400507462,MOON,2020,1600387200000,Human,Arson/incendiarism,0.1,41.0931,-123.7131,CA
400507463,RED ROCK 3,2020,1600560000000,Human,Arson/incendiarism,0.2,41.1008,-123.6839,CA
400507464,KITCHEN FIRE,2020,1601424000000,Human,Other causes,0.1,41.0661,-123.6844,CA
400507465,WHITE #3,2020,1601942400000,Human,Arson/incendiarism,0.1,41.0536,-123.6836,CA
400507466,PINE CREEK 5,2020,1602720000000,Human,Arson/incendiarism,0.5,41.0867,-123.7031,CA
400507467,PRAIRIE FIRE,2020,1602806400000,Human,Arson/incendiarism,1.0,41.0678,-123.77,CA
400509100,SLOANS 2,2020,1597276800000,Human,Arson/incendiarism,94.0,47.4867,-114.3436,MT
400509101,100 RD,2020,1597449600000,Human,Recreation and ceremony,0.1,47.2675,-114.0333,MT
400509102,JOCKO PR,2020,1597449600000,Human,Arson/incendiarism,0.2,47.2011,-113.8886,MT
400509103,VALLEY CREEK 1200,2020,1597622400000,Human,Arson/incendiarism,0.1,47.1786,-114.2056,MT
400509104,NINEPIPES,2020,1597536000000,Human,Equipment and vehicle use,0.1,47.4417,-114.08,MT
400509105,MILE MARKER 21,2020,1597622400000,Human,Equipment and vehicle use,0.1,47.2039,-114.1131,MT
400509106,CANYON MILL,2020,1597795200000,Natural,Natural,0.1,47.5578,-114.05,MT
400509107,SADDLE MTN 1,2020,1597795200000,Natural,Natural,0.1,47.1781,-114.1331,MT
400509108,STEVENS,2020,1597795200000,Natural,Natural,0.1,47.1781,-114.1333,MT
400509109,SADDLE MTN 2,2020,1597795200000,Natural,Natural,0.1,47.1892,-114.1311,MT
400509110,REHBEIN,2020,1597795200000,Natural,Natural,0.1,47.1858,-114.0178,MT
400509111,MISSION CREEK,2020,1597795200000,Human,Debris and open burning,0.1,47.2972,-114.0247,MT
400509112,IRVINE,2020,1597795200000,Human,Power generation/transmission/distribution,0.2,47.6894,-114.2339,MT
400509113,DEEMER,2020,1597881600000,Natural,Natural,0.2,47.4722,-114.7322,MT
400509114,HENRY,2020,1597881600000,Natural,Natural,0.1,47.4442,-114.7053,MT
400509115,HIGHWAY 212,2020,1597968000000,Human,Other causes,0.1,47.4303,-114.1992,MT
400509116,ROULLIER RD,2020,1598140800000,Human,Equipment and vehicle use,0.1,47.5528,-114.0939,MT
400509117,PABLO MILL,2020,1598227200000,Human,Arson/incendiarism,0.1,47.6181,-114.1189,MT
400510952,BLACK CROW,2020,1583539200000,Human,Arson/incendiarism,43.0,36.3142,-94.9444,OH
400510953,BLACK COW,2020,1583539200000,Human,Arson/incendiarism,55.0,35.7542,-94.5056,OK
400510954,SLAPUCKER,2020,1583625600000,Human,Arson/incendiarism,21.0,36.3306,-94.9397,OK
400510955,BLACK DOG,2020,1583625600000,Human,Arson/incendiarism,15.2,35.7217,-94.6303,OK
400510956,SILO HOLLOW,2020,1583625600000,Human,Arson/incendiarism,2.4,36.2783,-94.8181,OH
400510957,MOLLY HOLLOW,2020,1583625600000,Human,Arson/incendiarism,283.0,35.7111,-94.7628,OK
400510959,PLATINUM,2020,1583798400000,Human,Arson/incendiarism,22.8,36.3256,-94.9486,OK
400510960,ROCKY,2020,1583884800000,Human,Arson/incendiarism,1.6,36.1461,-94.9108,OK
400510961,BUFFINGTON,2020,1585180800000,Human,Arson/incendiarism,20.8,36.6539,-95.1592,OK
400510962,BIG ED,2020,1585353600000,Human,Arson/incendiarism,9.4,36.3219,-94.9486,OK
400510963,APPORTIONED,2020,1585440000000,Human,Arson/incendiarism,37.0,36.2625,-94.9117,OK
400510964,BROWNIE,2020,1585785600000,Human,Arson/incendiarism,9.4,35.7208,-94.5767,OK
400513823,AUTO TOUR STRIKE,2020,1597795200000,Natural,Natural,0.1,47.416599,-117.533548,WA
400513824,ISLAND,2020,1598400000000,Human,Equipment and vehicle use,0.1,42.83341,-118.87623,OR
400513825,STUBBLE,2020,1596758400000,Human,Recreation and ceremony,2.9,34.951,-119.4523,CA
400513827,ECHO NATURAL OUT,2020,1598313600000,Natural,Natural,2.7,41.845744,-119.31113,NV
400513828,CERRO MATIAS,2020,1597881600000,Human,Missing data/not specified/undetermined,1.5,18.131111,-65.328333,PR
400513829,MOWER,2020,1598572800000,Human,Equipment and vehicle use,0.1,42.83647,-118.87645,OR
400513830,TXSNR-FY20-WF-DOUBLE MOCCASIN POND,2020,1597881600000,Natural,Natural,57.5,28.88712679,-95.56176891,TX
400513831,HANSON,2020,1598832000000,Missing data/not specified/undetermined,Missing data/not specified/undetermined,1.0,46.195278,-118.96,WA
400513832,FIREHALL MYSTERY FIRE,2020,1598832000000,Missing data/not specified/undetermined,Missing data/not specified/undetermined,0.1,29.09142381,-95.28755083,TX
400513833,BALER,2020,1599091200000,Human,Equipment and vehicle use,0.1,42.83184,-118.88335,OR
400513834,INDIAN PASS FIRE,2020,1599350400000,Natural,Natural,374.0,29.6793078,-85.19487516,FL
400513835,CORNER,2020,1599177600000,Human,Recreation and ceremony,0.1,46.738,-119.5998,WA
400513836,PATTERSON ,2020,1599436800000,Missing data/not specified/undetermined,Missing data/not specified/undetermined,1464.0,45.878056,-119.719722,WA
400513851,MULLEN,2020,1600300800000,Missing data/not specified/undetermined,Missing data/not specified/undetermined,176878.0,41.176389,-106.421944,WY
400513852,STUBBY,2020,1595376000000,Human,Arson/incendiarism,0.1,47.97583333,-99.01277778,ND
400513890,POLLOCK,2020,1586304000000,Human,Missing data/not specified/undetermined,0.5,30.461111,-88.454722,MS
400513892,COYOTE,2020,1595980800000,Human,Power generation/transmission/distribution,0.1,32.735842,-116.875479,CA
400513893,BORDER 14,2020,1596672000000,Missing data/not specified/undetermined,Missing data/not specified/undetermined,3.0,32.5838,-116.6975,CA
400513894,GRADE,2020,1596844800000,Human,Recreation and ceremony,0.2,37.174047,-120.894058,CA
400513895,LANDER,2020,1596844800000,Human,Debris and open burning,2.5,37.314889,-120.812628,CA
400513896,MCNAMARA,2020,1596412800000,Human,Missing data/not specified/undetermined,2.0,37.187683,-120.67121,CA
400513897,WOLFSEN,2020,1597708800000,Human,Recreation and ceremony,1.0,37.146772,-120.824819,CA
400513907,BLOOMINGTON FERRY,2020,1586044800000,Missing data/not specified/undetermined,Missing data/not specified/undetermined,1.0,44.8062,-93.401,MN
400513908,BAYOU CUMBEST ROAD,2020,1586736000000,Human,Missing data/not specified/undetermined,320.0,30.405833,-88.476111,MS
400513909,TRENTWOOD,2020,1587859200000,Human,Debris and open burning,0.2,30.407778,-88.750278,MS
400513910,SNOOK FIRE ,2020,1587340800000,Human,Recreation and ceremony,0.1,26.2638,-81.342088,FL
400513911,RICHWOOD,2020,1587859200000,Human,Debris and open burning,1.0,30.509722,-88.760833,MS
400507468,PINE CREEK 6,2020,1603065600000,Human,Arson/incendiarism,0.1,41.0756,-123.6964,CA
400507469,PINE CREEK 7,2020,1603497600000,Human,Arson/incendiarism,0.1,41.0714,-123.6925,CA
400507470,STORAGE #2,2020,1603670400000,Human,Arson/incendiarism,0.2,41.065,-123.6819,CA
400507471,RICE FIRE,2020,1603756800000,Human,Arson/incendiarism,1.0,41.0833,-123.6892,CA
400507472,PINE CREEK 8,2020,1603756800000,Human,Arson/incendiarism,0.2,41.0856,-123.6881,CA
400507473,PINE CREEK 9,2020,1603756800000,Human,Arson/incendiarism,0.3,41.085,-123.7067,CA
400507474,CART,2020,1601337600000,Human,Arson/incendiarism,0.1,41.0475,-123.6656,CA
400507475,PINE CREEK #10,2020,1607040000000,Human,Arson/incendiarism,0.2,41.1392,-123.7606,CA
400509118,WILDHORSE SPRINGS,2020,1598400000000,Human,Arson/incendiarism,2.0,47.6414,-114.5725,MT
400509119,COUTURE LOOP[,2020,1598659200000,Human,Recreation and ceremony,0.1,47.1328,-114.0958,MT
400509120,KERR DAM BACK,2020,1598659200000,Human,Debris and open burning,0.1,47.6844,-114.1803,MT
400509121,FINLEY,2020,1598745600000,Human,Recreation and ceremony,44.0,47.0911,-113.9897,MT
400509122,BEAVER,2020,1598745600000,Human,Equipment and vehicle use,0.1,47.5197,-114.2867,MT
400509123,WALKIN GRIZZLY,2020,1598745600000,Human,Recreation and ceremony,0.1,47.4481,-114.0278,MT
400509124,SEEPAY RD,2020,1599350400000,Human,Arson/incendiarism,250.0,47.3222,-114.6222,MT
400509125,LIGHT RD,2020,1599350400000,Human,Arson/incendiarism,0.5,47.6167,-114.1161,MT
400509126,MARSH CREEK,2020,1599609600000,Human,Recreation and ceremony,0.2,47.4689,-113.9703,MT
400509127,SEEPAY 2,2020,1599696000000,Human,Arson/incendiarism,0.1,47.3097,-114.6228,MT
400509384,SOUTH FORTY,2020,1578009600000,Human,Debris and open burning,0.5,47.5808,-101.8431,ND
400509385,BRISK,2020,1580342400000,Human,Arson/incendiarism,0.1,47.9944,-102.4986,ND
400509386,LOCKWOOD,2020,1581379200000,Human,Debris and open burning,0.5,47.9608,-102.7492,ND
400509940,OXBOW OVERLOOK 20,2020,1577836800000,Human,Debris and open burning,2.0,47.6067,-103.4292,ND
400509941,GLACIER 20,2020,1577836800000,Human,Debris and open burning,2.0,47.6167,-103.4317,ND
400509942,COAL VEIN 20,2020,1577836800000,Human,Debris and open burning,2.0,47.6128,-103.3903,ND
400509943,BOICOURT 20,2020,1577836800000,Human,Debris and open burning,0.3,46.9542,-103.4019,ND
400509944,ANTLER 20,2020,1577836800000,Human,Debris and open burning,0.1,46.9506,-103.4039,ND
400509945,IANS HOLE 20,2020,1577836800000,Human,Debris and open burning,0.3,46.9542,-103.4006,ND
400509946,MM23 20,2020,1577836800000,Human,Debris and open burning,0.1,46.9858,-103.4592,ND
400509947,JOSH'S HOLE 20,2020,1577836800000,Human,Debris and open burning,0.3,46.9544,-103.4019,ND
400509948,HEARTH 20,2020,1577836800000,Human,Debris and open burning,0.1,46.945,-103.4567,SD
400509949,MM10 20,2020,1577836800000,Human,Debris and open burning,0.1,47.6178,-103.4019,ND
400509950,ROCK WALL 20,2020,1577836800000,Human,Debris and open burning,0.1,46.9639,-103.4469,ND
400510710,SWIFT CANYON,2020,1578182400000,Human,Arson/incendiarism,0.5,34.9972,-98.3392,OK
400510711,BROXTON WEST,2020,1578268800000,Human,Arson/incendiarism,0.3,35.0147,-98.4719,OK
400510712,WEST CACHE,2020,1578441600000,Human,Equipment and vehicle use,170.0,34.61261,-98.6508,OK
400510713,MOONLIT,2020,1578441600000,Human,Arson/incendiarism,104.0,35.0147,-98.4719,OK
400510714,SPRING CREEK,2020,1578528000000,Human,Missing data/not specified/undetermined,350.0,35.05506,-98.47144,OK
400511250,TIGER 40,2020,1578096000000,Human,Debris and open burning,2.0,35.2497,-96.6211,OK
400511251,BOXER,2020,1578355200000,Human,Missing data/not specified/undetermined,4.0,35.2117,-96.7242,OK
400511252,DELTA,2020,1578441600000,Human,Arson/incendiarism,145.0,35.1942,-96.7675,OK
400511253,IRON GATE,2020,1578441600000,Human,Arson/incendiarism,0.8,34.9633,-96.6208,OK
400511254,BUTLER,2020,1578441600000,Human,Arson/incendiarism,5.7,34.9633,-96.6178,OK
400511787,NOVA,2020,1583280000000,Human,Arson/incendiarism,0.1,44.99534,-101.23373,SD
400511788,SOUTH PASTURE,2020,1584748800000,Human,Equipment and vehicle use,26.3,44.57214,-101.9356,SD
400511794,PROPANE,2020,1581120000000,Human,Arson/incendiarism,0.1,44.05225,-99.54094,SD
400511795,SHED,2020,1585872000000,Human,Arson/incendiarism,0.2,44.07933,-99.92594,SD
400511796,BEND,2020,1587427200000,Human,Arson/incendiarism,2.1,44.17858,-99.56817,SD
400511797,BLUE,2020,1588464000000,Human,Arson/incendiarism,0.1,44.13194,-99.57975,SD
400511798,RED,2020,1593820800000,Human,Fireworks,0.1,44.07364,-99.63058,SD
400511799,CEDAR,2020,1593820800000,Human,Fireworks,0.1,44.07853,-99.59158,SD
400511800,ROAD,2020,1597536000000,Human,Arson/incendiarism,0.1,44.10539,-99.58933,SD
400511801,CENTER,2020,1601164800000,Human,Misuse of fire by a minor,0.1,44.0745,-99.63594,SD
400511802,ELK,2020,1607212800000,Human,Arson/incendiarism,0.1,44.07864,-99.62803,SD
400513942,PECOS,2020,1587945600000,Human,Missing data/not specified/undetermined,0.2,33.398548,-104.397576,NM
400513943,SIOUX BAYOU,2020,1587945600000,Human,Equipment and vehicle use,1.0,30.418056,-88.652222,MS
400513944,LAURELGLEN,2020,1588032000000,Human,Debris and open burning,0.3,30.452222,-88.632778,MS
400513945,GRASSY PINE,2020,1588118400000,Human,Arson/incendiarism,5.0,25.62421,-80.5349,FL
400513946,SUPERMOON ,2020,1588809600000,Human,Arson/incendiarism,2.5,30.4325,-88.454722,MS
400513947,ASTER,2020,1589241600000,Human,Debris and open burning,1.0,30.460556,-88.4775,MS
400513948,RILEY ROAD ,2020,1589241600000,Human,Arson/incendiarism,100.0,30.414167,-88.743056,MS
400513949,EGLIN 2 WEST,2020,1589414400000,Missing data/not specified/undetermined,Missing data/not specified/undetermined,0.5,30.439722,-88.783056,MS
400513950,BORDER 3,2020,1589846400000,Missing data/not specified/undetermined,Missing data/not specified/undetermined,1.3,32.5672,-116.9277,CA
400513951,OLIVARES,2020,1591574400000,Human,Arson/incendiarism,50.0,17.99778,-67.069167,PR
400513952,PFITZER,2020,1591660800000,Human,Missing data/not specified/undetermined,2.0,37.2098,-121.0112,CA
400513954,LAWSON,2020,1591660800000,Missing data/not specified/undetermined,Missing data/not specified/undetermined,0.5,32.74277,-116.8155,CA
400513955,SKYLINE 3,2020,1591833600000,Human,Recreation and ceremony,92.0,32.72777,-116.77944,CA
400513957,161,2020,1593216000000,Human,Missing data/not specified/undetermined,0.5,33.397457,-104.410314,NM
400513959,PROCTOR,2020,1593820800000,Human,Fireworks,0.2,32.67529691,-116.92074615,CA
400513960,SLOANE,2020,1593993600000,Missing data/not specified/undetermined,Missing data/not specified/undetermined,10.0,32.776111,-116.8513888,CA
400513961,NORTH PECOS,2020,1593993600000,Human,Recreation and ceremony,0.1,33.53935,-104.380322,NM
400513962,WILD,2020,1593993600000,Human,Missing data/not specified/undetermined,45.0,36.9421,-120.7656,CA
400513963,DAVIDSON,2020,1594944000000,Human,Debris and open burning,14.0,30.713611,-98.023611,TX
400513964,BORDER 11,2020,1595808000000,Missing data/not specified/undetermined,Missing data/not specified/undetermined,100.0,32.56555,-116.795,CA
400513965,SANTA FE,2020,1595980800000,Human,Equipment and vehicle use,2.5,37.104753,-120.837522,CA
400513966,RAINTREE,2020,1606176000000,Human,Debris and open burning,7.0,30.399167,-88.668056,MS
400513967,HAWK,2020,1606435200000,Human,Missing data/not specified/undetermined,10.0,32.78,-116.66527,CA
400513968,WILLOW 3,2020,1606867200000,Missing data/not specified/undetermined,Missing data/not specified/undetermined,30.0,32.75046999,-116.91047251,CA
400513969,FLAT,2020,1603065600000,Human,Debris and open burning,0.1,35.76994538,-119.57951099,CA
400513970,CENTRAL,2020,1598572800000,Human,Missing data/not specified/undetermined,4.0,37.378353,-120.982972,CA
400513971,MARRON 3,2020,1599609600000,Missing data/not specified/undetermined,Missing data/not specified/undetermined,35.0,32.629691,-116.766929,CA
400513972,RANCH 2,2020,1600387200000,Missing data/not specified/undetermined,Missing data/not specified/undetermined,0.1,32.70449,-116.868623,CA
400513973,3150 WOLFSEN,2020,1600560000000,Missing data/not specified/undetermined,Missing data/not specified/undetermined,0.1,37.194297,-120.839575,CA
400513974,MONEY FARM ROAD,2020,1601683200000,Human,Missing data/not specified/undetermined,1.0,30.450833,-88.839722,MS
400507496,EAGLE,2020,1581552000000,Human,Recreation and ceremony,0.1,36.5544,-118.7403,CA
